{
"filename": "Evolution_of_pollution_in_percent_set10_1_DB.csv",
"questions": [{"name": "template 1",
 "sql": "SELECT Value FROM DBdata WHERE ((State = 'Massachusetts' AND City = 'Cambridge')) AND ((Polluted_element = 'Air' AND Type_of_pollution = 'Noise'))",
 "sqlResult": "{-44.12}",
 "nlq": "What is the evolution of Noise pollution in Cambridge, Massachusetts?"},
{"name": "template 2",
 "sql": "SELECT Value FROM DBdata WHERE ((State = 'Massachusetts' AND City = 'Lenox')) AND ((Polluted_element = 'Soil' AND Type_of_pollution = 'Industrial') OR (Polluted_element = 'Soil' AND Type_of_pollution = 'Inferior Irrigation') OR (Polluted_element = 'Air' AND Type_of_pollution = 'Noise'))",
 "sqlResult": "{8.34} || {-92.05} || {-0.9}",
 "nlq": "What is the evolution of Industrial, Inferior Irrigation, or Noise pollution in Lenox, Massachusetts?"},
{"name": "template 3",
 "sql": "SELECT Value FROM DBdata WHERE ((State = 'Massachusetts' AND City = 'Cambridge') OR (State = 'Massachusetts' AND City = 'Lenox') OR (State = 'Minnesota' AND City = 'Hastings') OR (State = 'Minnesota' AND City = 'Rochester')) AND ((Polluted_element = 'Soil' AND Type_of_pollution = 'Inferior Irrigation'))",
 "sqlResult": "{-56.57} || {-92.05} || {19.49} || {-75.16}",
 "nlq": "What is the evolution of Inferior Irrigation pollution in Cambridge or Lenox, Massachusetts or Hastings or Rochester, Minnesota?"},
{"name": "template 4",
 "sql": "SELECT max(Value),avg(Value) FROM DBdata WHERE ((State = 'Michigan' AND City = 'Flint') OR (State = 'Michigan' AND City = 'Port Huron')) AND ((Polluted_element = 'Air' AND Type_of_pollution = 'Noise'))",
 "sqlResult": "{97.22 | 77.68}",
 "nlq": "What are the maximum and average evolutions of Noise pollution in Flint or Port Huron, Michigan?"},
{"name": "template 6",
 "sql": "SELECT Value FROM DBdata WHERE ((State = 'Michigan' AND City = 'Flint') OR (State = 'Michigan' AND City = 'Port Huron') OR (State = 'Minnesota' AND City = 'Minneapolis')) AND ((Polluted_element = 'Soil' AND Type_of_pollution = 'Inorganic Fertilizers') OR (Polluted_element = 'Soil' AND Type_of_pollution = 'Inferior Irrigation') OR (Polluted_element = 'Air' AND Type_of_pollution = 'Noise') OR (Polluted_element = 'Air' AND Type_of_pollution = 'Light'))",
 "sqlResult": "{72.96} || {-64.14} || {-61.57} || {-94.57} || {65.76} || {-26.72} || {58.14} || {97.22} || {-31.78} || {97.43} || {32.49} || {8.43}",
 "nlq": "What is the evolution of Inferior Irrigation, Inorganic Fertilizers, Light, or Noise pollution in Flint or Port Huron, Michigan or Minneapolis, Minnesota?"},
{"name": "template 7",
 "sql": "SELECT sum(Value),min(Value) FROM DBdata WHERE ((State = 'Minnesota' AND City = 'Hastings')) AND ((Polluted_element = 'Soil' AND Type_of_pollution = 'Inorganic Fertilizers') OR (Polluted_element = 'Soil' AND Type_of_pollution = 'Industrial') OR (Polluted_element = 'Soil' AND Type_of_pollution = 'Inferior Irrigation') OR (Polluted_element = 'Air' AND Type_of_pollution = 'Light'))",
 "sqlResult": "{-31.98 | -54.26}",
 "nlq": "What are the total and minimum evolutions of Industrial, Inferior Irrigation, Inorganic Fertilizers, or Light pollution in Hastings, Minnesota?"},
{"name": "template 8",
 "sql": "SELECT State,City,min(Value),avg(Value) FROM DBdata WHERE ((State = 'Massachusetts' AND City = 'Cambridge') OR (State = 'Michigan' AND City = 'Flint') OR (State = 'Minnesota' AND City = 'Hastings') OR (State = 'Minnesota' AND City = 'Minneapolis')) AND ((Polluted_element = 'Soil' AND Type_of_pollution = 'Inorganic Fertilizers') OR (Polluted_element = 'Soil' AND Type_of_pollution = 'Industrial') OR (Polluted_element = 'Soil' AND Type_of_pollution = 'Inferior Irrigation') OR (Polluted_element = 'Air' AND Type_of_pollution = 'Light')) GROUP BY State,City",
 "sqlResult": "{Massachusetts | Cambridge | -56.57 | 22.7} || {Michigan | Flint | -94.57 | 41.73} || {Minnesota | Hastings | -54.26 | -7.99} || {Minnesota | Minneapolis | -61.57 | -18.43}",
 "nlq": "What are the minimum and average evolutions for each State and City, of Industrial, Inferior Irrigation, Inorganic Fertilizers, or Light pollution in Cambridge, Massachusetts or Flint, Michigan or Hastings or Minneapolis, Minnesota? Please, report the corresponding State and City."},
{"name": "template 9",
 "sql": "SELECT min(Value) FROM DBdata WHERE ((State = 'Massachusetts' AND City = 'Lenox')) AND (Polluted_element IN ('Soil','Air')) GROUP BY Polluted_element",
 "sqlResult": "{-15.9} || {-92.05}",
 "nlq": "What is the minimum evolution of pollution for each Polluted element, of Air or Soil in Lenox, Massachusetts?"},
{"name": "template 10",
 "sql": "SELECT Polluted_element,sum(Value) FROM DBdata WHERE ((State = 'Minnesota' AND City = 'Rochester')) AND (Polluted_element IN ('Soil','Air')) GROUP BY Polluted_element",
 "sqlResult": "{Air | -71.7} || {Soil | -94.08}",
 "nlq": "What is the total evolution of pollution for each Polluted element, of Air or Soil in Rochester, Minnesota? Please, report the corresponding Polluted element."},
{"name": "template 11",
 "sql": "SELECT Polluted_element,State,City,max(Value) FROM DBdata WHERE ((State = 'Michigan' AND City = 'Flint') OR (State = 'Michigan' AND City = 'Port Huron')) AND (Polluted_element IN ('Soil','Air')) GROUP BY Polluted_element,State,City",
 "sqlResult": "{Air | Michigan | Flint | 97.43} || {Air | Michigan | Port Huron | 97.22} || {Soil | Michigan | Flint | 91.08} || {Soil | Michigan | Port Huron | 65.76}",
 "nlq": "What is the maximum evolution of pollution for each Polluted element, State, and City, of Air or Soil in Flint or Port Huron, Michigan? Please, report the corresponding Polluted element, State, and City."},
{"name": "template 12",
 "sql": "SELECT Value FROM DBdata WHERE ((State = 'Minnesota' AND City = 'Minneapolis')) AND (Polluted_element IN ('Soil','Air')) ORDER BY VALUE ASC LIMIT 2",
 "sqlResult": "{-61.57} || {-31.78}",
 "nlq": "What are the bottom 2 evolutions of pollution of Air or Soil in Minneapolis, Minnesota?"},
{"name": "template 13",
 "sql": "SELECT Value FROM DBdata WHERE ((State = 'Minnesota' AND City = 'Hastings')) AND (Polluted_element IN ('Soil','Air')) ORDER BY VALUE ASC",
 "sqlResult": "{-54.26} || {-29.08} || {-16.63} || {19.49} || {31.87}",
 "nlq": "What are the evolutions ordered by increasing values of pollution of Air or Soil in Hastings, Minnesota?"},
{"name": "template 14",
 "sql": "SELECT Polluted_element,Type_of_pollution FROM DBdata WHERE ((State = 'Massachusetts' AND City = 'Cambridge')) AND Value > -1.12",
 "sqlResult": "{Soil | Inorganic Fertilizers} || {Soil | Industrial} || {Air | Light}",
 "nlq": "What are the Polluted element and Type of pollution for which the evolution in Cambridge, Massachusetts is greater than -1.12?"},
{"name": "template 15",
 "sql": "SELECT Polluted_element,Type_of_pollution,Value FROM DBdata WHERE ((State = 'Massachusetts' AND City = 'Lenox')) AND (Polluted_element,Type_of_pollution) IN (SELECT Polluted_element,Type_of_pollution FROM DBdata WHERE ((State = 'Massachusetts' AND City = 'Cambridge')) AND Value > -1.12)",
 "sqlResult": "{Soil | Inorganic Fertilizers | 42.46} || {Soil | Industrial | 8.34} || {Air | Light | -15.9}",
 "nlq": "What is the evolution of pollution in Lenox, Massachusetts of Polluted element and of Type of pollution for which the evolution in Cambridge, Massachusetts is greater than -1.12? Please, report the corresponding Polluted element, Type of pollution, and evolution of pollution."}]
}
