{
"filename": "Evolution_of_pollution_in_percent_set6_4_DB.csv",
"questions": [{"name": "template 1",
 "sql": "SELECT Value FROM DBdata WHERE ((State = 'Georgia' AND City = 'Albany')) AND ((Polluted_element = 'Soil' AND Type_of_pollution = 'Inorganic Fertilizers'))",
 "sqlResult": "{29.86}",
 "nlq": "What is the evolution of Inorganic Fertilizers pollution in Albany, Georgia?"},
{"name": "template 2",
 "sql": "SELECT Value FROM DBdata WHERE ((State = 'Florida' AND City = 'Fort Lauderdale')) AND ((Polluted_element = 'Water' AND Type_of_pollution = 'Chemical') OR (Polluted_element = 'Water' AND Type_of_pollution = 'Groundwater') OR (Polluted_element = 'Water' AND Type_of_pollution = 'Oxygen-depletion') OR (Polluted_element = 'Soil' AND Type_of_pollution = 'Industrial') OR (Polluted_element = 'Soil' AND Type_of_pollution = 'Inferior Irrigation') OR (Polluted_element = 'Soil' AND Type_of_pollution = 'Urban Activities') OR (Polluted_element = 'Air' AND Type_of_pollution = 'Noise') OR (Polluted_element = 'Air' AND Type_of_pollution = 'Light') OR (Polluted_element = 'Air' AND Type_of_pollution = 'Thermal'))",
 "sqlResult": "{94.58} || {12.27} || {-85.07} || {96.46} || {-70.52} || {73.53} || {36.58} || {-1.7} || {3.35}",
 "nlq": "What is the evolution of Chemical, Groundwater, Industrial, Inferior Irrigation, Light, Noise, Oxygen-depletion, Thermal, or Urban Activities pollution in Fort Lauderdale, Florida?"},
{"name": "template 3",
 "sql": "SELECT Value FROM DBdata WHERE ((State = 'Florida' AND City = 'Fort Lauderdale') OR (State = 'Georgia' AND City = 'Albany') OR (State = 'Georgia' AND City = 'Columbus')) AND ((Polluted_element = 'Air' AND Type_of_pollution = 'Noise'))",
 "sqlResult": "{36.58} || {44.42} || {24.38}",
 "nlq": "What is the evolution of Noise pollution in Albany or Columbus, Georgia or Fort Lauderdale, Florida?"},
{"name": "template 4",
 "sql": "SELECT sum(Value),avg(Value) FROM DBdata WHERE ((State = 'Florida' AND City = 'Fort Lauderdale') OR (State = 'Florida' AND City = 'Tampa') OR (State = 'Georgia' AND City = 'Albany')) AND ((Polluted_element = 'Water' AND Type_of_pollution = 'Groundwater'))",
 "sqlResult": "{-31.52 | -10.51}",
 "nlq": "What are the total and average evolutions of Groundwater pollution in Albany, Georgia or Fort Lauderdale or Tampa, Florida?"},
{"name": "template 6",
 "sql": "SELECT Value FROM DBdata WHERE ((State = 'Florida' AND City = 'Fort Lauderdale') OR (State = 'Florida' AND City = 'Tampa') OR (State = 'Georgia' AND City = 'Albany') OR (State = 'Georgia' AND City = 'Columbus')) AND ((Polluted_element = 'Water' AND Type_of_pollution = 'Groundwater') OR (Polluted_element = 'Soil' AND Type_of_pollution = 'Industrial') OR (Polluted_element = 'Air' AND Type_of_pollution = 'Thermal'))",
 "sqlResult": "{12.27} || {-80.1} || {36.31} || {-85.26} || {96.46} || {64.69} || {-27.58} || {-29.73} || {3.35} || {-73.63} || {-67.87} || {-26.78}",
 "nlq": "What is the evolution of Groundwater, Industrial, or Thermal pollution in Albany or Columbus, Georgia or Fort Lauderdale or Tampa, Florida?"},
{"name": "template 7",
 "sql": "SELECT sum(Value),avg(Value) FROM DBdata WHERE ((State = 'Georgia' AND City = 'Albany')) AND ((Polluted_element = 'Soil' AND Type_of_pollution = 'Inferior Irrigation') OR (Polluted_element = 'Air' AND Type_of_pollution = 'Light') OR (Polluted_element = 'Air' AND Type_of_pollution = 'Thermal'))",
 "sqlResult": "{-87.58 | -29.19}",
 "nlq": "What are the total and average evolutions of Inferior Irrigation, Light, or Thermal pollution in Albany, Georgia?"},
{"name": "template 8",
 "sql": "SELECT State,City,max(Value),sum(Value) FROM DBdata WHERE ((State = 'Florida' AND City = 'Fort Lauderdale') OR (State = 'Florida' AND City = 'Tampa') OR (State = 'Georgia' AND City = 'Albany') OR (State = 'Georgia' AND City = 'Columbus')) AND ((Polluted_element = 'Water' AND Type_of_pollution = 'Chemical') OR (Polluted_element = 'Soil' AND Type_of_pollution = 'Urban Activities') OR (Polluted_element = 'Air' AND Type_of_pollution = 'Noise')) GROUP BY State,City",
 "sqlResult": "{Florida | Fort Lauderdale | 94.58 | 204.69} || {Florida | Tampa | 33.18 | 81.18} || {Georgia | Albany | 44.42 | 4.66} || {Georgia | Columbus | 24.38 | -19.9}",
 "nlq": "What are the maximum and total evolutions for each State and City, of Chemical, Noise, or Urban Activities pollution in Albany or Columbus, Georgia or Fort Lauderdale or Tampa, Florida? Please, report the corresponding State and City."},
{"name": "template 9",
 "sql": "SELECT min(Value) FROM DBdata WHERE ((State = 'Florida' AND City = 'Tampa')) AND (Polluted_element IN ('Water','Soil','Air')) GROUP BY Polluted_element",
 "sqlResult": "{-73.63} || {-16.87} || {-80.1}",
 "nlq": "What is the minimum evolution of pollution for each Polluted element, of Air, Soil, or Water in Tampa, Florida?"},
{"name": "template 10",
 "sql": "SELECT Polluted_element,max(Value) FROM DBdata WHERE ((State = 'Florida' AND City = 'Tampa')) AND (Polluted_element IN ('Water','Soil','Air')) GROUP BY Polluted_element",
 "sqlResult": "{Air | 44.18} || {Soil | 91.99} || {Water | 23.66}",
 "nlq": "What is the maximum evolution of pollution for each Polluted element, of Air, Soil, or Water in Tampa, Florida? Please, report the corresponding Polluted element."},
{"name": "template 11",
 "sql": "SELECT Polluted_element,State,City,max(Value) FROM DBdata WHERE ((State = 'Georgia' AND City = 'Albany') OR (State = 'Georgia' AND City = 'Columbus')) AND (Polluted_element IN ('Water','Soil','Air')) GROUP BY Polluted_element,State,City",
 "sqlResult": "{Air | Georgia | Albany | 44.42} || {Air | Georgia | Columbus | 24.38} || {Soil | Georgia | Albany | 79.84} || {Soil | Georgia | Columbus | 84.34} || {Water | Georgia | Albany | 36.31} || {Water | Georgia | Columbus | 42.79}",
 "nlq": "What is the maximum evolution of pollution for each Polluted element, State, and City, of Air, Soil, or Water in Albany or Columbus, Georgia? Please, report the corresponding Polluted element, State, and City."},
{"name": "template 12",
 "sql": "SELECT Value FROM DBdata WHERE ((State = 'Florida' AND City = 'Tampa')) AND (Polluted_element IN ('Soil','Air')) ORDER BY VALUE DESC LIMIT 4",
 "sqlResult": "{91.99} || {64.69} || {44.18} || {33.18}",
 "nlq": "What are the top 4 evolutions of pollution of Air or Soil in Tampa, Florida?"},
{"name": "template 13",
 "sql": "SELECT Value FROM DBdata WHERE ((State = 'Georgia' AND City = 'Columbus')) AND (Polluted_element IN ('Soil','Air')) ORDER BY VALUE DESC",
 "sqlResult": "{84.34} || {24.38} || {22.24} || {-1.55} || {-26.78} || {-29.73} || {-34.47} || {-36.81}",
 "nlq": "What are the evolutions ordered by decreasing values of pollution of Air or Soil in Columbus, Georgia?"},
{"name": "template 14",
 "sql": "SELECT Polluted_element,Type_of_pollution FROM DBdata WHERE ((State = 'Georgia' AND City = 'Columbus')) AND Value > 5.28",
 "sqlResult": "{Water | Oxygen-depletion} || {Soil | Inferior Irrigation} || {Air | Noise} || {Air | Light}",
 "nlq": "What are the Polluted element and Type of pollution for which the evolution in Columbus, Georgia is greater than 5.28?"},
{"name": "template 15",
 "sql": "SELECT Polluted_element,Type_of_pollution,Value FROM DBdata WHERE ((State = 'Florida' AND City = 'Tampa')) AND (Polluted_element,Type_of_pollution) IN (SELECT Polluted_element,Type_of_pollution FROM DBdata WHERE ((State = 'Georgia' AND City = 'Columbus')) AND Value > 5.28)",
 "sqlResult": "{Water | Oxygen-depletion | -27.47} || {Soil | Inferior Irrigation | 0.25} || {Air | Noise | 24.34} || {Air | Light | 44.18}",
 "nlq": "What is the evolution of pollution in Tampa, Florida of Polluted element and of Type of pollution for which the evolution in Columbus, Georgia is greater than 5.28? Please, report the corresponding Polluted element, Type of pollution, and evolution of pollution."}]
}
