AA,BB,CC,DD,Value
AA,BB,CC,DD,Value
AAft,BBkv,CCcn,DDrx,-21.41
AAft,BBbl,CCcn,DDrx,48.75
AAkt,BBct,CCcn,DDrx,63.47
AAkt,BBdk,CCcn,DDrx,-31.4
AAmq,BBfy,CCcn,DDrx,75.19
AAmq,BBpy,CCcn,DDrx,-42.26
AAft,BBkv,CCcn,DDbm,89.68
AAft,BBbl,CCcn,DDbm,-44.69
AAkt,BBct,CCcn,DDbm,4.22
AAkt,BBdk,CCcn,DDbm,-57.01
AAmq,BBfy,CCcn,DDbm,95.5
AAmq,BBpy,CCcn,DDbm,-99.74
AAft,BBkv,CCxz,DDpw,-18.42
AAft,BBbl,CCxz,DDpw,-47.11
AAkt,BBct,CCxz,DDpw,86.92
AAkt,BBdk,CCxz,DDpw,80.06
AAmq,BBfy,CCxz,DDpw,-55.26
AAmq,BBpy,CCxz,DDpw,88.08
AAft,BBkv,CCxz,DDqw,-80.45
AAft,BBbl,CCxz,DDqw,-72.36
AAkt,BBct,CCxz,DDqw,-58.38
AAkt,BBdk,CCxz,DDqw,22.39
AAmq,BBfy,CCxz,DDqw,-18.76
AAmq,BBpy,CCxz,DDqw,85.56
AAft,BBkv,CCxz,DDhq,22.98
AAft,BBbl,CCxz,DDhq,32.65
AAkt,BBct,CCxz,DDhq,5.52
AAkt,BBdk,CCxz,DDhq,24.63
AAmq,BBfy,CCxz,DDhq,-63.41
AAmq,BBpy,CCxz,DDhq,-0.76

