State,City,Polluted element,Type of pollution,Value
State,City,Polluted_element,Type_of_pollution,Value
Maryland,Aberdeen,Water,Oxygen-depletion,95.65
Maryland,Baltimore,Water,Oxygen-depletion,-76.5
Massachusetts,Boston,Water,Oxygen-depletion,66.58
Massachusetts,Cambridge,Water,Oxygen-depletion,69.94
Massachusetts,Lenox,Water,Oxygen-depletion,-20.3
Maryland,Aberdeen,Water,Surface water,-83.51
Maryland,Baltimore,Water,Surface water,-92.21
Massachusetts,Boston,Water,Surface water,12.07
Massachusetts,Cambridge,Water,Surface water,28
Massachusetts,Lenox,Water,Surface water,56.94
Maryland,Aberdeen,Soil,Inorganic Fertilizers,-33.31
Maryland,Baltimore,Soil,Inorganic Fertilizers,89.33
Massachusetts,Boston,Soil,Inorganic Fertilizers,94.71
Massachusetts,Cambridge,Soil,Inorganic Fertilizers,-21.96
Massachusetts,Lenox,Soil,Inorganic Fertilizers,-99.21
Maryland,Aberdeen,Soil,Industrial,49.76
Maryland,Baltimore,Soil,Industrial,35.12
Massachusetts,Boston,Soil,Industrial,47.52
Massachusetts,Cambridge,Soil,Industrial,-65.75
Massachusetts,Lenox,Soil,Industrial,-92.51
Maryland,Aberdeen,Soil,Inferior Irrigation,81.32
Maryland,Baltimore,Soil,Inferior Irrigation,-10.61
Massachusetts,Boston,Soil,Inferior Irrigation,77.55
Massachusetts,Cambridge,Soil,Inferior Irrigation,-98.53
Massachusetts,Lenox,Soil,Inferior Irrigation,96.56
Maryland,Aberdeen,Soil,Solid Waste,-22.38
Maryland,Baltimore,Soil,Solid Waste,-13.65
Massachusetts,Boston,Soil,Solid Waste,62.21
Massachusetts,Cambridge,Soil,Solid Waste,22.36
Massachusetts,Lenox,Soil,Solid Waste,91.52
Maryland,Aberdeen,Soil,Urban Activities,94.19
Maryland,Baltimore,Soil,Urban Activities,97.78
Massachusetts,Boston,Soil,Urban Activities,37.03
Massachusetts,Cambridge,Soil,Urban Activities,-5
Massachusetts,Lenox,Soil,Urban Activities,23.77
Maryland,Aberdeen,Air,Noise,-58.47
Maryland,Baltimore,Air,Noise,-72.26
Massachusetts,Boston,Air,Noise,2.88
Massachusetts,Cambridge,Air,Noise,-24.09
Massachusetts,Lenox,Air,Noise,2.84
Maryland,Aberdeen,Air,Light,51.91
Maryland,Baltimore,Air,Light,80.81
Massachusetts,Boston,Air,Light,13.3
Massachusetts,Cambridge,Air,Light,35.46
Massachusetts,Lenox,Air,Light,67.2
Maryland,Aberdeen,Air,Thermal,81.15
Maryland,Baltimore,Air,Thermal,88
Massachusetts,Boston,Air,Thermal,-47.78
Massachusetts,Cambridge,Air,Thermal,-12.85
Massachusetts,Lenox,Air,Thermal,-30.65
