State,City,Polluted element,Type of pollution,Value
State,City,Polluted_element,Type_of_pollution,Value
Georgia,Albany,Soil,Inorganic Fertilizers,-84.7
Georgia,Columbus,Soil,Inorganic Fertilizers,-35.91
Georgia,Washington,Soil,Inorganic Fertilizers,37.53
Illinois,Champaign,Soil,Inorganic Fertilizers,-21.18
Illinois,Chicago,Soil,Inorganic Fertilizers,-26.24
Illinois,Springfield,Soil,Inorganic Fertilizers,25.06
Georgia,Albany,Soil,Industrial,-6.82
Georgia,Columbus,Soil,Industrial,34.34
Georgia,Washington,Soil,Industrial,39.44
Illinois,Champaign,Soil,Industrial,87.55
Illinois,Chicago,Soil,Industrial,-65.47
Illinois,Springfield,Soil,Industrial,-56.04
Georgia,Albany,Soil,Inferior Irrigation,-70.5
Georgia,Columbus,Soil,Inferior Irrigation,0.18
Georgia,Washington,Soil,Inferior Irrigation,99.82
Illinois,Champaign,Soil,Inferior Irrigation,10.45
Illinois,Chicago,Soil,Inferior Irrigation,-57.52
Illinois,Springfield,Soil,Inferior Irrigation,-91.27
Georgia,Albany,Soil,Solid Waste,80.83
Georgia,Columbus,Soil,Solid Waste,-24.86
Georgia,Washington,Soil,Solid Waste,19.95
Illinois,Champaign,Soil,Solid Waste,-45.49
Illinois,Chicago,Soil,Solid Waste,-7.5
Illinois,Springfield,Soil,Solid Waste,-72.24
Georgia,Albany,Soil,Urban Activities,-32.66
Georgia,Columbus,Soil,Urban Activities,-9.26
Georgia,Washington,Soil,Urban Activities,71.26
Illinois,Champaign,Soil,Urban Activities,-41.5
Illinois,Chicago,Soil,Urban Activities,-36.1
Illinois,Springfield,Soil,Urban Activities,-60.38
Georgia,Albany,Air,Noise,93.83
Georgia,Columbus,Air,Noise,-55.41
Georgia,Washington,Air,Noise,45.03
Illinois,Champaign,Air,Noise,40.24
Illinois,Chicago,Air,Noise,34.6
Illinois,Springfield,Air,Noise,-84.98
Georgia,Albany,Air,Light,-27.21
Georgia,Columbus,Air,Light,45.81
Georgia,Washington,Air,Light,9.51
Illinois,Champaign,Air,Light,-5.92
Illinois,Chicago,Air,Light,-52.25
Illinois,Springfield,Air,Light,-48.34
Georgia,Albany,Air,Thermal,-81.21
Georgia,Columbus,Air,Thermal,26.03
Georgia,Washington,Air,Thermal,-90.67
Illinois,Champaign,Air,Thermal,-91.16
Illinois,Chicago,Air,Thermal,-72.42
Illinois,Springfield,Air,Thermal,-70.4
