{
"filename": "Evolution_of_pollution_in_percent_set9_5_DB.csv",
"questions": [{"name": "template 1",
 "sql": "SELECT Value FROM DBdata WHERE ((State = 'Michigan' AND City = 'Port Huron')) AND ((Polluted_element = 'Soil' AND Type_of_pollution = 'Inorganic Fertilizers'))",
 "sqlResult": "{-2.88}",
 "nlq": "What is the evolution of Inorganic Fertilizers pollution in Port Huron, Michigan?"},
{"name": "template 2",
 "sql": "SELECT Value FROM DBdata WHERE ((State = 'Michigan' AND City = 'Flint')) AND ((Polluted_element = 'Soil' AND Type_of_pollution = 'Inorganic Fertilizers') OR (Polluted_element = 'Soil' AND Type_of_pollution = 'Solid Waste') OR (Polluted_element = 'Air' AND Type_of_pollution = 'Noise') OR (Polluted_element = 'Air' AND Type_of_pollution = 'Light') OR (Polluted_element = 'Air' AND Type_of_pollution = 'Thermal'))",
 "sqlResult": "{15.25} || {-33.17} || {-34.87} || {18.01} || {75.6}",
 "nlq": "What is the evolution of Inorganic Fertilizers, Light, Noise, Solid Waste, or Thermal pollution in Flint, Michigan?"},
{"name": "template 3",
 "sql": "SELECT Value FROM DBdata WHERE ((State = 'Michigan' AND City = 'Detroit') OR (State = 'Michigan' AND City = 'Flint') OR (State = 'Michigan' AND City = 'Port Huron') OR (State = 'Minnesota' AND City = 'Rochester')) AND ((Polluted_element = 'Air' AND Type_of_pollution = 'Noise'))",
 "sqlResult": "{42.67} || {-34.87} || {92.96} || {-36.03}",
 "nlq": "What is the evolution of Noise pollution in Detroit, Flint, or Port Huron, Michigan or Rochester, Minnesota?"},
{"name": "template 4",
 "sql": "SELECT min(Value),max(Value) FROM DBdata WHERE ((State = 'Michigan' AND City = 'Detroit') OR (State = 'Michigan' AND City = 'Flint') OR (State = 'Minnesota' AND City = 'Rochester')) AND ((Polluted_element = 'Air' AND Type_of_pollution = 'Noise'))",
 "sqlResult": "{-36.03 | 42.67}",
 "nlq": "What are the minimum and maximum evolutions of Noise pollution in Detroit or Flint, Michigan or Rochester, Minnesota?"},
{"name": "template 6",
 "sql": "SELECT Value FROM DBdata WHERE ((State = 'Michigan' AND City = 'Detroit') OR (State = 'Minnesota' AND City = 'Minneapolis')) AND ((Polluted_element = 'Soil' AND Type_of_pollution = 'Inorganic Fertilizers') OR (Polluted_element = 'Soil' AND Type_of_pollution = 'Inferior Irrigation') OR (Polluted_element = 'Soil' AND Type_of_pollution = 'Solid Waste') OR (Polluted_element = 'Air' AND Type_of_pollution = 'Noise'))",
 "sqlResult": "{-11.95} || {-86.16} || {32.43} || {69.54} || {-32.08} || {-21.51} || {42.67} || {8.19}",
 "nlq": "What is the evolution of Inferior Irrigation, Inorganic Fertilizers, Noise, or Solid Waste pollution in Detroit, Michigan or Minneapolis, Minnesota?"},
{"name": "template 7",
 "sql": "SELECT max(Value),avg(Value) FROM DBdata WHERE ((State = 'Michigan' AND City = 'Detroit')) AND ((Polluted_element = 'Soil' AND Type_of_pollution = 'Industrial') OR (Polluted_element = 'Soil' AND Type_of_pollution = 'Inferior Irrigation') OR (Polluted_element = 'Air' AND Type_of_pollution = 'Light') OR (Polluted_element = 'Air' AND Type_of_pollution = 'Thermal'))",
 "sqlResult": "{32.43 | -14.2}",
 "nlq": "What are the maximum and average evolutions of Industrial, Inferior Irrigation, Light, or Thermal pollution in Detroit, Michigan?"},
{"name": "template 8",
 "sql": "SELECT State,City,max(Value),min(Value) FROM DBdata WHERE ((State = 'Michigan' AND City = 'Detroit') OR (State = 'Michigan' AND City = 'Flint') OR (State = 'Michigan' AND City = 'Port Huron') OR (State = 'Minnesota' AND City = 'Minneapolis')) AND ((Polluted_element = 'Soil' AND Type_of_pollution = 'Solid Waste') OR (Polluted_element = 'Air' AND Type_of_pollution = 'Noise')) GROUP BY State,City",
 "sqlResult": "{Michigan | Detroit | 42.67 | -32.08} || {Michigan | Flint | -33.17 | -34.87} || {Michigan | Port Huron | 92.96 | 17.1} || {Minnesota | Minneapolis | 8.19 | -21.51}",
 "nlq": "What are the maximum and minimum evolutions for each State and City, of Noise or Solid Waste pollution in Detroit, Flint, or Port Huron, Michigan or Minneapolis, Minnesota? Please, report the corresponding State and City."},
{"name": "template 9",
 "sql": "SELECT min(Value) FROM DBdata WHERE ((State = 'Michigan' AND City = 'Flint')) AND (Polluted_element IN ('Soil','Air')) GROUP BY Polluted_element",
 "sqlResult": "{-34.87} || {-74.17}",
 "nlq": "What is the minimum evolution of pollution for each Polluted element, of Air or Soil in Flint, Michigan?"},
{"name": "template 10",
 "sql": "SELECT Polluted_element,avg(Value) FROM DBdata WHERE ((State = 'Minnesota' AND City = 'Rochester')) AND (Polluted_element IN ('Soil','Air')) GROUP BY Polluted_element",
 "sqlResult": "{Air | 0.27} || {Soil | -15.14}",
 "nlq": "What is the average evolution of pollution for each Polluted element, of Air or Soil in Rochester, Minnesota? Please, report the corresponding Polluted element."},
{"name": "template 11",
 "sql": "SELECT Polluted_element,State,City,avg(Value) FROM DBdata WHERE ((State = 'Michigan' AND City = 'Flint') OR (State = 'Michigan' AND City = 'Port Huron') OR (State = 'Minnesota' AND City = 'Rochester')) AND (Polluted_element IN ('Soil','Air')) GROUP BY Polluted_element,State,City",
 "sqlResult": "{Air | Michigan | Flint | 19.58} || {Air | Michigan | Port Huron | 36.28} || {Air | Minnesota | Rochester | 0.27} || {Soil | Michigan | Flint | -32.82} || {Soil | Michigan | Port Huron | 18.64} || {Soil | Minnesota | Rochester | -15.14}",
 "nlq": "What is the average evolution of pollution for each Polluted element, State, and City, of Air or Soil in Flint or Port Huron, Michigan or Rochester, Minnesota? Please, report the corresponding Polluted element, State, and City."},
{"name": "template 12",
 "sql": "SELECT Value FROM DBdata WHERE ((State = 'Minnesota' AND City = 'Rochester')) AND (Polluted_element IN ('Soil','Air')) ORDER BY VALUE DESC LIMIT 2",
 "sqlResult": "{99.98} || {89.25}",
 "nlq": "What are the top 2 evolutions of pollution of Air or Soil in Rochester, Minnesota?"},
{"name": "template 13",
 "sql": "SELECT Value FROM DBdata WHERE ((State = 'Minnesota' AND City = 'Rochester')) AND (Polluted_element IN ('Soil','Air')) ORDER BY VALUE DESC",
 "sqlResult": "{99.98} || {89.25} || {-14.55} || {-36.03} || {-52.42} || {-71.63} || {-74.37}",
 "nlq": "What are the evolutions ordered by decreasing values of pollution of Air or Soil in Rochester, Minnesota?"},
{"name": "template 14",
 "sql": "SELECT Polluted_element,Type_of_pollution FROM DBdata WHERE ((State = 'Michigan' AND City = 'Port Huron')) AND Value < -2.7",
 "sqlResult": "{Soil | Inorganic Fertilizers} || {Soil | Industrial} || {Air | Light}",
 "nlq": "What are the Polluted element and Type of pollution for which the evolution in Port Huron, Michigan is lower than -2.7?"},
{"name": "template 15",
 "sql": "SELECT Polluted_element,Type_of_pollution,Value FROM DBdata WHERE ((State = 'Minnesota' AND City = 'Rochester')) AND (Polluted_element,Type_of_pollution) IN (SELECT Polluted_element,Type_of_pollution FROM DBdata WHERE ((State = 'Michigan' AND City = 'Port Huron')) AND Value < -2.7)",
 "sqlResult": "{Soil | Inorganic Fertilizers | 99.98} || {Soil | Industrial | -71.63} || {Air | Light | 89.25}",
 "nlq": "What is the evolution of pollution in Rochester, Minnesota of Polluted element and of Type of pollution for which the evolution in Port Huron, Michigan is lower than -2.7? Please, report the corresponding Polluted element, Type of pollution, and evolution of pollution."}]
}
