State,City,Polluted element,Type of pollution,Value
State,City,Polluted_element,Type_of_pollution,Value
Florida,Fort Lauderdale,Soil,Inferior Irrigation,38.78
Florida,Tampa,Soil,Inferior Irrigation,-56.33
Georgia,Albany,Soil,Inferior Irrigation,17.7
Georgia,Columbus,Soil,Inferior Irrigation,0.95
Illinois,Champaign,Soil,Inferior Irrigation,62.81
Illinois,Chicago,Soil,Inferior Irrigation,-35.6
Illinois,Springfield,Soil,Inferior Irrigation,33.14
Florida,Fort Lauderdale,Soil,Solid Waste,76.55
Florida,Tampa,Soil,Solid Waste,78.65
Georgia,Albany,Soil,Solid Waste,26.65
Georgia,Columbus,Soil,Solid Waste,6.1
Illinois,Champaign,Soil,Solid Waste,94.25
Illinois,Chicago,Soil,Solid Waste,-21.77
Illinois,Springfield,Soil,Solid Waste,68.74
Florida,Fort Lauderdale,Soil,Urban Activities,-15.78
Florida,Tampa,Soil,Urban Activities,57.57
Georgia,Albany,Soil,Urban Activities,95.53
Georgia,Columbus,Soil,Urban Activities,-80.43
Illinois,Champaign,Soil,Urban Activities,-27.7
Illinois,Chicago,Soil,Urban Activities,-23.77
Illinois,Springfield,Soil,Urban Activities,10.43
Florida,Fort Lauderdale,Air,Noise,41.97
Florida,Tampa,Air,Noise,-21.08
Georgia,Albany,Air,Noise,-12.11
Georgia,Columbus,Air,Noise,-60.47
Illinois,Champaign,Air,Noise,88.22
Illinois,Chicago,Air,Noise,-62.28
Illinois,Springfield,Air,Noise,68.85
Florida,Fort Lauderdale,Air,Light,-12.13
Florida,Tampa,Air,Light,-46.41
Georgia,Albany,Air,Light,-69.48
Georgia,Columbus,Air,Light,-90.82
Illinois,Champaign,Air,Light,54.94
Illinois,Chicago,Air,Light,-80.99
Illinois,Springfield,Air,Light,-8.48
Florida,Fort Lauderdale,Air,Thermal,-77.46
Florida,Tampa,Air,Thermal,-56.44
Georgia,Albany,Air,Thermal,8.14
Georgia,Columbus,Air,Thermal,33.96
Illinois,Champaign,Air,Thermal,-47.02
Illinois,Chicago,Air,Thermal,-23.07
Illinois,Springfield,Air,Thermal,-51.82
