AA,BB,CC,DD,Value
AA,BB,CC,DD,Value
AAbqt,BBdpz,CCgkw,DDbtv,-39.53
AAbqt,BBlpz,CCgkw,DDbtv,-85.58
AAbqt,BBdks,CCgkw,DDbtv,51.64
AAjlp,BBgtz,CCgkw,DDbtv,26.02
AAjlp,BBdnt,CCgkw,DDbtv,1.62
AAgmz,BBfty,CCgkw,DDbtv,35.95
AAgmz,BBhmn,CCgkw,DDbtv,89.29
AAbqt,BBdpz,CCgkw,DDbhj,-64.4
AAbqt,BBlpz,CCgkw,DDbhj,-49.75
AAbqt,BBdks,CCgkw,DDbhj,-77.94
AAjlp,BBgtz,CCgkw,DDbhj,84.97
AAjlp,BBdnt,CCgkw,DDbhj,29.31
AAgmz,BBfty,CCgkw,DDbhj,-89.27
AAgmz,BBhmn,CCgkw,DDbhj,58.86
AAbqt,BBdpz,CCgkw,DDcds,-69.95
AAbqt,BBlpz,CCgkw,DDcds,-37.55
AAbqt,BBdks,CCgkw,DDcds,-73.42
AAjlp,BBgtz,CCgkw,DDcds,10.17
AAjlp,BBdnt,CCgkw,DDcds,57.11
AAgmz,BBfty,CCgkw,DDcds,-44.77
AAgmz,BBhmn,CCgkw,DDcds,-56.45
AAbqt,BBdpz,CCgyz,DDjwx,68.25
AAbqt,BBlpz,CCgyz,DDjwx,-19.02
AAbqt,BBdks,CCgyz,DDjwx,-80.94
AAjlp,BBgtz,CCgyz,DDjwx,-80.01
AAjlp,BBdnt,CCgyz,DDjwx,-51.91
AAgmz,BBfty,CCgyz,DDjwx,3.56
AAgmz,BBhmn,CCgyz,DDjwx,-5.54
AAbqt,BBdpz,CCgyz,DDdlx,64.64
AAbqt,BBlpz,CCgyz,DDdlx,16.38
AAbqt,BBdks,CCgyz,DDdlx,34.92
AAjlp,BBgtz,CCgyz,DDdlx,-44.63
AAjlp,BBdnt,CCgyz,DDdlx,-22.69
AAgmz,BBfty,CCgyz,DDdlx,-93.62
AAgmz,BBhmn,CCgyz,DDdlx,-18.57
AAbqt,BBdpz,CChjy,DDmry,38.54
AAbqt,BBlpz,CChjy,DDmry,-79.58
AAbqt,BBdks,CChjy,DDmry,14.35
AAjlp,BBgtz,CChjy,DDmry,15.05
AAjlp,BBdnt,CChjy,DDmry,-37.74
AAgmz,BBfty,CChjy,DDmry,55.33
AAgmz,BBhmn,CChjy,DDmry,53.59
AAbqt,BBdpz,CChjy,DDgjm,45.96
AAbqt,BBlpz,CChjy,DDgjm,-85.91
AAbqt,BBdks,CChjy,DDgjm,78.48
AAjlp,BBgtz,CChjy,DDgjm,-38.47
AAjlp,BBdnt,CChjy,DDgjm,58.15
AAgmz,BBfty,CChjy,DDgjm,2.13
AAgmz,BBhmn,CChjy,DDgjm,95.25
AAbqt,BBdpz,CChjy,DDkps,-41.92
AAbqt,BBlpz,CChjy,DDkps,27.73
AAbqt,BBdks,CChjy,DDkps,27.65
AAjlp,BBgtz,CChjy,DDkps,49.65
AAjlp,BBdnt,CChjy,DDkps,91.15
AAgmz,BBfty,CChjy,DDkps,81.59
AAgmz,BBhmn,CChjy,DDkps,-60.46

