{
"filename": "Evolution_of_pollution_in_percent_set3_4_DB.csv",
"questions": [{"name": "template 1",
 "sql": "SELECT Value FROM DBdata WHERE ((State = 'Nevada' AND City = 'Las Vegas')) AND ((Polluted_element = 'Air' AND Type_of_pollution = 'Thermal'))",
 "sqlResult": "{10.78}",
 "nlq": "What is the evolution of Thermal pollution in Las Vegas, Nevada?"},
{"name": "template 2",
 "sql": "SELECT Value FROM DBdata WHERE ((State = 'Nevada' AND City = 'Las Vegas')) AND ((Polluted_element = 'Water' AND Type_of_pollution = 'Chemical') OR (Polluted_element = 'Water' AND Type_of_pollution = 'Groundwater') OR (Polluted_element = 'Water' AND Type_of_pollution = 'Oxygen-depletion') OR (Polluted_element = 'Soil' AND Type_of_pollution = 'Industrial') OR (Polluted_element = 'Air' AND Type_of_pollution = 'Light') OR (Polluted_element = 'Air' AND Type_of_pollution = 'Thermal'))",
 "sqlResult": "{19.07} || {93.75} || {-16.08} || {38.05} || {-23.03} || {10.78}",
 "nlq": "What is the evolution of Chemical, Groundwater, Industrial, Light, Oxygen-depletion, or Thermal pollution in Las Vegas, Nevada?"},
{"name": "template 3",
 "sql": "SELECT Value FROM DBdata WHERE ((State = 'Nevada' AND City = 'Las Vegas') OR (State = 'Oregon' AND City = 'Redmond') OR (State = 'Oregon' AND City = 'Salem')) AND ((Polluted_element = 'Soil' AND Type_of_pollution = 'Industrial'))",
 "sqlResult": "{38.05} || {30.84} || {62.27}",
 "nlq": "What is the evolution of Industrial pollution in Las Vegas, Nevada or Redmond or Salem, Oregon?"},
{"name": "template 4",
 "sql": "SELECT sum(Value),max(Value) FROM DBdata WHERE ((State = 'Oregon' AND City = 'Redmond') OR (State = 'Oregon' AND City = 'Salem')) AND ((Polluted_element = 'Water' AND Type_of_pollution = 'Oxygen-depletion'))",
 "sqlResult": "{-152.01 | -72.53}",
 "nlq": "What are the total and maximum evolutions of Oxygen-depletion pollution in Redmond or Salem, Oregon?"},
{"name": "template 6",
 "sql": "SELECT Value FROM DBdata WHERE ((State = 'Nevada' AND City = 'Las Vegas') OR (State = 'Oregon' AND City = 'Redmond') OR (State = 'Oregon' AND City = 'Salem')) AND ((Polluted_element = 'Water' AND Type_of_pollution = 'Chemical') OR (Polluted_element = 'Water' AND Type_of_pollution = 'Oxygen-depletion') OR (Polluted_element = 'Air' AND Type_of_pollution = 'Light') OR (Polluted_element = 'Air' AND Type_of_pollution = 'Thermal'))",
 "sqlResult": "{19.07} || {-29.81} || {-6.1} || {-16.08} || {-72.53} || {-79.48} || {-23.03} || {23.54} || {-84.3} || {10.78} || {-15.74} || {-29.38}",
 "nlq": "What is the evolution of Chemical, Light, Oxygen-depletion, or Thermal pollution in Las Vegas, Nevada or Redmond or Salem, Oregon?"},
{"name": "template 7",
 "sql": "SELECT max(Value),sum(Value) FROM DBdata WHERE ((State = 'Oregon' AND City = 'Salem')) AND ((Polluted_element = 'Water' AND Type_of_pollution = 'Groundwater') OR (Polluted_element = 'Soil' AND Type_of_pollution = 'Inorganic Fertilizers'))",
 "sqlResult": "{23.79 | -51.19}",
 "nlq": "What are the maximum and total evolutions of Groundwater or Inorganic Fertilizers pollution in Salem, Oregon?"},
{"name": "template 8",
 "sql": "SELECT State,City,max(Value),min(Value) FROM DBdata WHERE ((State = 'Nevada' AND City = 'Las Vegas') OR (State = 'Nevada' AND City = 'Reno') OR (State = 'Oregon' AND City = 'Redmond') OR (State = 'Oregon' AND City = 'Salem')) AND ((Polluted_element = 'Water' AND Type_of_pollution = 'Groundwater') OR (Polluted_element = 'Water' AND Type_of_pollution = 'Oxygen-depletion') OR (Polluted_element = 'Air' AND Type_of_pollution = 'Thermal')) GROUP BY State,City",
 "sqlResult": "{Nevada | Las Vegas | 93.75 | -16.08} || {Nevada | Reno | 34.67 | -9.35} || {Oregon | Redmond | 49.98 | -72.53} || {Oregon | Salem | 23.79 | -79.48}",
 "nlq": "What are the maximum and minimum evolutions for each State and City, of Groundwater, Oxygen-depletion, or Thermal pollution in Las Vegas or Reno, Nevada or Redmond or Salem, Oregon? Please, report the corresponding State and City."},
{"name": "template 9",
 "sql": "SELECT min(Value) FROM DBdata WHERE ((State = 'Oregon' AND City = 'Salem')) AND (Polluted_element IN ('Water','Soil','Air')) GROUP BY Polluted_element",
 "sqlResult": "{-84.3} || {-74.98} || {-79.48}",
 "nlq": "What is the minimum evolution of pollution for each Polluted element, of Air, Soil, or Water in Salem, Oregon?"},
{"name": "template 10",
 "sql": "SELECT Polluted_element,max(Value) FROM DBdata WHERE ((State = 'Nevada' AND City = 'Reno')) AND (Polluted_element IN ('Water','Soil','Air')) GROUP BY Polluted_element",
 "sqlResult": "{Air | 4.67} || {Soil | 92.59} || {Water | 72.34}",
 "nlq": "What is the maximum evolution of pollution for each Polluted element, of Air, Soil, or Water in Reno, Nevada? Please, report the corresponding Polluted element."},
{"name": "template 11",
 "sql": "SELECT Polluted_element,State,City,sum(Value) FROM DBdata WHERE ((State = 'Nevada' AND City = 'Las Vegas') OR (State = 'Oregon' AND City = 'Salem')) AND (Polluted_element IN ('Water','Soil','Air')) GROUP BY Polluted_element,State,City",
 "sqlResult": "{Air | Nevada | Las Vegas | -12.25} || {Air | Oregon | Salem | -113.68} || {Soil | Nevada | Las Vegas | 108.36} || {Soil | Oregon | Salem | -12.71} || {Water | Nevada | Las Vegas | 96.74} || {Water | Oregon | Salem | -61.79}",
 "nlq": "What is the total evolution of pollution for each Polluted element, State, and City, of Air, Soil, or Water in Las Vegas, Nevada or Salem, Oregon? Please, report the corresponding Polluted element, State, and City."},
{"name": "template 12",
 "sql": "SELECT Value FROM DBdata WHERE ((State = 'Oregon' AND City = 'Salem')) AND (Polluted_element IN ('Water','Air')) ORDER BY VALUE DESC LIMIT 3",
 "sqlResult": "{23.79} || {-6.1} || {-29.38}",
 "nlq": "What are the top 3 evolutions of pollution of Air or Water in Salem, Oregon?"},
{"name": "template 13",
 "sql": "SELECT Value FROM DBdata WHERE ((State = 'Nevada' AND City = 'Las Vegas')) AND (Polluted_element IN ('Water','Soil')) ORDER BY VALUE DESC",
 "sqlResult": "{93.75} || {70.31} || {38.05} || {19.07} || {-16.08}",
 "nlq": "What are the evolutions ordered by decreasing values of pollution of Soil or Water in Las Vegas, Nevada?"},
{"name": "template 14",
 "sql": "SELECT Polluted_element,Type_of_pollution FROM DBdata WHERE ((State = 'Nevada' AND City = 'Reno')) AND Value > 11.99",
 "sqlResult": "{Water | Chemical} || {Water | Groundwater} || {Water | Oxygen-depletion} || {Soil | Inorganic Fertilizers} || {Soil | Industrial}",
 "nlq": "What are the Polluted element and Type of pollution for which the evolution in Reno, Nevada is greater than 11.99?"},
{"name": "template 15",
 "sql": "SELECT Polluted_element,Type_of_pollution,Value FROM DBdata WHERE ((State = 'Oregon' AND City = 'Salem')) AND (Polluted_element,Type_of_pollution) IN (SELECT Polluted_element,Type_of_pollution FROM DBdata WHERE ((State = 'Nevada' AND City = 'Reno')) AND Value > 11.99)",
 "sqlResult": "{Water | Chemical | -6.1} || {Water | Groundwater | 23.79} || {Water | Oxygen-depletion | -79.48} || {Soil | Inorganic Fertilizers | -74.98} || {Soil | Industrial | 62.27}",
 "nlq": "What is the evolution of pollution in Salem, Oregon of Polluted element and of Type of pollution for which the evolution in Reno, Nevada is greater than 11.99? Please, report the corresponding Polluted element, Type of pollution, and evolution of pollution."}]
}
