AA,BB,CC,DD,Value
AA,BB,CC,DD,Value
AAjz,BBqy,CCqx,DDfl,-57.4
AAjz,BBjw,CCqx,DDfl,-58.47
AAjz,BBkz,CCqx,DDfl,-54.36
AAcp,BBpw,CCqx,DDfl,73.58
AAcp,BBgt,CCqx,DDfl,-74.2
AAcp,BBnq,CCqx,DDfl,79.5
AAjz,BBqy,CCqx,DDcs,-44.05
AAjz,BBjw,CCqx,DDcs,-16.14
AAjz,BBkz,CCqx,DDcs,82.03
AAcp,BBpw,CCqx,DDcs,82.09
AAcp,BBgt,CCqx,DDcs,-77.71
AAcp,BBnq,CCqx,DDcs,40.74
AAjz,BBqy,CCqx,DDkl,58.23
AAjz,BBjw,CCqx,DDkl,-25.34
AAjz,BBkz,CCqx,DDkl,-24.17
AAcp,BBpw,CCqx,DDkl,51.14
AAcp,BBgt,CCqx,DDkl,-37.19
AAcp,BBnq,CCqx,DDkl,60.13
AAjz,BBqy,CCqx,DDbz,75.42
AAjz,BBjw,CCqx,DDbz,19.95
AAjz,BBkz,CCqx,DDbz,65.94
AAcp,BBpw,CCqx,DDbz,-48.32
AAcp,BBgt,CCqx,DDbz,-32.75
AAcp,BBnq,CCqx,DDbz,98.64
AAjz,BBqy,CCqx,DDfn,-81.32
AAjz,BBjw,CCqx,DDfn,15.84
AAjz,BBkz,CCqx,DDfn,-79.3
AAcp,BBpw,CCqx,DDfn,-46.48
AAcp,BBgt,CCqx,DDfn,-59.61
AAcp,BBnq,CCqx,DDfn,-65.4
AAjz,BBqy,CCcq,DDgh,-9.34
AAjz,BBjw,CCcq,DDgh,-54.14
AAjz,BBkz,CCcq,DDgh,77.92
AAcp,BBpw,CCcq,DDgh,68.85
AAcp,BBgt,CCcq,DDgh,-43.71
AAcp,BBnq,CCcq,DDgh,-52.62
AAjz,BBqy,CCcq,DDqt,57.26
AAjz,BBjw,CCcq,DDqt,12.08
AAjz,BBkz,CCcq,DDqt,-90.44
AAcp,BBpw,CCcq,DDqt,-65.94
AAcp,BBgt,CCcq,DDqt,-96.93
AAcp,BBnq,CCcq,DDqt,14.15

