State,City,Polluted element,Type of pollution,Value
State,City,Polluted_element,Type_of_pollution,Value
Illinois,Champaign,Water,Groundwater,65.47
Illinois,Chicago,Water,Groundwater,98.38
Maryland,Aberdeen,Water,Groundwater,58.85
Maryland,Baltimore,Water,Groundwater,-95.33
Maryland,Columbia,Water,Groundwater,33.69
Illinois,Champaign,Water,Oxygen-depletion,57.87
Illinois,Chicago,Water,Oxygen-depletion,-78.41
Maryland,Aberdeen,Water,Oxygen-depletion,-23.99
Maryland,Baltimore,Water,Oxygen-depletion,-3.58
Maryland,Columbia,Water,Oxygen-depletion,-57.57
Illinois,Champaign,Water,Surface water,29.41
Illinois,Chicago,Water,Surface water,56.59
Maryland,Aberdeen,Water,Surface water,-22.78
Maryland,Baltimore,Water,Surface water,-23.18
Maryland,Columbia,Water,Surface water,-46.56
Illinois,Champaign,Soil,Inorganic Fertilizers,-31.93
Illinois,Chicago,Soil,Inorganic Fertilizers,10.61
Maryland,Aberdeen,Soil,Inorganic Fertilizers,5.94
Maryland,Baltimore,Soil,Inorganic Fertilizers,37.4
Maryland,Columbia,Soil,Inorganic Fertilizers,53.97
Illinois,Champaign,Soil,Industrial,-23.52
Illinois,Chicago,Soil,Industrial,55.49
Maryland,Aberdeen,Soil,Industrial,19.91
Maryland,Baltimore,Soil,Industrial,-17.75
Maryland,Columbia,Soil,Industrial,-1.29
Illinois,Champaign,Soil,Inferior Irrigation,44.74
Illinois,Chicago,Soil,Inferior Irrigation,-74.89
Maryland,Aberdeen,Soil,Inferior Irrigation,-97.32
Maryland,Baltimore,Soil,Inferior Irrigation,73.94
Maryland,Columbia,Soil,Inferior Irrigation,-0.46
Illinois,Champaign,Soil,Solid Waste,43.52
Illinois,Chicago,Soil,Solid Waste,30.33
Maryland,Aberdeen,Soil,Solid Waste,86.94
Maryland,Baltimore,Soil,Solid Waste,-62.76
Maryland,Columbia,Soil,Solid Waste,64.19
