AA,BB,CC,DD,Value
AA,BB,CC,DD,Value
AAdnx,BBhnt,CCbht,DDghl,47.82
AAdnx,BBcjp,CCbht,DDghl,38.22
AAdnx,BBfkn,CCbht,DDghl,59.29
AAklv,BBbkv,CCbht,DDghl,84.52
AAklv,BBfsw,CCbht,DDghl,-79.53
AAcrx,BBfnv,CCbht,DDghl,-32.43
AAcrx,BBhtv,CCbht,DDghl,-83.55
AAcrx,BBbtv,CCbht,DDghl,-57.22
AAdnx,BBhnt,CCbht,DDfqz,65.1
AAdnx,BBcjp,CCbht,DDfqz,-27.93
AAdnx,BBfkn,CCbht,DDfqz,-0.32
AAklv,BBbkv,CCbht,DDfqz,28.23
AAklv,BBfsw,CCbht,DDfqz,-17.63
AAcrx,BBfnv,CCbht,DDfqz,-62.25
AAcrx,BBhtv,CCbht,DDfqz,-63.28
AAcrx,BBbtv,CCbht,DDfqz,-67.03
AAdnx,BBhnt,CCbhj,DDcsz,54.25
AAdnx,BBcjp,CCbhj,DDcsz,2.7
AAdnx,BBfkn,CCbhj,DDcsz,-6.7
AAklv,BBbkv,CCbhj,DDcsz,-91.77
AAklv,BBfsw,CCbhj,DDcsz,79.75
AAcrx,BBfnv,CCbhj,DDcsz,-70.73
AAcrx,BBhtv,CCbhj,DDcsz,-12.93
AAcrx,BBbtv,CCbhj,DDcsz,4.94
AAdnx,BBhnt,CCbhj,DDgls,-43.47
AAdnx,BBcjp,CCbhj,DDgls,32.4
AAdnx,BBfkn,CCbhj,DDgls,23.63
AAklv,BBbkv,CCbhj,DDgls,59.03
AAklv,BBfsw,CCbhj,DDgls,40.94
AAcrx,BBfnv,CCbhj,DDgls,-55.51
AAcrx,BBhtv,CCbhj,DDgls,-25.69
AAcrx,BBbtv,CCbhj,DDgls,-1.87
AAdnx,BBhnt,CCbhj,DDlny,-15.84
AAdnx,BBcjp,CCbhj,DDlny,-47.7
AAdnx,BBfkn,CCbhj,DDlny,-70.61
AAklv,BBbkv,CCbhj,DDlny,-41.31
AAklv,BBfsw,CCbhj,DDlny,-64.36
AAcrx,BBfnv,CCbhj,DDlny,-48.34
AAcrx,BBhtv,CCbhj,DDlny,-65.02
AAcrx,BBbtv,CCbhj,DDlny,-57.05
AAdnx,BBhnt,CCbhj,DDcgh,99.28
AAdnx,BBcjp,CCbhj,DDcgh,-88.13
AAdnx,BBfkn,CCbhj,DDcgh,-92.86
AAklv,BBbkv,CCbhj,DDcgh,71.63
AAklv,BBfsw,CCbhj,DDcgh,6.53
AAcrx,BBfnv,CCbhj,DDcgh,-13.29
AAcrx,BBhtv,CCbhj,DDcgh,19.96
AAcrx,BBbtv,CCbhj,DDcgh,61.11
AAdnx,BBhnt,CCbhj,DDswx,-89.38
AAdnx,BBcjp,CCbhj,DDswx,-50.1
AAdnx,BBfkn,CCbhj,DDswx,95.48
AAklv,BBbkv,CCbhj,DDswx,-24.1
AAklv,BBfsw,CCbhj,DDswx,42.19
AAcrx,BBfnv,CCbhj,DDswx,-69.21
AAcrx,BBhtv,CCbhj,DDswx,-97.62
AAcrx,BBbtv,CCbhj,DDswx,-40.79

