AA,BB,CC,DD,Value
AA,BB,CC,DD,Value
AAqr,BBwz,CCkw,DDdx,57.2
AAqr,BBnr,CCkw,DDdx,0.44
AAqr,BBjz,CCkw,DDdx,91.45
AAky,BBfg,CCkw,DDdx,-37.97
AAky,BBbt,CCkw,DDdx,-66.17
AAqr,BBwz,CCkw,DDqx,97.71
AAqr,BBnr,CCkw,DDqx,2.13
AAqr,BBjz,CCkw,DDqx,63.22
AAky,BBfg,CCkw,DDqx,15.56
AAky,BBbt,CCkw,DDqx,84.97
AAqr,BBwz,CCkw,DDcl,-15.83
AAqr,BBnr,CCkw,DDcl,25.07
AAqr,BBjz,CCkw,DDcl,-67.54
AAky,BBfg,CCkw,DDcl,35.33
AAky,BBbt,CCkw,DDcl,84.67
AAqr,BBwz,CCkw,DDbg,47.3
AAqr,BBnr,CCkw,DDbg,-83.22
AAqr,BBjz,CCkw,DDbg,10.61
AAky,BBfg,CCkw,DDbg,-37.58
AAky,BBbt,CCkw,DDbg,92.53
AAqr,BBwz,CCfh,DDft,-44.4
AAqr,BBnr,CCfh,DDft,26.34
AAqr,BBjz,CCfh,DDft,5.65
AAky,BBfg,CCfh,DDft,81.66
AAky,BBbt,CCfh,DDft,38.94
AAqr,BBwz,CCfh,DDcg,87.26
AAqr,BBnr,CCfh,DDcg,-60.24
AAqr,BBjz,CCfh,DDcg,-34.06
AAky,BBfg,CCfh,DDcg,71.01
AAky,BBbt,CCfh,DDcg,48.66
AAqr,BBwz,CCcn,DDbm,-38.98
AAqr,BBnr,CCcn,DDbm,1.4
AAqr,BBjz,CCcn,DDbm,-38.99
AAky,BBfg,CCcn,DDbm,-50.99
AAky,BBbt,CCcn,DDbm,-76.08
AAqr,BBwz,CCcn,DDfr,-40.89
AAqr,BBnr,CCcn,DDfr,-55.69
AAqr,BBjz,CCcn,DDfr,-77.94
AAky,BBfg,CCcn,DDfr,-94.77
AAky,BBbt,CCcn,DDfr,19.93

