{
"filename": "Evolution_of_pollution_in_percent_set1_2_DB.csv",
"questions": [{"name": "template 1",
 "sql": "SELECT Value FROM DBdata WHERE ((State = 'Michigan' AND City = 'Flint')) AND ((Polluted_element = 'Soil' AND Type_of_pollution = 'Solid Waste'))",
 "sqlResult": "{-69.9}",
 "nlq": "What is the evolution of Solid Waste pollution in Flint, Michigan?"},
{"name": "template 2",
 "sql": "SELECT Value FROM DBdata WHERE ((State = 'Michigan' AND City = 'Detroit')) AND ((Polluted_element = 'Water' AND Type_of_pollution = 'Chemical') OR (Polluted_element = 'Water' AND Type_of_pollution = 'Groundwater') OR (Polluted_element = 'Soil' AND Type_of_pollution = 'Inferior Irrigation') OR (Polluted_element = 'Soil' AND Type_of_pollution = 'Solid Waste') OR (Polluted_element = 'Soil' AND Type_of_pollution = 'Urban Activities'))",
 "sqlResult": "{70.71} || {-18.94} || {96.35} || {-40.6} || {-69.91}",
 "nlq": "What is the evolution of Chemical, Groundwater, Inferior Irrigation, Solid Waste, or Urban Activities pollution in Detroit, Michigan?"},
{"name": "template 3",
 "sql": "SELECT Value FROM DBdata WHERE ((State = 'Michigan' AND City = 'Detroit') OR (State = 'Michigan' AND City = 'Port Huron')) AND ((Polluted_element = 'Soil' AND Type_of_pollution = 'Urban Activities'))",
 "sqlResult": "{-69.91} || {25.44}",
 "nlq": "What is the evolution of Urban Activities pollution in Detroit or Port Huron, Michigan?"},
{"name": "template 4",
 "sql": "SELECT sum(Value),min(Value) FROM DBdata WHERE ((State = 'Massachusetts' AND City = 'Boston') OR (State = 'Michigan' AND City = 'Detroit')) AND ((Polluted_element = 'Soil' AND Type_of_pollution = 'Inferior Irrigation'))",
 "sqlResult": "{28.99 | -67.36}",
 "nlq": "What are the total and minimum evolutions of Inferior Irrigation pollution in Boston, Massachusetts or Detroit, Michigan?"},
{"name": "template 6",
 "sql": "SELECT Value FROM DBdata WHERE ((State = 'Massachusetts' AND City = 'Boston') OR (State = 'Massachusetts' AND City = 'Cambridge') OR (State = 'Michigan' AND City = 'Port Huron')) AND ((Polluted_element = 'Water' AND Type_of_pollution = 'Groundwater') OR (Polluted_element = 'Soil' AND Type_of_pollution = 'Urban Activities'))",
 "sqlResult": "{95.28} || {73.77} || {67.38} || {-30.55} || {33.45} || {25.44}",
 "nlq": "What is the evolution of Groundwater or Urban Activities pollution in Boston or Cambridge, Massachusetts or Port Huron, Michigan?"},
{"name": "template 7",
 "sql": "SELECT min(Value),max(Value) FROM DBdata WHERE ((State = 'Massachusetts' AND City = 'Cambridge')) AND ((Polluted_element = 'Water' AND Type_of_pollution = 'Chemical') OR (Polluted_element = 'Water' AND Type_of_pollution = 'Groundwater') OR (Polluted_element = 'Soil' AND Type_of_pollution = 'Solid Waste') OR (Polluted_element = 'Soil' AND Type_of_pollution = 'Urban Activities'))",
 "sqlResult": "{-97.92 | 73.77}",
 "nlq": "What are the minimum and maximum evolutions of Chemical, Groundwater, Solid Waste, or Urban Activities pollution in Cambridge, Massachusetts?"},
{"name": "template 8",
 "sql": "SELECT State,City,sum(Value),avg(Value) FROM DBdata WHERE ((State = 'Massachusetts' AND City = 'Cambridge') OR (State = 'Massachusetts' AND City = 'Lenox') OR (State = 'Michigan' AND City = 'Port Huron')) AND ((Polluted_element = 'Water' AND Type_of_pollution = 'Chemical') OR (Polluted_element = 'Water' AND Type_of_pollution = 'Groundwater') OR (Polluted_element = 'Soil' AND Type_of_pollution = 'Solid Waste') OR (Polluted_element = 'Soil' AND Type_of_pollution = 'Urban Activities')) GROUP BY State,City",
 "sqlResult": "{Massachusetts | Cambridge | -67.68 | -16.92} || {Massachusetts | Lenox | -158.87 | -39.72} || {Michigan | Port Huron | 58.13 | 14.53}",
 "nlq": "What are the total and average evolutions for each State and City, of Chemical, Groundwater, Solid Waste, or Urban Activities pollution in Cambridge or Lenox, Massachusetts or Port Huron, Michigan? Please, report the corresponding State and City."},
{"name": "template 9",
 "sql": "SELECT min(Value) FROM DBdata WHERE ((State = 'Michigan' AND City = 'Flint')) AND (Polluted_element IN ('Water','Soil')) GROUP BY Polluted_element",
 "sqlResult": "{-69.9} || {-73.53}",
 "nlq": "What is the minimum evolution of pollution for each Polluted element, of Soil or Water in Flint, Michigan?"},
{"name": "template 10",
 "sql": "SELECT Polluted_element,sum(Value) FROM DBdata WHERE ((State = 'Michigan' AND City = 'Detroit')) AND (Polluted_element IN ('Water','Soil')) GROUP BY Polluted_element",
 "sqlResult": "{Soil | -14.16} || {Water | 51.77}",
 "nlq": "What is the total evolution of pollution for each Polluted element, of Soil or Water in Detroit, Michigan? Please, report the corresponding Polluted element."},
{"name": "template 11",
 "sql": "SELECT Polluted_element,State,City,sum(Value) FROM DBdata WHERE ((State = 'Massachusetts' AND City = 'Lenox') OR (State = 'Michigan' AND City = 'Flint')) AND (Polluted_element IN ('Water','Soil')) GROUP BY Polluted_element,State,City",
 "sqlResult": "{Soil | Massachusetts | Lenox | -27.98} || {Soil | Michigan | Flint | -30.35} || {Water | Massachusetts | Lenox | -128.03} || {Water | Michigan | Flint | -4.64}",
 "nlq": "What is the total evolution of pollution for each Polluted element, State, and City, of Soil or Water in Flint, Michigan or Lenox, Massachusetts? Please, report the corresponding Polluted element, State, and City."},
{"name": "template 12",
 "sql": "SELECT Value FROM DBdata WHERE ((State = 'Michigan' AND City = 'Port Huron')) AND (Polluted_element IN ('Water','Soil')) ORDER BY VALUE DESC LIMIT 4",
 "sqlResult": "{67.38} || {32.38} || {25.44} || {-54.83}",
 "nlq": "What are the top 4 evolutions of pollution of Soil or Water in Port Huron, Michigan?"},
{"name": "template 13",
 "sql": "SELECT Value FROM DBdata WHERE ((State = 'Massachusetts' AND City = 'Lenox')) AND (Polluted_element IN ('Water','Soil')) ORDER BY VALUE DESC",
 "sqlResult": "{2.86} || {-2.25} || {-28.59} || {-43.03} || {-85}",
 "nlq": "What are the evolutions ordered by decreasing values of pollution of Soil or Water in Lenox, Massachusetts?"},
{"name": "template 14",
 "sql": "SELECT Polluted_element,Type_of_pollution FROM DBdata WHERE ((State = 'Michigan' AND City = 'Detroit')) AND Value < -6.97",
 "sqlResult": "{Water | Groundwater} || {Soil | Solid Waste} || {Soil | Urban Activities}",
 "nlq": "What are the Polluted element and Type of pollution for which the evolution in Detroit, Michigan is lower than -6.97?"},
{"name": "template 15",
 "sql": "SELECT Polluted_element,Type_of_pollution,Value FROM DBdata WHERE ((State = 'Michigan' AND City = 'Flint')) AND (Polluted_element,Type_of_pollution) IN (SELECT Polluted_element,Type_of_pollution FROM DBdata WHERE ((State = 'Michigan' AND City = 'Detroit')) AND Value < -6.97)",
 "sqlResult": "{Water | Groundwater | -73.53} || {Soil | Solid Waste | -69.9} || {Soil | Urban Activities | 62.04}",
 "nlq": "What is the evolution of pollution in Flint, Michigan of Polluted element and of Type of pollution for which the evolution in Detroit, Michigan is lower than -6.97? Please, report the corresponding Polluted element, Type of pollution, and evolution of pollution."}]
}
