{
"filename": "Evolution_of_pollution_in_percent_set2_1_DB.csv",
"questions": [{"name": "template 1",
 "sql": "SELECT Value FROM DBdata WHERE ((AA = 'AAhy' AND BB = 'BBrt')) AND ((CC = 'CCgn' AND DD = 'DDbc'))",
 "sqlResult": "{-28.75}",
 "nlq": "What is the evolution of DDbc pollution in BBrt, AAhy?"},
{"name": "template 2",
 "sql": "SELECT Value FROM DBdata WHERE ((AA = 'AAhy' AND BB = 'BBrt')) AND ((CC = 'CCgn' AND DD = 'DDbc') OR (CC = 'CCgn' AND DD = 'DDjy') OR (CC = 'CCcr' AND DD = 'DDcp') OR (CC = 'CCcr' AND DD = 'DDjs') OR (CC = 'CCcr' AND DD = 'DDdx') OR (CC = 'CCbw' AND DD = 'DDjx'))",
 "sqlResult": "{-28.75} || {-70.55} || {91.6} || {79.74} || {65.73} || {83.65}",
 "nlq": "What is the evolution of DDcp, DDjx, DDbc, DDjs, DDjy, or DDdx pollution in BBrt, AAhy?"},
{"name": "template 3",
 "sql": "SELECT Value FROM DBdata WHERE ((AA = 'AAhy' AND BB = 'BBrt') OR (AA = 'AAhy' AND BB = 'BBhk') OR (AA = 'AAhy' AND BB = 'BBks') OR (AA = 'AAnz' AND BB = 'Boulder BB')) AND ((CC = 'CCcr' AND DD = 'DDdx'))",
 "sqlResult": "{65.73} || {40.11} || {48.64} || {-51.93}",
 "nlq": "What is the evolution of DDdx pollution in Boulder BB, AAnz or BBrt, BBhk, or BBks, AAhy?"},
{"name": "template 4",
 "sql": "SELECT max(Value),sum(Value) FROM DBdata WHERE ((AA = 'AAhy' AND BB = 'BBrt') OR (AA = 'AAhy' AND BB = 'BBhk') OR (AA = 'AAnz' AND BB = 'Boulder BB') OR (AA = 'AAnz' AND BB = 'BBms')) AND ((CC = 'CCcr' AND DD = 'DDdx'))",
 "sqlResult": "{65.73 | -18.71}",
 "nlq": "What are the maximum and total evolutions of DDdx pollution in Boulder BB or BBms, AAnz or BBrt or BBhk, AAhy?"},
{"name": "template 6",
 "sql": "SELECT Value FROM DBdata WHERE ((AA = 'AAhy' AND BB = 'BBrt') OR (AA = 'AAnz' AND BB = 'BBms')) AND ((CC = 'CCgn' AND DD = 'DDfm') OR (CC = 'CCgn' AND DD = 'DDjy') OR (CC = 'CCcr' AND DD = 'DDdx'))",
 "sqlResult": "{-75.79} || {97.27} || {-70.55} || {97.2} || {65.73} || {-72.62}",
 "nlq": "What is the evolution of DDfm, DDjy, or DDdx pollution in BBrt, AAhy or BBms, AAnz?"},
{"name": "template 7",
 "sql": "SELECT sum(Value),max(Value) FROM DBdata WHERE ((AA = 'AAnz' AND BB = 'BBms')) AND ((CC = 'CCgn' AND DD = 'DDfm') OR (CC = 'CCgn' AND DD = 'DDjy') OR (CC = 'CCcr' AND DD = 'DDcp') OR (CC = 'CCcr' AND DD = 'DDjs') OR (CC = 'CCbw' AND DD = 'DDjx'))",
 "sqlResult": "{250.88 | 97.27}",
 "nlq": "What are the total and maximum evolutions of DDfm, DDcp, DDjx, DDjs, or DDjy pollution in BBms, AAnz?"},
{"name": "template 8",
 "sql": "SELECT AA,BB,sum(Value),avg(Value) FROM DBdata WHERE ((AA = 'AAhy' AND BB = 'BBrt') OR (AA = 'AAhy' AND BB = 'BBhk') OR (AA = 'AAhy' AND BB = 'BBks') OR (AA = 'AAnz' AND BB = 'Boulder BB')) AND ((CC = 'CCcr' AND DD = 'DDcp') OR (CC = 'CCcr' AND DD = 'DDjs')) GROUP BY AA,BB",
 "sqlResult": "{AAhy | BBrt | 171.34 | 85.67} || {AAhy | BBhk | 142.81 | 71.4} || {AAhy | BBks | 139.74 | 69.87} || {AAnz | Boulder BB | -18.31 | -9.15}",
 "nlq": "What are the total and average evolutions for each AA and BB, of DDcp or DDjs pollution in Boulder BB, AAnz or BBrt, BBhk, or BBks, AAhy? Please, report the corresponding AA and BB."},
{"name": "template 9",
 "sql": "SELECT min(Value) FROM DBdata WHERE ((AA = 'AAhy' AND BB = 'BBhk')) AND (CC IN ('CCgn','CCcr','CCbw')) GROUP BY CC",
 "sqlResult": "{-76.14} || {40.11} || {-45.12}",
 "nlq": "What is the minimum evolution of pollution for each CC, of CCbw, CCcr, or CCgn in BBhk, AAhy?"},
{"name": "template 10",
 "sql": "SELECT CC,max(Value) FROM DBdata WHERE ((AA = 'AAhy' AND BB = 'BBks')) AND (CC IN ('CCgn','CCcr','CCbw')) GROUP BY CC",
 "sqlResult": "{CCbw | 82.87} || {CCcr | 87.74} || {CCgn | -3.04}",
 "nlq": "What is the maximum evolution of pollution for each CC, of CCbw, CCcr, or CCgn in BBks, AAhy? Please, report the corresponding CC."},
{"name": "template 11",
 "sql": "SELECT CC,AA,BB,max(Value) FROM DBdata WHERE ((AA = 'AAhy' AND BB = 'BBhk') OR (AA = 'AAnz' AND BB = 'BBms')) AND (CC IN ('CCgn','CCcr','CCbw')) GROUP BY CC,AA,BB",
 "sqlResult": "{CCbw | AAhy | BBhk | 39.61} || {CCbw | AAnz | BBms | 35.57} || {CCcr | AAhy | BBhk | 98.14} || {CCcr | AAnz | BBms | 95.61} || {CCgn | AAhy | BBhk | 86.17} || {CCgn | AAnz | BBms | 97.27}",
 "nlq": "What is the maximum evolution of pollution for each CC, AA, and BB, of CCbw, CCcr, or CCgn in BBms, AAnz or BBhk, AAhy? Please, report the corresponding CC, AA, and BB."},
{"name": "template 12",
 "sql": "SELECT Value FROM DBdata WHERE ((AA = 'AAnz' AND BB = 'BBms')) AND (CC IN ('CCgn','CCcr')) ORDER BY VALUE DESC LIMIT 2",
 "sqlResult": "{97.27} || {97.2}",
 "nlq": "What are the top 2 evolutions of pollution of CCcr or CCgn in BBms, AAnz?"},
{"name": "template 13",
 "sql": "SELECT Value FROM DBdata WHERE ((AA = 'AAnz' AND BB = 'Boulder BB')) AND (CC IN ('CCcr','CCbw')) ORDER BY VALUE ASC",
 "sqlResult": "{-51.93} || {-36.84} || {-33.41} || {15.1} || {65.34}",
 "nlq": "What are the evolutions ordered by increasing values of pollution of CCbw or CCcr in Boulder BB, AAnz?"},
{"name": "template 14",
 "sql": "SELECT CC,DD FROM DBdata WHERE ((AA = 'AAhy' AND BB = 'BBrt')) AND Value < 16.28",
 "sqlResult": "{CCgn | DDfm} || {CCgn | DDbc} || {CCgn | DDjy} || {CCbw | DDnx}",
 "nlq": "What are the CC and DD for which the evolution in BBrt, AAhy is lower than 16.28?"},
{"name": "template 15",
 "sql": "SELECT CC,DD,Value FROM DBdata WHERE ((AA = 'AAhy' AND BB = 'BBks')) AND (CC,DD) IN (SELECT CC,DD FROM DBdata WHERE ((AA = 'AAhy' AND BB = 'BBrt')) AND Value < 16.28)",
 "sqlResult": "{CCgn | DDfm | -88.16} || {CCgn | DDbc | -15.52} || {CCgn | DDjy | -3.04} || {CCbw | DDnx | 82.87}",
 "nlq": "What is the evolution of pollution in BBks, AAhy of CC and of DD for which the evolution in BBrt, AAhy is lower than 16.28? Please, report the corresponding CC, DD, and evolution of pollution."}]
}

