State,City,Polluted element,Type of pollution,Value
State,City,Polluted_element,Type_of_pollution,Value
Florida,Fort Lauderdale,Water,Groundwater,-14.88
Florida,Tampa,Water,Groundwater,28.41
Georgia,Columbus,Water,Groundwater,-1.27
Georgia,Washington,Water,Groundwater,-17.64
Illinois,Champaign,Water,Groundwater,-79.29
Illinois,Chicago,Water,Groundwater,-96.76
Florida,Fort Lauderdale,Water,Oxygen-depletion,-34.19
Florida,Tampa,Water,Oxygen-depletion,5.83
Georgia,Columbus,Water,Oxygen-depletion,30.69
Georgia,Washington,Water,Oxygen-depletion,-11.31
Illinois,Champaign,Water,Oxygen-depletion,66.87
Illinois,Chicago,Water,Oxygen-depletion,36.07
Florida,Fort Lauderdale,Soil,Industrial,72.78
Florida,Tampa,Soil,Industrial,-44.63
Georgia,Columbus,Soil,Industrial,-34.46
Georgia,Washington,Soil,Industrial,27.56
Illinois,Champaign,Soil,Industrial,0.57
Illinois,Chicago,Soil,Industrial,-20.37
Florida,Fort Lauderdale,Soil,Inferior Irrigation,19.55
Florida,Tampa,Soil,Inferior Irrigation,-57
Georgia,Columbus,Soil,Inferior Irrigation,-55.61
Georgia,Washington,Soil,Inferior Irrigation,-20.17
Illinois,Champaign,Soil,Inferior Irrigation,-17.5
Illinois,Chicago,Soil,Inferior Irrigation,-97.24
Florida,Fort Lauderdale,Soil,Solid Waste,0.98
Florida,Tampa,Soil,Solid Waste,-68.47
Georgia,Columbus,Soil,Solid Waste,-3.97
Georgia,Washington,Soil,Solid Waste,-37.56
Illinois,Champaign,Soil,Solid Waste,-88.43
Illinois,Chicago,Soil,Solid Waste,-27.24
Florida,Fort Lauderdale,Air,Light,63.14
Florida,Tampa,Air,Light,-59.52
Georgia,Columbus,Air,Light,-29.93
Georgia,Washington,Air,Light,-59.26
Illinois,Champaign,Air,Light,-48.8
Illinois,Chicago,Air,Light,62.53
Florida,Fort Lauderdale,Air,Thermal,-3.65
Florida,Tampa,Air,Thermal,-3.4
Georgia,Columbus,Air,Thermal,-87.6
Georgia,Washington,Air,Thermal,-33.88
Illinois,Champaign,Air,Thermal,-50.51
Illinois,Chicago,Air,Thermal,-74.98
