{
"filename": "Evolution_of_pollution_in_percent_set4_1_DB.csv",
"questions": [{"name": "template 1",
 "sql": "SELECT Value FROM DBdata WHERE ((State = 'Minnesota' AND City = 'Rochester')) AND ((Polluted_element = 'Air' AND Type_of_pollution = 'Light'))",
 "sqlResult": "{-86.8}",
 "nlq": "What is the evolution of Light pollution in Rochester, Minnesota?"},
{"name": "template 2",
 "sql": "SELECT Value FROM DBdata WHERE ((State = 'Minnesota' AND City = 'Hastings')) AND ((Polluted_element = 'Water' AND Type_of_pollution = 'Groundwater') OR (Polluted_element = 'Soil' AND Type_of_pollution = 'Industrial') OR (Polluted_element = 'Soil' AND Type_of_pollution = 'Inferior Irrigation') OR (Polluted_element = 'Soil' AND Type_of_pollution = 'Solid Waste') OR (Polluted_element = 'Air' AND Type_of_pollution = 'Light') OR (Polluted_element = 'Air' AND Type_of_pollution = 'Thermal'))",
 "sqlResult": "{58.76} || {62.42} || {-16.72} || {-41.27} || {76.91} || {-90.37}",
 "nlq": "What is the evolution of Groundwater, Industrial, Inferior Irrigation, Light, Solid Waste, or Thermal pollution in Hastings, Minnesota?"},
{"name": "template 3",
 "sql": "SELECT Value FROM DBdata WHERE ((State = 'Minnesota' AND City = 'Minneapolis') OR (State = 'Minnesota' AND City = 'Rochester') OR (State = 'Nevada' AND City = 'Boulder City') OR (State = 'Nevada' AND City = 'Reno')) AND ((Polluted_element = 'Soil' AND Type_of_pollution = 'Solid Waste'))",
 "sqlResult": "{70.82} || {87.34} || {64.06} || {52.95}",
 "nlq": "What is the evolution of Solid Waste pollution in Boulder City or Reno, Nevada or Minneapolis or Rochester, Minnesota?"},
{"name": "template 4",
 "sql": "SELECT max(Value),sum(Value) FROM DBdata WHERE ((State = 'Nevada' AND City = 'Las Vegas') OR (State = 'Nevada' AND City = 'Reno')) AND ((Polluted_element = 'Air' AND Type_of_pollution = 'Thermal'))",
 "sqlResult": "{55.25 | -34.81}",
 "nlq": "What are the maximum and total evolutions of Thermal pollution in Las Vegas or Reno, Nevada?"},
{"name": "template 6",
 "sql": "SELECT Value FROM DBdata WHERE ((State = 'Minnesota' AND City = 'Rochester') OR (State = 'Nevada' AND City = 'Las Vegas')) AND ((Polluted_element = 'Soil' AND Type_of_pollution = 'Industrial') OR (Polluted_element = 'Soil' AND Type_of_pollution = 'Solid Waste'))",
 "sqlResult": "{43.53} || {-5.04} || {87.34} || {-32.87}",
 "nlq": "What is the evolution of Industrial or Solid Waste pollution in Las Vegas, Nevada or Rochester, Minnesota?"},
{"name": "template 7",
 "sql": "SELECT max(Value),min(Value) FROM DBdata WHERE ((State = 'Minnesota' AND City = 'Rochester')) AND ((Polluted_element = 'Water' AND Type_of_pollution = 'Chemical') OR (Polluted_element = 'Soil' AND Type_of_pollution = 'Industrial') OR (Polluted_element = 'Soil' AND Type_of_pollution = 'Solid Waste') OR (Polluted_element = 'Air' AND Type_of_pollution = 'Light') OR (Polluted_element = 'Air' AND Type_of_pollution = 'Thermal'))",
 "sqlResult": "{87.34 | -86.8}",
 "nlq": "What are the maximum and minimum evolutions of Chemical, Industrial, Light, Solid Waste, or Thermal pollution in Rochester, Minnesota?"},
{"name": "template 8",
 "sql": "SELECT State,City,sum(Value),min(Value) FROM DBdata WHERE ((State = 'Minnesota' AND City = 'Minneapolis') OR (State = 'Minnesota' AND City = 'Rochester') OR (State = 'Nevada' AND City = 'Boulder City') OR (State = 'Nevada' AND City = 'Las Vegas')) AND ((Polluted_element = 'Water' AND Type_of_pollution = 'Groundwater') OR (Polluted_element = 'Soil' AND Type_of_pollution = 'Inferior Irrigation')) GROUP BY State,City",
 "sqlResult": "{Minnesota | Minneapolis | 63.63 | 27.27} || {Minnesota | Rochester | 43.27 | -14.5} || {Nevada | Boulder City | -83.47 | -49.88} || {Nevada | Las Vegas | 18.79 | -41.13}",
 "nlq": "What are the total and minimum evolutions for each State and City, of Groundwater or Inferior Irrigation pollution in Boulder City or Las Vegas, Nevada or Minneapolis or Rochester, Minnesota? Please, report the corresponding State and City."},
{"name": "template 9",
 "sql": "SELECT min(Value) FROM DBdata WHERE ((State = 'Nevada' AND City = 'Boulder City')) AND (Polluted_element IN ('Water','Soil','Air')) GROUP BY Polluted_element",
 "sqlResult": "{-54.44} || {-33.59} || {-49.88}",
 "nlq": "What is the minimum evolution of pollution for each Polluted element, of Air, Soil, or Water in Boulder City, Nevada?"},
{"name": "template 10",
 "sql": "SELECT Polluted_element,sum(Value) FROM DBdata WHERE ((State = 'Minnesota' AND City = 'Minneapolis')) AND (Polluted_element IN ('Water','Soil','Air')) GROUP BY Polluted_element",
 "sqlResult": "{Air | 45.04} || {Soil | 181.23} || {Water | -57.5}",
 "nlq": "What is the total evolution of pollution for each Polluted element, of Air, Soil, or Water in Minneapolis, Minnesota? Please, report the corresponding Polluted element."},
{"name": "template 11",
 "sql": "SELECT Polluted_element,State,City,sum(Value) FROM DBdata WHERE ((State = 'Minnesota' AND City = 'Minneapolis') OR (State = 'Nevada' AND City = 'Reno')) AND (Polluted_element IN ('Water','Soil','Air')) GROUP BY Polluted_element,State,City",
 "sqlResult": "{Air | Minnesota | Minneapolis | 45.04} || {Air | Nevada | Reno | 0.21} || {Soil | Minnesota | Minneapolis | 181.23} || {Soil | Nevada | Reno | 161.14} || {Water | Minnesota | Minneapolis | -57.5} || {Water | Nevada | Reno | 110.71}",
 "nlq": "What is the total evolution of pollution for each Polluted element, State, and City, of Air, Soil, or Water in Minneapolis, Minnesota or Reno, Nevada? Please, report the corresponding Polluted element, State, and City."},
{"name": "template 12",
 "sql": "SELECT Value FROM DBdata WHERE ((State = 'Minnesota' AND City = 'Hastings')) AND (Polluted_element IN ('Water','Soil')) ORDER BY VALUE DESC LIMIT 4",
 "sqlResult": "{94.8} || {62.42} || {58.76} || {-16.72}",
 "nlq": "What are the top 4 evolutions of pollution of Soil or Water in Hastings, Minnesota?"},
{"name": "template 13",
 "sql": "SELECT Value FROM DBdata WHERE ((State = 'Minnesota' AND City = 'Hastings')) AND (Polluted_element IN ('Water','Soil')) ORDER BY VALUE ASC",
 "sqlResult": "{-41.27} || {-16.72} || {58.76} || {62.42} || {94.8}",
 "nlq": "What are the evolutions ordered by increasing values of pollution of Soil or Water in Hastings, Minnesota?"},
{"name": "template 14",
 "sql": "SELECT Polluted_element,Type_of_pollution FROM DBdata WHERE ((State = 'Nevada' AND City = 'Boulder City')) AND Value > 17.34",
 "sqlResult": "{Soil | Solid Waste}",
 "nlq": "What are the Polluted element and Type of pollution for which the evolution in Boulder City, Nevada is greater than 17.34?"},
{"name": "template 15",
 "sql": "SELECT Polluted_element,Type_of_pollution,Value FROM DBdata WHERE ((State = 'Nevada' AND City = 'Las Vegas')) AND (Polluted_element,Type_of_pollution) IN (SELECT Polluted_element,Type_of_pollution FROM DBdata WHERE ((State = 'Nevada' AND City = 'Boulder City')) AND Value > 17.34)",
 "sqlResult": "{Soil | Solid Waste | -32.87}",
 "nlq": "What is the evolution of pollution in Las Vegas, Nevada of Polluted element and of Type of pollution for which the evolution in Boulder City, Nevada is greater than 17.34? Please, report the corresponding Polluted element, Type of pollution, and evolution of pollution."}]
}
