State,City,Polluted element,Type of pollution,Value
State,City,Polluted_element,Type_of_pollution,Value
Georgia,Albany,Water,Chemical,-11.05
Georgia,Columbus,Water,Chemical,-2.57
Illinois,Champaign,Water,Chemical,-92.2
Illinois,Chicago,Water,Chemical,78.4
Maryland,Aberdeen,Water,Chemical,-12.52
Maryland,Baltimore,Water,Chemical,-72
Georgia,Albany,Water,Groundwater,68.44
Georgia,Columbus,Water,Groundwater,10.98
Illinois,Champaign,Water,Groundwater,6.7
Illinois,Chicago,Water,Groundwater,65.37
Maryland,Aberdeen,Water,Groundwater,-23.08
Maryland,Baltimore,Water,Groundwater,83.83
Georgia,Albany,Water,Oxygen-depletion,-68.73
Georgia,Columbus,Water,Oxygen-depletion,97.87
Illinois,Champaign,Water,Oxygen-depletion,-48.89
Illinois,Chicago,Water,Oxygen-depletion,95.18
Maryland,Aberdeen,Water,Oxygen-depletion,77.57
Maryland,Baltimore,Water,Oxygen-depletion,-88.13
Georgia,Albany,Water,Surface water,19.03
Georgia,Columbus,Water,Surface water,-37.23
Illinois,Champaign,Water,Surface water,-68.53
Illinois,Chicago,Water,Surface water,-44.97
Maryland,Aberdeen,Water,Surface water,44.14
Maryland,Baltimore,Water,Surface water,-11.34
Georgia,Albany,Soil,Industrial,-57.73
Georgia,Columbus,Soil,Industrial,-20.63
Illinois,Champaign,Soil,Industrial,-23.77
Illinois,Chicago,Soil,Industrial,85.79
Maryland,Aberdeen,Soil,Industrial,9.96
Maryland,Baltimore,Soil,Industrial,65.39
Georgia,Albany,Soil,Inferior Irrigation,24.79
Georgia,Columbus,Soil,Inferior Irrigation,91
Illinois,Champaign,Soil,Inferior Irrigation,13.25
Illinois,Chicago,Soil,Inferior Irrigation,-71.62
Maryland,Aberdeen,Soil,Inferior Irrigation,73.29
Maryland,Baltimore,Soil,Inferior Irrigation,58.72
Georgia,Albany,Soil,Solid Waste,67.09
Georgia,Columbus,Soil,Solid Waste,-48.5
Illinois,Champaign,Soil,Solid Waste,40.02
Illinois,Chicago,Soil,Solid Waste,65.87
Maryland,Aberdeen,Soil,Solid Waste,86.09
Maryland,Baltimore,Soil,Solid Waste,64.75
Georgia,Albany,Soil,Urban Activities,52.03
Georgia,Columbus,Soil,Urban Activities,-4.02
Illinois,Champaign,Soil,Urban Activities,86.61
Illinois,Chicago,Soil,Urban Activities,43.47
Maryland,Aberdeen,Soil,Urban Activities,63.22
Maryland,Baltimore,Soil,Urban Activities,93.19
Georgia,Albany,Air,Noise,97.33
Georgia,Columbus,Air,Noise,-86.3
Illinois,Champaign,Air,Noise,-20.46
Illinois,Chicago,Air,Noise,84.4
Maryland,Aberdeen,Air,Noise,-52.96
Maryland,Baltimore,Air,Noise,77.64
Georgia,Albany,Air,Light,-93.77
Georgia,Columbus,Air,Light,-65.25
Illinois,Champaign,Air,Light,-95.46
Illinois,Chicago,Air,Light,26.56
Maryland,Aberdeen,Air,Light,-60.62
Maryland,Baltimore,Air,Light,-72.72
Georgia,Albany,Air,Thermal,87.89
Georgia,Columbus,Air,Thermal,78.04
Illinois,Champaign,Air,Thermal,-22.49
Illinois,Chicago,Air,Thermal,-54.86
Maryland,Aberdeen,Air,Thermal,19.57
Maryland,Baltimore,Air,Thermal,-97.1
