State,City,Polluted element,Type of pollution,Value
State,City,Polluted_element,Type_of_pollution,Value
Georgia,Columbus,Water,Chemical,-59.64
Georgia,Washington,Water,Chemical,99.76
Illinois,Champaign,Water,Chemical,-20.7
Illinois,Chicago,Water,Chemical,-12.94
Illinois,Springfield,Water,Chemical,-40.41
Georgia,Columbus,Water,Groundwater,-4.2
Georgia,Washington,Water,Groundwater,10.67
Illinois,Champaign,Water,Groundwater,52.53
Illinois,Chicago,Water,Groundwater,89.89
Illinois,Springfield,Water,Groundwater,-25.39
Georgia,Columbus,Soil,Industrial,-44.71
Georgia,Washington,Soil,Industrial,-51.89
Illinois,Champaign,Soil,Industrial,-63.78
Illinois,Chicago,Soil,Industrial,32.14
Illinois,Springfield,Soil,Industrial,-53.45
Georgia,Columbus,Soil,Inferior Irrigation,-35.14
Georgia,Washington,Soil,Inferior Irrigation,54.61
Illinois,Champaign,Soil,Inferior Irrigation,-37.29
Illinois,Chicago,Soil,Inferior Irrigation,-77.67
Illinois,Springfield,Soil,Inferior Irrigation,63.25
Georgia,Columbus,Soil,Solid Waste,76.92
Georgia,Washington,Soil,Solid Waste,28.26
Illinois,Champaign,Soil,Solid Waste,-32.94
Illinois,Chicago,Soil,Solid Waste,4.46
Illinois,Springfield,Soil,Solid Waste,-83.84
Georgia,Columbus,Soil,Urban Activities,-89.09
Georgia,Washington,Soil,Urban Activities,16.58
Illinois,Champaign,Soil,Urban Activities,-2.59
Illinois,Chicago,Soil,Urban Activities,-13.26
Illinois,Springfield,Soil,Urban Activities,-28.28
