State,City,Polluted element,Type of pollution,Value
State,City,Polluted_element,Type_of_pollution,Value
Georgia,Albany,Soil,Industrial,-3.6
Georgia,Columbus,Soil,Industrial,61.82
Illinois,Chicago,Soil,Industrial,-51.57
Illinois,Springfield,Soil,Industrial,-2.01
Maryland,Baltimore,Soil,Industrial,-16.88
Maryland,Columbia,Soil,Industrial,-8.98
Georgia,Albany,Soil,Inferior Irrigation,78.32
Georgia,Columbus,Soil,Inferior Irrigation,63.71
Illinois,Chicago,Soil,Inferior Irrigation,24.41
Illinois,Springfield,Soil,Inferior Irrigation,-7.99
Maryland,Baltimore,Soil,Inferior Irrigation,44.67
Maryland,Columbia,Soil,Inferior Irrigation,80.23
Georgia,Albany,Soil,Solid Waste,-3.53
Georgia,Columbus,Soil,Solid Waste,5.96
Illinois,Chicago,Soil,Solid Waste,-52.21
Illinois,Springfield,Soil,Solid Waste,-83.14
Maryland,Baltimore,Soil,Solid Waste,13.42
Maryland,Columbia,Soil,Solid Waste,-63.82
Georgia,Albany,Soil,Urban Activities,94.22
Georgia,Columbus,Soil,Urban Activities,29.83
Illinois,Chicago,Soil,Urban Activities,16.8
Illinois,Springfield,Soil,Urban Activities,94.21
Maryland,Baltimore,Soil,Urban Activities,87.66
Maryland,Columbia,Soil,Urban Activities,80.9
Georgia,Albany,Air,Noise,-98.68
Georgia,Columbus,Air,Noise,68.35
Illinois,Chicago,Air,Noise,12.96
Illinois,Springfield,Air,Noise,52.34
Maryland,Baltimore,Air,Noise,2.74
Maryland,Columbia,Air,Noise,99.32
Georgia,Albany,Air,Light,1.25
Georgia,Columbus,Air,Light,79.08
Illinois,Chicago,Air,Light,49.19
Illinois,Springfield,Air,Light,66.16
Maryland,Baltimore,Air,Light,-15.76
Maryland,Columbia,Air,Light,-22.32
Georgia,Albany,Air,Thermal,42.9
Georgia,Columbus,Air,Thermal,13.12
Illinois,Chicago,Air,Thermal,75.6
Illinois,Springfield,Air,Thermal,30.9
Maryland,Baltimore,Air,Thermal,92.44
Maryland,Columbia,Air,Thermal,-22.28
