{
"filename": "Evolution_of_pollution_in_percent_set2_2_DB.csv",
"questions": [{"name": "template 1",
 "sql": "SELECT Value FROM DBdata WHERE ((State = 'Maryland' AND City = 'Columbia')) AND ((Polluted_element = 'Soil' AND Type_of_pollution = 'Industrial'))",
 "sqlResult": "{59.9}",
 "nlq": "What is the evolution of Industrial pollution in Columbia, Maryland?"},
{"name": "template 2",
 "sql": "SELECT Value FROM DBdata WHERE ((State = 'Maryland' AND City = 'Baltimore')) AND ((Polluted_element = 'Water' AND Type_of_pollution = 'Groundwater') OR (Polluted_element = 'Soil' AND Type_of_pollution = 'Industrial') OR (Polluted_element = 'Air' AND Type_of_pollution = 'Light') OR (Polluted_element = 'Air' AND Type_of_pollution = 'Thermal'))",
 "sqlResult": "{25.41} || {13.54} || {-8.62} || {81.2}",
 "nlq": "What is the evolution of Groundwater, Industrial, Light, or Thermal pollution in Baltimore, Maryland?"},
{"name": "template 3",
 "sql": "SELECT Value FROM DBdata WHERE ((State = 'Georgia' AND City = 'Columbus') OR (State = 'Georgia' AND City = 'Washington') OR (State = 'Illinois' AND City = 'Chicago') OR (State = 'Illinois' AND City = 'Springfield') OR (State = 'Maryland' AND City = 'Baltimore') OR (State = 'Maryland' AND City = 'Columbia')) AND ((Polluted_element = 'Water' AND Type_of_pollution = 'Surface water'))",
 "sqlResult": "{8.81} || {-45.22} || {-27.56} || {-3.64} || {-11.31} || {93.3}",
 "nlq": "What is the evolution of Surface water pollution in Baltimore or Columbia, Maryland or Chicago or Springfield, Illinois or Columbus or Washington, Georgia?"},
{"name": "template 4",
 "sql": "SELECT avg(Value),min(Value) FROM DBdata WHERE ((State = 'Georgia' AND City = 'Washington') OR (State = 'Maryland' AND City = 'Columbia')) AND ((Polluted_element = 'Air' AND Type_of_pollution = 'Thermal'))",
 "sqlResult": "{50.61 | 31.82}",
 "nlq": "What are the average and minimum evolutions of Thermal pollution in Columbia, Maryland or Washington, Georgia?"},
{"name": "template 6",
 "sql": "SELECT Value FROM DBdata WHERE ((State = 'Georgia' AND City = 'Columbus') OR (State = 'Maryland' AND City = 'Baltimore')) AND ((Polluted_element = 'Soil' AND Type_of_pollution = 'Inorganic Fertilizers') OR (Polluted_element = 'Soil' AND Type_of_pollution = 'Inferior Irrigation') OR (Polluted_element = 'Air' AND Type_of_pollution = 'Thermal'))",
 "sqlResult": "{-62.97} || {14.61} || {-0.38} || {63.26} || {-51.56} || {81.2}",
 "nlq": "What is the evolution of Inferior Irrigation, Inorganic Fertilizers, or Thermal pollution in Baltimore, Maryland or Columbus, Georgia?"},
{"name": "template 7",
 "sql": "SELECT max(Value),sum(Value) FROM DBdata WHERE ((State = 'Maryland' AND City = 'Columbia')) AND ((Polluted_element = 'Water' AND Type_of_pollution = 'Chemical') OR (Polluted_element = 'Water' AND Type_of_pollution = 'Oxygen-depletion') OR (Polluted_element = 'Soil' AND Type_of_pollution = 'Inferior Irrigation') OR (Polluted_element = 'Soil' AND Type_of_pollution = 'Solid Waste') OR (Polluted_element = 'Air' AND Type_of_pollution = 'Light'))",
 "sqlResult": "{94.2 | 126.3}",
 "nlq": "What are the maximum and total evolutions of Chemical, Inferior Irrigation, Light, Oxygen-depletion, or Solid Waste pollution in Columbia, Maryland?"},
{"name": "template 8",
 "sql": "SELECT State,City,max(Value),avg(Value) FROM DBdata WHERE ((State = 'Georgia' AND City = 'Washington') OR (State = 'Maryland' AND City = 'Columbia')) AND ((Polluted_element = 'Soil' AND Type_of_pollution = 'Industrial') OR (Polluted_element = 'Soil' AND Type_of_pollution = 'Solid Waste') OR (Polluted_element = 'Soil' AND Type_of_pollution = 'Urban Activities') OR (Polluted_element = 'Air' AND Type_of_pollution = 'Light')) GROUP BY State,City",
 "sqlResult": "{Georgia | Washington | 54.81 | 4.89} || {Maryland | Columbia | 94.2 | 10.19}",
 "nlq": "What are the maximum and average evolutions for each State and City, of Industrial, Light, Solid Waste, or Urban Activities pollution in Columbia, Maryland or Washington, Georgia? Please, report the corresponding State and City."},
{"name": "template 9",
 "sql": "SELECT min(Value) FROM DBdata WHERE ((State = 'Illinois' AND City = 'Chicago')) AND (Polluted_element IN ('Water','Soil','Air')) GROUP BY Polluted_element",
 "sqlResult": "{-12.4} || {-32.59} || {-36.09}",
 "nlq": "What is the minimum evolution of pollution for each Polluted element, of Air, Soil, or Water in Chicago, Illinois?"},
{"name": "template 10",
 "sql": "SELECT Polluted_element,avg(Value) FROM DBdata WHERE ((State = 'Maryland' AND City = 'Columbia')) AND (Polluted_element IN ('Water','Soil','Air')) GROUP BY Polluted_element",
 "sqlResult": "{Air | 81.8} || {Soil | 9.96} || {Water | 28.95}",
 "nlq": "What is the average evolution of pollution for each Polluted element, of Air, Soil, or Water in Columbia, Maryland? Please, report the corresponding Polluted element."},
{"name": "template 11",
 "sql": "SELECT Polluted_element,State,City,avg(Value) FROM DBdata WHERE ((State = 'Georgia' AND City = 'Columbus') OR (State = 'Maryland' AND City = 'Baltimore') OR (State = 'Maryland' AND City = 'Columbia')) AND (Polluted_element IN ('Water','Soil','Air')) GROUP BY Polluted_element,State,City",
 "sqlResult": "{Air | Georgia | Columbus | -57.06} || {Air | Maryland | Baltimore | 36.29} || {Air | Maryland | Columbia | 81.8} || {Soil | Georgia | Columbus | 4.53} || {Soil | Maryland | Baltimore | 7.56} || {Soil | Maryland | Columbia | 9.96} || {Water | Georgia | Columbus | -18.52} || {Water | Maryland | Baltimore | 12.65} || {Water | Maryland | Columbia | 28.95}",
 "nlq": "What is the average evolution of pollution for each Polluted element, State, and City, of Air, Soil, or Water in Baltimore or Columbia, Maryland or Columbus, Georgia? Please, report the corresponding Polluted element, State, and City."},
{"name": "template 12",
 "sql": "SELECT Value FROM DBdata WHERE ((State = 'Maryland' AND City = 'Baltimore')) AND (Polluted_element IN ('Soil','Air')) ORDER BY VALUE ASC LIMIT 5",
 "sqlResult": "{-40.96} || {-12.64} || {-8.62} || {13.54} || {14.61}",
 "nlq": "What are the bottom 5 evolutions of pollution of Air or Soil in Baltimore, Maryland?"},
{"name": "template 13",
 "sql": "SELECT Value FROM DBdata WHERE ((State = 'Illinois' AND City = 'Springfield')) AND (Polluted_element IN ('Soil','Air')) ORDER BY VALUE DESC",
 "sqlResult": "{79.7} || {58.12} || {52.77} || {36} || {24.17} || {-23.61} || {-47.26}",
 "nlq": "What are the evolutions ordered by decreasing values of pollution of Air or Soil in Springfield, Illinois?"},
{"name": "template 14",
 "sql": "SELECT Polluted_element,Type_of_pollution FROM DBdata WHERE ((State = 'Illinois' AND City = 'Chicago')) AND Value > 10.7",
 "sqlResult": "{Water | Chemical} || {Water | Oxygen-depletion} || {Soil | Inferior Irrigation} || {Soil | Solid Waste} || {Air | Thermal}",
 "nlq": "What are the Polluted element and Type of pollution for which the evolution in Chicago, Illinois is greater than 10.7?"},
{"name": "template 15",
 "sql": "SELECT Polluted_element,Type_of_pollution,Value FROM DBdata WHERE ((State = 'Maryland' AND City = 'Columbia')) AND (Polluted_element,Type_of_pollution) IN (SELECT Polluted_element,Type_of_pollution FROM DBdata WHERE ((State = 'Illinois' AND City = 'Chicago')) AND Value > 10.7)",
 "sqlResult": "{Water | Chemical | -6.25} || {Water | Oxygen-depletion | 27.89} || {Soil | Inferior Irrigation | 25.55} || {Soil | Solid Waste | -15.09} || {Air | Thermal | 69.4}",
 "nlq": "What is the evolution of pollution in Columbia, Maryland of Polluted element and of Type of pollution for which the evolution in Chicago, Illinois is greater than 10.7? Please, report the corresponding Polluted element, Type of pollution, and evolution of pollution."}]
}
