State,City,Polluted element,Type of pollution,Value
State,City,Polluted_element,Type_of_pollution,Value
Minnesota,Minneapolis,Water,Groundwater,-53.05
Minnesota,Rochester,Water,Groundwater,-91.07
Nevada,Boulder City,Water,Groundwater,-26.34
Nevada,Las Vegas,Water,Groundwater,14.91
Nevada,Reno,Water,Groundwater,15.09
Oregon,Portland,Water,Groundwater,80.48
Oregon,Redmond,Water,Groundwater,42.51
Minnesota,Minneapolis,Water,Oxygen-depletion,26.76
Minnesota,Rochester,Water,Oxygen-depletion,47.99
Nevada,Boulder City,Water,Oxygen-depletion,-48.28
Nevada,Las Vegas,Water,Oxygen-depletion,-85.92
Nevada,Reno,Water,Oxygen-depletion,-62.49
Oregon,Portland,Water,Oxygen-depletion,59.82
Oregon,Redmond,Water,Oxygen-depletion,-52.32
Minnesota,Minneapolis,Water,Surface water,23.62
Minnesota,Rochester,Water,Surface water,-50.6
Nevada,Boulder City,Water,Surface water,91.39
Nevada,Las Vegas,Water,Surface water,20.45
Nevada,Reno,Water,Surface water,-76.1
Oregon,Portland,Water,Surface water,10.27
Oregon,Redmond,Water,Surface water,9.35
Minnesota,Minneapolis,Soil,Inorganic Fertilizers,60.63
Minnesota,Rochester,Soil,Inorganic Fertilizers,-47.64
Nevada,Boulder City,Soil,Inorganic Fertilizers,20.15
Nevada,Las Vegas,Soil,Inorganic Fertilizers,75.39
Nevada,Reno,Soil,Inorganic Fertilizers,28.61
Oregon,Portland,Soil,Inorganic Fertilizers,-53.45
Oregon,Redmond,Soil,Inorganic Fertilizers,-81.47
Minnesota,Minneapolis,Soil,Industrial,-44.87
Minnesota,Rochester,Soil,Industrial,60.37
Nevada,Boulder City,Soil,Industrial,50.41
Nevada,Las Vegas,Soil,Industrial,10.9
Nevada,Reno,Soil,Industrial,-50.48
Oregon,Portland,Soil,Industrial,-66.3
Oregon,Redmond,Soil,Industrial,90.58
Minnesota,Minneapolis,Soil,Inferior Irrigation,89.7
Minnesota,Rochester,Soil,Inferior Irrigation,21.5
Nevada,Boulder City,Soil,Inferior Irrigation,47.36
Nevada,Las Vegas,Soil,Inferior Irrigation,71.37
Nevada,Reno,Soil,Inferior Irrigation,5.25
Oregon,Portland,Soil,Inferior Irrigation,40.73
Oregon,Redmond,Soil,Inferior Irrigation,76.23
Minnesota,Minneapolis,Soil,Solid Waste,46.87
Minnesota,Rochester,Soil,Solid Waste,-56.2
Nevada,Boulder City,Soil,Solid Waste,88.84
Nevada,Las Vegas,Soil,Solid Waste,-4.4
Nevada,Reno,Soil,Solid Waste,29.78
Oregon,Portland,Soil,Solid Waste,-76.24
Oregon,Redmond,Soil,Solid Waste,12.66
