AA,BB,CC,DD,Value
AA,BB,CC,DD,Value
AAgsv,BBgjz,CCbry,DDjwz,-40.15
AAgsv,BBcdy,CCbry,DDjwz,36.1
AAgsv,BBbnw,CCbry,DDjwz,-53.35
AAqsv,BBbdx,CCbry,DDjwz,-80.57
AAqsv,BBrwy,CCbry,DDjwz,-20.44
AAqsv,BBdfg,CCbry,DDjwz,36.12
AAcgv,BBbnx,CCbry,DDjwz,20.71
AAcgv,BBfqx,CCbry,DDjwz,-54.01
AAcgv,BBmrz,CCbry,DDjwz,-7.21
AAgsv,BBgjz,CCbry,DDnpx,-9.92
AAgsv,BBcdy,CCbry,DDnpx,61.75
AAgsv,BBbnw,CCbry,DDnpx,-14.02
AAqsv,BBbdx,CCbry,DDnpx,-9.33
AAqsv,BBrwy,CCbry,DDnpx,-70.95
AAqsv,BBdfg,CCbry,DDnpx,-93.66
AAcgv,BBbnx,CCbry,DDnpx,83.74
AAcgv,BBfqx,CCbry,DDnpx,26.7
AAcgv,BBmrz,CCbry,DDnpx,-60.3
AAgsv,BBgjz,CCjsv,DDnxy,51.75
AAgsv,BBcdy,CCjsv,DDnxy,-78.54
AAgsv,BBbnw,CCjsv,DDnxy,20.91
AAqsv,BBbdx,CCjsv,DDnxy,11.87
AAqsv,BBrwy,CCjsv,DDnxy,-89.61
AAqsv,BBdfg,CCjsv,DDnxy,24
AAcgv,BBbnx,CCjsv,DDnxy,5.62
AAcgv,BBfqx,CCjsv,DDnxy,-7.72
AAcgv,BBmrz,CCjsv,DDnxy,83.8
AAgsv,BBgjz,CCjsv,DDdlx,-9.19
AAgsv,BBcdy,CCjsv,DDdlx,27.92
AAgsv,BBbnw,CCjsv,DDdlx,-21.53
AAqsv,BBbdx,CCjsv,DDdlx,9.39
AAqsv,BBrwy,CCjsv,DDdlx,-31.8
AAqsv,BBdfg,CCjsv,DDdlx,-0.66
AAcgv,BBbnx,CCjsv,DDdlx,14.62
AAcgv,BBfqx,CCjsv,DDdlx,87.1
AAcgv,BBmrz,CCjsv,DDdlx,-67.88
AAgsv,BBgjz,CCdls,DDjry,7.99
AAgsv,BBcdy,CCdls,DDjry,-82.65
AAgsv,BBbnw,CCdls,DDjry,60.34
AAqsv,BBbdx,CCdls,DDjry,-82.91
AAqsv,BBrwy,CCdls,DDjry,25.36
AAqsv,BBdfg,CCdls,DDjry,-34
AAcgv,BBbnx,CCdls,DDjry,-95.73
AAcgv,BBfqx,CCdls,DDjry,-26.08
AAcgv,BBmrz,CCdls,DDjry,93.37
AAgsv,BBgjz,CCdls,DDfsv,-29.86
AAgsv,BBcdy,CCdls,DDfsv,29.92
AAgsv,BBbnw,CCdls,DDfsv,-18.96
AAqsv,BBbdx,CCdls,DDfsv,-85.55
AAqsv,BBrwy,CCdls,DDfsv,-34.17
AAqsv,BBdfg,CCdls,DDfsv,-70.42
AAcgv,BBbnx,CCdls,DDfsv,-19.09
AAcgv,BBfqx,CCdls,DDfsv,-61.17
AAcgv,BBmrz,CCdls,DDfsv,99.57
AAgsv,BBgjz,CCdls,DDcqv,-15.38
AAgsv,BBcdy,CCdls,DDcqv,-45.53
AAgsv,BBbnw,CCdls,DDcqv,-72.59
AAqsv,BBbdx,CCdls,DDcqv,-9.11
AAqsv,BBrwy,CCdls,DDcqv,8.02
AAqsv,BBdfg,CCdls,DDcqv,-41.04
AAcgv,BBbnx,CCdls,DDcqv,46.49
AAcgv,BBfqx,CCdls,DDcqv,35.58
AAcgv,BBmrz,CCdls,DDcqv,-83.24

