State,City,Polluted element,Type of pollution,Value
State,City,Polluted_element,Type_of_pollution,Value
California,Los-Angeles,Water,Chemical,-53.51
California,Malibu,Water,Chemical,-76.97
Florida,Fort Lauderdale,Water,Chemical,36.32
Florida,Tampa,Water,Chemical,-5.21
California,Los-Angeles,Water,Groundwater,-79.75
California,Malibu,Water,Groundwater,-90.25
Florida,Fort Lauderdale,Water,Groundwater,64.2
Florida,Tampa,Water,Groundwater,13.32
California,Los-Angeles,Water,Oxygen-depletion,-78.47
California,Malibu,Water,Oxygen-depletion,33.4
Florida,Fort Lauderdale,Water,Oxygen-depletion,-3.71
Florida,Tampa,Water,Oxygen-depletion,-97.18
California,Los-Angeles,Water,Surface water,-26.33
California,Malibu,Water,Surface water,56.53
Florida,Fort Lauderdale,Water,Surface water,-67.8
Florida,Tampa,Water,Surface water,60.82
California,Los-Angeles,Soil,Inferior Irrigation,-70.5
California,Malibu,Soil,Inferior Irrigation,30.37
Florida,Fort Lauderdale,Soil,Inferior Irrigation,-71.49
Florida,Tampa,Soil,Inferior Irrigation,63.01
California,Los-Angeles,Soil,Solid Waste,13.61
California,Malibu,Soil,Solid Waste,-64.11
Florida,Fort Lauderdale,Soil,Solid Waste,-4.15
Florida,Tampa,Soil,Solid Waste,-85.92
