{
"filename": "Evolution_of_pollution_in_percent_set3_3_DB.csv",
"questions": [{"name": "template 1",
 "sql": "SELECT Value FROM DBdata WHERE ((AA = 'AAcgv' AND BB = 'BBmrz')) AND ((CC = 'CCdls' AND DD = 'DDfsv'))",
 "sqlResult": "{99.57}",
 "nlq": "What is the evolution of DDfsv pollution in BBmrz, AAcgv?"},
{"name": "template 2",
 "sql": "SELECT Value FROM DBdata WHERE ((AA = 'AAqsv' AND BB = 'BBrwy')) AND ((CC = 'CCbry' AND DD = 'DDjwz') OR (CC = 'CCdls' AND DD = 'DDcqv'))",
 "sqlResult": "{-20.44} || {8.02}",
 "nlq": "What is the evolution of DDjwz or DDcqv pollution in BBrwy, AAqsv?"},
{"name": "template 3",
 "sql": "SELECT Value FROM DBdata WHERE ((AA = 'AAgsv' AND BB = 'BBgjz') OR (AA = 'AAqsv' AND BB = 'BBrwy') OR (AA = 'AAcgv' AND BB = 'BBfqx')) AND ((CC = 'CCdls' AND DD = 'DDcqv'))",
 "sqlResult": "{-15.38} || {8.02} || {35.58}",
 "nlq": "What is the evolution of DDcqv pollution in BBgjz, AAgsv or BBfqx, AAcgv or BBrwy, AAqsv?"},
{"name": "template 4",
 "sql": "SELECT avg(Value),min(Value) FROM DBdata WHERE ((AA = 'AAgsv' AND BB = 'BBgjz') OR (AA = 'AAgsv' AND BB = 'BBcdy') OR (AA = 'AAgsv' AND BB = 'BBbnw') OR (AA = 'AAqsv' AND BB = 'BBdfg') OR (AA = 'AAcgv' AND BB = 'BBbnx') OR (AA = 'AAcgv' AND BB = 'BBfqx') OR (AA = 'AAcgv' AND BB = 'BBmrz')) AND ((CC = 'CCbry' AND DD = 'DDjwz'))",
 "sqlResult": "{-8.83 | -54.01}",
 "nlq": "What are the average and minimum evolutions of DDjwz pollution in BBbnx, BBfqx, or BBmrz, AAcgv or BBgjz, BBcdy, or BBbnw, AAgsv or BBdfg, AAqsv?"},
{"name": "template 6",
 "sql": "SELECT Value FROM DBdata WHERE ((AA = 'AAqsv' AND BB = 'BBbdx') OR (AA = 'AAcgv' AND BB = 'BBfqx')) AND ((CC = 'CCbry' AND DD = 'DDjwz') OR (CC = 'CCdls' AND DD = 'DDjry') OR (CC = 'CCdls' AND DD = 'DDcqv'))",
 "sqlResult": "{-80.57} || {-54.01} || {-82.91} || {-26.08} || {-9.11} || {35.58}",
 "nlq": "What is the evolution of DDjry, DDjwz, or DDcqv pollution in BBfqx, AAcgv or BBbdx, AAqsv?"},
{"name": "template 7",
 "sql": "SELECT avg(Value),sum(Value) FROM DBdata WHERE ((AA = 'AAcgv' AND BB = 'BBbnx')) AND ((CC = 'CCbry' AND DD = 'DDjwz') OR (CC = 'CCjsv' AND DD = 'DDdlx') OR (CC = 'CCdls' AND DD = 'DDfsv'))",
 "sqlResult": "{5.41 | 16.24}",
 "nlq": "What are the average and total evolutions of DDfsv, DDjwz, or DDdlx pollution in BBbnx, AAcgv?"},
{"name": "template 8",
 "sql": "SELECT AA,BB,avg(Value),min(Value) FROM DBdata WHERE ((AA = 'AAgsv' AND BB = 'BBgjz') OR (AA = 'AAgsv' AND BB = 'BBbnw') OR (AA = 'AAqsv' AND BB = 'BBbdx') OR (AA = 'AAcgv' AND BB = 'BBmrz')) AND ((CC = 'CCbry' AND DD = 'DDnpx') OR (CC = 'CCjsv' AND DD = 'DDnxy') OR (CC = 'CCjsv' AND DD = 'DDdlx') OR (CC = 'CCdls' AND DD = 'DDfsv') OR (CC = 'CCdls' AND DD = 'DDcqv')) GROUP BY AA,BB",
 "sqlResult": "{AAgsv | BBgjz | -2.52 | -29.86} || {AAgsv | BBbnw | -21.24 | -72.59} || {AAqsv | BBbdx | -16.55 | -85.55} || {AAcgv | BBmrz | -5.61 | -83.24}",
 "nlq": "What are the average and minimum evolutions for each AA and BB, of DDfsv, DDnxy, DDnpx, DDcqv, or DDdlx pollution in BBgjz or BBbnw, AAgsv or BBbdx, AAqsv or BBmrz, AAcgv? Please, report the corresponding AA and BB."},
{"name": "template 9",
 "sql": "SELECT min(Value) FROM DBdata WHERE ((AA = 'AAcgv' AND BB = 'BBmrz')) AND (CC IN ('CCbry','CCjsv','CCdls')) GROUP BY CC",
 "sqlResult": "{-83.24} || {-67.88} || {-60.3}",
 "nlq": "What is the minimum evolution of pollution for each CC, of CCdls, CCjsv, or CCbry in BBmrz, AAcgv?"},
{"name": "template 10",
 "sql": "SELECT CC,avg(Value) FROM DBdata WHERE ((AA = 'AAcgv' AND BB = 'BBbnx')) AND (CC IN ('CCbry','CCjsv','CCdls')) GROUP BY CC",
 "sqlResult": "{CCdls | -22.78} || {CCjsv | 10.12} || {CCbry | 52.22}",
 "nlq": "What is the average evolution of pollution for each CC, of CCdls, CCjsv, or CCbry in BBbnx, AAcgv? Please, report the corresponding CC."},
{"name": "template 11",
 "sql": "SELECT CC,AA,BB,max(Value) FROM DBdata WHERE ((AA = 'AAqsv' AND BB = 'BBbdx') OR (AA = 'AAcgv' AND BB = 'BBbnx') OR (AA = 'AAcgv' AND BB = 'BBmrz')) AND (CC IN ('CCbry','CCjsv','CCdls')) GROUP BY CC,AA,BB",
 "sqlResult": "{CCdls | AAqsv | BBbdx | -9.11} || {CCdls | AAcgv | BBbnx | 46.49} || {CCdls | AAcgv | BBmrz | 99.57} || {CCjsv | AAqsv | BBbdx | 11.87} || {CCjsv | AAcgv | BBbnx | 14.62} || {CCjsv | AAcgv | BBmrz | 83.8} || {CCbry | AAqsv | BBbdx | -9.33} || {CCbry | AAcgv | BBbnx | 83.74} || {CCbry | AAcgv | BBmrz | -7.21}",
 "nlq": "What is the maximum evolution of pollution for each CC, AA, and BB, of CCdls, CCjsv, or CCbry in BBbnx or BBmrz, AAcgv or BBbdx, AAqsv? Please, report the corresponding CC, AA, and BB."},
{"name": "template 12",
 "sql": "SELECT Value FROM DBdata WHERE ((AA = 'AAcgv' AND BB = 'BBbnx')) AND (CC IN ('CCbry','CCdls')) ORDER BY VALUE ASC LIMIT 2",
 "sqlResult": "{-95.73} || {-19.09}",
 "nlq": "What are the bottom 2 evolutions of pollution of CCdls or CCbry in BBbnx, AAcgv?"},
{"name": "template 13",
 "sql": "SELECT Value FROM DBdata WHERE ((AA = 'AAcgv' AND BB = 'BBfqx')) AND (CC IN ('CCbry','CCdls')) ORDER BY VALUE ASC",
 "sqlResult": "{-61.17} || {-54.01} || {-26.08} || {26.7} || {35.58}",
 "nlq": "What are the evolutions ordered by increasing values of pollution of CCdls or CCbry in BBfqx, AAcgv?"},
{"name": "template 14",
 "sql": "SELECT CC,DD FROM DBdata WHERE ((AA = 'AAgsv' AND BB = 'BBcdy')) AND Value > -11.42",
 "sqlResult": "{CCbry | DDjwz} || {CCbry | DDnpx} || {CCjsv | DDdlx} || {CCdls | DDfsv}",
 "nlq": "What are the CC and DD for which the evolution in BBcdy, AAgsv is greater than -11.42?"},
{"name": "template 15",
 "sql": "SELECT CC,DD,Value FROM DBdata WHERE ((AA = 'AAcgv' AND BB = 'BBmrz')) AND (CC,DD) IN (SELECT CC,DD FROM DBdata WHERE ((AA = 'AAgsv' AND BB = 'BBcdy')) AND Value > -11.42)",
 "sqlResult": "{CCbry | DDjwz | -7.21} || {CCbry | DDnpx | -60.3} || {CCjsv | DDdlx | -67.88} || {CCdls | DDfsv | 99.57}",
 "nlq": "What is the evolution of pollution in BBmrz, AAcgv of CC and of DD for which the evolution in BBcdy, AAgsv is greater than -11.42? Please, report the corresponding CC, DD, and evolution of pollution."}]
}

