{
"filename": "Evolution_of_pollution_in_percent_set3_4_DB.csv",
"questions": [{"name": "template 1",
 "sql": "SELECT Value FROM DBdata WHERE ((AA = 'AAcm' AND BB = 'BBmt')) AND ((CC = 'CCmw' AND DD = 'DDrw'))",
 "sqlResult": "{10.78}",
 "nlq": "What is the evolution of DDrw pollution in BBmt, AAcm?"},
{"name": "template 2",
 "sql": "SELECT Value FROM DBdata WHERE ((AA = 'AAcm' AND BB = 'BBmt')) AND ((CC = 'CCcr' AND DD = 'DDfk') OR (CC = 'CCcr' AND DD = 'DDjx') OR (CC = 'CCcr' AND DD = 'DDrv') OR (CC = 'CCby' AND DD = 'DDkp') OR (CC = 'CCmw' AND DD = 'DDqx') OR (CC = 'CCmw' AND DD = 'DDrw'))",
 "sqlResult": "{19.07} || {93.75} || {-16.08} || {38.05} || {-23.03} || {10.78}",
 "nlq": "What is the evolution of DDfk, DDjx, DDkp, DDqx, DDrv, or DDrw pollution in BBmt, AAcm?"},
{"name": "template 3",
 "sql": "SELECT Value FROM DBdata WHERE ((AA = 'AAcm' AND BB = 'BBmt') OR (AA = 'AAbx' AND BB = 'BBfv') OR (AA = 'AAbx' AND BB = 'BBmp')) AND ((CC = 'CCby' AND DD = 'DDkp'))",
 "sqlResult": "{38.05} || {30.84} || {62.27}",
 "nlq": "What is the evolution of DDkp pollution in BBmt, AAcm or BBfv or BBmp, AAbx?"},
{"name": "template 4",
 "sql": "SELECT sum(Value),max(Value) FROM DBdata WHERE ((AA = 'AAbx' AND BB = 'BBfv') OR (AA = 'AAbx' AND BB = 'BBmp')) AND ((CC = 'CCcr' AND DD = 'DDrv'))",
 "sqlResult": "{-152.01 | -72.53}",
 "nlq": "What are the total and maximum evolutions of DDrv pollution in BBfv or BBmp, AAbx?"},
{"name": "template 6",
 "sql": "SELECT Value FROM DBdata WHERE ((AA = 'AAcm' AND BB = 'BBmt') OR (AA = 'AAbx' AND BB = 'BBfv') OR (AA = 'AAbx' AND BB = 'BBmp')) AND ((CC = 'CCcr' AND DD = 'DDfk') OR (CC = 'CCcr' AND DD = 'DDrv') OR (CC = 'CCmw' AND DD = 'DDqx') OR (CC = 'CCmw' AND DD = 'DDrw'))",
 "sqlResult": "{19.07} || {-29.81} || {-6.1} || {-16.08} || {-72.53} || {-79.48} || {-23.03} || {23.54} || {-84.3} || {10.78} || {-15.74} || {-29.38}",
 "nlq": "What is the evolution of DDfk, DDqx, DDrv, or DDrw pollution in BBmt, AAcm or BBfv or BBmp, AAbx?"},
{"name": "template 7",
 "sql": "SELECT max(Value),sum(Value) FROM DBdata WHERE ((AA = 'AAbx' AND BB = 'BBmp')) AND ((CC = 'CCcr' AND DD = 'DDjx') OR (CC = 'CCby' AND DD = 'DDfq'))",
 "sqlResult": "{23.79 | -51.19}",
 "nlq": "What are the maximum and total evolutions of DDjx or DDfq pollution in BBmp, AAbx?"},
{"name": "template 8",
 "sql": "SELECT AA,BB,max(Value),min(Value) FROM DBdata WHERE ((AA = 'AAcm' AND BB = 'BBmt') OR (AA = 'AAcm' AND BB = 'BBdz') OR (AA = 'AAbx' AND BB = 'BBfv') OR (AA = 'AAbx' AND BB = 'BBmp')) AND ((CC = 'CCcr' AND DD = 'DDjx') OR (CC = 'CCcr' AND DD = 'DDrv') OR (CC = 'CCmw' AND DD = 'DDrw')) GROUP BY AA,BB",
 "sqlResult": "{AAcm | BBmt | 93.75 | -16.08} || {AAcm | BBdz | 34.67 | -9.35} || {AAbx | BBfv | 49.98 | -72.53} || {AAbx | BBmp | 23.79 | -79.48}",
 "nlq": "What are the maximum and minimum evolutions for each AA and BB, of DDjx, DDrv, or DDrw pollution in BBmt or BBdz, AAcm or BBfv or BBmp, AAbx? Please, report the corresponding AA and BB."},
{"name": "template 9",
 "sql": "SELECT min(Value) FROM DBdata WHERE ((AA = 'AAbx' AND BB = 'BBmp')) AND (CC IN ('CCcr','CCby','CCmw')) GROUP BY CC",
 "sqlResult": "{-84.3} || {-74.98} || {-79.48}",
 "nlq": "What is the minimum evolution of pollution for each CC, of CCmw, CCby, or CCcr in BBmp, AAbx?"},
{"name": "template 10",
 "sql": "SELECT CC,max(Value) FROM DBdata WHERE ((AA = 'AAcm' AND BB = 'BBdz')) AND (CC IN ('CCcr','CCby','CCmw')) GROUP BY CC",
 "sqlResult": "{CCmw | 4.67} || {CCby | 92.59} || {CCcr | 72.34}",
 "nlq": "What is the maximum evolution of pollution for each CC, of CCmw, CCby, or CCcr in BBdz, AAcm? Please, report the corresponding CC."},
{"name": "template 11",
 "sql": "SELECT CC,AA,BB,sum(Value) FROM DBdata WHERE ((AA = 'AAcm' AND BB = 'BBmt') OR (AA = 'AAbx' AND BB = 'BBmp')) AND (CC IN ('CCcr','CCby','CCmw')) GROUP BY CC,AA,BB",
 "sqlResult": "{CCmw | AAcm | BBmt | -12.25} || {CCmw | AAbx | BBmp | -113.68} || {CCby | AAcm | BBmt | 108.36} || {CCby | AAbx | BBmp | -12.71} || {CCcr | AAcm | BBmt | 96.74} || {CCcr | AAbx | BBmp | -61.79}",
 "nlq": "What is the total evolution of pollution for each CC, AA, and BB, of CCmw, CCby, or CCcr in BBmt, AAcm or BBmp, AAbx? Please, report the corresponding CC, AA, and BB."},
{"name": "template 12",
 "sql": "SELECT Value FROM DBdata WHERE ((AA = 'AAbx' AND BB = 'BBmp')) AND (CC IN ('CCcr','CCmw')) ORDER BY VALUE DESC LIMIT 3",
 "sqlResult": "{23.79} || {-6.1} || {-29.38}",
 "nlq": "What are the top 3 evolutions of pollution of CCmw or CCcr in BBmp, AAbx?"},
{"name": "template 13",
 "sql": "SELECT Value FROM DBdata WHERE ((AA = 'AAcm' AND BB = 'BBmt')) AND (CC IN ('CCcr','CCby')) ORDER BY VALUE DESC",
 "sqlResult": "{93.75} || {70.31} || {38.05} || {19.07} || {-16.08}",
 "nlq": "What are the evolutions ordered by decreasing values of pollution of CCby or CCcr in BBmt, AAcm?"},
{"name": "template 14",
 "sql": "SELECT CC,DD FROM DBdata WHERE ((AA = 'AAcm' AND BB = 'BBdz')) AND Value > 11.99",
 "sqlResult": "{CCcr | DDfk} || {CCcr | DDjx} || {CCcr | DDrv} || {CCby | DDfq} || {CCby | DDkp}",
 "nlq": "What are the CC and DD for which the evolution in BBdz, AAcm is greater than 11.99?"},
{"name": "template 15",
 "sql": "SELECT CC,DD,Value FROM DBdata WHERE ((AA = 'AAbx' AND BB = 'BBmp')) AND (CC,DD) IN (SELECT CC,DD FROM DBdata WHERE ((AA = 'AAcm' AND BB = 'BBdz')) AND Value > 11.99)",
 "sqlResult": "{CCcr | DDfk | -6.1} || {CCcr | DDjx | 23.79} || {CCcr | DDrv | -79.48} || {CCby | DDfq | -74.98} || {CCby | DDkp | 62.27}",
 "nlq": "What is the evolution of pollution in BBmp, AAbx of CC and of DD for which the evolution in BBdz, AAcm is greater than 11.99? Please, report the corresponding CC, DD, and evolution of pollution."}]
}

