{
"filename": "Evolution_of_pollution_in_percent_set4_3_DB.csv",
"questions": [{"name": "template 1",
 "sql": "SELECT Value FROM DBdata WHERE ((AA = 'AAgty' AND BB = 'BBglp')) AND ((CC = 'CCcdt' AND DD = 'DDchs'))",
 "sqlResult": "{-35.72}",
 "nlq": "What is the evolution of DDchs pollution in BBglp, AAgty?"},
{"name": "template 2",
 "sql": "SELECT Value FROM DBdata WHERE ((AA = 'AAgty' AND BB = 'BBcsv')) AND ((CC = 'CCjqv' AND DD = 'DDkmp') OR (CC = 'CCjqv' AND DD = 'DDchw') OR (CC = 'CCmps' AND DD = 'DDcpx') OR (CC = 'CCmps' AND DD = 'DDbqv') OR (CC = 'CCmps' AND DD = 'DDdlw') OR (CC = 'CCmps' AND DD = 'DDqwx') OR (CC = 'CCmps' AND DD = 'DDchy') OR (CC = 'CCcdt' AND DD = 'DDgst') OR (CC = 'CCcdt' AND DD = 'DDchs') OR (CC = 'CCcdt' AND DD = 'DDhlp'))",
 "sqlResult": "{-91.75} || {-6.97} || {79.34} || {-94.89} || {-56.77} || {25.12} || {-9.38} || {-20.48} || {35.63} || {63.79}",
 "nlq": "What is the evolution of DDkmp, DDbqv, DDdlw, DDcpx, DDchs, DDgst, DDchw, DDqwx, DDhlp, or DDchy pollution in BBcsv, AAgty?"},
{"name": "template 3",
 "sql": "SELECT Value FROM DBdata WHERE ((AA = 'AAgty' AND BB = 'BBcsv') OR (AA = 'AAgty' AND BB = 'BBglp') OR (AA = 'AAlpz' AND BB = 'Boulder BB') OR (AA = 'AAlpz' AND BB = 'BBjqr') OR (AA = 'AAcdg' AND BB = 'BBdqv')) AND ((CC = 'CCmps' AND DD = 'DDchy'))",
 "sqlResult": "{-9.38} || {53.25} || {39.1} || {-94.63} || {-11.34}",
 "nlq": "What is the evolution of DDchy pollution in Boulder BB or BBjqr, AAlpz or BBcsv or BBglp, AAgty or BBdqv, AAcdg?"},
{"name": "template 4",
 "sql": "SELECT min(Value),avg(Value) FROM DBdata WHERE ((AA = 'AAgty' AND BB = 'BBglp') OR (AA = 'AAlpz' AND BB = 'Boulder BB') OR (AA = 'AAlpz' AND BB = 'BBbkw') OR (AA = 'AAlpz' AND BB = 'BBjqr') OR (AA = 'AAcdg' AND BB = 'BBdqv') OR (AA = 'AAcdg' AND BB = 'BBbxy') OR (AA = 'AAcdg' AND BB = 'BBkwy')) AND ((CC = 'CCmps' AND DD = 'DDbqv'))",
 "sqlResult": "{-91.96 | 1.64}",
 "nlq": "What are the minimum and average evolutions of DDbqv pollution in Boulder BB, BBbkw, or BBjqr, AAlpz or BBdqv, BBbxy, or BBkwy, AAcdg or BBglp, AAgty?"},
{"name": "template 6",
 "sql": "SELECT Value FROM DBdata WHERE ((AA = 'AAlpz' AND BB = 'Boulder BB') OR (AA = 'AAlpz' AND BB = 'BBbkw') OR (AA = 'AAlpz' AND BB = 'BBjqr') OR (AA = 'AAcdg' AND BB = 'BBdqv') OR (AA = 'AAcdg' AND BB = 'BBbxy')) AND ((CC = 'CCmps' AND DD = 'DDbqv') OR (CC = 'CCcdt' AND DD = 'DDgst') OR (CC = 'CCcdt' AND DD = 'DDchs'))",
 "sqlResult": "{-89.4} || {45.79} || {99.32} || {18.49} || {-10.07} || {-56} || {69.94} || {-70.88} || {49.45} || {-80.83} || {-9.81} || {34.89} || {-59.64} || {-86.57} || {77.43}",
 "nlq": "What is the evolution of DDbqv, DDchs, or DDgst pollution in Boulder BB, BBbkw, or BBjqr, AAlpz or BBdqv or BBbxy, AAcdg?"},
{"name": "template 7",
 "sql": "SELECT avg(Value),max(Value) FROM DBdata WHERE ((AA = 'AAcdg' AND BB = 'BBdqv')) AND ((CC = 'CCjqv' AND DD = 'DDchw') OR (CC = 'CCmps' AND DD = 'DDcpx') OR (CC = 'CCmps' AND DD = 'DDdlw'))",
 "sqlResult": "{-21.77 | 24.61}",
 "nlq": "What are the average and maximum evolutions of DDdlw, DDcpx, or DDchw pollution in BBdqv, AAcdg?"},
{"name": "template 8",
 "sql": "SELECT AA,BB,min(Value),avg(Value) FROM DBdata WHERE ((AA = 'AAlpz' AND BB = 'Boulder BB') OR (AA = 'AAlpz' AND BB = 'BBbkw') OR (AA = 'AAlpz' AND BB = 'BBjqr') OR (AA = 'AAcdg' AND BB = 'BBdqv') OR (AA = 'AAcdg' AND BB = 'BBbxy')) AND ((CC = 'CCmps' AND DD = 'DDcpx') OR (CC = 'CCmps' AND DD = 'DDchy') OR (CC = 'CCcdt' AND DD = 'DDgst') OR (CC = 'CCcdt' AND DD = 'DDchs') OR (CC = 'CCcdt' AND DD = 'DDhlp')) GROUP BY AA,BB",
 "sqlResult": "{AAlpz | Boulder BB | -68.45 | -9.87} || {AAlpz | BBbkw | -50.22 | 37.93} || {AAlpz | BBjqr | -94.63 | -54.17} || {AAcdg | BBdqv | -86.57 | -9.11} || {AAcdg | BBbxy | -80.83 | 20.09}",
 "nlq": "What are the minimum and average evolutions for each AA and BB, of DDcpx, DDchs, DDgst, DDhlp, or DDchy pollution in Boulder BB, BBbkw, or BBjqr, AAlpz or BBdqv or BBbxy, AAcdg? Please, report the corresponding AA and BB."},
{"name": "template 9",
 "sql": "SELECT min(Value) FROM DBdata WHERE ((AA = 'AAlpz' AND BB = 'BBjqr')) AND (CC IN ('CCjqv','CCmps','CCcdt')) GROUP BY CC",
 "sqlResult": "{-81.44} || {-94.63} || {-50.51}",
 "nlq": "What is the minimum evolution of pollution for each CC, of CCcdt, CCmps, or CCjqv in BBjqr, AAlpz?"},
{"name": "template 10",
 "sql": "SELECT CC,avg(Value) FROM DBdata WHERE ((AA = 'AAlpz' AND BB = 'BBjqr')) AND (CC IN ('CCjqv','CCmps','CCcdt')) GROUP BY CC",
 "sqlResult": "{CCcdt | -70.65} || {CCmps | 23.18} || {CCjqv | -18.1}",
 "nlq": "What is the average evolution of pollution for each CC, of CCcdt, CCmps, or CCjqv in BBjqr, AAlpz? Please, report the corresponding CC."},
{"name": "template 11",
 "sql": "SELECT CC,AA,BB,min(Value) FROM DBdata WHERE ((AA = 'AAlpz' AND BB = 'BBbkw') OR (AA = 'AAcdg' AND BB = 'BBbxy') OR (AA = 'AAcdg' AND BB = 'BBkwy')) AND (CC IN ('CCjqv','CCmps','CCcdt')) GROUP BY CC,AA,BB",
 "sqlResult": "{CCcdt | AAlpz | BBbkw | -50.22} || {CCcdt | AAcdg | BBbxy | -80.83} || {CCcdt | AAcdg | BBkwy | -50.17} || {CCmps | AAlpz | BBbkw | -9.35} || {CCmps | AAcdg | BBbxy | -31.05} || {CCmps | AAcdg | BBkwy | -90.97} || {CCjqv | AAlpz | BBbkw | -73.74} || {CCjqv | AAcdg | BBbxy | -80.72} || {CCjqv | AAcdg | BBkwy | -90.01}",
 "nlq": "What is the minimum evolution of pollution for each CC, AA, and BB, of CCcdt, CCmps, or CCjqv in BBbkw, AAlpz or BBbxy or BBkwy, AAcdg? Please, report the corresponding CC, AA, and BB."},
{"name": "template 12",
 "sql": "SELECT Value FROM DBdata WHERE ((AA = 'AAgty' AND BB = 'BBglp')) AND (CC IN ('CCmps','CCcdt')) ORDER BY VALUE ASC LIMIT 3",
 "sqlResult": "{-91.96} || {-79.66} || {-63.66}",
 "nlq": "What are the bottom 3 evolutions of pollution of CCcdt or CCmps in BBglp, AAgty?"},
{"name": "template 13",
 "sql": "SELECT Value FROM DBdata WHERE ((AA = 'AAlpz' AND BB = 'BBbkw')) AND (CC IN ('CCjqv','CCmps')) ORDER BY VALUE ASC",
 "sqlResult": "{-73.74} || {-9.35} || {45.79} || {61.81} || {67.72} || {73.24} || {98.86}",
 "nlq": "What are the evolutions ordered by increasing values of pollution of CCmps or CCjqv in BBbkw, AAlpz?"},
{"name": "template 14",
 "sql": "SELECT CC,DD FROM DBdata WHERE ((AA = 'AAgty' AND BB = 'BBglp')) AND Value < -4.33",
 "sqlResult": "{CCmps | DDbqv} || {CCmps | DDdlw} || {CCmps | DDqwx} || {CCcdt | DDchs} || {CCcdt | DDhlp}",
 "nlq": "What are the CC and DD for which the evolution in BBglp, AAgty is lower than -4.33?"},
{"name": "template 15",
 "sql": "SELECT CC,DD,Value FROM DBdata WHERE ((AA = 'AAcdg' AND BB = 'BBbxy')) AND (CC,DD) IN (SELECT CC,DD FROM DBdata WHERE ((AA = 'AAgty' AND BB = 'BBglp')) AND Value < -4.33)",
 "sqlResult": "{CCmps | DDbqv | -10.07} || {CCmps | DDdlw | -31.05} || {CCmps | DDqwx | 96.72} || {CCcdt | DDchs | 77.43} || {CCcdt | DDhlp | -2.04}",
 "nlq": "What is the evolution of pollution in BBbxy, AAcdg of CC and of DD for which the evolution in BBglp, AAgty is lower than -4.33? Please, report the corresponding CC, DD, and evolution of pollution."}]
}

