State,City,Polluted element,Type of pollution,Value
State,City,Polluted_element,Type_of_pollution,Value
Minnesota,Hastings,Water,Chemical,-55.34
Minnesota,Minneapolis,Water,Chemical,-78.7
Minnesota,Rochester,Water,Chemical,19.14
Nevada,Boulder City,Water,Chemical,40.35
Nevada,Las Vegas,Water,Chemical,91.89
Nevada,Reno,Water,Chemical,8.12
Oregon,Portland,Water,Chemical,-63.93
Oregon,Redmond,Water,Chemical,69.05
Oregon,Salem,Water,Chemical,24.69
Minnesota,Hastings,Water,Groundwater,83.69
Minnesota,Minneapolis,Water,Groundwater,-94.5
Minnesota,Rochester,Water,Groundwater,-38.22
Nevada,Boulder City,Water,Groundwater,31.13
Nevada,Las Vegas,Water,Groundwater,85.82
Nevada,Reno,Water,Groundwater,-32.15
Oregon,Portland,Water,Groundwater,-24.83
Oregon,Redmond,Water,Groundwater,90.61
Oregon,Salem,Water,Groundwater,-91.35
Minnesota,Hastings,Water,Oxygen-depletion,62.42
Minnesota,Minneapolis,Water,Oxygen-depletion,11.3
Minnesota,Rochester,Water,Oxygen-depletion,-69.03
Nevada,Boulder City,Water,Oxygen-depletion,-19.23
Nevada,Las Vegas,Water,Oxygen-depletion,21.06
Nevada,Reno,Water,Oxygen-depletion,14.3
Oregon,Portland,Water,Oxygen-depletion,-83.68
Oregon,Redmond,Water,Oxygen-depletion,-92.78
Oregon,Salem,Water,Oxygen-depletion,-83.06
Minnesota,Hastings,Water,Surface water,-13.85
Minnesota,Minneapolis,Water,Surface water,-97.99
Minnesota,Rochester,Water,Surface water,-90.14
Nevada,Boulder City,Water,Surface water,-57.98
Nevada,Las Vegas,Water,Surface water,96.1
Nevada,Reno,Water,Surface water,88.53
Oregon,Portland,Water,Surface water,81.37
Oregon,Redmond,Water,Surface water,-21.33
Oregon,Salem,Water,Surface water,29.62
Minnesota,Hastings,Soil,Inferior Irrigation,92.87
Minnesota,Minneapolis,Soil,Inferior Irrigation,-94.34
Minnesota,Rochester,Soil,Inferior Irrigation,-68.89
Nevada,Boulder City,Soil,Inferior Irrigation,22.59
Nevada,Las Vegas,Soil,Inferior Irrigation,-68.41
Nevada,Reno,Soil,Inferior Irrigation,-81.41
Oregon,Portland,Soil,Inferior Irrigation,-73.89
Oregon,Redmond,Soil,Inferior Irrigation,-12.64
Oregon,Salem,Soil,Inferior Irrigation,42.11
Minnesota,Hastings,Soil,Solid Waste,-28.36
Minnesota,Minneapolis,Soil,Solid Waste,23.11
Minnesota,Rochester,Soil,Solid Waste,-57.89
Nevada,Boulder City,Soil,Solid Waste,40.3
Nevada,Las Vegas,Soil,Solid Waste,-52.91
Nevada,Reno,Soil,Solid Waste,30.21
Oregon,Portland,Soil,Solid Waste,73.17
Oregon,Redmond,Soil,Solid Waste,-27.6
Oregon,Salem,Soil,Solid Waste,44
Minnesota,Hastings,Soil,Urban Activities,-23.07
Minnesota,Minneapolis,Soil,Urban Activities,-3.24
Minnesota,Rochester,Soil,Urban Activities,16.06
Nevada,Boulder City,Soil,Urban Activities,25.51
Nevada,Las Vegas,Soil,Urban Activities,32.96
Nevada,Reno,Soil,Urban Activities,-33.91
Oregon,Portland,Soil,Urban Activities,-68.68
Oregon,Redmond,Soil,Urban Activities,34.06
Oregon,Salem,Soil,Urban Activities,-6.78
Minnesota,Hastings,Air,Noise,53.72
Minnesota,Minneapolis,Air,Noise,74.89
Minnesota,Rochester,Air,Noise,94.02
Nevada,Boulder City,Air,Noise,-56.26
Nevada,Las Vegas,Air,Noise,35.2
Nevada,Reno,Air,Noise,-9.41
Oregon,Portland,Air,Noise,7.05
Oregon,Redmond,Air,Noise,-0.81
Oregon,Salem,Air,Noise,-50.86
Minnesota,Hastings,Air,Light,-51.78
Minnesota,Minneapolis,Air,Light,72.38
Minnesota,Rochester,Air,Light,-70.73
Nevada,Boulder City,Air,Light,42.88
Nevada,Las Vegas,Air,Light,14.86
Nevada,Reno,Air,Light,-19.65
Oregon,Portland,Air,Light,-50.74
Oregon,Redmond,Air,Light,-88.03
Oregon,Salem,Air,Light,-75.35
Minnesota,Hastings,Air,Thermal,86.95
Minnesota,Minneapolis,Air,Thermal,-58.11
Minnesota,Rochester,Air,Thermal,-79.57
Nevada,Boulder City,Air,Thermal,-66.64
Nevada,Las Vegas,Air,Thermal,2.72
Nevada,Reno,Air,Thermal,-77.18
Oregon,Portland,Air,Thermal,41.66
Oregon,Redmond,Air,Thermal,-17.7
Oregon,Salem,Air,Thermal,-24.02
