State,City,Polluted element,Type of pollution,Value
State,City,Polluted_element,Type_of_pollution,Value
Michigan,Detroit,Soil,Inorganic Fertilizers,-57.4
Michigan,Flint,Soil,Inorganic Fertilizers,-58.47
Michigan,Port Huron,Soil,Inorganic Fertilizers,-54.36
Minnesota,Hastings,Soil,Inorganic Fertilizers,73.58
Minnesota,Minneapolis,Soil,Inorganic Fertilizers,-74.2
Minnesota,Rochester,Soil,Inorganic Fertilizers,79.5
Michigan,Detroit,Soil,Industrial,-44.05
Michigan,Flint,Soil,Industrial,-16.14
Michigan,Port Huron,Soil,Industrial,82.03
Minnesota,Hastings,Soil,Industrial,82.09
Minnesota,Minneapolis,Soil,Industrial,-77.71
Minnesota,Rochester,Soil,Industrial,40.74
Michigan,Detroit,Soil,Inferior Irrigation,58.23
Michigan,Flint,Soil,Inferior Irrigation,-25.34
Michigan,Port Huron,Soil,Inferior Irrigation,-24.17
Minnesota,Hastings,Soil,Inferior Irrigation,51.14
Minnesota,Minneapolis,Soil,Inferior Irrigation,-37.19
Minnesota,Rochester,Soil,Inferior Irrigation,60.13
Michigan,Detroit,Soil,Solid Waste,75.42
Michigan,Flint,Soil,Solid Waste,19.95
Michigan,Port Huron,Soil,Solid Waste,65.94
Minnesota,Hastings,Soil,Solid Waste,-48.32
Minnesota,Minneapolis,Soil,Solid Waste,-32.75
Minnesota,Rochester,Soil,Solid Waste,98.64
Michigan,Detroit,Soil,Urban Activities,-81.32
Michigan,Flint,Soil,Urban Activities,15.84
Michigan,Port Huron,Soil,Urban Activities,-79.3
Minnesota,Hastings,Soil,Urban Activities,-46.48
Minnesota,Minneapolis,Soil,Urban Activities,-59.61
Minnesota,Rochester,Soil,Urban Activities,-65.4
Michigan,Detroit,Air,Light,-9.34
Michigan,Flint,Air,Light,-54.14
Michigan,Port Huron,Air,Light,77.92
Minnesota,Hastings,Air,Light,68.85
Minnesota,Minneapolis,Air,Light,-43.71
Minnesota,Rochester,Air,Light,-52.62
Michigan,Detroit,Air,Thermal,57.26
Michigan,Flint,Air,Thermal,12.08
Michigan,Port Huron,Air,Thermal,-90.44
Minnesota,Hastings,Air,Thermal,-65.94
Minnesota,Minneapolis,Air,Thermal,-96.93
Minnesota,Rochester,Air,Thermal,14.15
