{
"filename": "Evolution_of_pollution_in_percent_set1_3_DB.csv",
"questions": [{"name": "template 1",
 "sql": "SELECT Value FROM DBdata WHERE ((State = 'Minnesota' AND City = 'Hastings')) AND ((Polluted_element = 'Soil' AND Type_of_pollution = 'Solid Waste'))",
 "sqlResult": "{-48.32}",
 "nlq": "What is the evolution of Solid Waste pollution in Hastings, Minnesota?"},
{"name": "template 2",
 "sql": "SELECT Value FROM DBdata WHERE ((State = 'Michigan' AND City = 'Detroit')) AND ((Polluted_element = 'Soil' AND Type_of_pollution = 'Inorganic Fertilizers') OR (Polluted_element = 'Soil' AND Type_of_pollution = 'Inferior Irrigation') OR (Polluted_element = 'Soil' AND Type_of_pollution = 'Urban Activities') OR (Polluted_element = 'Air' AND Type_of_pollution = 'Light'))",
 "sqlResult": "{-57.4} || {58.23} || {-81.32} || {-9.34}",
 "nlq": "What is the evolution of Inferior Irrigation, Inorganic Fertilizers, Light, or Urban Activities pollution in Detroit, Michigan?"},
{"name": "template 3",
 "sql": "SELECT Value FROM DBdata WHERE ((State = 'Michigan' AND City = 'Flint') OR (State = 'Michigan' AND City = 'Port Huron') OR (State = 'Minnesota' AND City = 'Minneapolis') OR (State = 'Minnesota' AND City = 'Rochester')) AND ((Polluted_element = 'Air' AND Type_of_pollution = 'Light'))",
 "sqlResult": "{-54.14} || {77.92} || {-43.71} || {-52.62}",
 "nlq": "What is the evolution of Light pollution in Flint or Port Huron, Michigan or Minneapolis or Rochester, Minnesota?"},
{"name": "template 4",
 "sql": "SELECT max(Value),min(Value) FROM DBdata WHERE ((State = 'Michigan' AND City = 'Detroit') OR (State = 'Michigan' AND City = 'Flint') OR (State = 'Michigan' AND City = 'Port Huron') OR (State = 'Minnesota' AND City = 'Hastings') OR (State = 'Minnesota' AND City = 'Minneapolis') OR (State = 'Minnesota' AND City = 'Rochester')) AND ((Polluted_element = 'Soil' AND Type_of_pollution = 'Inferior Irrigation'))",
 "sqlResult": "{60.13 | -37.19}",
 "nlq": "What are the maximum and minimum evolutions of Inferior Irrigation pollution in Detroit, Flint, or Port Huron, Michigan or Hastings, Minneapolis, or Rochester, Minnesota?"},
{"name": "template 6",
 "sql": "SELECT Value FROM DBdata WHERE ((State = 'Michigan' AND City = 'Detroit') OR (State = 'Michigan' AND City = 'Port Huron') OR (State = 'Minnesota' AND City = 'Hastings') OR (State = 'Minnesota' AND City = 'Minneapolis') OR (State = 'Minnesota' AND City = 'Rochester')) AND ((Polluted_element = 'Soil' AND Type_of_pollution = 'Industrial') OR (Polluted_element = 'Air' AND Type_of_pollution = 'Thermal'))",
 "sqlResult": "{-44.05} || {82.03} || {82.09} || {-77.71} || {40.74} || {57.26} || {-90.44} || {-65.94} || {-96.93} || {14.15}",
 "nlq": "What is the evolution of Industrial or Thermal pollution in Detroit or Port Huron, Michigan or Hastings, Minneapolis, or Rochester, Minnesota?"},
{"name": "template 7",
 "sql": "SELECT sum(Value),min(Value) FROM DBdata WHERE ((State = 'Michigan' AND City = 'Detroit')) AND ((Polluted_element = 'Soil' AND Type_of_pollution = 'Solid Waste') OR (Polluted_element = 'Air' AND Type_of_pollution = 'Thermal'))",
 "sqlResult": "{132.68 | 57.26}",
 "nlq": "What are the total and minimum evolutions of Solid Waste or Thermal pollution in Detroit, Michigan?"},
{"name": "template 8",
 "sql": "SELECT State,City,sum(Value),min(Value) FROM DBdata WHERE ((State = 'Michigan' AND City = 'Detroit') OR (State = 'Michigan' AND City = 'Flint') OR (State = 'Minnesota' AND City = 'Hastings') OR (State = 'Minnesota' AND City = 'Minneapolis') OR (State = 'Minnesota' AND City = 'Rochester')) AND ((Polluted_element = 'Soil' AND Type_of_pollution = 'Industrial') OR (Polluted_element = 'Soil' AND Type_of_pollution = 'Inferior Irrigation') OR (Polluted_element = 'Soil' AND Type_of_pollution = 'Solid Waste') OR (Polluted_element = 'Air' AND Type_of_pollution = 'Light')) GROUP BY State,City",
 "sqlResult": "{Michigan | Detroit | 80.26 | -44.05} || {Michigan | Flint | -75.67 | -54.14} || {Minnesota | Hastings | 153.76 | -48.32} || {Minnesota | Minneapolis | -191.36 | -77.71} || {Minnesota | Rochester | 146.89 | -52.62}",
 "nlq": "What are the total and minimum evolutions for each State and City, of Industrial, Inferior Irrigation, Light, or Solid Waste pollution in Detroit or Flint, Michigan or Hastings, Minneapolis, or Rochester, Minnesota? Please, report the corresponding State and City."},
{"name": "template 9",
 "sql": "SELECT min(Value) FROM DBdata WHERE ((State = 'Minnesota' AND City = 'Minneapolis')) AND (Polluted_element IN ('Soil','Air')) GROUP BY Polluted_element",
 "sqlResult": "{-96.93} || {-77.71}",
 "nlq": "What is the minimum evolution of pollution for each Polluted element, of Air or Soil in Minneapolis, Minnesota?"},
{"name": "template 10",
 "sql": "SELECT Polluted_element,sum(Value) FROM DBdata WHERE ((State = 'Michigan' AND City = 'Detroit')) AND (Polluted_element IN ('Soil','Air')) GROUP BY Polluted_element",
 "sqlResult": "{Air | 47.92} || {Soil | -49.12}",
 "nlq": "What is the total evolution of pollution for each Polluted element, of Air or Soil in Detroit, Michigan? Please, report the corresponding Polluted element."},
{"name": "template 11",
 "sql": "SELECT Polluted_element,State,City,max(Value) FROM DBdata WHERE ((State = 'Minnesota' AND City = 'Hastings') OR (State = 'Minnesota' AND City = 'Minneapolis')) AND (Polluted_element IN ('Soil','Air')) GROUP BY Polluted_element,State,City",
 "sqlResult": "{Air | Minnesota | Hastings | 68.85} || {Air | Minnesota | Minneapolis | -43.71} || {Soil | Minnesota | Hastings | 82.09} || {Soil | Minnesota | Minneapolis | -32.75}",
 "nlq": "What is the maximum evolution of pollution for each Polluted element, State, and City, of Air or Soil in Hastings or Minneapolis, Minnesota? Please, report the corresponding Polluted element, State, and City."},
{"name": "template 12",
 "sql": "SELECT Value FROM DBdata WHERE ((State = 'Minnesota' AND City = 'Hastings')) AND (Polluted_element IN ('Soil','Air')) ORDER BY VALUE ASC LIMIT 4",
 "sqlResult": "{-65.94} || {-48.32} || {-46.48} || {51.14}",
 "nlq": "What are the bottom 4 evolutions of pollution of Air or Soil in Hastings, Minnesota?"},
{"name": "template 13",
 "sql": "SELECT Value FROM DBdata WHERE ((State = 'Michigan' AND City = 'Detroit')) AND (Polluted_element IN ('Soil','Air')) ORDER BY VALUE DESC",
 "sqlResult": "{75.42} || {58.23} || {57.26} || {-9.34} || {-44.05} || {-57.4} || {-81.32}",
 "nlq": "What are the evolutions ordered by decreasing values of pollution of Air or Soil in Detroit, Michigan?"},
{"name": "template 14",
 "sql": "SELECT Polluted_element,Type_of_pollution FROM DBdata WHERE ((State = 'Michigan' AND City = 'Port Huron')) AND Value > -6.23",
 "sqlResult": "{Soil | Industrial} || {Soil | Solid Waste} || {Air | Light}",
 "nlq": "What are the Polluted element and Type of pollution for which the evolution in Port Huron, Michigan is greater than -6.23?"},
{"name": "template 15",
 "sql": "SELECT Polluted_element,Type_of_pollution,Value FROM DBdata WHERE ((State = 'Michigan' AND City = 'Flint')) AND (Polluted_element,Type_of_pollution) IN (SELECT Polluted_element,Type_of_pollution FROM DBdata WHERE ((State = 'Michigan' AND City = 'Port Huron')) AND Value > -6.23)",
 "sqlResult": "{Soil | Industrial | -16.14} || {Soil | Solid Waste | 19.95} || {Air | Light | -54.14}",
 "nlq": "What is the evolution of pollution in Flint, Michigan of Polluted element and of Type of pollution for which the evolution in Port Huron, Michigan is greater than -6.23? Please, report the corresponding Polluted element, Type of pollution, and evolution of pollution."}]
}
