{
"filename": "Evolution_of_pollution_in_percent_set6_3_DB.csv",
"questions": [{"name": "template 1",
 "sql": "SELECT Value FROM DBdata WHERE ((AA = 'AAgq' AND BB = 'BBjw')) AND ((CC = 'CCjk' AND DD = 'DDmq'))",
 "sqlResult": "{-48.83}",
 "nlq": "What is the evolution of DDmq pollution in BBjw, AAgq?"},
{"name": "template 2",
 "sql": "SELECT Value FROM DBdata WHERE ((AA = 'AAgq' AND BB = 'BBjw')) AND ((CC = 'CCfr' AND DD = 'DDmw') OR (CC = 'CCfr' AND DD = 'DDbg') OR (CC = 'CCfr' AND DD = 'DDcy') OR (CC = 'CCvy' AND DD = 'DDbf') OR (CC = 'CCvy' AND DD = 'DDlt') OR (CC = 'CCvy' AND DD = 'DDqs') OR (CC = 'CCvy' AND DD = 'DDkt') OR (CC = 'CCjk' AND DD = 'DDmq'))",
 "sqlResult": "{14.78} || {-54.74} || {52.73} || {-87.97} || {-30.65} || {-50.2} || {-55.91} || {-48.83}",
 "nlq": "What is the evolution of DDmw, DDlt, DDqs, DDbf, DDbg, DDkt, DDcy, or DDmq pollution in BBjw, AAgq?"},
{"name": "template 3",
 "sql": "SELECT Value FROM DBdata WHERE ((AA = 'AAvz' AND BB = 'BBrt') OR (AA = 'AAvz' AND BB = 'BBjm')) AND ((CC = 'CCvy' AND DD = 'DDbf'))",
 "sqlResult": "{70.54} || {-55.1}",
 "nlq": "What is the evolution of DDbf pollution in BBrt or BBjm, AAvz?"},
{"name": "template 4",
 "sql": "SELECT min(Value),max(Value) FROM DBdata WHERE ((AA = 'AAgq' AND BB = 'BBgp') OR (AA = 'AAgq' AND BB = 'BBjw') OR (AA = 'AAvz' AND BB = 'BBrt') OR (AA = 'AAvz' AND BB = 'BBjm')) AND ((CC = 'CCjk' AND DD = 'DDmq'))",
 "sqlResult": "{-48.83 | 71.95}",
 "nlq": "What are the minimum and maximum evolutions of DDmq pollution in BBgp or BBjw, AAgq or BBrt or BBjm, AAvz?"},
{"name": "template 6",
 "sql": "SELECT Value FROM DBdata WHERE ((AA = 'AAgq' AND BB = 'BBgp') OR (AA = 'AAgq' AND BB = 'BBjw') OR (AA = 'AAvz' AND BB = 'BBrt') OR (AA = 'AAvz' AND BB = 'BBjm')) AND ((CC = 'CCfr' AND DD = 'DDfs') OR (CC = 'CCvy' AND DD = 'DDbf') OR (CC = 'CCvy' AND DD = 'DDlt'))",
 "sqlResult": "{-11.43} || {-60.65} || {-33.68} || {46.66} || {93.44} || {-87.97} || {70.54} || {-55.1} || {-22.46} || {-30.65} || {-24.44} || {-46.56}",
 "nlq": "What is the evolution of DDfs, DDlt, or DDbf pollution in BBgp or BBjw, AAgq or BBrt or BBjm, AAvz?"},
{"name": "template 7",
 "sql": "SELECT min(Value),avg(Value) FROM DBdata WHERE ((AA = 'AAvz' AND BB = 'BBjm')) AND ((CC = 'CCfr' AND DD = 'DDcy') OR (CC = 'CCjk' AND DD = 'DDnw'))",
 "sqlResult": "{-42.1 | -6.1}",
 "nlq": "What are the minimum and average evolutions of DDnw or DDcy pollution in BBjm, AAvz?"},
{"name": "template 8",
 "sql": "SELECT AA,BB,avg(Value),max(Value) FROM DBdata WHERE ((AA = 'AAgq' AND BB = 'BBgp') OR (AA = 'AAgq' AND BB = 'BBjw') OR (AA = 'AAvz' AND BB = 'BBjm')) AND ((CC = 'CCfr' AND DD = 'DDfs') OR (CC = 'CCfr' AND DD = 'DDcy')) GROUP BY AA,BB",
 "sqlResult": "{AAgq | BBgp | -15.57 | -11.43} || {AAgq | BBjw | -3.96 | 52.73} || {AAvz | BBjm | 2.28 | 46.66}",
 "nlq": "What are the average and maximum evolutions for each AA and BB, of DDfs or DDcy pollution in BBgp or BBjw, AAgq or BBjm, AAvz? Please, report the corresponding AA and BB."},
{"name": "template 9",
 "sql": "SELECT min(Value) FROM DBdata WHERE ((AA = 'AAgq' AND BB = 'BBgp')) AND (CC IN ('CCfr','CCvy','CCjk')) GROUP BY CC",
 "sqlResult": "{-15.29} || {-22.46} || {-90.31}",
 "nlq": "What is the minimum evolution of pollution for each CC, of CCjk, CCvy, or CCfr in BBgp, AAgq?"},
{"name": "template 10",
 "sql": "SELECT CC,min(Value) FROM DBdata WHERE ((AA = 'AAvz' AND BB = 'BBrt')) AND (CC IN ('CCfr','CCvy','CCjk')) GROUP BY CC",
 "sqlResult": "{CCjk | -13.52} || {CCvy | -24.44} || {CCfr | -35.43}",
 "nlq": "What is the minimum evolution of pollution for each CC, of CCjk, CCvy, or CCfr in BBrt, AAvz? Please, report the corresponding CC."},
{"name": "template 11",
 "sql": "SELECT CC,AA,BB,max(Value) FROM DBdata WHERE ((AA = 'AAgq' AND BB = 'BBjw') OR (AA = 'AAvz' AND BB = 'BBjm')) AND (CC IN ('CCfr','CCvy','CCjk')) GROUP BY CC,AA,BB",
 "sqlResult": "{CCjk | AAgq | BBjw | 78.03} || {CCjk | AAvz | BBjm | 71.95} || {CCvy | AAgq | BBjw | -30.65} || {CCvy | AAvz | BBjm | -46.56} || {CCfr | AAgq | BBjw | 52.73} || {CCfr | AAvz | BBjm | 46.66}",
 "nlq": "What is the maximum evolution of pollution for each CC, AA, and BB, of CCjk, CCvy, or CCfr in BBjw, AAgq or BBjm, AAvz? Please, report the corresponding CC, AA, and BB."},
{"name": "template 12",
 "sql": "SELECT Value FROM DBdata WHERE ((AA = 'AAgq' AND BB = 'BBgp')) AND (CC IN ('CCfr','CCvy')) ORDER BY VALUE DESC LIMIT 4",
 "sqlResult": "{93.44} || {87.16} || {4.3} || {-10.58}",
 "nlq": "What are the top 4 evolutions of pollution of CCvy or CCfr in BBgp, AAgq?"},
{"name": "template 13",
 "sql": "SELECT Value FROM DBdata WHERE ((AA = 'AAgq' AND BB = 'BBjw')) AND (CC IN ('CCfr','CCjk')) ORDER BY VALUE DESC",
 "sqlResult": "{78.03} || {52.73} || {16.47} || {14.78} || {-48.83} || {-54.74} || {-60.65}",
 "nlq": "What are the evolutions ordered by decreasing values of pollution of CCjk or CCfr in BBjw, AAgq?"},
{"name": "template 14",
 "sql": "SELECT CC,DD FROM DBdata WHERE ((AA = 'AAgq' AND BB = 'BBgp')) AND Value > -8.53",
 "sqlResult": "{CCfr | DDmw} || {CCvy | DDbf} || {CCvy | DDkt} || {CCjk | DDgk} || {CCjk | DDmq}",
 "nlq": "What are the CC and DD for which the evolution in BBgp, AAgq is greater than -8.53?"},
{"name": "template 15",
 "sql": "SELECT CC,DD,Value FROM DBdata WHERE ((AA = 'AAgq' AND BB = 'BBjw')) AND (CC,DD) IN (SELECT CC,DD FROM DBdata WHERE ((AA = 'AAgq' AND BB = 'BBgp')) AND Value > -8.53)",
 "sqlResult": "{CCfr | DDmw | 14.78} || {CCvy | DDbf | -87.97} || {CCvy | DDkt | -55.91} || {CCjk | DDgk | 16.47} || {CCjk | DDmq | -48.83}",
 "nlq": "What is the evolution of pollution in BBjw, AAgq of CC and of DD for which the evolution in BBgp, AAgq is greater than -8.53? Please, report the corresponding CC, DD, and evolution of pollution."}]
}

