AA,BB,CC,DD,Value
AA,BB,CC,DD,Value
AAqt,BBbv,CCbw,DDfq,-53.05
AAqt,BBxz,CCbw,DDfq,-91.07
AAlw,Boulder BB,CCbw,DDfq,-26.34
AAlw,BBgn,CCbw,DDfq,14.91
AAlw,BBmq,CCbw,DDfq,15.09
AAjn,BBfw,CCbw,DDfq,80.48
AAjn,BBwy,CCbw,DDfq,42.51
AAqt,BBbv,CCbw,DDvw,26.76
AAqt,BBxz,CCbw,DDvw,47.99
AAlw,Boulder BB,CCbw,DDvw,-48.28
AAlw,BBgn,CCbw,DDvw,-85.92
AAlw,BBmq,CCbw,DDvw,-62.49
AAjn,BBfw,CCbw,DDvw,59.82
AAjn,BBwy,CCbw,DDvw,-52.32
AAqt,BBbv,CCbw,DDmt,23.62
AAqt,BBxz,CCbw,DDmt,-50.6
AAlw,Boulder BB,CCbw,DDmt,91.39
AAlw,BBgn,CCbw,DDmt,20.45
AAlw,BBmq,CCbw,DDmt,-76.1
AAjn,BBfw,CCbw,DDmt,10.27
AAjn,BBwy,CCbw,DDmt,9.35
AAqt,BBbv,CCbt,DDjx,60.63
AAqt,BBxz,CCbt,DDjx,-47.64
AAlw,Boulder BB,CCbt,DDjx,20.15
AAlw,BBgn,CCbt,DDjx,75.39
AAlw,BBmq,CCbt,DDjx,28.61
AAjn,BBfw,CCbt,DDjx,-53.45
AAjn,BBwy,CCbt,DDjx,-81.47
AAqt,BBbv,CCbt,DDcq,-44.87
AAqt,BBxz,CCbt,DDcq,60.37
AAlw,Boulder BB,CCbt,DDcq,50.41
AAlw,BBgn,CCbt,DDcq,10.9
AAlw,BBmq,CCbt,DDcq,-50.48
AAjn,BBfw,CCbt,DDcq,-66.3
AAjn,BBwy,CCbt,DDcq,90.58
AAqt,BBbv,CCbt,DDjv,89.7
AAqt,BBxz,CCbt,DDjv,21.5
AAlw,Boulder BB,CCbt,DDjv,47.36
AAlw,BBgn,CCbt,DDjv,71.37
AAlw,BBmq,CCbt,DDjv,5.25
AAjn,BBfw,CCbt,DDjv,40.73
AAjn,BBwy,CCbt,DDjv,76.23
AAqt,BBbv,CCbt,DDfj,46.87
AAqt,BBxz,CCbt,DDfj,-56.2
AAlw,Boulder BB,CCbt,DDfj,88.84
AAlw,BBgn,CCbt,DDfj,-4.4
AAlw,BBmq,CCbt,DDfj,29.78
AAjn,BBfw,CCbt,DDfj,-76.24
AAjn,BBwy,CCbt,DDfj,12.66

