{
"filename": "Evolution_of_pollution_in_percent_set9_3_DB.csv",
"questions": [{"name": "template 1",
 "sql": "SELECT Value FROM DBdata WHERE ((AA = 'AAsty' AND BB = 'BBqry')) AND ((CC = 'CCbcv' AND DD = 'DDfgw'))",
 "sqlResult": "{-52.91}",
 "nlq": "What is the evolution of DDfgw pollution in BBqry, AAsty?"},
{"name": "template 2",
 "sql": "SELECT Value FROM DBdata WHERE ((AA = 'AAsty' AND BB = 'Boulder BB')) AND ((CC = 'CCcwy' AND DD = 'DDdlt') OR (CC = 'CCcwy' AND DD = 'DDhky') OR (CC = 'CCcwy' AND DD = 'DDnvz') OR (CC = 'CCbcv' AND DD = 'DDfrv') OR (CC = 'CCbcv' AND DD = 'DDfgw') OR (CC = 'CCbcv' AND DD = 'DDpsx') OR (CC = 'CCmwy' AND DD = 'DDdgx') OR (CC = 'CCmwy' AND DD = 'DDntv') OR (CC = 'CCmwy' AND DD = 'DDhsx'))",
 "sqlResult": "{40.35} || {31.13} || {-57.98} || {22.59} || {40.3} || {25.51} || {-56.26} || {42.88} || {-66.64}",
 "nlq": "What is the evolution of DDdlt, DDhky, DDfrv, DDntv, DDdgx, DDfgw, DDnvz, DDhsx, or DDpsx pollution in Boulder BB, AAsty?"},
{"name": "template 3",
 "sql": "SELECT Value FROM DBdata WHERE ((AA = 'AAsty' AND BB = 'Boulder BB') OR (AA = 'AAsty' AND BB = 'BBqry') OR (AA = 'AAnpv' AND BB = 'BBfqz') OR (AA = 'AAnpv' AND BB = 'BBgkw')) AND ((CC = 'CCbcv' AND DD = 'DDfgw'))",
 "sqlResult": "{40.3} || {-52.91} || {73.17} || {-27.6}",
 "nlq": "What is the evolution of DDfgw pollution in Boulder BB or BBqry, AAsty or BBfqz or BBgkw, AAnpv?"},
{"name": "template 4",
 "sql": "SELECT sum(Value),max(Value) FROM DBdata WHERE ((AA = 'AAtwz' AND BB = 'BBfmp') OR (AA = 'AAtwz' AND BB = 'BBlqz') OR (AA = 'AAnpv' AND BB = 'BBgkw') OR (AA = 'AAnpv' AND BB = 'BBbsx')) AND ((CC = 'CCcwy' AND DD = 'DDhkr'))",
 "sqlResult": "{-233.57 | 11.3}",
 "nlq": "What are the total and maximum evolutions of DDhkr pollution in BBfmp or BBlqz, AAtwz or BBgkw or BBbsx, AAnpv?"},
{"name": "template 6",
 "sql": "SELECT Value FROM DBdata WHERE ((AA = 'AAtwz' AND BB = 'BBlqz') OR (AA = 'AAsty' AND BB = 'BBbhx') OR (AA = 'AAnpv' AND BB = 'BBgkw') OR (AA = 'AAnpv' AND BB = 'BBbsx')) AND ((CC = 'CCcwy' AND DD = 'DDhky') OR (CC = 'CCbcv' AND DD = 'DDfrv') OR (CC = 'CCmwy' AND DD = 'DDhsx'))",
 "sqlResult": "{-38.22} || {-32.15} || {90.61} || {-91.35} || {-68.89} || {-81.41} || {-12.64} || {42.11} || {-79.57} || {-77.18} || {-17.7} || {-24.02}",
 "nlq": "What is the evolution of DDhky, DDfrv, or DDhsx pollution in BBgkw or BBbsx, AAnpv or BBbhx, AAsty or BBlqz, AAtwz?"},
{"name": "template 7",
 "sql": "SELECT sum(Value),avg(Value) FROM DBdata WHERE ((AA = 'AAsty' AND BB = 'Boulder BB')) AND ((CC = 'CCcwy' AND DD = 'DDdlt') OR (CC = 'CCcwy' AND DD = 'DDhky') OR (CC = 'CCcwy' AND DD = 'DDhkr') OR (CC = 'CCmwy' AND DD = 'DDntv'))",
 "sqlResult": "{95.13 | 23.78}",
 "nlq": "What are the total and average evolutions of DDdlt, DDhky, DDntv, or DDhkr pollution in Boulder BB, AAsty?"},
{"name": "template 8",
 "sql": "SELECT AA,BB,sum(Value),avg(Value) FROM DBdata WHERE ((AA = 'AAtwz' AND BB = 'BBgyz') OR (AA = 'AAtwz' AND BB = 'BBfmp') OR (AA = 'AAsty' AND BB = 'BBqry') OR (AA = 'AAnpv' AND BB = 'BBfqz')) AND ((CC = 'CCcwy' AND DD = 'DDdlt') OR (CC = 'CCcwy' AND DD = 'DDnvz') OR (CC = 'CCbcv' AND DD = 'DDfgw') OR (CC = 'CCmwy' AND DD = 'DDdgx') OR (CC = 'CCmwy' AND DD = 'DDntv')) GROUP BY AA,BB",
 "sqlResult": "{AAtwz | BBgyz | -95.61 | -19.12} || {AAtwz | BBfmp | -6.31 | -1.26} || {AAsty | BBqry | 185.14 | 37.03} || {AAnpv | BBfqz | 46.92 | 9.38}",
 "nlq": "What are the total and average evolutions for each AA and BB, of DDdlt, DDntv, DDdgx, DDfgw, or DDnvz pollution in BBgyz or BBfmp, AAtwz or BBqry, AAsty or BBfqz, AAnpv? Please, report the corresponding AA and BB."},
{"name": "template 9",
 "sql": "SELECT min(Value) FROM DBdata WHERE ((AA = 'AAnpv' AND BB = 'BBgkw')) AND (CC IN ('CCcwy','CCbcv','CCmwy')) GROUP BY CC",
 "sqlResult": "{-88.03} || {-27.6} || {-92.78}",
 "nlq": "What is the minimum evolution of pollution for each CC, of CCmwy, CCbcv, or CCcwy in BBgkw, AAnpv?"},
{"name": "template 10",
 "sql": "SELECT CC,avg(Value) FROM DBdata WHERE ((AA = 'AAnpv' AND BB = 'BBbsx')) AND (CC IN ('CCcwy','CCbcv','CCmwy')) GROUP BY CC",
 "sqlResult": "{CCmwy | -50.08} || {CCbcv | 26.44} || {CCcwy | -30.02}",
 "nlq": "What is the average evolution of pollution for each CC, of CCmwy, CCbcv, or CCcwy in BBbsx, AAnpv? Please, report the corresponding CC."},
{"name": "template 11",
 "sql": "SELECT CC,AA,BB,min(Value) FROM DBdata WHERE ((AA = 'AAsty' AND BB = 'Boulder BB') OR (AA = 'AAnpv' AND BB = 'BBgkw')) AND (CC IN ('CCcwy','CCbcv','CCmwy')) GROUP BY CC,AA,BB",
 "sqlResult": "{CCmwy | AAsty | Boulder BB | -66.64} || {CCmwy | AAnpv | BBgkw | -88.03} || {CCbcv | AAsty | Boulder BB | 22.59} || {CCbcv | AAnpv | BBgkw | -27.6} || {CCcwy | AAsty | Boulder BB | -57.98} || {CCcwy | AAnpv | BBgkw | -92.78}",
 "nlq": "What is the minimum evolution of pollution for each CC, AA, and BB, of CCmwy, CCbcv, or CCcwy in Boulder BB, AAsty or BBgkw, AAnpv? Please, report the corresponding CC, AA, and BB."},
{"name": "template 12",
 "sql": "SELECT Value FROM DBdata WHERE ((AA = 'AAnpv' AND BB = 'BBfqz')) AND (CC IN ('CCbcv','CCmwy')) ORDER BY VALUE ASC LIMIT 2",
 "sqlResult": "{-73.89} || {-68.68}",
 "nlq": "What are the bottom 2 evolutions of pollution of CCmwy or CCbcv in BBfqz, AAnpv?"},
{"name": "template 13",
 "sql": "SELECT Value FROM DBdata WHERE ((AA = 'AAnpv' AND BB = 'BBbsx')) AND (CC IN ('CCcwy','CCmwy')) ORDER BY VALUE DESC",
 "sqlResult": "{29.62} || {24.69} || {-24.02} || {-50.86} || {-75.35} || {-83.06} || {-91.35}",
 "nlq": "What are the evolutions ordered by decreasing values of pollution of CCmwy or CCcwy in BBbsx, AAnpv?"},
{"name": "template 14",
 "sql": "SELECT CC,DD FROM DBdata WHERE ((AA = 'AAtwz' AND BB = 'BBfmp')) AND Value < -7.27",
 "sqlResult": "{CCcwy | DDdlt} || {CCcwy | DDhky} || {CCcwy | DDnvz} || {CCbcv | DDfrv} || {CCmwy | DDhsx}",
 "nlq": "What are the CC and DD for which the evolution in BBfmp, AAtwz is lower than -7.27?"},
{"name": "template 15",
 "sql": "SELECT CC,DD,Value FROM DBdata WHERE ((AA = 'AAtwz' AND BB = 'BBlqz')) AND (CC,DD) IN (SELECT CC,DD FROM DBdata WHERE ((AA = 'AAtwz' AND BB = 'BBfmp')) AND Value < -7.27)",
 "sqlResult": "{CCcwy | DDdlt | 19.14} || {CCcwy | DDhky | -38.22} || {CCcwy | DDnvz | -90.14} || {CCbcv | DDfrv | -68.89} || {CCmwy | DDhsx | -79.57}",
 "nlq": "What is the evolution of pollution in BBlqz, AAtwz of CC and of DD for which the evolution in BBfmp, AAtwz is lower than -7.27? Please, report the corresponding CC, DD, and evolution of pollution."}]
}

