{
"filename": "Evolution_of_pollution_in_percent_set5_2_DB.csv",
"questions": [{"name": "template 1",
 "sql": "SELECT Value FROM DBdata WHERE ((AA = 'AAcrx' AND BB = 'BBfnv')) AND ((CC = 'CCbht' AND DD = 'DDfqz'))",
 "sqlResult": "{-62.25}",
 "nlq": "What is the evolution of DDfqz pollution in BBfnv, AAcrx?"},
{"name": "template 2",
 "sql": "SELECT Value FROM DBdata WHERE ((AA = 'AAcrx' AND BB = 'BBbtv')) AND ((CC = 'CCbht' AND DD = 'DDghl') OR (CC = 'CCbht' AND DD = 'DDfqz') OR (CC = 'CCbhj' AND DD = 'DDgls') OR (CC = 'CCbhj' AND DD = 'DDlny') OR (CC = 'CCbhj' AND DD = 'DDcgh'))",
 "sqlResult": "{-57.22} || {-67.03} || {-1.87} || {-57.05} || {61.11}",
 "nlq": "What is the evolution of DDgls, DDlny, DDghl, DDcgh, or DDfqz pollution in BBbtv, AAcrx?"},
{"name": "template 3",
 "sql": "SELECT Value FROM DBdata WHERE ((AA = 'AAdnx' AND BB = 'BBhnt') OR (AA = 'AAdnx' AND BB = 'BBcjp') OR (AA = 'AAdnx' AND BB = 'BBfkn') OR (AA = 'AAklv' AND BB = 'BBbkv') OR (AA = 'AAklv' AND BB = 'BBfsw') OR (AA = 'AAcrx' AND BB = 'BBfnv') OR (AA = 'AAcrx' AND BB = 'BBhtv') OR (AA = 'AAcrx' AND BB = 'BBbtv')) AND ((CC = 'CCbhj' AND DD = 'DDcsz'))",
 "sqlResult": "{54.25} || {2.7} || {-6.7} || {-91.77} || {79.75} || {-70.73} || {-12.93} || {4.94}",
 "nlq": "What is the evolution of DDcsz pollution in BBfnv, BBhtv, or BBbtv, AAcrx or BBbkv or BBfsw, AAklv or BBhnt, BBcjp, or BBfkn, AAdnx?"},
{"name": "template 4",
 "sql": "SELECT min(Value),sum(Value) FROM DBdata WHERE ((AA = 'AAdnx' AND BB = 'BBhnt') OR (AA = 'AAdnx' AND BB = 'BBcjp') OR (AA = 'AAdnx' AND BB = 'BBfkn') OR (AA = 'AAklv' AND BB = 'BBbkv')) AND ((CC = 'CCbhj' AND DD = 'DDcsz'))",
 "sqlResult": "{-91.77 | -41.52}",
 "nlq": "What are the minimum and total evolutions of DDcsz pollution in BBbkv, AAklv or BBhnt, BBcjp, or BBfkn, AAdnx?"},
{"name": "template 6",
 "sql": "SELECT Value FROM DBdata WHERE ((AA = 'AAdnx' AND BB = 'BBhnt') OR (AA = 'AAcrx' AND BB = 'BBfnv') OR (AA = 'AAcrx' AND BB = 'BBhtv') OR (AA = 'AAcrx' AND BB = 'BBbtv')) AND ((CC = 'CCbht' AND DD = 'DDghl') OR (CC = 'CCbhj' AND DD = 'DDcsz') OR (CC = 'CCbhj' AND DD = 'DDswx'))",
 "sqlResult": "{47.82} || {-32.43} || {-83.55} || {-57.22} || {54.25} || {-70.73} || {-12.93} || {4.94} || {-89.38} || {-69.21} || {-97.62} || {-40.79}",
 "nlq": "What is the evolution of DDcsz, DDghl, or DDswx pollution in BBfnv, BBhtv, or BBbtv, AAcrx or BBhnt, AAdnx?"},
{"name": "template 7",
 "sql": "SELECT max(Value),sum(Value) FROM DBdata WHERE ((AA = 'AAdnx' AND BB = 'BBhnt')) AND ((CC = 'CCbht' AND DD = 'DDghl') OR (CC = 'CCbhj' AND DD = 'DDgls') OR (CC = 'CCbhj' AND DD = 'DDcgh') OR (CC = 'CCbhj' AND DD = 'DDswx'))",
 "sqlResult": "{99.28 | 14.25}",
 "nlq": "What are the maximum and total evolutions of DDgls, DDghl, DDcgh, or DDswx pollution in BBhnt, AAdnx?"},
{"name": "template 8",
 "sql": "SELECT AA,BB,max(Value),min(Value) FROM DBdata WHERE ((AA = 'AAdnx' AND BB = 'BBfkn') OR (AA = 'AAklv' AND BB = 'BBfsw') OR (AA = 'AAcrx' AND BB = 'BBfnv')) AND ((CC = 'CCbht' AND DD = 'DDfqz') OR (CC = 'CCbhj' AND DD = 'DDcgh') OR (CC = 'CCbhj' AND DD = 'DDswx')) GROUP BY AA,BB",
 "sqlResult": "{AAdnx | BBfkn | 95.48 | -92.86} || {AAklv | BBfsw | 42.19 | -17.63} || {AAcrx | BBfnv | -13.29 | -69.21}",
 "nlq": "What are the maximum and minimum evolutions for each AA and BB, of DDcgh, DDfqz, or DDswx pollution in BBfnv, AAcrx or BBfkn, AAdnx or BBfsw, AAklv? Please, report the corresponding AA and BB."},
{"name": "template 9",
 "sql": "SELECT min(Value) FROM DBdata WHERE ((AA = 'AAdnx' AND BB = 'BBcjp')) AND (CC IN ('CCbht','CCbhj')) GROUP BY CC",
 "sqlResult": "{-88.13} || {-27.93}",
 "nlq": "What is the minimum evolution of pollution for each CC, of CCbhj or CCbht in BBcjp, AAdnx?"},
{"name": "template 10",
 "sql": "SELECT CC,max(Value) FROM DBdata WHERE ((AA = 'AAklv' AND BB = 'BBbkv')) AND (CC IN ('CCbht','CCbhj')) GROUP BY CC",
 "sqlResult": "{CCbhj | 71.63} || {CCbht | 84.52}",
 "nlq": "What is the maximum evolution of pollution for each CC, of CCbhj or CCbht in BBbkv, AAklv? Please, report the corresponding CC."},
{"name": "template 11",
 "sql": "SELECT CC,AA,BB,sum(Value) FROM DBdata WHERE ((AA = 'AAklv' AND BB = 'BBbkv') OR (AA = 'AAklv' AND BB = 'BBfsw') OR (AA = 'AAcrx' AND BB = 'BBfnv')) AND (CC IN ('CCbht','CCbhj')) GROUP BY CC,AA,BB",
 "sqlResult": "{CCbhj | AAklv | BBbkv | -26.52} || {CCbhj | AAklv | BBfsw | 105.05} || {CCbhj | AAcrx | BBfnv | -257.08} || {CCbht | AAklv | BBbkv | 112.75} || {CCbht | AAklv | BBfsw | -97.16} || {CCbht | AAcrx | BBfnv | -94.68}",
 "nlq": "What is the total evolution of pollution for each CC, AA, and BB, of CCbhj or CCbht in BBfnv, AAcrx or BBbkv or BBfsw, AAklv? Please, report the corresponding CC, AA, and BB."},
{"name": "template 12",
 "sql": "SELECT Value FROM DBdata WHERE ((AA = 'AAklv' AND BB = 'BBbkv')) AND (CC IN ('CCbht','CCbhj')) ORDER BY VALUE DESC LIMIT 5",
 "sqlResult": "{84.52} || {71.63} || {59.03} || {28.23} || {-24.1}",
 "nlq": "What are the top 5 evolutions of pollution of CCbhj or CCbht in BBbkv, AAklv?"},
{"name": "template 13",
 "sql": "SELECT Value FROM DBdata WHERE ((AA = 'AAdnx' AND BB = 'BBfkn')) AND (CC IN ('CCbht','CCbhj')) ORDER BY VALUE ASC",
 "sqlResult": "{-92.86} || {-70.61} || {-6.7} || {-0.32} || {23.63} || {59.29} || {95.48}",
 "nlq": "What are the evolutions ordered by increasing values of pollution of CCbhj or CCbht in BBfkn, AAdnx?"},
{"name": "template 14",
 "sql": "SELECT CC,DD FROM DBdata WHERE ((AA = 'AAcrx' AND BB = 'BBfnv')) AND Value < -13.55",
 "sqlResult": "{CCbht | DDghl} || {CCbht | DDfqz} || {CCbhj | DDcsz} || {CCbhj | DDgls} || {CCbhj | DDlny} || {CCbhj | DDswx}",
 "nlq": "What are the CC and DD for which the evolution in BBfnv, AAcrx is lower than -13.55?"},
{"name": "template 15",
 "sql": "SELECT CC,DD,Value FROM DBdata WHERE ((AA = 'AAklv' AND BB = 'BBbkv')) AND (CC,DD) IN (SELECT CC,DD FROM DBdata WHERE ((AA = 'AAcrx' AND BB = 'BBfnv')) AND Value < -13.55)",
 "sqlResult": "{CCbht | DDghl | 84.52} || {CCbht | DDfqz | 28.23} || {CCbhj | DDcsz | -91.77} || {CCbhj | DDgls | 59.03} || {CCbhj | DDlny | -41.31} || {CCbhj | DDswx | -24.1}",
 "nlq": "What is the evolution of pollution in BBbkv, AAklv of CC and of DD for which the evolution in BBfnv, AAcrx is lower than -13.55? Please, report the corresponding CC, DD, and evolution of pollution."}]
}

