{
"filename": "Evolution_of_pollution_in_percent_set2_3_DB.csv",
"questions": [{"name": "template 1",
 "sql": "SELECT Value FROM DBdata WHERE ((AA = 'AAkt' AND BB = 'BBct')) AND ((CC = 'CCxz' AND DD = 'DDhq'))",
 "sqlResult": "{5.52}",
 "nlq": "What is the evolution of DDhq pollution in BBct, AAkt?"},
{"name": "template 2",
 "sql": "SELECT Value FROM DBdata WHERE ((AA = 'AAmq' AND BB = 'BBpy')) AND ((CC = 'CCcn' AND DD = 'DDrx') OR (CC = 'CCcn' AND DD = 'DDbm') OR (CC = 'CCxz' AND DD = 'DDpw') OR (CC = 'CCxz' AND DD = 'DDqw') OR (CC = 'CCxz' AND DD = 'DDhq'))",
 "sqlResult": "{-42.26} || {-99.74} || {88.08} || {85.56} || {-0.76}",
 "nlq": "What is the evolution of DDbm, DDrx, DDqw, DDpw, or DDhq pollution in BBpy, AAmq?"},
{"name": "template 3",
 "sql": "SELECT Value FROM DBdata WHERE ((AA = 'AAft' AND BB = 'BBkv') OR (AA = 'AAkt' AND BB = 'BBdk') OR (AA = 'AAmq' AND BB = 'BBfy')) AND ((CC = 'CCxz' AND DD = 'DDhq'))",
 "sqlResult": "{22.98} || {24.63} || {-63.41}",
 "nlq": "What is the evolution of DDhq pollution in BBfy, AAmq or BBkv, AAft or BBdk, AAkt?"},
{"name": "template 4",
 "sql": "SELECT min(Value),avg(Value) FROM DBdata WHERE ((AA = 'AAft' AND BB = 'BBkv') OR (AA = 'AAkt' AND BB = 'BBct') OR (AA = 'AAkt' AND BB = 'BBdk') OR (AA = 'AAmq' AND BB = 'BBfy') OR (AA = 'AAmq' AND BB = 'BBpy')) AND ((CC = 'CCxz' AND DD = 'DDpw'))",
 "sqlResult": "{-55.26 | 36.28}",
 "nlq": "What are the minimum and average evolutions of DDpw pollution in BBct or BBdk, AAkt or BBfy or BBpy, AAmq or BBkv, AAft?"},
{"name": "template 6",
 "sql": "SELECT Value FROM DBdata WHERE ((AA = 'AAft' AND BB = 'BBkv') OR (AA = 'AAft' AND BB = 'BBbl') OR (AA = 'AAkt' AND BB = 'BBct') OR (AA = 'AAkt' AND BB = 'BBdk') OR (AA = 'AAmq' AND BB = 'BBpy')) AND ((CC = 'CCxz' AND DD = 'DDpw') OR (CC = 'CCxz' AND DD = 'DDqw'))",
 "sqlResult": "{-18.42} || {-47.11} || {86.92} || {80.06} || {88.08} || {-80.45} || {-72.36} || {-58.38} || {22.39} || {85.56}",
 "nlq": "What is the evolution of DDqw or DDpw pollution in BBct or BBdk, AAkt or BBkv or BBbl, AAft or BBpy, AAmq?"},
{"name": "template 7",
 "sql": "SELECT sum(Value),min(Value) FROM DBdata WHERE ((AA = 'AAft' AND BB = 'BBbl')) AND ((CC = 'CCcn' AND DD = 'DDbm') OR (CC = 'CCxz' AND DD = 'DDpw') OR (CC = 'CCxz' AND DD = 'DDqw'))",
 "sqlResult": "{-164.16 | -72.36}",
 "nlq": "What are the total and minimum evolutions of DDbm, DDqw, or DDpw pollution in BBbl, AAft?"},
{"name": "template 8",
 "sql": "SELECT AA,BB,min(Value),avg(Value) FROM DBdata WHERE ((AA = 'AAft' AND BB = 'BBkv') OR (AA = 'AAft' AND BB = 'BBbl')) AND ((CC = 'CCcn' AND DD = 'DDrx') OR (CC = 'CCcn' AND DD = 'DDbm') OR (CC = 'CCxz' AND DD = 'DDpw')) GROUP BY AA,BB",
 "sqlResult": "{AAft | BBkv | -21.41 | 16.62} || {AAft | BBbl | -47.11 | -14.35}",
 "nlq": "What are the minimum and average evolutions for each AA and BB, of DDbm, DDrx, or DDpw pollution in BBkv or BBbl, AAft? Please, report the corresponding AA and BB."},
{"name": "template 9",
 "sql": "SELECT min(Value) FROM DBdata WHERE ((AA = 'AAmq' AND BB = 'BBpy')) AND (CC IN ('CCcn','CCxz')) GROUP BY CC",
 "sqlResult": "{-0.76} || {-99.74}",
 "nlq": "What is the minimum evolution of pollution for each CC, of CCxz or CCcn in BBpy, AAmq?"},
{"name": "template 10",
 "sql": "SELECT CC,sum(Value) FROM DBdata WHERE ((AA = 'AAmq' AND BB = 'BBfy')) AND (CC IN ('CCcn','CCxz')) GROUP BY CC",
 "sqlResult": "{CCxz | -137.43} || {CCcn | 170.69}",
 "nlq": "What is the total evolution of pollution for each CC, of CCxz or CCcn in BBfy, AAmq? Please, report the corresponding CC."},
{"name": "template 11",
 "sql": "SELECT CC,AA,BB,max(Value) FROM DBdata WHERE ((AA = 'AAft' AND BB = 'BBkv') OR (AA = 'AAkt' AND BB = 'BBdk')) AND (CC IN ('CCcn','CCxz')) GROUP BY CC,AA,BB",
 "sqlResult": "{CCxz | AAft | BBkv | 22.98} || {CCxz | AAkt | BBdk | 80.06} || {CCcn | AAft | BBkv | 89.68} || {CCcn | AAkt | BBdk | -31.4}",
 "nlq": "What is the maximum evolution of pollution for each CC, AA, and BB, of CCxz or CCcn in BBkv, AAft or BBdk, AAkt? Please, report the corresponding CC, AA, and BB."},
{"name": "template 12",
 "sql": "SELECT Value FROM DBdata WHERE ((AA = 'AAmq' AND BB = 'BBpy')) AND (CC IN ('CCcn','CCxz')) ORDER BY VALUE ASC LIMIT 2",
 "sqlResult": "{-99.74} || {-42.26}",
 "nlq": "What are the bottom 2 evolutions of pollution of CCxz or CCcn in BBpy, AAmq?"},
{"name": "template 13",
 "sql": "SELECT Value FROM DBdata WHERE ((AA = 'AAkt' AND BB = 'BBdk')) AND (CC IN ('CCcn','CCxz')) ORDER BY VALUE DESC",
 "sqlResult": "{80.06} || {24.63} || {22.39} || {-31.4} || {-57.01}",
 "nlq": "What are the evolutions ordered by decreasing values of pollution of CCxz or CCcn in BBdk, AAkt?"},
{"name": "template 14",
 "sql": "SELECT CC,DD FROM DBdata WHERE ((AA = 'AAmq' AND BB = 'BBpy')) AND Value < 3.81",
 "sqlResult": "{CCcn | DDrx} || {CCcn | DDbm} || {CCxz | DDhq}",
 "nlq": "What are the CC and DD for which the evolution in BBpy, AAmq is lower than 3.81?"},
{"name": "template 15",
 "sql": "SELECT CC,DD,Value FROM DBdata WHERE ((AA = 'AAft' AND BB = 'BBkv')) AND (CC,DD) IN (SELECT CC,DD FROM DBdata WHERE ((AA = 'AAmq' AND BB = 'BBpy')) AND Value < 3.81)",
 "sqlResult": "{CCcn | DDrx | -21.41} || {CCcn | DDbm | 89.68} || {CCxz | DDhq | 22.98}",
 "nlq": "What is the evolution of pollution in BBkv, AAft of CC and of DD for which the evolution in BBpy, AAmq is lower than 3.81? Please, report the corresponding CC, DD, and evolution of pollution."}]
}

