AA,BB,CC,DD,Value
AA,BB,CC,DD,Value
AAcdy,Boulder BB,CCgsx,DDfgl,-26.21
AAcdy,BBcvz,CCgsx,DDfgl,-72.18
AAcdy,BBhnw,CCgsx,DDfgl,-25.59
AAftw,BBfhk,CCgsx,DDfgl,-43.97
AAftw,BBbhr,CCgsx,DDfgl,95.28
AAftw,BBmrs,CCgsx,DDfgl,87.5
AAcdy,Boulder BB,CCgsx,DDmsv,92.63
AAcdy,BBcvz,CCgsx,DDmsv,-64.37
AAcdy,BBhnw,CCgsx,DDmsv,11.48
AAftw,BBfhk,CCgsx,DDmsv,-93.81
AAftw,BBbhr,CCgsx,DDmsv,36.77
AAftw,BBmrs,CCgsx,DDmsv,1.21
AAcdy,Boulder BB,CCgsx,DDrsv,-26.65
AAcdy,BBcvz,CCgsx,DDrsv,-14.29
AAcdy,BBhnw,CCgsx,DDrsv,79.39
AAftw,BBfhk,CCgsx,DDrsv,-95.08
AAftw,BBbhr,CCgsx,DDrsv,-88.27
AAftw,BBmrs,CCgsx,DDrsv,-19.9
AAcdy,Boulder BB,CCgsx,DDkms,14.19
AAcdy,BBcvz,CCgsx,DDkms,-59.43
AAcdy,BBhnw,CCgsx,DDkms,-25.91
AAftw,BBfhk,CCgsx,DDkms,-51.82
AAftw,BBbhr,CCgsx,DDkms,-62.67
AAftw,BBmrs,CCgsx,DDkms,80.39
AAcdy,Boulder BB,CCdlm,DDfrx,-89.22
AAcdy,BBcvz,CCdlm,DDfrx,37.13
AAcdy,BBhnw,CCdlm,DDfrx,-77
AAftw,BBfhk,CCdlm,DDfrx,-61.28
AAftw,BBbhr,CCdlm,DDfrx,-97.98
AAftw,BBmrs,CCdlm,DDfrx,37.86
AAcdy,Boulder BB,CCdlm,DDhlp,-24
AAcdy,BBcvz,CCdlm,DDhlp,7.29
AAcdy,BBhnw,CCdlm,DDhlp,3.16
AAftw,BBfhk,CCdlm,DDhlp,71.41
AAftw,BBbhr,CCdlm,DDhlp,19.68
AAftw,BBmrs,CCdlm,DDhlp,2.2
AAcdy,Boulder BB,CCgrz,DDclp,59.91
AAcdy,BBcvz,CCgrz,DDclp,11.36
AAcdy,BBhnw,CCgrz,DDclp,-6.46
AAftw,BBfhk,CCgrz,DDclp,-85.73
AAftw,BBbhr,CCgrz,DDclp,-93.25
AAftw,BBmrs,CCgrz,DDclp,-3.24
AAcdy,Boulder BB,CCgrz,DDmsx,49.76
AAcdy,BBcvz,CCgrz,DDmsx,22.19
AAcdy,BBhnw,CCgrz,DDmsx,54.72
AAftw,BBfhk,CCgrz,DDmsx,32.35
AAftw,BBbhr,CCgrz,DDmsx,62.4
AAftw,BBmrs,CCgrz,DDmsx,-96.35
AAcdy,Boulder BB,CCgrz,DDfjy,-92.62
AAcdy,BBcvz,CCgrz,DDfjy,-90.88
AAcdy,BBhnw,CCgrz,DDfjy,-73.31
AAftw,BBfhk,CCgrz,DDfjy,-12.06
AAftw,BBbhr,CCgrz,DDfjy,-19.57
AAftw,BBmrs,CCgrz,DDfjy,-6.34

