{
"filename": "Evolution_of_pollution_in_percent_set7_4_DB.csv",
"questions": [{"name": "template 1",
 "sql": "SELECT Value FROM DBdata WHERE ((State = 'California' AND City = 'Los-Angeles')) AND ((Polluted_element = 'Soil' AND Type_of_pollution = 'Inferior Irrigation'))",
 "sqlResult": "{-1.36}",
 "nlq": "What is the evolution of Inferior Irrigation pollution in Los-Angeles, California?"},
{"name": "template 2",
 "sql": "SELECT Value FROM DBdata WHERE ((State = 'Florida' AND City = 'Tampa')) AND ((Polluted_element = 'Water' AND Type_of_pollution = 'Groundwater') OR (Polluted_element = 'Water' AND Type_of_pollution = 'Surface water') OR (Polluted_element = 'Soil' AND Type_of_pollution = 'Inferior Irrigation') OR (Polluted_element = 'Air' AND Type_of_pollution = 'Noise'))",
 "sqlResult": "{-96.88} || {-31.3} || {-93.46} || {-90.64}",
 "nlq": "What is the evolution of Groundwater, Inferior Irrigation, Noise, or Surface water pollution in Tampa, Florida?"},
{"name": "template 3",
 "sql": "SELECT Value FROM DBdata WHERE ((State = 'California' AND City = 'Los-Angeles') OR (State = 'Florida' AND City = 'Fort Lauderdale') OR (State = 'Florida' AND City = 'Tampa')) AND ((Polluted_element = 'Soil' AND Type_of_pollution = 'Inferior Irrigation'))",
 "sqlResult": "{-1.36} || {-55.37} || {-93.46}",
 "nlq": "What is the evolution of Inferior Irrigation pollution in Fort Lauderdale or Tampa, Florida or Los-Angeles, California?"},
{"name": "template 4",
 "sql": "SELECT max(Value),sum(Value) FROM DBdata WHERE ((State = 'Florida' AND City = 'Fort Lauderdale') OR (State = 'Florida' AND City = 'Tampa')) AND ((Polluted_element = 'Air' AND Type_of_pollution = 'Noise'))",
 "sqlResult": "{70.9 | -19.74}",
 "nlq": "What are the maximum and total evolutions of Noise pollution in Fort Lauderdale or Tampa, Florida?"},
{"name": "template 6",
 "sql": "SELECT Value FROM DBdata WHERE ((State = 'California' AND City = 'Los-Angeles') OR (State = 'California' AND City = 'Malibu') OR (State = 'Florida' AND City = 'Fort Lauderdale')) AND ((Polluted_element = 'Water' AND Type_of_pollution = 'Surface water') OR (Polluted_element = 'Soil' AND Type_of_pollution = 'Inferior Irrigation'))",
 "sqlResult": "{-14.29} || {19.59} || {1.53} || {-1.36} || {31.18} || {-55.37}",
 "nlq": "What is the evolution of Inferior Irrigation or Surface water pollution in Fort Lauderdale, Florida or Los-Angeles or Malibu, California?"},
{"name": "template 7",
 "sql": "SELECT min(Value),sum(Value) FROM DBdata WHERE ((State = 'Florida' AND City = 'Fort Lauderdale')) AND ((Polluted_element = 'Water' AND Type_of_pollution = 'Groundwater') OR (Polluted_element = 'Water' AND Type_of_pollution = 'Surface water') OR (Polluted_element = 'Soil' AND Type_of_pollution = 'Solid Waste') OR (Polluted_element = 'Air' AND Type_of_pollution = 'Noise') OR (Polluted_element = 'Air' AND Type_of_pollution = 'Light'))",
 "sqlResult": "{-60.41 | 193.43}",
 "nlq": "What are the minimum and total evolutions of Groundwater, Light, Noise, Solid Waste, or Surface water pollution in Fort Lauderdale, Florida?"},
{"name": "template 8",
 "sql": "SELECT State,City,avg(Value),min(Value) FROM DBdata WHERE ((State = 'California' AND City = 'Los-Angeles') OR (State = 'California' AND City = 'Malibu') OR (State = 'Florida' AND City = 'Fort Lauderdale') OR (State = 'Florida' AND City = 'Tampa')) AND ((Polluted_element = 'Water' AND Type_of_pollution = 'Groundwater') OR (Polluted_element = 'Soil' AND Type_of_pollution = 'Solid Waste') OR (Polluted_element = 'Air' AND Type_of_pollution = 'Noise') OR (Polluted_element = 'Air' AND Type_of_pollution = 'Light')) GROUP BY State,City",
 "sqlResult": "{California | Los-Angeles | 15.29 | -87.42} || {California | Malibu | 18.44 | -89.76} || {Florida | Fort Lauderdale | 47.98 | -60.41} || {Florida | Tampa | -45.09 | -96.88}",
 "nlq": "What are the average and minimum evolutions for each State and City, of Groundwater, Light, Noise, or Solid Waste pollution in Fort Lauderdale or Tampa, Florida or Los-Angeles or Malibu, California? Please, report the corresponding State and City."},
{"name": "template 9",
 "sql": "SELECT min(Value) FROM DBdata WHERE ((State = 'California' AND City = 'Los-Angeles')) AND (Polluted_element IN ('Water','Soil','Air')) GROUP BY Polluted_element",
 "sqlResult": "{-16.52} || {-1.36} || {-87.42}",
 "nlq": "What is the minimum evolution of pollution for each Polluted element, of Air, Soil, or Water in Los-Angeles, California?"},
{"name": "template 10",
 "sql": "SELECT Polluted_element,avg(Value) FROM DBdata WHERE ((State = 'Florida' AND City = 'Fort Lauderdale')) AND (Polluted_element IN ('Water','Soil','Air')) GROUP BY Polluted_element",
 "sqlResult": "{Air | -26.44} || {Soil | 21.77} || {Water | 51.81}",
 "nlq": "What is the average evolution of pollution for each Polluted element, of Air, Soil, or Water in Fort Lauderdale, Florida? Please, report the corresponding Polluted element."},
{"name": "template 11",
 "sql": "SELECT Polluted_element,State,City,sum(Value) FROM DBdata WHERE ((State = 'California' AND City = 'Malibu') OR (State = 'Florida' AND City = 'Tampa')) AND (Polluted_element IN ('Water','Soil','Air')) GROUP BY Polluted_element,State,City",
 "sqlResult": "{Air | California | Malibu | 49.02} || {Air | Florida | Tampa | -38.45} || {Soil | California | Malibu | -58.58} || {Soil | Florida | Tampa | -85.69} || {Water | California | Malibu | 75.93} || {Water | Florida | Tampa | -200.25}",
 "nlq": "What is the total evolution of pollution for each Polluted element, State, and City, of Air, Soil, or Water in Malibu, California or Tampa, Florida? Please, report the corresponding Polluted element, State, and City."},
{"name": "template 12",
 "sql": "SELECT Value FROM DBdata WHERE ((State = 'Florida' AND City = 'Tampa')) AND (Polluted_element IN ('Water','Air')) ORDER BY VALUE DESC LIMIT 2",
 "sqlResult": "{52.79} || {-0.6}",
 "nlq": "What are the top 2 evolutions of pollution of Air or Water in Tampa, Florida?"},
{"name": "template 13",
 "sql": "SELECT Value FROM DBdata WHERE ((State = 'Florida' AND City = 'Tampa')) AND (Polluted_element IN ('Soil','Air')) ORDER BY VALUE ASC",
 "sqlResult": "{-93.46} || {-90.64} || {-0.6} || {7.77} || {52.79}",
 "nlq": "What are the evolutions ordered by increasing values of pollution of Air or Soil in Tampa, Florida?"},
{"name": "template 14",
 "sql": "SELECT Polluted_element,Type_of_pollution FROM DBdata WHERE ((State = 'California' AND City = 'Los-Angeles')) AND Value > -1.01",
 "sqlResult": "{Water | Oxygen-depletion} || {Soil | Solid Waste} || {Air | Noise} || {Air | Light}",
 "nlq": "What are the Polluted element and Type of pollution for which the evolution in Los-Angeles, California is greater than -1.01?"},
{"name": "template 15",
 "sql": "SELECT Polluted_element,Type_of_pollution,Value FROM DBdata WHERE ((State = 'Florida' AND City = 'Tampa')) AND (Polluted_element,Type_of_pollution) IN (SELECT Polluted_element,Type_of_pollution FROM DBdata WHERE ((State = 'California' AND City = 'Los-Angeles')) AND Value > -1.01)",
 "sqlResult": "{Water | Oxygen-depletion | -72.07} || {Soil | Solid Waste | 7.77} || {Air | Noise | -90.64} || {Air | Light | -0.6}",
 "nlq": "What is the evolution of pollution in Tampa, Florida of Polluted element and of Type of pollution for which the evolution in Los-Angeles, California is greater than -1.01? Please, report the corresponding Polluted element, Type of pollution, and evolution of pollution."}]
}
