AA,BB,CC,DD,Value
AA,BB,CC,DD,Value
AAsx,BBgw,CCgt,DDlq,28.83
AAsx,BBln,CCgt,DDlq,-52.02
AAsx,BBxz,CCgt,DDlq,88.39
AAmz,BBqt,CCgt,DDlq,-99.11
AAmz,BBdg,CCgt,DDlq,-20.98
AAmz,BBgv,CCgt,DDlq,17.61
AAsx,BBgw,CCgt,DDfv,-6.17
AAsx,BBln,CCgt,DDfv,-71.3
AAsx,BBxz,CCgt,DDfv,-95.83
AAmz,BBqt,CCgt,DDfv,-23.63
AAmz,BBdg,CCgt,DDfv,35.69
AAmz,BBgv,CCgt,DDfv,95.42
AAsx,BBgw,CCgt,DDdt,92.11
AAsx,BBln,CCgt,DDdt,86.58
AAsx,BBxz,CCgt,DDdt,-52.07
AAmz,BBqt,CCgt,DDdt,99.27
AAmz,BBdg,CCgt,DDdt,-59.88
AAmz,BBgv,CCgt,DDdt,0.13
AAsx,BBgw,CCgt,DDrt,64.58
AAsx,BBln,CCgt,DDrt,-77.41
AAsx,BBxz,CCgt,DDrt,-1.67
AAmz,BBqt,CCgt,DDrt,93.5
AAmz,BBdg,CCgt,DDrt,69.73
AAmz,BBgv,CCgt,DDrt,-28.33
AAsx,BBgw,CCgt,DDcx,62.54
AAsx,BBln,CCgt,DDcx,32.35
AAsx,BBxz,CCgt,DDcx,44.27
AAmz,BBqt,CCgt,DDcx,76.67
AAmz,BBdg,CCgt,DDcx,79.39
AAmz,BBgv,CCgt,DDcx,-36.09
AAsx,BBgw,CChq,DDpz,-64.23
AAsx,BBln,CChq,DDpz,79.86
AAsx,BBxz,CChq,DDpz,80.13
AAmz,BBqt,CChq,DDpz,-19.59
AAmz,BBdg,CChq,DDpz,-1.45
AAmz,BBgv,CChq,DDpz,14.46
AAsx,BBgw,CChq,DDbw,75.65
AAsx,BBln,CChq,DDbw,51
AAsx,BBxz,CChq,DDbw,94.57
AAmz,BBqt,CChq,DDbw,-51.19
AAmz,BBdg,CChq,DDbw,49.71
AAmz,BBgv,CChq,DDbw,7.26
AAsx,BBgw,CChq,DDhk,-21.04
AAsx,BBln,CChq,DDhk,82.58
AAsx,BBxz,CChq,DDhk,-59.82
AAmz,BBqt,CChq,DDhk,-39.79
AAmz,BBdg,CChq,DDhk,5.66
AAmz,BBgv,CChq,DDhk,82.25

