AA,BB,CC,DD,Value
AA,BB,CC,DD,Value
AAhnr,BBcfr,CCdwy,DDcvz,-3.19
AAhnr,BBnqs,CCdwy,DDcvz,2.16
AAhmy,BBlmv,CCdwy,DDcvz,68.62
AAhmy,BBklx,CCdwy,DDcvz,-82.1
AAhmy,BBhmw,CCdwy,DDcvz,64.01
AAdhj,BBknt,CCdwy,DDcvz,91.49
AAdhj,BBgrx,CCdwy,DDcvz,-10.78
AAhnr,BBcfr,CCdwy,DDclx,69.75
AAhnr,BBnqs,CCdwy,DDclx,30.9
AAhmy,BBlmv,CCdwy,DDclx,-64.59
AAhmy,BBklx,CCdwy,DDclx,-53.86
AAhmy,BBhmw,CCdwy,DDclx,-49.96
AAdhj,BBknt,CCdwy,DDclx,-43.9
AAdhj,BBgrx,CCdwy,DDclx,-86.37
AAhnr,BBcfr,CCdwy,DDfhr,21.85
AAhnr,BBnqs,CCdwy,DDfhr,-15.47
AAhmy,BBlmv,CCdwy,DDfhr,28.05
AAhmy,BBklx,CCdwy,DDfhr,-44.4
AAhmy,BBhmw,CCdwy,DDfhr,12.87
AAdhj,BBknt,CCdwy,DDfhr,43.98
AAdhj,BBgrx,CCdwy,DDfhr,-29.51
AAhnr,BBcfr,CCdwy,DDbkw,40.14
AAhnr,BBnqs,CCdwy,DDbkw,-85.96
AAhmy,BBlmv,CCdwy,DDbkw,-51.85
AAhmy,BBklx,CCdwy,DDbkw,87.12
AAhmy,BBhmw,CCdwy,DDbkw,-69.57
AAdhj,BBknt,CCdwy,DDbkw,85.05
AAdhj,BBgrx,CCdwy,DDbkw,63.26
AAhnr,BBcfr,CCdwy,DDqwz,-6.25
AAhnr,BBnqs,CCdwy,DDqwz,-5.98
AAhmy,BBlmv,CCdwy,DDqwz,8.27
AAhmy,BBklx,CCdwy,DDqwz,40.91
AAhmy,BBhmw,CCdwy,DDqwz,-91.66
AAdhj,BBknt,CCdwy,DDqwz,62.71
AAdhj,BBgrx,CCdwy,DDqwz,21.52
AAhnr,BBcfr,CCbjp,DDglp,-97.47
AAhnr,BBnqs,CCbjp,DDglp,48.12
AAhmy,BBlmv,CCbjp,DDglp,-21.62
AAhmy,BBklx,CCbjp,DDglp,-37.68
AAhmy,BBhmw,CCbjp,DDglp,-32.89
AAdhj,BBknt,CCbjp,DDglp,-82.92
AAdhj,BBgrx,CCbjp,DDglp,32.56
AAhnr,BBcfr,CCbjp,DDjtx,57.61
AAhnr,BBnqs,CCbjp,DDjtx,-96.35
AAhmy,BBlmv,CCbjp,DDjtx,33
AAhmy,BBklx,CCbjp,DDjtx,98.98
AAhmy,BBhmw,CCbjp,DDjtx,-63.74
AAdhj,BBknt,CCbjp,DDjtx,57.03
AAdhj,BBgrx,CCbjp,DDjtx,98.28
AAhnr,BBcfr,CCbjp,DDnpz,89.25
AAhnr,BBnqs,CCbjp,DDnpz,-73.02
AAhmy,BBlmv,CCbjp,DDnpz,67.74
AAhmy,BBklx,CCbjp,DDnpz,36.75
AAhmy,BBhmw,CCbjp,DDnpz,-1.62
AAdhj,BBknt,CCbjp,DDnpz,68.27
AAdhj,BBgrx,CCbjp,DDnpz,99.25

