{
"filename": "Evolution_of_pollution_in_percent_set9_4_DB.csv",
"questions": [{"name": "template 1",
 "sql": "SELECT Value FROM DBdata WHERE ((AA = 'AAfp' AND BB = 'BBjq')) AND ((CC = 'CCky' AND DD = 'DDkw'))",
 "sqlResult": "{-4.2}",
 "nlq": "What is the evolution of DDkw pollution in BBjq, AAfp?"},
{"name": "template 2",
 "sql": "SELECT Value FROM DBdata WHERE ((AA = 'AAfp' AND BB = 'BBjq')) AND ((CC = 'CCgk' AND DD = 'DDjt') OR (CC = 'CCgk' AND DD = 'DDqt'))",
 "sqlResult": "{-35.14} || {-89.09}",
 "nlq": "What is the evolution of DDjt or DDqt pollution in BBjq, AAfp?"},
{"name": "template 3",
 "sql": "SELECT Value FROM DBdata WHERE ((AA = 'AAfp' AND BB = 'BBjq') OR (AA = 'AAbd' AND BB = 'BBkl') OR (AA = 'AAbd' AND BB = 'BBdq')) AND ((CC = 'CCgk' AND DD = 'DDjt'))",
 "sqlResult": "{-35.14} || {-77.67} || {63.25}",
 "nlq": "What is the evolution of DDjt pollution in BBkl or BBdq, AAbd or BBjq, AAfp?"},
{"name": "template 4",
 "sql": "SELECT max(Value),min(Value) FROM DBdata WHERE ((AA = 'AAfp' AND BB = 'BBjy') OR (AA = 'AAbd' AND BB = 'BBbs')) AND ((CC = 'CCky' AND DD = 'DDnv'))",
 "sqlResult": "{99.76 | -20.7}",
 "nlq": "What are the maximum and minimum evolutions of DDnv pollution in BBbs, AAbd or BBjy, AAfp?"},
{"name": "template 6",
 "sql": "SELECT Value FROM DBdata WHERE ((AA = 'AAfp' AND BB = 'BBjq') OR (AA = 'AAfp' AND BB = 'BBjy') OR (AA = 'AAbd' AND BB = 'BBbs') OR (AA = 'AAbd' AND BB = 'BBkl') OR (AA = 'AAbd' AND BB = 'BBdq')) AND ((CC = 'CCgk' AND DD = 'DDjx') OR (CC = 'CCgk' AND DD = 'DDhn'))",
 "sqlResult": "{-44.71} || {-51.89} || {-63.78} || {32.14} || {-53.45} || {76.92} || {28.26} || {-32.94} || {4.46} || {-83.84}",
 "nlq": "What is the evolution of DDjx or DDhn pollution in BBbs, BBkl, or BBdq, AAbd or BBjq or BBjy, AAfp?"},
{"name": "template 7",
 "sql": "SELECT min(Value),sum(Value) FROM DBdata WHERE ((AA = 'AAbd' AND BB = 'BBbs')) AND ((CC = 'CCky' AND DD = 'DDkw') OR (CC = 'CCgk' AND DD = 'DDjx'))",
 "sqlResult": "{-63.78 | -11.25}",
 "nlq": "What are the minimum and total evolutions of DDkw or DDjx pollution in BBbs, AAbd?"},
{"name": "template 8",
 "sql": "SELECT AA,BB,min(Value),sum(Value) FROM DBdata WHERE ((AA = 'AAfp' AND BB = 'BBjq') OR (AA = 'AAfp' AND BB = 'BBjy') OR (AA = 'AAbd' AND BB = 'BBdq')) AND ((CC = 'CCky' AND DD = 'DDnv') OR (CC = 'CCky' AND DD = 'DDkw') OR (CC = 'CCgk' AND DD = 'DDjx') OR (CC = 'CCgk' AND DD = 'DDjt') OR (CC = 'CCgk' AND DD = 'DDqt')) GROUP BY AA,BB",
 "sqlResult": "{AAfp | BBjq | -89.09 | -232.78} || {AAfp | BBjy | -51.89 | 129.73} || {AAbd | BBdq | -53.45 | -84.28}",
 "nlq": "What are the minimum and total evolutions for each AA and BB, of DDnv, DDkw, DDjx, DDjt, or DDqt pollution in BBjq or BBjy, AAfp or BBdq, AAbd? Please, report the corresponding AA and BB."},
{"name": "template 9",
 "sql": "SELECT min(Value) FROM DBdata WHERE ((AA = 'AAbd' AND BB = 'BBbs')) AND (CC IN ('CCky','CCgk')) GROUP BY CC",
 "sqlResult": "{-63.78} || {-20.7}",
 "nlq": "What is the minimum evolution of pollution for each CC, of CCgk or CCky in BBbs, AAbd?"},
{"name": "template 10",
 "sql": "SELECT CC,max(Value) FROM DBdata WHERE ((AA = 'AAbd' AND BB = 'BBdq')) AND (CC IN ('CCky','CCgk')) GROUP BY CC",
 "sqlResult": "{CCgk | 63.25} || {CCky | -25.39}",
 "nlq": "What is the maximum evolution of pollution for each CC, of CCgk or CCky in BBdq, AAbd? Please, report the corresponding CC."},
{"name": "template 11",
 "sql": "SELECT CC,AA,BB,min(Value) FROM DBdata WHERE ((AA = 'AAfp' AND BB = 'BBjq') OR (AA = 'AAbd' AND BB = 'BBbs')) AND (CC IN ('CCky','CCgk')) GROUP BY CC,AA,BB",
 "sqlResult": "{CCgk | AAfp | BBjq | -89.09} || {CCgk | AAbd | BBbs | -63.78} || {CCky | AAfp | BBjq | -59.64} || {CCky | AAbd | BBbs | -20.7}",
 "nlq": "What is the minimum evolution of pollution for each CC, AA, and BB, of CCgk or CCky in BBbs, AAbd or BBjq, AAfp? Please, report the corresponding CC, AA, and BB."},
{"name": "template 12",
 "sql": "SELECT Value FROM DBdata WHERE ((AA = 'AAbd' AND BB = 'BBdq')) AND (CC IN ('CCky','CCgk')) ORDER BY VALUE ASC LIMIT 5",
 "sqlResult": "{-83.84} || {-53.45} || {-40.41} || {-28.28} || {-25.39}",
 "nlq": "What are the bottom 5 evolutions of pollution of CCgk or CCky in BBdq, AAbd?"},
{"name": "template 13",
 "sql": "SELECT Value FROM DBdata WHERE ((AA = 'AAbd' AND BB = 'BBbs')) AND (CC IN ('CCky','CCgk')) ORDER BY VALUE DESC",
 "sqlResult": "{52.53} || {-2.59} || {-20.7} || {-32.94} || {-37.29} || {-63.78}",
 "nlq": "What are the evolutions ordered by decreasing values of pollution of CCgk or CCky in BBbs, AAbd?"},
{"name": "template 14",
 "sql": "SELECT CC,DD FROM DBdata WHERE ((AA = 'AAbd' AND BB = 'BBdq')) AND Value > -8.27",
 "sqlResult": "{CCgk | DDjt}",
 "nlq": "What are the CC and DD for which the evolution in BBdq, AAbd is greater than -8.27?"},
{"name": "template 15",
 "sql": "SELECT CC,DD,Value FROM DBdata WHERE ((AA = 'AAbd' AND BB = 'BBbs')) AND (CC,DD) IN (SELECT CC,DD FROM DBdata WHERE ((AA = 'AAbd' AND BB = 'BBdq')) AND Value > -8.27)",
 "sqlResult": "{CCgk | DDjt | -37.29}",
 "nlq": "What is the evolution of pollution in BBbs, AAbd of CC and of DD for which the evolution in BBdq, AAbd is greater than -8.27? Please, report the corresponding CC, DD, and evolution of pollution."}]
}

