{
"filename": "Evolution_of_pollution_in_percent_set7_3_DB.csv",
"questions": [{"name": "template 1",
 "sql": "SELECT Value FROM DBdata WHERE ((State = 'Minnesota' AND City = 'Rochester')) AND ((Polluted_element = 'Soil' AND Type_of_pollution = 'Industrial'))",
 "sqlResult": "{-40.26}",
 "nlq": "What is the evolution of Industrial pollution in Rochester, Minnesota?"},
{"name": "template 2",
 "sql": "SELECT Value FROM DBdata WHERE ((State = 'Minnesota' AND City = 'Minneapolis')) AND ((Polluted_element = 'Water' AND Type_of_pollution = 'Chemical') OR (Polluted_element = 'Soil' AND Type_of_pollution = 'Inferior Irrigation') OR (Polluted_element = 'Soil' AND Type_of_pollution = 'Solid Waste'))",
 "sqlResult": "{-72.85} || {54.95} || {-92.24}",
 "nlq": "What is the evolution of Chemical, Inferior Irrigation, or Solid Waste pollution in Minneapolis, Minnesota?"},
{"name": "template 3",
 "sql": "SELECT Value FROM DBdata WHERE ((State = 'Minnesota' AND City = 'Minneapolis') OR (State = 'Nevada' AND City = 'Reno') OR (State = 'Oregon' AND City = 'Portland') OR (State = 'Oregon' AND City = 'Salem')) AND ((Polluted_element = 'Soil' AND Type_of_pollution = 'Industrial'))",
 "sqlResult": "{85.8} || {-91.45} || {-29.76} || {-23.78}",
 "nlq": "What is the evolution of Industrial pollution in Minneapolis, Minnesota or Portland or Salem, Oregon or Reno, Nevada?"},
{"name": "template 4",
 "sql": "SELECT sum(Value),max(Value) FROM DBdata WHERE ((State = 'Minnesota' AND City = 'Hastings') OR (State = 'Nevada' AND City = 'Las Vegas') OR (State = 'Nevada' AND City = 'Reno') OR (State = 'Oregon' AND City = 'Salem')) AND ((Polluted_element = 'Soil' AND Type_of_pollution = 'Inferior Irrigation'))",
 "sqlResult": "{67.69 | 93.93}",
 "nlq": "What are the total and maximum evolutions of Inferior Irrigation pollution in Hastings, Minnesota or Las Vegas or Reno, Nevada or Salem, Oregon?"},
{"name": "template 6",
 "sql": "SELECT Value FROM DBdata WHERE ((State = 'Minnesota' AND City = 'Hastings') OR (State = 'Minnesota' AND City = 'Minneapolis') OR (State = 'Minnesota' AND City = 'Rochester') OR (State = 'Nevada' AND City = 'Las Vegas') OR (State = 'Oregon' AND City = 'Redmond')) AND ((Polluted_element = 'Water' AND Type_of_pollution = 'Chemical') OR (Polluted_element = 'Water' AND Type_of_pollution = 'Groundwater') OR (Polluted_element = 'Soil' AND Type_of_pollution = 'Industrial') OR (Polluted_element = 'Soil' AND Type_of_pollution = 'Urban Activities'))",
 "sqlResult": "{-28.67} || {-72.85} || {83.48} || {69.44} || {-22.56} || {22.86} || {58.58} || {-47.79} || {95.46} || {14.69} || {21.14} || {85.8} || {-40.26} || {19.33} || {-44.79} || {84.37} || {38.53} || {-34.18} || {67.82} || {44.7}",
 "nlq": "What is the evolution of Chemical, Groundwater, Industrial, or Urban Activities pollution in Hastings, Minneapolis, or Rochester, Minnesota or Las Vegas, Nevada or Redmond, Oregon?"},
{"name": "template 7",
 "sql": "SELECT min(Value),avg(Value) FROM DBdata WHERE ((State = 'Minnesota' AND City = 'Minneapolis')) AND ((Polluted_element = 'Water' AND Type_of_pollution = 'Groundwater') OR (Polluted_element = 'Soil' AND Type_of_pollution = 'Industrial') OR (Polluted_element = 'Soil' AND Type_of_pollution = 'Solid Waste'))",
 "sqlResult": "{-92.24 | 17.38}",
 "nlq": "What are the minimum and average evolutions of Groundwater, Industrial, or Solid Waste pollution in Minneapolis, Minnesota?"},
{"name": "template 8",
 "sql": "SELECT State,City,min(Value),avg(Value) FROM DBdata WHERE ((State = 'Minnesota' AND City = 'Hastings') OR (State = 'Minnesota' AND City = 'Minneapolis') OR (State = 'Nevada' AND City = 'Las Vegas') OR (State = 'Nevada' AND City = 'Reno') OR (State = 'Oregon' AND City = 'Salem')) AND ((Polluted_element = 'Water' AND Type_of_pollution = 'Chemical') OR (Polluted_element = 'Soil' AND Type_of_pollution = 'Industrial') OR (Polluted_element = 'Soil' AND Type_of_pollution = 'Inferior Irrigation')) GROUP BY State,City",
 "sqlResult": "{Minnesota | Hastings | -72.76 | -26.76} || {Minnesota | Minneapolis | -72.85 | 22.63} || {Nevada | Las Vegas | 19.33 | 60.9} || {Nevada | Reno | -93.38 | -65.41} || {Oregon | Salem | -23.78 | 14.63}",
 "nlq": "What are the minimum and average evolutions for each State and City, of Chemical, Industrial, or Inferior Irrigation pollution in Hastings or Minneapolis, Minnesota or Las Vegas or Reno, Nevada or Salem, Oregon? Please, report the corresponding State and City."},
{"name": "template 9",
 "sql": "SELECT min(Value) FROM DBdata WHERE ((State = 'Minnesota' AND City = 'Rochester')) AND (Polluted_element IN ('Water','Soil')) GROUP BY Polluted_element",
 "sqlResult": "{-40.26} || {-47.79}",
 "nlq": "What is the minimum evolution of pollution for each Polluted element, of Soil or Water in Rochester, Minnesota?"},
{"name": "template 10",
 "sql": "SELECT Polluted_element,avg(Value) FROM DBdata WHERE ((State = 'Minnesota' AND City = 'Hastings')) AND (Polluted_element IN ('Water','Soil')) GROUP BY Polluted_element",
 "sqlResult": "{Soil | 17.04} || {Water | -2.91}",
 "nlq": "What is the average evolution of pollution for each Polluted element, of Soil or Water in Hastings, Minnesota? Please, report the corresponding Polluted element."},
{"name": "template 11",
 "sql": "SELECT Polluted_element,State,City,avg(Value) FROM DBdata WHERE ((State = 'Minnesota' AND City = 'Minneapolis') OR (State = 'Nevada' AND City = 'Las Vegas') OR (State = 'Oregon' AND City = 'Redmond')) AND (Polluted_element IN ('Water','Soil')) GROUP BY Polluted_element,State,City",
 "sqlResult": "{Soil | Minnesota | Minneapolis | 21.76} || {Soil | Nevada | Las Vegas | 58.54} || {Soil | Oregon | Redmond | -3.74} || {Water | Minnesota | Minneapolis | -7.13} || {Water | Nevada | Las Vegas | 82.45} || {Water | Oregon | Redmond | -3.93}",
 "nlq": "What is the average evolution of pollution for each Polluted element, State, and City, of Soil or Water in Las Vegas, Nevada or Minneapolis, Minnesota or Redmond, Oregon? Please, report the corresponding Polluted element, State, and City."},
{"name": "template 12",
 "sql": "SELECT Value FROM DBdata WHERE ((State = 'Minnesota' AND City = 'Minneapolis')) AND (Polluted_element IN ('Water','Soil')) ORDER BY VALUE ASC LIMIT 4",
 "sqlResult": "{-92.24} || {-72.85} || {38.53} || {54.95}",
 "nlq": "What are the bottom 4 evolutions of pollution of Soil or Water in Minneapolis, Minnesota?"},
{"name": "template 13",
 "sql": "SELECT Value FROM DBdata WHERE ((State = 'Nevada' AND City = 'Las Vegas')) AND (Polluted_element IN ('Water','Soil')) ORDER BY VALUE ASC",
 "sqlResult": "{19.33} || {53.07} || {67.82} || {69.44} || {93.93} || {95.46}",
 "nlq": "What are the evolutions ordered by increasing values of pollution of Soil or Water in Las Vegas, Nevada?"},
{"name": "template 14",
 "sql": "SELECT Polluted_element,Type_of_pollution FROM DBdata WHERE ((State = 'Minnesota' AND City = 'Rochester')) AND Value < 6.91",
 "sqlResult": "{Water | Groundwater} || {Soil | Industrial} || {Soil | Solid Waste} || {Soil | Urban Activities}",
 "nlq": "What are the Polluted element and Type of pollution for which the evolution in Rochester, Minnesota is lower than 6.91?"},
{"name": "template 15",
 "sql": "SELECT Polluted_element,Type_of_pollution,Value FROM DBdata WHERE ((State = 'Oregon' AND City = 'Portland')) AND (Polluted_element,Type_of_pollution) IN (SELECT Polluted_element,Type_of_pollution FROM DBdata WHERE ((State = 'Minnesota' AND City = 'Rochester')) AND Value < 6.91)",
 "sqlResult": "{Water | Groundwater | -90.69} || {Soil | Industrial | -29.76} || {Soil | Solid Waste | -1.2} || {Soil | Urban Activities | 13.29}",
 "nlq": "What is the evolution of pollution in Portland, Oregon of Polluted element and of Type of pollution for which the evolution in Rochester, Minnesota is lower than 6.91? Please, report the corresponding Polluted element, Type of pollution, and evolution of pollution."}]
}
