AA,BB,CC,DD,Value
AA,BB,CC,DD,Value
AAfm,BBrx,CCyz,DDpw,99.92
AAfm,BBlz,CCyz,DDpw,46.01
AAfm,BBsx,CCyz,DDpw,6.6
AAgj,BBdg,CCyz,DDpw,80.09
AAgj,BBgq,CCyz,DDpw,27.9
AAbs,BBjp,CCyz,DDpw,-10.32
AAbs,BBcp,CCyz,DDpw,-39.79
AAfm,BBrx,CCyz,DDny,76.65
AAfm,BBlz,CCyz,DDny,-99.32
AAfm,BBsx,CCyz,DDny,82
AAgj,BBdg,CCyz,DDny,-53.46
AAgj,BBgq,CCyz,DDny,67.41
AAbs,BBjp,CCyz,DDny,24.38
AAbs,BBcp,CCyz,DDny,1.92
AAfm,BBrx,CCyz,DDry,70.94
AAfm,BBlz,CCyz,DDry,-29.43
AAfm,BBsx,CCyz,DDry,-90.46
AAgj,BBdg,CCyz,DDry,57.9
AAgj,BBgq,CCyz,DDry,-85.69
AAbs,BBjp,CCyz,DDry,69.17
AAbs,BBcp,CCyz,DDry,54.01
AAfm,BBrx,CCyz,DDkt,-21.93
AAfm,BBlz,CCyz,DDkt,17.1
AAfm,BBsx,CCyz,DDkt,46.31
AAgj,BBdg,CCyz,DDkt,-53.59
AAgj,BBgq,CCyz,DDkt,-69.41
AAbs,BBjp,CCyz,DDkt,63
AAbs,BBcp,CCyz,DDkt,82.71
AAfm,BBrx,CCyz,DDqr,84.58
AAfm,BBlz,CCyz,DDqr,-27.06
AAfm,BBsx,CCyz,DDqr,-35.38
AAgj,BBdg,CCyz,DDqr,-71.83
AAgj,BBgq,CCyz,DDqr,60.8
AAbs,BBjp,CCyz,DDqr,-93
AAbs,BBcp,CCyz,DDqr,-68.24
AAfm,BBrx,CCbh,DDkx,-96.46
AAfm,BBlz,CCbh,DDkx,59.01
AAfm,BBsx,CCbh,DDkx,3.09
AAgj,BBdg,CCbh,DDkx,35.67
AAgj,BBgq,CCbh,DDkx,48.69
AAbs,BBjp,CCbh,DDkx,-94.9
AAbs,BBcp,CCbh,DDkx,17.95
AAfm,BBrx,CCbh,DDtv,-87
AAfm,BBlz,CCbh,DDtv,-91.76
AAfm,BBsx,CCbh,DDtv,-98.29
AAgj,BBdg,CCbh,DDtv,-16
AAgj,BBgq,CCbh,DDtv,31.31
AAbs,BBjp,CCbh,DDtv,-22.97
AAbs,BBcp,CCbh,DDtv,60.04

