AA,BB,CC,DD,Value
AA,BB,CC,DD,Value
AArx,BBwz,CCwy,DDvw,95.65
AArx,BBfl,CCwy,DDvw,-76.5
AAcd,BBjx,CCwy,DDvw,66.58
AAcd,BBcp,CCwy,DDvw,69.94
AAcd,BBst,CCwy,DDvw,-20.3
AArx,BBwz,CCwy,DDmp,-83.51
AArx,BBfl,CCwy,DDmp,-92.21
AAcd,BBjx,CCwy,DDmp,12.07
AAcd,BBcp,CCwy,DDmp,28
AAcd,BBst,CCwy,DDmp,56.94
AArx,BBwz,CCbt,DDfs,-33.31
AArx,BBfl,CCbt,DDfs,89.33
AAcd,BBjx,CCbt,DDfs,94.71
AAcd,BBcp,CCbt,DDfs,-21.96
AAcd,BBst,CCbt,DDfs,-99.21
AArx,BBwz,CCbt,DDlp,49.76
AArx,BBfl,CCbt,DDlp,35.12
AAcd,BBjx,CCbt,DDlp,47.52
AAcd,BBcp,CCbt,DDlp,-65.75
AAcd,BBst,CCbt,DDlp,-92.51
AArx,BBwz,CCbt,DDjr,81.32
AArx,BBfl,CCbt,DDjr,-10.61
AAcd,BBjx,CCbt,DDjr,77.55
AAcd,BBcp,CCbt,DDjr,-98.53
AAcd,BBst,CCbt,DDjr,96.56
AArx,BBwz,CCbt,DDqv,-22.38
AArx,BBfl,CCbt,DDqv,-13.65
AAcd,BBjx,CCbt,DDqv,62.21
AAcd,BBcp,CCbt,DDqv,22.36
AAcd,BBst,CCbt,DDqv,91.52
AArx,BBwz,CCbt,DDkr,94.19
AArx,BBfl,CCbt,DDkr,97.78
AAcd,BBjx,CCbt,DDkr,37.03
AAcd,BBcp,CCbt,DDkr,-5
AAcd,BBst,CCbt,DDkr,23.77
AArx,BBwz,CCfr,DDbc,-58.47
AArx,BBfl,CCfr,DDbc,-72.26
AAcd,BBjx,CCfr,DDbc,2.88
AAcd,BBcp,CCfr,DDbc,-24.09
AAcd,BBst,CCfr,DDbc,2.84
AArx,BBwz,CCfr,DDtv,51.91
AArx,BBfl,CCfr,DDtv,80.81
AAcd,BBjx,CCfr,DDtv,13.3
AAcd,BBcp,CCfr,DDtv,35.46
AAcd,BBst,CCfr,DDtv,67.2
AArx,BBwz,CCfr,DDbx,81.15
AArx,BBfl,CCfr,DDbx,88
AAcd,BBjx,CCfr,DDbx,-47.78
AAcd,BBcp,CCfr,DDbx,-12.85
AAcd,BBst,CCfr,DDbx,-30.65

