AA,BB,CC,DD,Value
AA,BB,CC,DD,Value
AAgq,BBdw,CCfk,DDms,89.5
AAgq,BBdm,CCfk,DDms,42.46
AAxz,BBcn,CCfk,DDms,72.96
AAxz,BBcl,CCfk,DDms,-64.14
AAtw,BBlq,CCfk,DDms,-29.08
AAtw,BBrt,CCfk,DDms,-61.57
AAtw,BBgj,CCfk,DDms,-73.03
AAgq,BBdw,CCfk,DDmr,52.9
AAgq,BBdm,CCfk,DDmr,8.34
AAxz,BBcn,CCfk,DDmr,91.08
AAxz,BBcl,CCfk,DDmr,-64.24
AAtw,BBlq,CCfk,DDmr,31.87
AAtw,BBrt,CCfk,DDmr,6.12
AAtw,BBgj,CCfk,DDmr,54.11
AAgq,BBdw,CCfk,DDnr,-56.57
AAgq,BBdm,CCfk,DDnr,-92.05
AAxz,BBcn,CCfk,DDnr,-94.57
AAxz,BBcl,CCfk,DDnr,65.76
AAtw,BBlq,CCfk,DDnr,19.49
AAtw,BBrt,CCfk,DDnr,-26.72
AAtw,BBgj,CCfk,DDnr,-75.16
AAgq,BBdw,CChy,DDkq,-44.12
AAgq,BBdm,CChy,DDkq,-0.9
AAxz,BBcn,CChy,DDkq,58.14
AAxz,BBcl,CChy,DDkq,97.22
AAtw,BBlq,CChy,DDkq,-16.63
AAtw,BBrt,CChy,DDkq,-31.78
AAtw,BBgj,CChy,DDkq,-40.71
AAgq,BBdw,CChy,DDkl,4.98
AAgq,BBdm,CChy,DDkl,-15.9
AAxz,BBcn,CChy,DDkl,97.43
AAxz,BBcl,CChy,DDkl,32.49
AAtw,BBlq,CChy,DDkl,-54.26
AAtw,BBrt,CChy,DDkl,8.43
AAtw,BBgj,CChy,DDkl,-30.99

