State,City,Polluted element,Type of pollution,Value
State,City,Polluted_element,Type_of_pollution,Value
Nevada,Boulder City,Water,Chemical,-26.21
Nevada,Las Vegas,Water,Chemical,-72.18
Nevada,Reno,Water,Chemical,-25.59
Oregon,Portland,Water,Chemical,-43.97
Oregon,Redmond,Water,Chemical,95.28
Oregon,Salem,Water,Chemical,87.5
Nevada,Boulder City,Water,Groundwater,92.63
Nevada,Las Vegas,Water,Groundwater,-64.37
Nevada,Reno,Water,Groundwater,11.48
Oregon,Portland,Water,Groundwater,-93.81
Oregon,Redmond,Water,Groundwater,36.77
Oregon,Salem,Water,Groundwater,1.21
Nevada,Boulder City,Water,Oxygen-depletion,-26.65
Nevada,Las Vegas,Water,Oxygen-depletion,-14.29
Nevada,Reno,Water,Oxygen-depletion,79.39
Oregon,Portland,Water,Oxygen-depletion,-95.08
Oregon,Redmond,Water,Oxygen-depletion,-88.27
Oregon,Salem,Water,Oxygen-depletion,-19.9
Nevada,Boulder City,Water,Surface water,14.19
Nevada,Las Vegas,Water,Surface water,-59.43
Nevada,Reno,Water,Surface water,-25.91
Oregon,Portland,Water,Surface water,-51.82
Oregon,Redmond,Water,Surface water,-62.67
Oregon,Salem,Water,Surface water,80.39
Nevada,Boulder City,Soil,Industrial,-89.22
Nevada,Las Vegas,Soil,Industrial,37.13
Nevada,Reno,Soil,Industrial,-77
Oregon,Portland,Soil,Industrial,-61.28
Oregon,Redmond,Soil,Industrial,-97.98
Oregon,Salem,Soil,Industrial,37.86
Nevada,Boulder City,Soil,Inferior Irrigation,-24
Nevada,Las Vegas,Soil,Inferior Irrigation,7.29
Nevada,Reno,Soil,Inferior Irrigation,3.16
Oregon,Portland,Soil,Inferior Irrigation,71.41
Oregon,Redmond,Soil,Inferior Irrigation,19.68
Oregon,Salem,Soil,Inferior Irrigation,2.2
Nevada,Boulder City,Air,Noise,59.91
Nevada,Las Vegas,Air,Noise,11.36
Nevada,Reno,Air,Noise,-6.46
Oregon,Portland,Air,Noise,-85.73
Oregon,Redmond,Air,Noise,-93.25
Oregon,Salem,Air,Noise,-3.24
Nevada,Boulder City,Air,Light,49.76
Nevada,Las Vegas,Air,Light,22.19
Nevada,Reno,Air,Light,54.72
Oregon,Portland,Air,Light,32.35
Oregon,Redmond,Air,Light,62.4
Oregon,Salem,Air,Light,-96.35
Nevada,Boulder City,Air,Thermal,-92.62
Nevada,Las Vegas,Air,Thermal,-90.88
Nevada,Reno,Air,Thermal,-73.31
Oregon,Portland,Air,Thermal,-12.06
Oregon,Redmond,Air,Thermal,-19.57
Oregon,Salem,Air,Thermal,-6.34
