{
"filename": "Evolution_of_pollution_in_percent_set8_3_DB.csv",
"questions": [{"name": "template 1",
 "sql": "SELECT Value FROM DBdata WHERE ((AA = 'AAlr' AND BB = 'BBtx')) AND ((CC = 'CCcx' AND DD = 'DDdn'))",
 "sqlResult": "{-5.69}",
 "nlq": "What is the evolution of DDdn pollution in BBtx, AAlr?"},
{"name": "template 2",
 "sql": "SELECT Value FROM DBdata WHERE ((AA = 'AAqx' AND BB = 'BBjp')) AND ((CC = 'CCkx' AND DD = 'DDcz') OR (CC = 'CCkx' AND DD = 'DDfj') OR (CC = 'CCcd' AND DD = 'DDrw') OR (CC = 'CCcd' AND DD = 'DDfq'))",
 "sqlResult": "{-96.9} || {-80.3} || {-77.07} || {-93.38}",
 "nlq": "What is the evolution of DDcz, DDrw, DDfj, or DDfq pollution in BBjp, AAqx?"},
{"name": "template 3",
 "sql": "SELECT Value FROM DBdata WHERE ((AA = 'AAlr' AND BB = 'BBjx') OR (AA = 'AAqx' AND BB = 'BBjp')) AND ((CC = 'CCcd' AND DD = 'DDfq'))",
 "sqlResult": "{76.83} || {-93.38}",
 "nlq": "What is the evolution of DDfq pollution in BBjx, AAlr or BBjp, AAqx?"},
{"name": "template 4",
 "sql": "SELECT min(Value),sum(Value) FROM DBdata WHERE ((AA = 'AAlr' AND BB = 'BBjx') OR (AA = 'AAqx' AND BB = 'BBpy') OR (AA = 'AAqx' AND BB = 'BBjp')) AND ((CC = 'CCkx' AND DD = 'DDfz'))",
 "sqlResult": "{-83.63 | -47.38}",
 "nlq": "What are the minimum and total evolutions of DDfz pollution in BBpy or BBjp, AAqx or BBjx, AAlr?"},
{"name": "template 6",
 "sql": "SELECT Value FROM DBdata WHERE ((AA = 'AAlr' AND BB = 'BBtx') OR (AA = 'AAlr' AND BB = 'BBjx') OR (AA = 'AAqx' AND BB = 'BBpy') OR (AA = 'AAqx' AND BB = 'BBjp')) AND ((CC = 'CCcd' AND DD = 'DDfq') OR (CC = 'CCcx' AND DD = 'DDfr'))",
 "sqlResult": "{-39.38} || {76.83} || {23.32} || {-93.38} || {-22.5} || {55.51} || {4.86} || {-1.04}",
 "nlq": "What is the evolution of DDfr or DDfq pollution in BBtx or BBjx, AAlr or BBpy or BBjp, AAqx?"},
{"name": "template 7",
 "sql": "SELECT avg(Value),min(Value) FROM DBdata WHERE ((AA = 'AAlr' AND BB = 'BBtx')) AND ((CC = 'CCkx' AND DD = 'DDfj') OR (CC = 'CCcd' AND DD = 'DDkt') OR (CC = 'CCcd' AND DD = 'DDrw') OR (CC = 'CCcd' AND DD = 'DDjn') OR (CC = 'CCcx' AND DD = 'DDfr'))",
 "sqlResult": "{23.79 | -22.5}",
 "nlq": "What are the average and minimum evolutions of DDrw, DDkt, DDfr, DDjn, or DDfj pollution in BBtx, AAlr?"},
{"name": "template 8",
 "sql": "SELECT AA,BB,min(Value),sum(Value) FROM DBdata WHERE ((AA = 'AAlr' AND BB = 'BBjx') OR (AA = 'AAqx' AND BB = 'BBpy') OR (AA = 'AAqx' AND BB = 'BBjp')) AND ((CC = 'CCkx' AND DD = 'DDcy') OR (CC = 'CCcd' AND DD = 'DDjn') OR (CC = 'CCcx' AND DD = 'DDfr')) GROUP BY AA,BB",
 "sqlResult": "{AAlr | BBjx | -42.23 | 64.81} || {AAqx | BBpy | -37.8 | 41.12} || {AAqx | BBjp | -51.13 | 3.29}",
 "nlq": "What are the minimum and total evolutions for each AA and BB, of DDcy, DDfr, or DDjn pollution in BBpy or BBjp, AAqx or BBjx, AAlr? Please, report the corresponding AA and BB."},
{"name": "template 9",
 "sql": "SELECT min(Value) FROM DBdata WHERE ((AA = 'AAqx' AND BB = 'BBpy')) AND (CC IN ('CCkx','CCcd','CCcx')) GROUP BY CC",
 "sqlResult": "{-43.68} || {-79.2} || {-83.63}",
 "nlq": "What is the minimum evolution of pollution for each CC, of CCcx, CCcd, or CCkx in BBpy, AAqx?"},
{"name": "template 10",
 "sql": "SELECT CC,avg(Value) FROM DBdata WHERE ((AA = 'AAlr' AND BB = 'BBtx')) AND (CC IN ('CCkx','CCcd','CCcx')) GROUP BY CC",
 "sqlResult": "{CCcx | 2.87} || {CCcd | 25.26} || {CCkx | 16.8}",
 "nlq": "What is the average evolution of pollution for each CC, of CCcx, CCcd, or CCkx in BBtx, AAlr? Please, report the corresponding CC."},
{"name": "template 11",
 "sql": "SELECT CC,AA,BB,sum(Value) FROM DBdata WHERE ((AA = 'AAlr' AND BB = 'BBtx') OR (AA = 'AAlr' AND BB = 'BBjx')) AND (CC IN ('CCkx','CCcd','CCcx')) GROUP BY CC,AA,BB",
 "sqlResult": "{CCcx | AAlr | BBtx | 8.62} || {CCcx | AAlr | BBjx | -29.97} || {CCcd | AAlr | BBtx | 126.3} || {CCcd | AAlr | BBjx | 181.85} || {CCkx | AAlr | BBtx | 67.2} || {CCkx | AAlr | BBjx | 232.56}",
 "nlq": "What is the total evolution of pollution for each CC, AA, and BB, of CCcx, CCcd, or CCkx in BBtx or BBjx, AAlr? Please, report the corresponding CC, AA, and BB."},
{"name": "template 12",
 "sql": "SELECT Value FROM DBdata WHERE ((AA = 'AAlr' AND BB = 'BBtx')) AND (CC IN ('CCkx','CCcx')) ORDER BY VALUE ASC LIMIT 4",
 "sqlResult": "{-75.66} || {-22.5} || {-5.69} || {-1.69}",
 "nlq": "What are the bottom 4 evolutions of pollution of CCcx or CCkx in BBtx, AAlr?"},
{"name": "template 13",
 "sql": "SELECT Value FROM DBdata WHERE ((AA = 'AAqx' AND BB = 'BBpy')) AND (CC IN ('CCcd','CCcx')) ORDER BY VALUE DESC",
 "sqlResult": "{67.3} || {23.32} || {4.86} || {-5.67} || {-31.79} || {-37.8} || {-43.68} || {-79.2}",
 "nlq": "What are the evolutions ordered by decreasing values of pollution of CCcx or CCcd in BBpy, AAqx?"},
{"name": "template 14",
 "sql": "SELECT CC,DD FROM DBdata WHERE ((AA = 'AAlr' AND BB = 'BBjx')) AND Value < 1.31",
 "sqlResult": "{CCcd | DDjn} || {CCcx | DDfx} || {CCcx | DDdn}",
 "nlq": "What are the CC and DD for which the evolution in BBjx, AAlr is lower than 1.31?"},
{"name": "template 15",
 "sql": "SELECT CC,DD,Value FROM DBdata WHERE ((AA = 'AAqx' AND BB = 'BBjp')) AND (CC,DD) IN (SELECT CC,DD FROM DBdata WHERE ((AA = 'AAlr' AND BB = 'BBjx')) AND Value < 1.31)",
 "sqlResult": "{CCcd | DDjn | -51.13} || {CCcx | DDfx | -80.34} || {CCcx | DDdn | 3.36}",
 "nlq": "What is the evolution of pollution in BBjp, AAqx of CC and of DD for which the evolution in BBjx, AAlr is lower than 1.31? Please, report the corresponding CC, DD, and evolution of pollution."}]
}

