AA,BB,CC,DD,Value
AA,BB,CC,DD,Value
AAhy,BBcn,CChv,DDfm,-87.42
AAhy,BBnx,CChv,DDfm,92.46
AAvz,BBhq,CChv,DDfm,82.5
AAvz,BBfq,CChv,DDfm,-96.88
AAhy,BBcn,CChv,DDlv,77.08
AAhy,BBnx,CChv,DDlv,-36.12
AAvz,BBhq,CChv,DDlv,71.39
AAvz,BBfq,CChv,DDlv,-72.07
AAhy,BBcn,CChv,DDbv,-14.29
AAhy,BBnx,CChv,DDbv,19.59
AAvz,BBhq,CChv,DDbv,1.53
AAvz,BBfq,CChv,DDbv,-31.3
AAhy,BBcn,CCkr,DDjs,-1.36
AAhy,BBnx,CCkr,DDjs,31.18
AAvz,BBhq,CCkr,DDjs,-55.37
AAvz,BBfq,CCkr,DDjs,-93.46
AAhy,BBcn,CCkr,DDfz,70.45
AAhy,BBnx,CCkr,DDfz,-89.76
AAvz,BBhq,CCkr,DDfz,98.91
AAvz,BBfq,CCkr,DDfz,7.77
AAhy,BBcn,CCht,DDjp,45.06
AAhy,BBnx,CCht,DDjp,62.35
AAvz,BBhq,CCht,DDjp,70.9
AAvz,BBfq,CCht,DDjp,-90.64
AAhy,BBcn,CCht,DDny,33.08
AAhy,BBnx,CCht,DDny,8.7
AAvz,BBhq,CCht,DDny,-60.41
AAvz,BBfq,CCht,DDny,-0.6
AAhy,BBcn,CCht,DDct,-16.52
AAhy,BBnx,CCht,DDct,-22.03
AAvz,BBhq,CCht,DDct,-89.82
AAvz,BBfq,CCht,DDct,52.79

