{
"filename": "Evolution_of_pollution_in_percent_set9_2_DB.csv",
"questions": [{"name": "template 1",
 "sql": "SELECT Value FROM DBdata WHERE ((AA = 'AAcd' AND BB = 'BBjx')) AND ((CC = 'CCbt' AND DD = 'DDkr'))",
 "sqlResult": "{37.03}",
 "nlq": "What is the evolution of DDkr pollution in BBjx, AAcd?"},
{"name": "template 2",
 "sql": "SELECT Value FROM DBdata WHERE ((AA = 'AArx' AND BB = 'BBwz')) AND ((CC = 'CCwy' AND DD = 'DDmp') OR (CC = 'CCbt' AND DD = 'DDlp') OR (CC = 'CCbt' AND DD = 'DDjr') OR (CC = 'CCbt' AND DD = 'DDqv') OR (CC = 'CCfr' AND DD = 'DDbc') OR (CC = 'CCfr' AND DD = 'DDbx'))",
 "sqlResult": "{-83.51} || {49.76} || {81.32} || {-22.38} || {-58.47} || {81.15}",
 "nlq": "What is the evolution of DDlp, DDjr, DDbc, DDqv, DDmp, or DDbx pollution in BBwz, AArx?"},
{"name": "template 3",
 "sql": "SELECT Value FROM DBdata WHERE ((AA = 'AArx' AND BB = 'BBwz') OR (AA = 'AArx' AND BB = 'BBfl') OR (AA = 'AAcd' AND BB = 'BBcp') OR (AA = 'AAcd' AND BB = 'BBst')) AND ((CC = 'CCfr' AND DD = 'DDbx'))",
 "sqlResult": "{81.15} || {88} || {-12.85} || {-30.65}",
 "nlq": "What is the evolution of DDbx pollution in BBwz or BBfl, AArx or BBcp or BBst, AAcd?"},
{"name": "template 4",
 "sql": "SELECT avg(Value),max(Value) FROM DBdata WHERE ((AA = 'AArx' AND BB = 'BBfl') OR (AA = 'AAcd' AND BB = 'BBjx') OR (AA = 'AAcd' AND BB = 'BBcp')) AND ((CC = 'CCbt' AND DD = 'DDkr'))",
 "sqlResult": "{43.27 | 97.78}",
 "nlq": "What are the average and maximum evolutions of DDkr pollution in BBfl, AArx or BBjx or BBcp, AAcd?"},
{"name": "template 6",
 "sql": "SELECT Value FROM DBdata WHERE ((AA = 'AArx' AND BB = 'BBwz') OR (AA = 'AArx' AND BB = 'BBfl') OR (AA = 'AAcd' AND BB = 'BBjx')) AND ((CC = 'CCbt' AND DD = 'DDfs') OR (CC = 'CCbt' AND DD = 'DDlp'))",
 "sqlResult": "{-33.31} || {89.33} || {94.71} || {49.76} || {35.12} || {47.52}",
 "nlq": "What is the evolution of DDlp or DDfs pollution in BBwz or BBfl, AArx or BBjx, AAcd?"},
{"name": "template 7",
 "sql": "SELECT sum(Value),avg(Value) FROM DBdata WHERE ((AA = 'AArx' AND BB = 'BBfl')) AND ((CC = 'CCbt' AND DD = 'DDfs') OR (CC = 'CCbt' AND DD = 'DDlp') OR (CC = 'CCfr' AND DD = 'DDbx'))",
 "sqlResult": "{212.45 | 70.82}",
 "nlq": "What are the total and average evolutions of DDlp, DDfs, or DDbx pollution in BBfl, AArx?"},
{"name": "template 8",
 "sql": "SELECT AA,BB,max(Value),sum(Value) FROM DBdata WHERE ((AA = 'AArx' AND BB = 'BBwz') OR (AA = 'AArx' AND BB = 'BBfl') OR (AA = 'AAcd' AND BB = 'BBjx')) AND ((CC = 'CCwy' AND DD = 'DDvw') OR (CC = 'CCbt' AND DD = 'DDfs') OR (CC = 'CCbt' AND DD = 'DDjr')) GROUP BY AA,BB",
 "sqlResult": "{AArx | BBwz | 95.65 | 143.66} || {AArx | BBfl | 89.33 | 2.22} || {AAcd | BBjx | 94.71 | 238.84}",
 "nlq": "What are the maximum and total evolutions for each AA and BB, of DDjr, DDfs, or DDvw pollution in BBwz or BBfl, AArx or BBjx, AAcd? Please, report the corresponding AA and BB."},
{"name": "template 9",
 "sql": "SELECT min(Value) FROM DBdata WHERE ((AA = 'AArx' AND BB = 'BBwz')) AND (CC IN ('CCwy','CCbt','CCfr')) GROUP BY CC",
 "sqlResult": "{-58.47} || {-33.31} || {-83.51}",
 "nlq": "What is the minimum evolution of pollution for each CC, of CCfr, CCbt, or CCwy in BBwz, AArx?"},
{"name": "template 10",
 "sql": "SELECT CC,sum(Value) FROM DBdata WHERE ((AA = 'AArx' AND BB = 'BBfl')) AND (CC IN ('CCwy','CCbt','CCfr')) GROUP BY CC",
 "sqlResult": "{CCfr | 96.55} || {CCbt | 197.97} || {CCwy | -168.71}",
 "nlq": "What is the total evolution of pollution for each CC, of CCfr, CCbt, or CCwy in BBfl, AArx? Please, report the corresponding CC."},
{"name": "template 11",
 "sql": "SELECT CC,AA,BB,sum(Value) FROM DBdata WHERE ((AA = 'AArx' AND BB = 'BBfl') OR (AA = 'AAcd' AND BB = 'BBjx') OR (AA = 'AAcd' AND BB = 'BBcp')) AND (CC IN ('CCwy','CCbt','CCfr')) GROUP BY CC,AA,BB",
 "sqlResult": "{CCfr | AArx | BBfl | 96.55} || {CCfr | AAcd | BBjx | -31.6} || {CCfr | AAcd | BBcp | -1.48} || {CCbt | AArx | BBfl | 197.97} || {CCbt | AAcd | BBjx | 319.02} || {CCbt | AAcd | BBcp | -168.88} || {CCwy | AArx | BBfl | -168.71} || {CCwy | AAcd | BBjx | 78.65} || {CCwy | AAcd | BBcp | 97.94}",
 "nlq": "What is the total evolution of pollution for each CC, AA, and BB, of CCfr, CCbt, or CCwy in BBfl, AArx or BBjx or BBcp, AAcd? Please, report the corresponding CC, AA, and BB."},
{"name": "template 12",
 "sql": "SELECT Value FROM DBdata WHERE ((AA = 'AAcd' AND BB = 'BBcp')) AND (CC IN ('CCwy','CCfr')) ORDER BY VALUE ASC LIMIT 3",
 "sqlResult": "{-24.09} || {-12.85} || {28}",
 "nlq": "What are the bottom 3 evolutions of pollution of CCfr or CCwy in BBcp, AAcd?"},
{"name": "template 13",
 "sql": "SELECT Value FROM DBdata WHERE ((AA = 'AAcd' AND BB = 'BBjx')) AND (CC IN ('CCbt','CCfr')) ORDER BY VALUE ASC",
 "sqlResult": "{-47.78} || {2.88} || {13.3} || {37.03} || {47.52} || {62.21} || {77.55} || {94.71}",
 "nlq": "What are the evolutions ordered by increasing values of pollution of CCfr or CCbt in BBjx, AAcd?"},
{"name": "template 14",
 "sql": "SELECT CC,DD FROM DBdata WHERE ((AA = 'AAcd' AND BB = 'BBjx')) AND Value < 15.44",
 "sqlResult": "{CCwy | DDmp} || {CCfr | DDbc} || {CCfr | DDtv} || {CCfr | DDbx}",
 "nlq": "What are the CC and DD for which the evolution in BBjx, AAcd is lower than 15.44?"},
{"name": "template 15",
 "sql": "SELECT CC,DD,Value FROM DBdata WHERE ((AA = 'AAcd' AND BB = 'BBcp')) AND (CC,DD) IN (SELECT CC,DD FROM DBdata WHERE ((AA = 'AAcd' AND BB = 'BBjx')) AND Value < 15.44)",
 "sqlResult": "{CCwy | DDmp | 28} || {CCfr | DDbc | -24.09} || {CCfr | DDtv | 35.46} || {CCfr | DDbx | -12.85}",
 "nlq": "What is the evolution of pollution in BBcp, AAcd of CC and of DD for which the evolution in BBjx, AAcd is lower than 15.44? Please, report the corresponding CC, DD, and evolution of pollution."}]
}

