State,City,Polluted element,Type of pollution,Value
State,City,Polluted_element,Type_of_pollution,Value
Illinois,Chicago,Soil,Inorganic Fertilizers,-3.19
Illinois,Springfield,Soil,Inorganic Fertilizers,2.16
Maryland,Aberdeen,Soil,Inorganic Fertilizers,68.62
Maryland,Baltimore,Soil,Inorganic Fertilizers,-82.1
Maryland,Columbia,Soil,Inorganic Fertilizers,64.01
Massachusetts,Boston,Soil,Inorganic Fertilizers,91.49
Massachusetts,Cambridge,Soil,Inorganic Fertilizers,-10.78
Illinois,Chicago,Soil,Industrial,69.75
Illinois,Springfield,Soil,Industrial,30.9
Maryland,Aberdeen,Soil,Industrial,-64.59
Maryland,Baltimore,Soil,Industrial,-53.86
Maryland,Columbia,Soil,Industrial,-49.96
Massachusetts,Boston,Soil,Industrial,-43.9
Massachusetts,Cambridge,Soil,Industrial,-86.37
Illinois,Chicago,Soil,Inferior Irrigation,21.85
Illinois,Springfield,Soil,Inferior Irrigation,-15.47
Maryland,Aberdeen,Soil,Inferior Irrigation,28.05
Maryland,Baltimore,Soil,Inferior Irrigation,-44.4
Maryland,Columbia,Soil,Inferior Irrigation,12.87
Massachusetts,Boston,Soil,Inferior Irrigation,43.98
Massachusetts,Cambridge,Soil,Inferior Irrigation,-29.51
Illinois,Chicago,Soil,Solid Waste,40.14
Illinois,Springfield,Soil,Solid Waste,-85.96
Maryland,Aberdeen,Soil,Solid Waste,-51.85
Maryland,Baltimore,Soil,Solid Waste,87.12
Maryland,Columbia,Soil,Solid Waste,-69.57
Massachusetts,Boston,Soil,Solid Waste,85.05
Massachusetts,Cambridge,Soil,Solid Waste,63.26
Illinois,Chicago,Soil,Urban Activities,-6.25
Illinois,Springfield,Soil,Urban Activities,-5.98
Maryland,Aberdeen,Soil,Urban Activities,8.27
Maryland,Baltimore,Soil,Urban Activities,40.91
Maryland,Columbia,Soil,Urban Activities,-91.66
Massachusetts,Boston,Soil,Urban Activities,62.71
Massachusetts,Cambridge,Soil,Urban Activities,21.52
Illinois,Chicago,Air,Noise,-97.47
Illinois,Springfield,Air,Noise,48.12
Maryland,Aberdeen,Air,Noise,-21.62
Maryland,Baltimore,Air,Noise,-37.68
Maryland,Columbia,Air,Noise,-32.89
Massachusetts,Boston,Air,Noise,-82.92
Massachusetts,Cambridge,Air,Noise,32.56
Illinois,Chicago,Air,Light,57.61
Illinois,Springfield,Air,Light,-96.35
Maryland,Aberdeen,Air,Light,33
Maryland,Baltimore,Air,Light,98.98
Maryland,Columbia,Air,Light,-63.74
Massachusetts,Boston,Air,Light,57.03
Massachusetts,Cambridge,Air,Light,98.28
Illinois,Chicago,Air,Thermal,89.25
Illinois,Springfield,Air,Thermal,-73.02
Maryland,Aberdeen,Air,Thermal,67.74
Maryland,Baltimore,Air,Thermal,36.75
Maryland,Columbia,Air,Thermal,-1.62
Massachusetts,Boston,Air,Thermal,68.27
Massachusetts,Cambridge,Air,Thermal,99.25
