State,City,Polluted element,Type of pollution,Value
State,City,Polluted_element,Type_of_pollution,Value
Massachusetts,Boston,Water,Chemical,49.05
Massachusetts,Cambridge,Water,Chemical,-56.32
Michigan,Detroit,Water,Chemical,-14.53
Michigan,Flint,Water,Chemical,24.75
Michigan,Port Huron,Water,Chemical,6.51
Massachusetts,Boston,Water,Groundwater,84.83
Massachusetts,Cambridge,Water,Groundwater,39.45
Michigan,Detroit,Water,Groundwater,13.54
Michigan,Flint,Water,Groundwater,-20.5
Michigan,Port Huron,Water,Groundwater,38.59
Massachusetts,Boston,Water,Oxygen-depletion,62.3
Massachusetts,Cambridge,Water,Oxygen-depletion,-32.04
Michigan,Detroit,Water,Oxygen-depletion,91.74
Michigan,Flint,Water,Oxygen-depletion,-15.59
Michigan,Port Huron,Water,Oxygen-depletion,-43.3
Massachusetts,Boston,Water,Surface water,67.65
Massachusetts,Cambridge,Water,Surface water,-54.36
Michigan,Detroit,Water,Surface water,57.6
Michigan,Flint,Water,Surface water,84.04
Michigan,Port Huron,Water,Surface water,80.99
Massachusetts,Boston,Soil,Inorganic Fertilizers,44.47
Massachusetts,Cambridge,Soil,Inorganic Fertilizers,-70.29
Michigan,Detroit,Soil,Inorganic Fertilizers,-4.26
Michigan,Flint,Soil,Inorganic Fertilizers,71.89
Michigan,Port Huron,Soil,Inorganic Fertilizers,84.54
Massachusetts,Boston,Soil,Industrial,3.4
Massachusetts,Cambridge,Soil,Industrial,-51.62
Michigan,Detroit,Soil,Industrial,39.6
Michigan,Flint,Soil,Industrial,59.7
Michigan,Port Huron,Soil,Industrial,-20.56
