AA,BB,CC,DD,Value
AA,BB,CC,DD,Value
AArx,BBtw,CCkw,DDfm,-41.63
AArx,BBmv,CCkw,DDfm,-9.82
AArx,BBbc,CCkw,DDfm,-79.68
AAmx,BBdh,CCkw,DDfm,64.64
AAmx,BBbn,CCkw,DDfm,6.59
AArx,BBtw,CCkw,DDgv,-25.21
AArx,BBmv,CCkw,DDgv,-85.47
AArx,BBbc,CCkw,DDgv,41.6
AAmx,BBdh,CCkw,DDgv,-91.86
AAmx,BBbn,CCkw,DDgv,98.21
AArx,BBtw,CCkw,DDcg,39.09
AArx,BBmv,CCkw,DDcg,-68.74
AArx,BBbc,CCkw,DDcg,-30.15
AAmx,BBdh,CCkw,DDcg,42.28
AAmx,BBbn,CCkw,DDcg,66.42
AArx,BBtw,CCkw,DDdw,45.88
AArx,BBmv,CCkw,DDdw,-19.22
AArx,BBbc,CCkw,DDdw,-75.26
AAmx,BBdh,CCkw,DDdw,12.34
AAmx,BBbn,CCkw,DDdw,-42.83
AArx,BBtw,CCfv,DDch,17.77
AArx,BBmv,CCfv,DDch,-49.6
AArx,BBbc,CCfv,DDch,-70.5
AAmx,BBdh,CCfv,DDch,48.83
AAmx,BBbn,CCfv,DDch,-69.16
AArx,BBtw,CCfv,DDqx,-39.94
AArx,BBmv,CCfv,DDqx,13.4
AArx,BBbc,CCfv,DDqx,87.79
AAmx,BBdh,CCfv,DDqx,-52.65
AAmx,BBbn,CCfv,DDqx,-52.4
AArx,BBtw,CCfv,DDpv,45.64
AArx,BBmv,CCfv,DDpv,-81.48
AArx,BBbc,CCfv,DDpv,18.59
AAmx,BBdh,CCfv,DDpv,-4.62
AAmx,BBbn,CCfv,DDpv,7.94

