State,City,Polluted element,Type of pollution,Value
State,City,Polluted_element,Type_of_pollution,Value
Minnesota,Hastings,Soil,Industrial,-41.63
Minnesota,Minneapolis,Soil,Industrial,-9.82
Minnesota,Rochester,Soil,Industrial,-79.68
Nevada,Las Vegas,Soil,Industrial,64.64
Nevada,Reno,Soil,Industrial,6.59
Minnesota,Hastings,Soil,Inferior Irrigation,-25.21
Minnesota,Minneapolis,Soil,Inferior Irrigation,-85.47
Minnesota,Rochester,Soil,Inferior Irrigation,41.6
Nevada,Las Vegas,Soil,Inferior Irrigation,-91.86
Nevada,Reno,Soil,Inferior Irrigation,98.21
Minnesota,Hastings,Soil,Solid Waste,39.09
Minnesota,Minneapolis,Soil,Solid Waste,-68.74
Minnesota,Rochester,Soil,Solid Waste,-30.15
Nevada,Las Vegas,Soil,Solid Waste,42.28
Nevada,Reno,Soil,Solid Waste,66.42
Minnesota,Hastings,Soil,Urban Activities,45.88
Minnesota,Minneapolis,Soil,Urban Activities,-19.22
Minnesota,Rochester,Soil,Urban Activities,-75.26
Nevada,Las Vegas,Soil,Urban Activities,12.34
Nevada,Reno,Soil,Urban Activities,-42.83
Minnesota,Hastings,Air,Noise,17.77
Minnesota,Minneapolis,Air,Noise,-49.6
Minnesota,Rochester,Air,Noise,-70.5
Nevada,Las Vegas,Air,Noise,48.83
Nevada,Reno,Air,Noise,-69.16
Minnesota,Hastings,Air,Light,-39.94
Minnesota,Minneapolis,Air,Light,13.4
Minnesota,Rochester,Air,Light,87.79
Nevada,Las Vegas,Air,Light,-52.65
Nevada,Reno,Air,Light,-52.4
Minnesota,Hastings,Air,Thermal,45.64
Minnesota,Minneapolis,Air,Thermal,-81.48
Minnesota,Rochester,Air,Thermal,18.59
Nevada,Las Vegas,Air,Thermal,-4.62
Nevada,Reno,Air,Thermal,7.94
