{
"filename": "Evolution_of_pollution_in_percent_set1_4_DB.csv",
"questions": [{"name": "template 1",
 "sql": "SELECT Value FROM DBdata WHERE ((State = 'Georgia' AND City = 'Albany')) AND ((Polluted_element = 'Soil' AND Type_of_pollution = 'Urban Activities'))",
 "sqlResult": "{94.22}",
 "nlq": "What is the evolution of Urban Activities pollution in Albany, Georgia?"},
{"name": "template 2",
 "sql": "SELECT Value FROM DBdata WHERE ((State = 'Illinois' AND City = 'Springfield')) AND ((Polluted_element = 'Soil' AND Type_of_pollution = 'Industrial') OR (Polluted_element = 'Soil' AND Type_of_pollution = 'Inferior Irrigation') OR (Polluted_element = 'Soil' AND Type_of_pollution = 'Solid Waste') OR (Polluted_element = 'Soil' AND Type_of_pollution = 'Urban Activities') OR (Polluted_element = 'Air' AND Type_of_pollution = 'Noise') OR (Polluted_element = 'Air' AND Type_of_pollution = 'Light') OR (Polluted_element = 'Air' AND Type_of_pollution = 'Thermal'))",
 "sqlResult": "{-2.01} || {-7.99} || {-83.14} || {94.21} || {52.34} || {66.16} || {30.9}",
 "nlq": "What is the evolution of Industrial, Inferior Irrigation, Light, Noise, Solid Waste, Thermal, or Urban Activities pollution in Springfield, Illinois?"},
{"name": "template 3",
 "sql": "SELECT Value FROM DBdata WHERE ((State = 'Georgia' AND City = 'Albany') OR (State = 'Illinois' AND City = 'Chicago')) AND ((Polluted_element = 'Air' AND Type_of_pollution = 'Light'))",
 "sqlResult": "{1.25} || {49.19}",
 "nlq": "What is the evolution of Light pollution in Albany, Georgia or Chicago, Illinois?"},
{"name": "template 4",
 "sql": "SELECT avg(Value),max(Value) FROM DBdata WHERE ((State = 'Illinois' AND City = 'Chicago') OR (State = 'Maryland' AND City = 'Columbia')) AND ((Polluted_element = 'Soil' AND Type_of_pollution = 'Solid Waste'))",
 "sqlResult": "{-58.02 | -52.21}",
 "nlq": "What are the average and maximum evolutions of Solid Waste pollution in Chicago, Illinois or Columbia, Maryland?"},
{"name": "template 6",
 "sql": "SELECT Value FROM DBdata WHERE ((State = 'Georgia' AND City = 'Columbus') OR (State = 'Illinois' AND City = 'Chicago') OR (State = 'Maryland' AND City = 'Columbia')) AND ((Polluted_element = 'Soil' AND Type_of_pollution = 'Industrial') OR (Polluted_element = 'Soil' AND Type_of_pollution = 'Inferior Irrigation'))",
 "sqlResult": "{61.82} || {-51.57} || {-8.98} || {63.71} || {24.41} || {80.23}",
 "nlq": "What is the evolution of Industrial or Inferior Irrigation pollution in Chicago, Illinois or Columbia, Maryland or Columbus, Georgia?"},
{"name": "template 7",
 "sql": "SELECT sum(Value),avg(Value) FROM DBdata WHERE ((State = 'Georgia' AND City = 'Columbus')) AND ((Polluted_element = 'Soil' AND Type_of_pollution = 'Industrial') OR (Polluted_element = 'Soil' AND Type_of_pollution = 'Inferior Irrigation') OR (Polluted_element = 'Air' AND Type_of_pollution = 'Noise'))",
 "sqlResult": "{193.88 | 64.63}",
 "nlq": "What are the total and average evolutions of Industrial, Inferior Irrigation, or Noise pollution in Columbus, Georgia?"},
{"name": "template 8",
 "sql": "SELECT State,City,min(Value),avg(Value) FROM DBdata WHERE ((State = 'Georgia' AND City = 'Albany') OR (State = 'Georgia' AND City = 'Columbus') OR (State = 'Maryland' AND City = 'Baltimore') OR (State = 'Maryland' AND City = 'Columbia')) AND ((Polluted_element = 'Soil' AND Type_of_pollution = 'Industrial') OR (Polluted_element = 'Air' AND Type_of_pollution = 'Noise') OR (Polluted_element = 'Air' AND Type_of_pollution = 'Thermal')) GROUP BY State,City",
 "sqlResult": "{Georgia | Albany | -98.68 | -19.79} || {Georgia | Columbus | 13.12 | 47.76} || {Maryland | Baltimore | -16.88 | 26.1} || {Maryland | Columbia | -22.28 | 22.69}",
 "nlq": "What are the minimum and average evolutions for each State and City, of Industrial, Noise, or Thermal pollution in Albany or Columbus, Georgia or Baltimore or Columbia, Maryland? Please, report the corresponding State and City."},
{"name": "template 9",
 "sql": "SELECT min(Value) FROM DBdata WHERE ((State = 'Maryland' AND City = 'Columbia')) AND (Polluted_element IN ('Soil','Air')) GROUP BY Polluted_element",
 "sqlResult": "{-22.32} || {-63.82}",
 "nlq": "What is the minimum evolution of pollution for each Polluted element, of Air or Soil in Columbia, Maryland?"},
{"name": "template 10",
 "sql": "SELECT Polluted_element,sum(Value) FROM DBdata WHERE ((State = 'Georgia' AND City = 'Albany')) AND (Polluted_element IN ('Soil','Air')) GROUP BY Polluted_element",
 "sqlResult": "{Air | -54.53} || {Soil | 165.41}",
 "nlq": "What is the total evolution of pollution for each Polluted element, of Air or Soil in Albany, Georgia? Please, report the corresponding Polluted element."},
{"name": "template 11",
 "sql": "SELECT Polluted_element,State,City,min(Value) FROM DBdata WHERE ((State = 'Georgia' AND City = 'Columbus') OR (State = 'Illinois' AND City = 'Springfield')) AND (Polluted_element IN ('Soil','Air')) GROUP BY Polluted_element,State,City",
 "sqlResult": "{Air | Georgia | Columbus | 13.12} || {Air | Illinois | Springfield | 30.9} || {Soil | Georgia | Columbus | 5.96} || {Soil | Illinois | Springfield | -83.14}",
 "nlq": "What is the minimum evolution of pollution for each Polluted element, State, and City, of Air or Soil in Columbus, Georgia or Springfield, Illinois? Please, report the corresponding Polluted element, State, and City."},
{"name": "template 12",
 "sql": "SELECT Value FROM DBdata WHERE ((State = 'Maryland' AND City = 'Baltimore')) AND (Polluted_element IN ('Soil','Air')) ORDER BY VALUE ASC LIMIT 5",
 "sqlResult": "{-16.88} || {-15.76} || {2.74} || {13.42} || {44.67}",
 "nlq": "What are the bottom 5 evolutions of pollution of Air or Soil in Baltimore, Maryland?"},
{"name": "template 13",
 "sql": "SELECT Value FROM DBdata WHERE ((State = 'Maryland' AND City = 'Baltimore')) AND (Polluted_element IN ('Soil','Air')) ORDER BY VALUE ASC",
 "sqlResult": "{-16.88} || {-15.76} || {2.74} || {13.42} || {44.67} || {87.66} || {92.44}",
 "nlq": "What are the evolutions ordered by increasing values of pollution of Air or Soil in Baltimore, Maryland?"},
{"name": "template 14",
 "sql": "SELECT Polluted_element,Type_of_pollution FROM DBdata WHERE ((State = 'Illinois' AND City = 'Chicago')) AND Value > 24.04",
 "sqlResult": "{Soil | Inferior Irrigation} || {Air | Light} || {Air | Thermal}",
 "nlq": "What are the Polluted element and Type of pollution for which the evolution in Chicago, Illinois is greater than 24.04?"},
{"name": "template 15",
 "sql": "SELECT Polluted_element,Type_of_pollution,Value FROM DBdata WHERE ((State = 'Maryland' AND City = 'Baltimore')) AND (Polluted_element,Type_of_pollution) IN (SELECT Polluted_element,Type_of_pollution FROM DBdata WHERE ((State = 'Illinois' AND City = 'Chicago')) AND Value > 24.04)",
 "sqlResult": "{Soil | Inferior Irrigation | 44.67} || {Air | Light | -15.76} || {Air | Thermal | 92.44}",
 "nlq": "What is the evolution of pollution in Baltimore, Maryland of Polluted element and of Type of pollution for which the evolution in Chicago, Illinois is greater than 24.04? Please, report the corresponding Polluted element, Type of pollution, and evolution of pollution."}]
}
