AA,BB,CC,DD,Value
AA,BB,CC,DD,Value
AAdns,BBdwz,CCdfz,DDcfn,25.84
AAdns,BBfmz,CCdfz,DDcfn,85.9
AAltw,BBfgw,CCdfz,DDcfn,46.62
AAltw,BBcpv,CCdfz,DDcfn,96.76
AAltw,BBfvy,CCdfz,DDcfn,89
AAcrz,BBnxy,CCdfz,DDcfn,36.07
AAcrz,BBlpq,CCdfz,DDcfn,-78.84
AAcrz,BBcqw,CCdfz,DDcfn,-33.9
AAdns,BBdwz,CCdfz,DDcjr,91.46
AAdns,BBfmz,CCdfz,DDcjr,5.25
AAltw,BBfgw,CCdfz,DDcjr,78.29
AAltw,BBcpv,CCdfz,DDcjr,-3.76
AAltw,BBfvy,CCdfz,DDcjr,67.06
AAcrz,BBnxy,CCdfz,DDcjr,13.64
AAcrz,BBlpq,CCdfz,DDcjr,16.08
AAcrz,BBcqw,CCdfz,DDcjr,-75.41
AAdns,BBdwz,CCdfz,DDgpv,-0.36
AAdns,BBfmz,CCdfz,DDgpv,-4
AAltw,BBfgw,CCdfz,DDgpv,45.16
AAltw,BBcpv,CCdfz,DDgpv,-54.69
AAltw,BBfvy,CCdfz,DDgpv,-80.77
AAcrz,BBnxy,CCdfz,DDgpv,-38.1
AAcrz,BBlpq,CCdfz,DDgpv,-66.74
AAcrz,BBcqw,CCdfz,DDgpv,-44.3
AAdns,BBdwz,CClpt,DDjqy,-82.06
AAdns,BBfmz,CClpt,DDjqy,-5.77
AAltw,BBfgw,CClpt,DDjqy,42.63
AAltw,BBcpv,CClpt,DDjqy,-14.79
AAltw,BBfvy,CClpt,DDjqy,63.82
AAcrz,BBnxy,CClpt,DDjqy,-48.58
AAcrz,BBlpq,CClpt,DDjqy,-77.35
AAcrz,BBcqw,CClpt,DDjqy,-43.35
AAdns,BBdwz,CClpt,DDvyz,65.37
AAdns,BBfmz,CClpt,DDvyz,32.25
AAltw,BBfgw,CClpt,DDvyz,70.63
AAltw,BBcpv,CClpt,DDvyz,70.91
AAltw,BBfvy,CClpt,DDvyz,-67.23
AAcrz,BBnxy,CClpt,DDvyz,-75.64
AAcrz,BBlpq,CClpt,DDvyz,-4.35
AAcrz,BBcqw,CClpt,DDvyz,-33.35
AAdns,BBdwz,CClpt,DDfpz,74.96
AAdns,BBfmz,CClpt,DDfpz,-92.39
AAltw,BBfgw,CClpt,DDfpz,-34.88
AAltw,BBcpv,CClpt,DDfpz,97.13
AAltw,BBfvy,CClpt,DDfpz,-74.83
AAcrz,BBnxy,CClpt,DDfpz,-63.15
AAcrz,BBlpq,CClpt,DDfpz,25.16
AAcrz,BBcqw,CClpt,DDfpz,-24.84
AAdns,BBdwz,CClpt,DDjmx,-62.88
AAdns,BBfmz,CClpt,DDjmx,-91.83
AAltw,BBfgw,CClpt,DDjmx,58.31
AAltw,BBcpv,CClpt,DDjmx,36.35
AAltw,BBfvy,CClpt,DDjmx,-56.72
AAcrz,BBnxy,CClpt,DDjmx,62.02
AAcrz,BBlpq,CClpt,DDjmx,10.12
AAcrz,BBcqw,CClpt,DDjmx,-40.6
AAdns,BBdwz,CClty,DDnqx,-46.57
AAdns,BBfmz,CClty,DDnqx,-82.17
AAltw,BBfgw,CClty,DDnqx,-61.08
AAltw,BBcpv,CClty,DDnqx,-82.53
AAltw,BBfvy,CClty,DDnqx,68.3
AAcrz,BBnxy,CClty,DDnqx,97.71
AAcrz,BBlpq,CClty,DDnqx,-70.05
AAcrz,BBcqw,CClty,DDnqx,49.15
AAdns,BBdwz,CClty,DDfhs,-93.67
AAdns,BBfmz,CClty,DDfhs,84.23
AAltw,BBfgw,CClty,DDfhs,96.59
AAltw,BBcpv,CClty,DDfhs,49.27
AAltw,BBfvy,CClty,DDfhs,49.04
AAcrz,BBnxy,CClty,DDfhs,-6.16
AAcrz,BBlpq,CClty,DDfhs,67.22
AAcrz,BBcqw,CClty,DDfhs,0.3

