State,City,Polluted element,Type of pollution,Value
State,City,Polluted_element,Type_of_pollution,Value
Massachusetts,Cambridge,Soil,Inorganic Fertilizers,89.5
Massachusetts,Lenox,Soil,Inorganic Fertilizers,42.46
Michigan,Flint,Soil,Inorganic Fertilizers,72.96
Michigan,Port Huron,Soil,Inorganic Fertilizers,-64.14
Minnesota,Hastings,Soil,Inorganic Fertilizers,-29.08
Minnesota,Minneapolis,Soil,Inorganic Fertilizers,-61.57
Minnesota,Rochester,Soil,Inorganic Fertilizers,-73.03
Massachusetts,Cambridge,Soil,Industrial,52.9
Massachusetts,Lenox,Soil,Industrial,8.34
Michigan,Flint,Soil,Industrial,91.08
Michigan,Port Huron,Soil,Industrial,-64.24
Minnesota,Hastings,Soil,Industrial,31.87
Minnesota,Minneapolis,Soil,Industrial,6.12
Minnesota,Rochester,Soil,Industrial,54.11
Massachusetts,Cambridge,Soil,Inferior Irrigation,-56.57
Massachusetts,Lenox,Soil,Inferior Irrigation,-92.05
Michigan,Flint,Soil,Inferior Irrigation,-94.57
Michigan,Port Huron,Soil,Inferior Irrigation,65.76
Minnesota,Hastings,Soil,Inferior Irrigation,19.49
Minnesota,Minneapolis,Soil,Inferior Irrigation,-26.72
Minnesota,Rochester,Soil,Inferior Irrigation,-75.16
Massachusetts,Cambridge,Air,Noise,-44.12
Massachusetts,Lenox,Air,Noise,-0.9
Michigan,Flint,Air,Noise,58.14
Michigan,Port Huron,Air,Noise,97.22
Minnesota,Hastings,Air,Noise,-16.63
Minnesota,Minneapolis,Air,Noise,-31.78
Minnesota,Rochester,Air,Noise,-40.71
Massachusetts,Cambridge,Air,Light,4.98
Massachusetts,Lenox,Air,Light,-15.9
Michigan,Flint,Air,Light,97.43
Michigan,Port Huron,Air,Light,32.49
Minnesota,Hastings,Air,Light,-54.26
Minnesota,Minneapolis,Air,Light,8.43
Minnesota,Rochester,Air,Light,-30.99
