{
"filename": "Evolution_of_pollution_in_percent_set6_1_DB.csv",
"questions": [{"name": "template 1",
 "sql": "SELECT Value FROM DBdata WHERE ((State = 'Massachusetts' AND City = 'Cambridge')) AND ((Polluted_element = 'Air' AND Type_of_pollution = 'Light'))",
 "sqlResult": "{98.28}",
 "nlq": "What is the evolution of Light pollution in Cambridge, Massachusetts?"},
{"name": "template 2",
 "sql": "SELECT Value FROM DBdata WHERE ((State = 'Massachusetts' AND City = 'Boston')) AND ((Polluted_element = 'Soil' AND Type_of_pollution = 'Inorganic Fertilizers') OR (Polluted_element = 'Soil' AND Type_of_pollution = 'Inferior Irrigation') OR (Polluted_element = 'Soil' AND Type_of_pollution = 'Solid Waste') OR (Polluted_element = 'Soil' AND Type_of_pollution = 'Urban Activities') OR (Polluted_element = 'Air' AND Type_of_pollution = 'Noise') OR (Polluted_element = 'Air' AND Type_of_pollution = 'Thermal'))",
 "sqlResult": "{91.49} || {43.98} || {85.05} || {62.71} || {-82.92} || {68.27}",
 "nlq": "What is the evolution of Inferior Irrigation, Inorganic Fertilizers, Noise, Solid Waste, Thermal, or Urban Activities pollution in Boston, Massachusetts?"},
{"name": "template 3",
 "sql": "SELECT Value FROM DBdata WHERE ((State = 'Illinois' AND City = 'Chicago') OR (State = 'Illinois' AND City = 'Springfield') OR (State = 'Maryland' AND City = 'Columbia') OR (State = 'Massachusetts' AND City = 'Boston')) AND ((Polluted_element = 'Soil' AND Type_of_pollution = 'Industrial'))",
 "sqlResult": "{69.75} || {30.9} || {-49.96} || {-43.9}",
 "nlq": "What is the evolution of Industrial pollution in Boston, Massachusetts or Chicago or Springfield, Illinois or Columbia, Maryland?"},
{"name": "template 4",
 "sql": "SELECT avg(Value),min(Value) FROM DBdata WHERE ((State = 'Illinois' AND City = 'Chicago') OR (State = 'Illinois' AND City = 'Springfield') OR (State = 'Maryland' AND City = 'Aberdeen') OR (State = 'Maryland' AND City = 'Baltimore') OR (State = 'Maryland' AND City = 'Columbia') OR (State = 'Massachusetts' AND City = 'Boston') OR (State = 'Massachusetts' AND City = 'Cambridge')) AND ((Polluted_element = 'Air' AND Type_of_pollution = 'Light'))",
 "sqlResult": "{26.4 | -96.35}",
 "nlq": "What are the average and minimum evolutions of Light pollution in Aberdeen, Baltimore, or Columbia, Maryland or Boston or Cambridge, Massachusetts or Chicago or Springfield, Illinois?"},
{"name": "template 6",
 "sql": "SELECT Value FROM DBdata WHERE ((State = 'Maryland' AND City = 'Baltimore') OR (State = 'Maryland' AND City = 'Columbia')) AND ((Polluted_element = 'Soil' AND Type_of_pollution = 'Inorganic Fertilizers') OR (Polluted_element = 'Soil' AND Type_of_pollution = 'Industrial') OR (Polluted_element = 'Soil' AND Type_of_pollution = 'Solid Waste') OR (Polluted_element = 'Air' AND Type_of_pollution = 'Thermal'))",
 "sqlResult": "{-82.1} || {64.01} || {-53.86} || {-49.96} || {87.12} || {-69.57} || {36.75} || {-1.62}",
 "nlq": "What is the evolution of Industrial, Inorganic Fertilizers, Solid Waste, or Thermal pollution in Baltimore or Columbia, Maryland?"},
{"name": "template 7",
 "sql": "SELECT max(Value),min(Value) FROM DBdata WHERE ((State = 'Maryland' AND City = 'Baltimore')) AND ((Polluted_element = 'Soil' AND Type_of_pollution = 'Inorganic Fertilizers') OR (Polluted_element = 'Soil' AND Type_of_pollution = 'Industrial') OR (Polluted_element = 'Soil' AND Type_of_pollution = 'Solid Waste') OR (Polluted_element = 'Soil' AND Type_of_pollution = 'Urban Activities') OR (Polluted_element = 'Air' AND Type_of_pollution = 'Noise'))",
 "sqlResult": "{87.12 | -82.1}",
 "nlq": "What are the maximum and minimum evolutions of Industrial, Inorganic Fertilizers, Noise, Solid Waste, or Urban Activities pollution in Baltimore, Maryland?"},
{"name": "template 8",
 "sql": "SELECT State,City,avg(Value),max(Value) FROM DBdata WHERE ((State = 'Maryland' AND City = 'Aberdeen') OR (State = 'Maryland' AND City = 'Baltimore') OR (State = 'Maryland' AND City = 'Columbia') OR (State = 'Massachusetts' AND City = 'Boston')) AND ((Polluted_element = 'Soil' AND Type_of_pollution = 'Urban Activities') OR (Polluted_element = 'Air' AND Type_of_pollution = 'Light') OR (Polluted_element = 'Air' AND Type_of_pollution = 'Thermal')) GROUP BY State,City",
 "sqlResult": "{Maryland | Aberdeen | 36.34 | 67.74} || {Maryland | Baltimore | 58.88 | 98.98} || {Maryland | Columbia | -52.34 | -1.62} || {Massachusetts | Boston | 62.67 | 68.27}",
 "nlq": "What are the average and maximum evolutions for each State and City, of Light, Thermal, or Urban Activities pollution in Aberdeen, Baltimore, or Columbia, Maryland or Boston, Massachusetts? Please, report the corresponding State and City."},
{"name": "template 9",
 "sql": "SELECT min(Value) FROM DBdata WHERE ((State = 'Maryland' AND City = 'Baltimore')) AND (Polluted_element IN ('Soil','Air')) GROUP BY Polluted_element",
 "sqlResult": "{-37.68} || {-82.1}",
 "nlq": "What is the minimum evolution of pollution for each Polluted element, of Air or Soil in Baltimore, Maryland?"},
{"name": "template 10",
 "sql": "SELECT Polluted_element,min(Value) FROM DBdata WHERE ((State = 'Massachusetts' AND City = 'Cambridge')) AND (Polluted_element IN ('Soil','Air')) GROUP BY Polluted_element",
 "sqlResult": "{Air | 32.56} || {Soil | -86.37}",
 "nlq": "What is the minimum evolution of pollution for each Polluted element, of Air or Soil in Cambridge, Massachusetts? Please, report the corresponding Polluted element."},
{"name": "template 11",
 "sql": "SELECT Polluted_element,State,City,min(Value) FROM DBdata WHERE ((State = 'Illinois' AND City = 'Chicago') OR (State = 'Maryland' AND City = 'Aberdeen') OR (State = 'Massachusetts' AND City = 'Cambridge')) AND (Polluted_element IN ('Soil','Air')) GROUP BY Polluted_element,State,City",
 "sqlResult": "{Air | Illinois | Chicago | -97.47} || {Air | Maryland | Aberdeen | -21.62} || {Air | Massachusetts | Cambridge | 32.56} || {Soil | Illinois | Chicago | -6.25} || {Soil | Maryland | Aberdeen | -64.59} || {Soil | Massachusetts | Cambridge | -86.37}",
 "nlq": "What is the minimum evolution of pollution for each Polluted element, State, and City, of Air or Soil in Aberdeen, Maryland or Cambridge, Massachusetts or Chicago, Illinois? Please, report the corresponding Polluted element, State, and City."},
{"name": "template 12",
 "sql": "SELECT Value FROM DBdata WHERE ((State = 'Maryland' AND City = 'Aberdeen')) AND (Polluted_element IN ('Soil','Air')) ORDER BY VALUE DESC LIMIT 2",
 "sqlResult": "{68.62} || {67.74}",
 "nlq": "What are the top 2 evolutions of pollution of Air or Soil in Aberdeen, Maryland?"},
{"name": "template 13",
 "sql": "SELECT Value FROM DBdata WHERE ((State = 'Massachusetts' AND City = 'Boston')) AND (Polluted_element IN ('Soil','Air')) ORDER BY VALUE DESC",
 "sqlResult": "{91.49} || {85.05} || {68.27} || {62.71} || {57.03} || {43.98} || {-43.9} || {-82.92}",
 "nlq": "What are the evolutions ordered by decreasing values of pollution of Air or Soil in Boston, Massachusetts?"},
{"name": "template 14",
 "sql": "SELECT Polluted_element,Type_of_pollution FROM DBdata WHERE ((State = 'Maryland' AND City = 'Columbia')) AND Value > 5.84",
 "sqlResult": "{Soil | Inorganic Fertilizers} || {Soil | Inferior Irrigation}",
 "nlq": "What are the Polluted element and Type of pollution for which the evolution in Columbia, Maryland is greater than 5.84?"},
{"name": "template 15",
 "sql": "SELECT Polluted_element,Type_of_pollution,Value FROM DBdata WHERE ((State = 'Maryland' AND City = 'Baltimore')) AND (Polluted_element,Type_of_pollution) IN (SELECT Polluted_element,Type_of_pollution FROM DBdata WHERE ((State = 'Maryland' AND City = 'Columbia')) AND Value > 5.84)",
 "sqlResult": "{Soil | Inorganic Fertilizers | -82.1} || {Soil | Inferior Irrigation | -44.4}",
 "nlq": "What is the evolution of pollution in Baltimore, Maryland of Polluted element and of Type of pollution for which the evolution in Columbia, Maryland is greater than 5.84? Please, report the corresponding Polluted element, Type of pollution, and evolution of pollution."}]
}
