AA,BB,CC,DD,Value
AA,BB,CC,DD,Value
AAns,BBny,CCsx,DDtz,-2.63
AAns,BBnr,CCsx,DDtz,50.03
AArx,BBfm,CCsx,DDtz,4.68
AArx,BBgm,CCsx,DDtz,91.73
AAns,BBny,CCsx,DDlp,-23.2
AAns,BBnr,CCsx,DDlp,-30.87
AArx,BBfm,CCsx,DDlp,47.47
AArx,BBgm,CCsx,DDlp,63.32
AAns,BBny,CCsx,DDdz,-48.24
AAns,BBnr,CCsx,DDdz,-15.61
AArx,BBfm,CCsx,DDdz,1.97
AArx,BBgm,CCsx,DDdz,-59.09
AAns,BBny,CCsx,DDhr,-9.63
AAns,BBnr,CCsx,DDhr,2.87
AArx,BBfm,CCsx,DDhr,-82.33
AArx,BBgm,CCsx,DDhr,32.03
AAns,BBny,CCsx,DDvx,-12.8
AAns,BBnr,CCsx,DDvx,-95.04
AArx,BBfm,CCsx,DDvx,-56.23
AArx,BBgm,CCsx,DDvx,81.57
AAns,BBny,CCqz,DDpv,-14.78
AAns,BBnr,CCqz,DDpv,1.48
AArx,BBfm,CCqz,DDpv,98.31
AArx,BBgm,CCqz,DDpv,60.59
AAns,BBny,CCqz,DDfh,92.37
AAns,BBnr,CCqz,DDfh,-99.55
AArx,BBfm,CCqz,DDfh,75.87
AArx,BBgm,CCqz,DDfh,18.94

