{
"filename": "Evolution_of_pollution_in_percent_set4_4_DB.csv",
"questions": [{"name": "template 1",
 "sql": "SELECT Value FROM DBdata WHERE ((State = 'Massachusetts' AND City = 'Boston')) AND ((Polluted_element = 'Soil' AND Type_of_pollution = 'Inorganic Fertilizers'))",
 "sqlResult": "{44.47}",
 "nlq": "What is the evolution of Inorganic Fertilizers pollution in Boston, Massachusetts?"},
{"name": "template 2",
 "sql": "SELECT Value FROM DBdata WHERE ((State = 'Michigan' AND City = 'Port Huron')) AND ((Polluted_element = 'Water' AND Type_of_pollution = 'Groundwater') OR (Polluted_element = 'Water' AND Type_of_pollution = 'Surface water'))",
 "sqlResult": "{38.59} || {80.99}",
 "nlq": "What is the evolution of Groundwater or Surface water pollution in Port Huron, Michigan?"},
{"name": "template 3",
 "sql": "SELECT Value FROM DBdata WHERE ((State = 'Massachusetts' AND City = 'Boston') OR (State = 'Massachusetts' AND City = 'Cambridge') OR (State = 'Michigan' AND City = 'Detroit') OR (State = 'Michigan' AND City = 'Flint') OR (State = 'Michigan' AND City = 'Port Huron')) AND ((Polluted_element = 'Soil' AND Type_of_pollution = 'Industrial'))",
 "sqlResult": "{3.4} || {-51.62} || {39.6} || {59.7} || {-20.56}",
 "nlq": "What is the evolution of Industrial pollution in Boston or Cambridge, Massachusetts or Detroit, Flint, or Port Huron, Michigan?"},
{"name": "template 4",
 "sql": "SELECT min(Value),sum(Value) FROM DBdata WHERE ((State = 'Massachusetts' AND City = 'Boston') OR (State = 'Massachusetts' AND City = 'Cambridge') OR (State = 'Michigan' AND City = 'Detroit') OR (State = 'Michigan' AND City = 'Port Huron')) AND ((Polluted_element = 'Water' AND Type_of_pollution = 'Groundwater'))",
 "sqlResult": "{13.54 | 176.41}",
 "nlq": "What are the minimum and total evolutions of Groundwater pollution in Boston or Cambridge, Massachusetts or Detroit or Port Huron, Michigan?"},
{"name": "template 6",
 "sql": "SELECT Value FROM DBdata WHERE ((State = 'Massachusetts' AND City = 'Cambridge') OR (State = 'Michigan' AND City = 'Flint')) AND ((Polluted_element = 'Water' AND Type_of_pollution = 'Chemical') OR (Polluted_element = 'Soil' AND Type_of_pollution = 'Inorganic Fertilizers'))",
 "sqlResult": "{-56.32} || {24.75} || {-70.29} || {71.89}",
 "nlq": "What is the evolution of Chemical or Inorganic Fertilizers pollution in Cambridge, Massachusetts or Flint, Michigan?"},
{"name": "template 7",
 "sql": "SELECT avg(Value),min(Value) FROM DBdata WHERE ((State = 'Massachusetts' AND City = 'Cambridge')) AND ((Polluted_element = 'Water' AND Type_of_pollution = 'Groundwater') OR (Polluted_element = 'Water' AND Type_of_pollution = 'Surface water'))",
 "sqlResult": "{-7.45 | -54.36}",
 "nlq": "What are the average and minimum evolutions of Groundwater or Surface water pollution in Cambridge, Massachusetts?"},
{"name": "template 8",
 "sql": "SELECT State,City,avg(Value),sum(Value) FROM DBdata WHERE ((State = 'Massachusetts' AND City = 'Boston') OR (State = 'Massachusetts' AND City = 'Cambridge') OR (State = 'Michigan' AND City = 'Flint') OR (State = 'Michigan' AND City = 'Port Huron')) AND ((Polluted_element = 'Water' AND Type_of_pollution = 'Oxygen-depletion') OR (Polluted_element = 'Water' AND Type_of_pollution = 'Surface water')) GROUP BY State,City",
 "sqlResult": "{Massachusetts | Boston | 64.97 | 129.95} || {Massachusetts | Cambridge | -43.2 | -86.4} || {Michigan | Flint | 34.23 | 68.45} || {Michigan | Port Huron | 18.84 | 37.69}",
 "nlq": "What are the average and total evolutions for each State and City, of Oxygen-depletion or Surface water pollution in Boston or Cambridge, Massachusetts or Flint or Port Huron, Michigan? Please, report the corresponding State and City."},
{"name": "template 9",
 "sql": "SELECT min(Value) FROM DBdata WHERE ((State = 'Michigan' AND City = 'Flint')) AND (Polluted_element IN ('Water','Soil')) GROUP BY Polluted_element",
 "sqlResult": "{59.7} || {-20.5}",
 "nlq": "What is the minimum evolution of pollution for each Polluted element, of Soil or Water in Flint, Michigan?"},
{"name": "template 10",
 "sql": "SELECT Polluted_element,sum(Value) FROM DBdata WHERE ((State = 'Massachusetts' AND City = 'Cambridge')) AND (Polluted_element IN ('Water','Soil')) GROUP BY Polluted_element",
 "sqlResult": "{Soil | -121.91} || {Water | -103.27}",
 "nlq": "What is the total evolution of pollution for each Polluted element, of Soil or Water in Cambridge, Massachusetts? Please, report the corresponding Polluted element."},
{"name": "template 11",
 "sql": "SELECT Polluted_element,State,City,max(Value) FROM DBdata WHERE ((State = 'Massachusetts' AND City = 'Cambridge') OR (State = 'Michigan' AND City = 'Detroit') OR (State = 'Michigan' AND City = 'Port Huron')) AND (Polluted_element IN ('Water','Soil')) GROUP BY Polluted_element,State,City",
 "sqlResult": "{Soil | Massachusetts | Cambridge | -51.62} || {Soil | Michigan | Detroit | 39.6} || {Soil | Michigan | Port Huron | 84.54} || {Water | Massachusetts | Cambridge | 39.45} || {Water | Michigan | Detroit | 91.74} || {Water | Michigan | Port Huron | 80.99}",
 "nlq": "What is the maximum evolution of pollution for each Polluted element, State, and City, of Soil or Water in Cambridge, Massachusetts or Detroit or Port Huron, Michigan? Please, report the corresponding Polluted element, State, and City."},
{"name": "template 12",
 "sql": "SELECT Value FROM DBdata WHERE ((State = 'Michigan' AND City = 'Flint')) AND (Polluted_element IN ('Water','Soil')) ORDER BY VALUE ASC LIMIT 5",
 "sqlResult": "{-20.5} || {-15.59} || {24.75} || {59.7} || {71.89}",
 "nlq": "What are the bottom 5 evolutions of pollution of Soil or Water in Flint, Michigan?"},
{"name": "template 13",
 "sql": "SELECT Value FROM DBdata WHERE ((State = 'Massachusetts' AND City = 'Boston')) AND (Polluted_element IN ('Water','Soil')) ORDER BY VALUE ASC",
 "sqlResult": "{3.4} || {44.47} || {49.05} || {62.3} || {67.65} || {84.83}",
 "nlq": "What are the evolutions ordered by increasing values of pollution of Soil or Water in Boston, Massachusetts?"},
{"name": "template 14",
 "sql": "SELECT Polluted_element,Type_of_pollution FROM DBdata WHERE ((State = 'Michigan' AND City = 'Flint')) AND Value < 20.71",
 "sqlResult": "{Water | Groundwater} || {Water | Oxygen-depletion}",
 "nlq": "What are the Polluted element and Type of pollution for which the evolution in Flint, Michigan is lower than 20.71?"},
{"name": "template 15",
 "sql": "SELECT Polluted_element,Type_of_pollution,Value FROM DBdata WHERE ((State = 'Michigan' AND City = 'Detroit')) AND (Polluted_element,Type_of_pollution) IN (SELECT Polluted_element,Type_of_pollution FROM DBdata WHERE ((State = 'Michigan' AND City = 'Flint')) AND Value < 20.71)",
 "sqlResult": "{Water | Groundwater | 13.54} || {Water | Oxygen-depletion | 91.74}",
 "nlq": "What is the evolution of pollution in Detroit, Michigan of Polluted element and of Type of pollution for which the evolution in Flint, Michigan is lower than 20.71? Please, report the corresponding Polluted element, Type of pollution, and evolution of pollution."}]
}
