{
"filename": "Evolution_of_pollution_in_percent_set7_1_DB.csv",
"questions": [{"name": "template 1",
 "sql": "SELECT Value FROM DBdata WHERE ((State = 'California' AND City = 'Los-Angeles')) AND ((Polluted_element = 'Soil' AND Type_of_pollution = 'Inferior Irrigation'))",
 "sqlResult": "{-70.5}",
 "nlq": "What is the evolution of Inferior Irrigation pollution in Los-Angeles, California?"},
{"name": "template 2",
 "sql": "SELECT Value FROM DBdata WHERE ((State = 'California' AND City = 'Los-Angeles')) AND ((Polluted_element = 'Water' AND Type_of_pollution = 'Chemical') OR (Polluted_element = 'Water' AND Type_of_pollution = 'Groundwater') OR (Polluted_element = 'Water' AND Type_of_pollution = 'Oxygen-depletion') OR (Polluted_element = 'Water' AND Type_of_pollution = 'Surface water') OR (Polluted_element = 'Soil' AND Type_of_pollution = 'Inferior Irrigation') OR (Polluted_element = 'Soil' AND Type_of_pollution = 'Solid Waste'))",
 "sqlResult": "{-53.51} || {-79.75} || {-78.47} || {-26.33} || {-70.5} || {13.61}",
 "nlq": "What is the evolution of Chemical, Groundwater, Inferior Irrigation, Oxygen-depletion, Solid Waste, or Surface water pollution in Los-Angeles, California?"},
{"name": "template 3",
 "sql": "SELECT Value FROM DBdata WHERE ((State = 'California' AND City = 'Los-Angeles') OR (State = 'California' AND City = 'Malibu') OR (State = 'Florida' AND City = 'Fort Lauderdale')) AND ((Polluted_element = 'Water' AND Type_of_pollution = 'Chemical'))",
 "sqlResult": "{-53.51} || {-76.97} || {36.32}",
 "nlq": "What is the evolution of Chemical pollution in Fort Lauderdale, Florida or Los-Angeles or Malibu, California?"},
{"name": "template 4",
 "sql": "SELECT min(Value),avg(Value) FROM DBdata WHERE ((State = 'California' AND City = 'Malibu') OR (State = 'Florida' AND City = 'Fort Lauderdale')) AND ((Polluted_element = 'Water' AND Type_of_pollution = 'Oxygen-depletion'))",
 "sqlResult": "{-3.71 | 14.84}",
 "nlq": "What are the minimum and average evolutions of Oxygen-depletion pollution in Fort Lauderdale, Florida or Malibu, California?"},
{"name": "template 6",
 "sql": "SELECT Value FROM DBdata WHERE ((State = 'California' AND City = 'Malibu') OR (State = 'Florida' AND City = 'Fort Lauderdale')) AND ((Polluted_element = 'Water' AND Type_of_pollution = 'Chemical') OR (Polluted_element = 'Water' AND Type_of_pollution = 'Groundwater') OR (Polluted_element = 'Water' AND Type_of_pollution = 'Oxygen-depletion') OR (Polluted_element = 'Water' AND Type_of_pollution = 'Surface water'))",
 "sqlResult": "{-76.97} || {36.32} || {-90.25} || {64.2} || {33.4} || {-3.71} || {56.53} || {-67.8}",
 "nlq": "What is the evolution of Chemical, Groundwater, Oxygen-depletion, or Surface water pollution in Fort Lauderdale, Florida or Malibu, California?"},
{"name": "template 7",
 "sql": "SELECT max(Value),avg(Value) FROM DBdata WHERE ((State = 'Florida' AND City = 'Tampa')) AND ((Polluted_element = 'Water' AND Type_of_pollution = 'Oxygen-depletion') OR (Polluted_element = 'Water' AND Type_of_pollution = 'Surface water') OR (Polluted_element = 'Soil' AND Type_of_pollution = 'Inferior Irrigation') OR (Polluted_element = 'Soil' AND Type_of_pollution = 'Solid Waste'))",
 "sqlResult": "{63.01 | -14.82}",
 "nlq": "What are the maximum and average evolutions of Inferior Irrigation, Oxygen-depletion, Solid Waste, or Surface water pollution in Tampa, Florida?"},
{"name": "template 8",
 "sql": "SELECT State,City,max(Value),avg(Value) FROM DBdata WHERE ((State = 'California' AND City = 'Los-Angeles') OR (State = 'Florida' AND City = 'Fort Lauderdale') OR (State = 'Florida' AND City = 'Tampa')) AND ((Polluted_element = 'Water' AND Type_of_pollution = 'Oxygen-depletion') OR (Polluted_element = 'Soil' AND Type_of_pollution = 'Inferior Irrigation')) GROUP BY State,City",
 "sqlResult": "{California | Los-Angeles | -70.5 | -74.48} || {Florida | Fort Lauderdale | -3.71 | -37.6} || {Florida | Tampa | 63.01 | -17.09}",
 "nlq": "What are the maximum and average evolutions for each State and City, of Inferior Irrigation or Oxygen-depletion pollution in Fort Lauderdale or Tampa, Florida or Los-Angeles, California? Please, report the corresponding State and City."},
{"name": "template 9",
 "sql": "SELECT min(Value) FROM DBdata WHERE ((State = 'Florida' AND City = 'Tampa')) AND (Polluted_element IN ('Water','Soil')) GROUP BY Polluted_element",
 "sqlResult": "{-85.92} || {-97.18}",
 "nlq": "What is the minimum evolution of pollution for each Polluted element, of Soil or Water in Tampa, Florida?"},
{"name": "template 10",
 "sql": "SELECT Polluted_element,min(Value) FROM DBdata WHERE ((State = 'California' AND City = 'Malibu')) AND (Polluted_element IN ('Water','Soil')) GROUP BY Polluted_element",
 "sqlResult": "{Soil | -64.11} || {Water | -90.25}",
 "nlq": "What is the minimum evolution of pollution for each Polluted element, of Soil or Water in Malibu, California? Please, report the corresponding Polluted element."},
{"name": "template 11",
 "sql": "SELECT Polluted_element,State,City,avg(Value) FROM DBdata WHERE ((State = 'California' AND City = 'Malibu') OR (State = 'Florida' AND City = 'Fort Lauderdale') OR (State = 'Florida' AND City = 'Tampa')) AND (Polluted_element IN ('Water','Soil')) GROUP BY Polluted_element,State,City",
 "sqlResult": "{Soil | California | Malibu | -16.87} || {Soil | Florida | Fort Lauderdale | -37.82} || {Soil | Florida | Tampa | -11.46} || {Water | California | Malibu | -19.32} || {Water | Florida | Fort Lauderdale | 7.25} || {Water | Florida | Tampa | -7.06}",
 "nlq": "What is the average evolution of pollution for each Polluted element, State, and City, of Soil or Water in Fort Lauderdale or Tampa, Florida or Malibu, California? Please, report the corresponding Polluted element, State, and City."},
{"name": "template 12",
 "sql": "SELECT Value FROM DBdata WHERE ((State = 'Florida' AND City = 'Fort Lauderdale')) AND (Polluted_element IN ('Water','Soil')) ORDER BY VALUE DESC LIMIT 4",
 "sqlResult": "{64.2} || {36.32} || {-3.71} || {-4.15}",
 "nlq": "What are the top 4 evolutions of pollution of Soil or Water in Fort Lauderdale, Florida?"},
{"name": "template 13",
 "sql": "SELECT Value FROM DBdata WHERE ((State = 'Florida' AND City = 'Fort Lauderdale')) AND (Polluted_element IN ('Water','Soil')) ORDER BY VALUE ASC",
 "sqlResult": "{-71.49} || {-67.8} || {-4.15} || {-3.71} || {36.32} || {64.2}",
 "nlq": "What are the evolutions ordered by increasing values of pollution of Soil or Water in Fort Lauderdale, Florida?"},
{"name": "template 14",
 "sql": "SELECT Polluted_element,Type_of_pollution FROM DBdata WHERE ((State = 'Florida' AND City = 'Tampa')) AND Value > -20.99",
 "sqlResult": "{Water | Chemical} || {Water | Groundwater} || {Water | Surface water} || {Soil | Inferior Irrigation}",
 "nlq": "What are the Polluted element and Type of pollution for which the evolution in Tampa, Florida is greater than -20.99?"},
{"name": "template 15",
 "sql": "SELECT Polluted_element,Type_of_pollution,Value FROM DBdata WHERE ((State = 'California' AND City = 'Los-Angeles')) AND (Polluted_element,Type_of_pollution) IN (SELECT Polluted_element,Type_of_pollution FROM DBdata WHERE ((State = 'Florida' AND City = 'Tampa')) AND Value > -20.99)",
 "sqlResult": "{Water | Chemical | -53.51} || {Water | Groundwater | -79.75} || {Water | Surface water | -26.33} || {Soil | Inferior Irrigation | -70.5}",
 "nlq": "What is the evolution of pollution in Los-Angeles, California of Polluted element and of Type of pollution for which the evolution in Tampa, Florida is greater than -20.99? Please, report the corresponding Polluted element, Type of pollution, and evolution of pollution."}]
}
