{
"filename": "Evolution_of_pollution_in_percent_set5_3_DB.csv",
"questions": [{"name": "template 1",
 "sql": "SELECT Value FROM DBdata WHERE ((AA = 'AAnw' AND BB = 'Boulder BB')) AND ((CC = 'CCfs' AND DD = 'DDsv'))",
 "sqlResult": "{36.99}",
 "nlq": "What is the evolution of DDsv pollution in Boulder BB, AAnw?"},
{"name": "template 2",
 "sql": "SELECT Value FROM DBdata WHERE ((AA = 'AAln' AND BB = 'BBxy')) AND ((CC = 'CCfs' AND DD = 'DDcx') OR (CC = 'CCdt' AND DD = 'DDcf'))",
 "sqlResult": "{69.19} || {24.2}",
 "nlq": "What is the evolution of DDcx or DDcf pollution in BBxy, AAln?"},
{"name": "template 3",
 "sql": "SELECT Value FROM DBdata WHERE ((AA = 'AAln' AND BB = 'BBxy') OR (AA = 'AAln' AND BB = 'BBly')) AND ((CC = 'CCdt' AND DD = 'DDcf'))",
 "sqlResult": "{24.2} || {-77.62}",
 "nlq": "What is the evolution of DDcf pollution in BBxy or BBly, AAln?"},
{"name": "template 4",
 "sql": "SELECT min(Value),avg(Value) FROM DBdata WHERE ((AA = 'AAln' AND BB = 'BBly') OR (AA = 'AAnw' AND BB = 'Boulder BB') OR (AA = 'AAnw' AND BB = 'BBcz')) AND ((CC = 'CCdt' AND DD = 'DDbh'))",
 "sqlResult": "{55.77 | 73.65}",
 "nlq": "What are the minimum and average evolutions of DDbh pollution in Boulder BB or BBcz, AAnw or BBly, AAln?"},
{"name": "template 6",
 "sql": "SELECT Value FROM DBdata WHERE ((AA = 'AAln' AND BB = 'BBxy') OR (AA = 'AAnw' AND BB = 'Boulder BB') OR (AA = 'AAnw' AND BB = 'BBcz')) AND ((CC = 'CCfs' AND DD = 'DDcx') OR (CC = 'CCfs' AND DD = 'DDsv') OR (CC = 'CCfs' AND DD = 'DDbv') OR (CC = 'CCdt' AND DD = 'DDbh'))",
 "sqlResult": "{69.19} || {-45.05} || {3.62} || {64.09} || {36.99} || {-37.05} || {60.28} || {-45.17} || {-72.14} || {-70.47} || {76.68} || {55.77}",
 "nlq": "What is the evolution of DDcx, DDsv, DDbh, or DDbv pollution in Boulder BB or BBcz, AAnw or BBxy, AAln?"},
{"name": "template 7",
 "sql": "SELECT avg(Value),min(Value) FROM DBdata WHERE ((AA = 'AAln' AND BB = 'BBxy')) AND ((CC = 'CCfs' AND DD = 'DDsv') OR (CC = 'CCdt' AND DD = 'DDcf'))",
 "sqlResult": "{44.15 | 24.2}",
 "nlq": "What are the average and minimum evolutions of DDcf or DDsv pollution in BBxy, AAln?"},
{"name": "template 8",
 "sql": "SELECT AA,BB,min(Value),max(Value) FROM DBdata WHERE ((AA = 'AAln' AND BB = 'BBxy') OR (AA = 'AAln' AND BB = 'BBly') OR (AA = 'AAnw' AND BB = 'Boulder BB') OR (AA = 'AAnw' AND BB = 'BBcz')) AND ((CC = 'CCfs' AND DD = 'DDsv') OR (CC = 'CCfs' AND DD = 'DDbv') OR (CC = 'CCdt' AND DD = 'DDcf')) GROUP BY AA,BB",
 "sqlResult": "{AAln | BBxy | 24.2 | 64.09} || {AAln | BBly | -77.62 | 25.6} || {AAnw | Boulder BB | -45.17 | 36.99} || {AAnw | BBcz | -72.14 | 17.28}",
 "nlq": "What are the minimum and maximum evolutions for each AA and BB, of DDcf, DDsv, or DDbv pollution in Boulder BB or BBcz, AAnw or BBxy or BBly, AAln? Please, report the corresponding AA and BB."},
{"name": "template 9",
 "sql": "SELECT min(Value) FROM DBdata WHERE ((AA = 'AAnw' AND BB = 'Boulder BB')) AND (CC IN ('CCfs','CCdt')) GROUP BY CC",
 "sqlResult": "{-22.72} || {-45.17}",
 "nlq": "What is the minimum evolution of pollution for each CC, of CCdt or CCfs in Boulder BB, AAnw?"},
{"name": "template 10",
 "sql": "SELECT CC,max(Value) FROM DBdata WHERE ((AA = 'AAln' AND BB = 'BBxy')) AND (CC IN ('CCfs','CCdt')) GROUP BY CC",
 "sqlResult": "{CCdt | 24.2} || {CCfs | 69.19}",
 "nlq": "What is the maximum evolution of pollution for each CC, of CCdt or CCfs in BBxy, AAln? Please, report the corresponding CC."},
{"name": "template 11",
 "sql": "SELECT CC,AA,BB,min(Value) FROM DBdata WHERE ((AA = 'AAln' AND BB = 'BBly') OR (AA = 'AAnw' AND BB = 'BBcz')) AND (CC IN ('CCfs','CCdt')) GROUP BY CC,AA,BB",
 "sqlResult": "{CCdt | AAln | BBly | -77.62} || {CCdt | AAnw | BBcz | 17.28} || {CCfs | AAln | BBly | -39.71} || {CCfs | AAnw | BBcz | -72.14}",
 "nlq": "What is the minimum evolution of pollution for each CC, AA, and BB, of CCdt or CCfs in BBcz, AAnw or BBly, AAln? Please, report the corresponding CC, AA, and BB."},
{"name": "template 12",
 "sql": "SELECT Value FROM DBdata WHERE ((AA = 'AAnw' AND BB = 'BBcz')) AND (CC IN ('CCfs','CCdt')) ORDER BY VALUE ASC LIMIT 4",
 "sqlResult": "{-72.14} || {-37.05} || {3.62} || {17.28}",
 "nlq": "What are the bottom 4 evolutions of pollution of CCdt or CCfs in BBcz, AAnw?"},
{"name": "template 13",
 "sql": "SELECT Value FROM DBdata WHERE ((AA = 'AAln' AND BB = 'BBxy')) AND (CC IN ('CCfs','CCdt')) ORDER BY VALUE DESC",
 "sqlResult": "{69.19} || {64.09} || {60.28} || {24.2} || {-70.47}",
 "nlq": "What are the evolutions ordered by decreasing values of pollution of CCdt or CCfs in BBxy, AAln?"},
{"name": "template 14",
 "sql": "SELECT CC,DD FROM DBdata WHERE ((AA = 'AAln' AND BB = 'BBxy')) AND Value > 6.55",
 "sqlResult": "{CCfs | DDcx} || {CCfs | DDsv} || {CCfs | DDbv} || {CCdt | DDcf}",
 "nlq": "What are the CC and DD for which the evolution in BBxy, AAln is greater than 6.55?"},
{"name": "template 15",
 "sql": "SELECT CC,DD,Value FROM DBdata WHERE ((AA = 'AAnw' AND BB = 'Boulder BB')) AND (CC,DD) IN (SELECT CC,DD FROM DBdata WHERE ((AA = 'AAln' AND BB = 'BBxy')) AND Value > 6.55)",
 "sqlResult": "{CCfs | DDcx | -45.05} || {CCfs | DDsv | 36.99} || {CCfs | DDbv | -45.17} || {CCdt | DDcf | -22.72}",
 "nlq": "What is the evolution of pollution in Boulder BB, AAnw of CC and of DD for which the evolution in BBxy, AAln is greater than 6.55? Please, report the corresponding CC, DD, and evolution of pollution."}]
}

