State,City,Polluted element,Type of pollution,Value
State,City,Polluted_element,Type_of_pollution,Value
California,Los-Angeles,Water,Groundwater,-87.42
California,Malibu,Water,Groundwater,92.46
Florida,Fort Lauderdale,Water,Groundwater,82.5
Florida,Tampa,Water,Groundwater,-96.88
California,Los-Angeles,Water,Oxygen-depletion,77.08
California,Malibu,Water,Oxygen-depletion,-36.12
Florida,Fort Lauderdale,Water,Oxygen-depletion,71.39
Florida,Tampa,Water,Oxygen-depletion,-72.07
California,Los-Angeles,Water,Surface water,-14.29
California,Malibu,Water,Surface water,19.59
Florida,Fort Lauderdale,Water,Surface water,1.53
Florida,Tampa,Water,Surface water,-31.3
California,Los-Angeles,Soil,Inferior Irrigation,-1.36
California,Malibu,Soil,Inferior Irrigation,31.18
Florida,Fort Lauderdale,Soil,Inferior Irrigation,-55.37
Florida,Tampa,Soil,Inferior Irrigation,-93.46
California,Los-Angeles,Soil,Solid Waste,70.45
California,Malibu,Soil,Solid Waste,-89.76
Florida,Fort Lauderdale,Soil,Solid Waste,98.91
Florida,Tampa,Soil,Solid Waste,7.77
California,Los-Angeles,Air,Noise,45.06
California,Malibu,Air,Noise,62.35
Florida,Fort Lauderdale,Air,Noise,70.9
Florida,Tampa,Air,Noise,-90.64
California,Los-Angeles,Air,Light,33.08
California,Malibu,Air,Light,8.7
Florida,Fort Lauderdale,Air,Light,-60.41
Florida,Tampa,Air,Light,-0.6
California,Los-Angeles,Air,Thermal,-16.52
California,Malibu,Air,Thermal,-22.03
Florida,Fort Lauderdale,Air,Thermal,-89.82
Florida,Tampa,Air,Thermal,52.79
