State,City,Polluted element,Type of pollution,Value
State,City,Polluted_element,Type_of_pollution,Value
California,Los-Angeles,Water,Oxygen-depletion,47.82
California,Malibu,Water,Oxygen-depletion,38.22
California,San Francisco,Water,Oxygen-depletion,59.29
Florida,Fort Lauderdale,Water,Oxygen-depletion,84.52
Florida,Tampa,Water,Oxygen-depletion,-79.53
Georgia,Albany,Water,Oxygen-depletion,-32.43
Georgia,Columbus,Water,Oxygen-depletion,-83.55
Georgia,Washington,Water,Oxygen-depletion,-57.22
California,Los-Angeles,Water,Surface water,65.1
California,Malibu,Water,Surface water,-27.93
California,San Francisco,Water,Surface water,-0.32
Florida,Fort Lauderdale,Water,Surface water,28.23
Florida,Tampa,Water,Surface water,-17.63
Georgia,Albany,Water,Surface water,-62.25
Georgia,Columbus,Water,Surface water,-63.28
Georgia,Washington,Water,Surface water,-67.03
California,Los-Angeles,Soil,Inorganic Fertilizers,54.25
California,Malibu,Soil,Inorganic Fertilizers,2.7
California,San Francisco,Soil,Inorganic Fertilizers,-6.7
Florida,Fort Lauderdale,Soil,Inorganic Fertilizers,-91.77
Florida,Tampa,Soil,Inorganic Fertilizers,79.75
Georgia,Albany,Soil,Inorganic Fertilizers,-70.73
Georgia,Columbus,Soil,Inorganic Fertilizers,-12.93
Georgia,Washington,Soil,Inorganic Fertilizers,4.94
California,Los-Angeles,Soil,Industrial,-43.47
California,Malibu,Soil,Industrial,32.4
California,San Francisco,Soil,Industrial,23.63
Florida,Fort Lauderdale,Soil,Industrial,59.03
Florida,Tampa,Soil,Industrial,40.94
Georgia,Albany,Soil,Industrial,-55.51
Georgia,Columbus,Soil,Industrial,-25.69
Georgia,Washington,Soil,Industrial,-1.87
California,Los-Angeles,Soil,Inferior Irrigation,-15.84
California,Malibu,Soil,Inferior Irrigation,-47.7
California,San Francisco,Soil,Inferior Irrigation,-70.61
Florida,Fort Lauderdale,Soil,Inferior Irrigation,-41.31
Florida,Tampa,Soil,Inferior Irrigation,-64.36
Georgia,Albany,Soil,Inferior Irrigation,-48.34
Georgia,Columbus,Soil,Inferior Irrigation,-65.02
Georgia,Washington,Soil,Inferior Irrigation,-57.05
California,Los-Angeles,Soil,Solid Waste,99.28
California,Malibu,Soil,Solid Waste,-88.13
California,San Francisco,Soil,Solid Waste,-92.86
Florida,Fort Lauderdale,Soil,Solid Waste,71.63
Florida,Tampa,Soil,Solid Waste,6.53
Georgia,Albany,Soil,Solid Waste,-13.29
Georgia,Columbus,Soil,Solid Waste,19.96
Georgia,Washington,Soil,Solid Waste,61.11
California,Los-Angeles,Soil,Urban Activities,-89.38
California,Malibu,Soil,Urban Activities,-50.1
California,San Francisco,Soil,Urban Activities,95.48
Florida,Fort Lauderdale,Soil,Urban Activities,-24.1
Florida,Tampa,Soil,Urban Activities,42.19
Georgia,Albany,Soil,Urban Activities,-69.21
Georgia,Columbus,Soil,Urban Activities,-97.62
Georgia,Washington,Soil,Urban Activities,-40.79
