{
"filename": "Evolution_of_pollution_in_percent_set2_4_DB.csv",
"questions": [{"name": "template 1",
 "sql": "SELECT Value FROM DBdata WHERE ((State = 'Maryland' AND City = 'Baltimore')) AND ((Polluted_element = 'Soil' AND Type_of_pollution = 'Solid Waste'))",
 "sqlResult": "{-77.41}",
 "nlq": "What is the evolution of Solid Waste pollution in Baltimore, Maryland?"},
{"name": "template 2",
 "sql": "SELECT Value FROM DBdata WHERE ((State = 'Maryland' AND City = 'Baltimore')) AND ((Polluted_element = 'Soil' AND Type_of_pollution = 'Inorganic Fertilizers') OR (Polluted_element = 'Soil' AND Type_of_pollution = 'Industrial') OR (Polluted_element = 'Soil' AND Type_of_pollution = 'Inferior Irrigation') OR (Polluted_element = 'Soil' AND Type_of_pollution = 'Solid Waste') OR (Polluted_element = 'Soil' AND Type_of_pollution = 'Urban Activities') OR (Polluted_element = 'Air' AND Type_of_pollution = 'Noise') OR (Polluted_element = 'Air' AND Type_of_pollution = 'Light') OR (Polluted_element = 'Air' AND Type_of_pollution = 'Thermal'))",
 "sqlResult": "{-52.02} || {-71.3} || {86.58} || {-77.41} || {32.35} || {79.86} || {51} || {82.58}",
 "nlq": "What is the evolution of Industrial, Inferior Irrigation, Inorganic Fertilizers, Light, Noise, Solid Waste, Thermal, or Urban Activities pollution in Baltimore, Maryland?"},
{"name": "template 3",
 "sql": "SELECT Value FROM DBdata WHERE ((State = 'Maryland' AND City = 'Baltimore') OR (State = 'Maryland' AND City = 'Columbia') OR (State = 'Massachusetts' AND City = 'Cambridge') OR (State = 'Massachusetts' AND City = 'Lenox')) AND ((Polluted_element = 'Soil' AND Type_of_pollution = 'Inorganic Fertilizers'))",
 "sqlResult": "{-52.02} || {88.39} || {-20.98} || {17.61}",
 "nlq": "What is the evolution of Inorganic Fertilizers pollution in Baltimore or Columbia, Maryland or Cambridge or Lenox, Massachusetts?"},
{"name": "template 4",
 "sql": "SELECT max(Value),sum(Value) FROM DBdata WHERE ((State = 'Maryland' AND City = 'Aberdeen') OR (State = 'Maryland' AND City = 'Columbia') OR (State = 'Massachusetts' AND City = 'Boston')) AND ((Polluted_element = 'Soil' AND Type_of_pollution = 'Inferior Irrigation'))",
 "sqlResult": "{99.27 | 139.31}",
 "nlq": "What are the maximum and total evolutions of Inferior Irrigation pollution in Aberdeen or Columbia, Maryland or Boston, Massachusetts?"},
{"name": "template 6",
 "sql": "SELECT Value FROM DBdata WHERE ((State = 'Maryland' AND City = 'Aberdeen') OR (State = 'Maryland' AND City = 'Baltimore') OR (State = 'Massachusetts' AND City = 'Boston') OR (State = 'Massachusetts' AND City = 'Cambridge') OR (State = 'Massachusetts' AND City = 'Lenox')) AND ((Polluted_element = 'Soil' AND Type_of_pollution = 'Inorganic Fertilizers') OR (Polluted_element = 'Soil' AND Type_of_pollution = 'Solid Waste'))",
 "sqlResult": "{28.83} || {-52.02} || {-99.11} || {-20.98} || {17.61} || {64.58} || {-77.41} || {93.5} || {69.73} || {-28.33}",
 "nlq": "What is the evolution of Inorganic Fertilizers or Solid Waste pollution in Aberdeen or Baltimore, Maryland or Boston, Cambridge, or Lenox, Massachusetts?"},
{"name": "template 7",
 "sql": "SELECT max(Value),sum(Value) FROM DBdata WHERE ((State = 'Maryland' AND City = 'Aberdeen')) AND ((Polluted_element = 'Soil' AND Type_of_pollution = 'Inorganic Fertilizers') OR (Polluted_element = 'Soil' AND Type_of_pollution = 'Industrial') OR (Polluted_element = 'Soil' AND Type_of_pollution = 'Inferior Irrigation') OR (Polluted_element = 'Air' AND Type_of_pollution = 'Light'))",
 "sqlResult": "{92.11 | 190.42}",
 "nlq": "What are the maximum and total evolutions of Industrial, Inferior Irrigation, Inorganic Fertilizers, or Light pollution in Aberdeen, Maryland?"},
{"name": "template 8",
 "sql": "SELECT State,City,avg(Value),sum(Value) FROM DBdata WHERE ((State = 'Maryland' AND City = 'Baltimore') OR (State = 'Massachusetts' AND City = 'Lenox')) AND ((Polluted_element = 'Soil' AND Type_of_pollution = 'Industrial') OR (Polluted_element = 'Soil' AND Type_of_pollution = 'Inferior Irrigation') OR (Polluted_element = 'Air' AND Type_of_pollution = 'Thermal')) GROUP BY State,City",
 "sqlResult": "{Maryland | Baltimore | 32.62 | 97.86} || {Massachusetts | Lenox | 59.27 | 177.8}",
 "nlq": "What are the average and total evolutions for each State and City, of Industrial, Inferior Irrigation, or Thermal pollution in Baltimore, Maryland or Lenox, Massachusetts? Please, report the corresponding State and City."},
{"name": "template 9",
 "sql": "SELECT min(Value) FROM DBdata WHERE ((State = 'Massachusetts' AND City = 'Boston')) AND (Polluted_element IN ('Soil','Air')) GROUP BY Polluted_element",
 "sqlResult": "{-51.19} || {-99.11}",
 "nlq": "What is the minimum evolution of pollution for each Polluted element, of Air or Soil in Boston, Massachusetts?"},
{"name": "template 10",
 "sql": "SELECT Polluted_element,min(Value) FROM DBdata WHERE ((State = 'Massachusetts' AND City = 'Cambridge')) AND (Polluted_element IN ('Soil','Air')) GROUP BY Polluted_element",
 "sqlResult": "{Air | -1.45} || {Soil | -59.88}",
 "nlq": "What is the minimum evolution of pollution for each Polluted element, of Air or Soil in Cambridge, Massachusetts? Please, report the corresponding Polluted element."},
{"name": "template 11",
 "sql": "SELECT Polluted_element,State,City,min(Value) FROM DBdata WHERE ((State = 'Maryland' AND City = 'Baltimore') OR (State = 'Massachusetts' AND City = 'Lenox')) AND (Polluted_element IN ('Soil','Air')) GROUP BY Polluted_element,State,City",
 "sqlResult": "{Air | Maryland | Baltimore | 51} || {Air | Massachusetts | Lenox | 7.26} || {Soil | Maryland | Baltimore | -77.41} || {Soil | Massachusetts | Lenox | -36.09}",
 "nlq": "What is the minimum evolution of pollution for each Polluted element, State, and City, of Air or Soil in Baltimore, Maryland or Lenox, Massachusetts? Please, report the corresponding Polluted element, State, and City."},
{"name": "template 12",
 "sql": "SELECT Value FROM DBdata WHERE ((State = 'Maryland' AND City = 'Baltimore')) AND (Polluted_element IN ('Soil','Air')) ORDER BY VALUE ASC LIMIT 4",
 "sqlResult": "{-77.41} || {-71.3} || {-52.02} || {32.35}",
 "nlq": "What are the bottom 4 evolutions of pollution of Air or Soil in Baltimore, Maryland?"},
{"name": "template 13",
 "sql": "SELECT Value FROM DBdata WHERE ((State = 'Maryland' AND City = 'Aberdeen')) AND (Polluted_element IN ('Soil','Air')) ORDER BY VALUE ASC",
 "sqlResult": "{-64.23} || {-21.04} || {-6.17} || {28.83} || {62.54} || {64.58} || {75.65} || {92.11}",
 "nlq": "What are the evolutions ordered by increasing values of pollution of Air or Soil in Aberdeen, Maryland?"},
{"name": "template 14",
 "sql": "SELECT Polluted_element,Type_of_pollution FROM DBdata WHERE ((State = 'Massachusetts' AND City = 'Boston')) AND Value < 16.85",
 "sqlResult": "{Soil | Inorganic Fertilizers} || {Soil | Industrial} || {Air | Noise} || {Air | Light} || {Air | Thermal}",
 "nlq": "What are the Polluted element and Type of pollution for which the evolution in Boston, Massachusetts is lower than 16.85?"},
{"name": "template 15",
 "sql": "SELECT Polluted_element,Type_of_pollution,Value FROM DBdata WHERE ((State = 'Maryland' AND City = 'Columbia')) AND (Polluted_element,Type_of_pollution) IN (SELECT Polluted_element,Type_of_pollution FROM DBdata WHERE ((State = 'Massachusetts' AND City = 'Boston')) AND Value < 16.85)",
 "sqlResult": "{Soil | Inorganic Fertilizers | 88.39} || {Soil | Industrial | -95.83} || {Air | Noise | 80.13} || {Air | Light | 94.57} || {Air | Thermal | -59.82}",
 "nlq": "What is the evolution of pollution in Columbia, Maryland of Polluted element and of Type of pollution for which the evolution in Boston, Massachusetts is lower than 16.85? Please, report the corresponding Polluted element, Type of pollution, and evolution of pollution."}]
}
