State,City,Polluted element,Type of pollution,Value
State,City,Polluted_element,Type_of_pollution,Value
California,Berkeley,Water,Chemical,-1.69
California,Los-Angeles,Water,Chemical,62.94
Florida,Fort Lauderdale,Water,Chemical,3
Florida,Tampa,Water,Chemical,-96.9
California,Berkeley,Water,Groundwater,94.19
California,Los-Angeles,Water,Groundwater,51.53
Florida,Fort Lauderdale,Water,Groundwater,74.06
Florida,Tampa,Water,Groundwater,55.46
California,Berkeley,Water,Oxygen-depletion,-75.66
California,Los-Angeles,Water,Oxygen-depletion,87.85
Florida,Fort Lauderdale,Water,Oxygen-depletion,-83.63
Florida,Tampa,Water,Oxygen-depletion,-51.6
California,Berkeley,Water,Surface water,50.36
California,Los-Angeles,Water,Surface water,30.24
Florida,Fort Lauderdale,Water,Surface water,0.63
Florida,Tampa,Water,Surface water,-80.3
California,Berkeley,Soil,Inorganic Fertilizers,13.09
California,Los-Angeles,Soil,Inorganic Fertilizers,61.92
Florida,Fort Lauderdale,Soil,Inorganic Fertilizers,67.3
Florida,Tampa,Soil,Inorganic Fertilizers,58.57
California,Berkeley,Soil,Industrial,15.56
California,Los-Angeles,Soil,Industrial,68.17
Florida,Fort Lauderdale,Soil,Industrial,-79.2
Florida,Tampa,Soil,Industrial,-77.07
California,Berkeley,Soil,Inferior Irrigation,74.61
California,Los-Angeles,Soil,Inferior Irrigation,17.16
Florida,Fort Lauderdale,Soil,Inferior Irrigation,-5.67
Florida,Tampa,Soil,Inferior Irrigation,-0.69
California,Berkeley,Soil,Solid Waste,62.42
California,Los-Angeles,Soil,Solid Waste,-42.23
Florida,Fort Lauderdale,Soil,Solid Waste,-37.8
Florida,Tampa,Soil,Solid Waste,-51.13
California,Berkeley,Soil,Urban Activities,-39.38
California,Los-Angeles,Soil,Urban Activities,76.83
Florida,Fort Lauderdale,Soil,Urban Activities,23.32
Florida,Tampa,Soil,Urban Activities,-93.38
California,Berkeley,Air,Noise,-22.5
California,Los-Angeles,Air,Noise,55.51
Florida,Fort Lauderdale,Air,Noise,4.86
Florida,Tampa,Air,Noise,-1.04
California,Berkeley,Air,Light,36.81
California,Los-Angeles,Air,Light,-1.08
Florida,Fort Lauderdale,Air,Light,-43.68
Florida,Tampa,Air,Light,-80.34
California,Berkeley,Air,Thermal,-5.69
California,Los-Angeles,Air,Thermal,-84.4
Florida,Fort Lauderdale,Air,Thermal,-31.79
Florida,Tampa,Air,Thermal,3.36
