AA,BB,CC,DD,Value
AA,BB,CC,DD,Value
AAnp,BBmy,CCms,DDhm,-69.5
AAnp,BBfy,CCms,DDhm,96.55
AAfm,BBlr,CCms,DDhm,-65.99
AAfm,BBhz,CCms,DDhm,42.25
AAnp,BBmy,CCms,DDmx,-18.19
AAnp,BBfy,CCms,DDmx,30.91
AAfm,BBlr,CCms,DDmx,63.4
AAfm,BBhz,CCms,DDmx,99.1
AAnp,BBmy,CCms,DDvw,8.49
AAnp,BBfy,CCms,DDvw,-57.24
AAfm,BBlr,CCms,DDvw,53.03
AAfm,BBhz,CCms,DDvw,-19.42
AAnp,BBmy,CCms,DDty,97.17
AAnp,BBfy,CCms,DDty,-74.19
AAfm,BBlr,CCms,DDty,11.95
AAfm,BBhz,CCms,DDty,-44.59
AAnp,BBmy,CCbm,DDrv,-41.67
AAnp,BBfy,CCbm,DDrv,5.21
AAfm,BBlr,CCbm,DDrv,-8.13
AAfm,BBhz,CCbm,DDrv,-28.49
AAnp,BBmy,CCbm,DDcm,46.5
AAnp,BBfy,CCbm,DDcm,-5.27
AAfm,BBlr,CCbm,DDcm,71.32
AAfm,BBhz,CCbm,DDcm,96.5
AAnp,BBmy,CCbm,DDcn,14.94
AAnp,BBfy,CCbm,DDcn,79.39
AAfm,BBlr,CCbm,DDcn,52.51
AAfm,BBhz,CCbm,DDcn,59.13
AAnp,BBmy,CCbm,DDdj,20.98
AAnp,BBfy,CCbm,DDdj,10.45
AAfm,BBlr,CCbm,DDdj,-3.77
AAfm,BBhz,CCbm,DDdj,76.65
AAnp,BBmy,CCbm,DDps,-12.84
AAnp,BBfy,CCbm,DDps,-85.8
AAfm,BBlr,CCbm,DDps,34.85
AAfm,BBhz,CCbm,DDps,-58.1
AAnp,BBmy,CCtv,DDln,84.32
AAnp,BBfy,CCtv,DDln,89.1
AAfm,BBlr,CCtv,DDln,-58.81
AAfm,BBhz,CCtv,DDln,-80.17
AAnp,BBmy,CCtv,DDfr,69.26
AAnp,BBfy,CCtv,DDfr,75.41
AAfm,BBlr,CCtv,DDfr,68.84
AAfm,BBhz,CCtv,DDfr,-96.62

