{
"filename": "Evolution_of_pollution_in_percent_set360_5_DB.csv",
"questions": [{"name": "template 1",
 "sql": "SELECT Value FROM DBdata WHERE ((AA = 'AAbkm' AND BB = 'BBkmw' AND CC = 'CCchp')) AND ((DD = 'DDktz' AND EE = 'EEdjn'))",
 "sqlResult": "{25.68}",
 "nlq": "What is the evolution of EEdjn pollution in BBkmw, AAbkm in CCchp?"},
{"name": "template 2",
 "sql": "SELECT Value FROM DBdata WHERE ((AA = 'AAlnt' AND BB = 'BBdqv' AND CC = 'CCklp')) AND ((DD = 'DDdnv' AND EE = 'EEhpr') OR (DD = 'DDdnv' AND EE = 'EEqvw') OR (DD = 'DDdnv' AND EE = 'EEdmt') OR (DD = 'DDktz' AND EE = 'EEdjn') OR (DD = 'DDktz' AND EE = 'EEltx'))",
 "sqlResult": "{-1.29} || {96.05} || {-70.65} || {55.46} || {89.42}",
 "nlq": "What is the evolution of EEqvw, EEhpr, EEdjn, EEdmt, or EEltx pollution in BBdqv, AAlnt in CCklp?"},
{"name": "template 3",
 "sql": "SELECT Value FROM DBdata WHERE ((AA = 'AAkty' AND BB = 'BBbwz' AND CC = 'CCjkz') OR (AA = 'AAlnt' AND BB = 'BBjlw' AND CC = 'CCchp') OR (AA = 'AAlnt' AND BB = 'BBdqv' AND CC = 'CCklp')) AND ((DD = 'DDdnv' AND EE = 'EEdmt'))",
 "sqlResult": "{-20.58} || {94.79} || {-70.65}",
 "nlq": "What is the evolution of EEdmt pollution in BBdqv, AAlnt in CCklp or BBbwz, AAkty in CCjkz or BBjlw, AAlnt in CCchp?"},
{"name": "template 4",
 "sql": "SELECT max(Value),sum(Value) FROM DBdata WHERE ((AA = 'AAbkm' AND BB = 'BBkmw' AND CC = 'CCjkz') OR (AA = 'AAlnt' AND BB = 'BBmvy' AND CC = 'CCchp') OR (AA = 'AAbkm' AND BB = 'BBkmw' AND CC = 'CCchp') OR (AA = 'AAlnt' AND BB = 'BBdqv' AND CC = 'CCklp') OR (AA = 'AAbkm' AND BB = 'BBkmw' AND CC = 'CCklp')) AND ((DD = 'DDktz' AND EE = 'EEdjn'))",
 "sqlResult": "{55.46 | -40.56}",
 "nlq": "What are the maximum and total evolutions of EEdjn pollution in BBkmw, AAbkm in CCjkz, CCchp, or CCklp or BBmvy, AAlnt in CCchp or BBdqv, AAlnt in CCklp?"},
{"name": "template 5",
 "sql": "SELECT avg(Value) FROM DBdata WHERE AA = 'AAkty' AND (BB IN ('BBbqv','BBcdh','BBbwz')) AND ((DD = 'DDdnv' AND EE = 'EEhpr'))",
 "sqlResult": "{32.21}",
 "nlq": "What is the average evolution of EEhpr pollution in BBbqv, BBcdh, or BBbwz, AAkty?"},
{"name": "template 6",
 "sql": "SELECT Value FROM DBdata WHERE ((AA = 'AAlnt' AND BB = 'BBdqv' AND CC = 'CCjkz') OR (AA = 'AAbkm' AND BB = 'BBbpx' AND CC = 'CCjkz')) AND ((DD = 'DDdnv' AND EE = 'EEhpr') OR (DD = 'DDdnv' AND EE = 'EEqwy') OR (DD = 'DDdnv' AND EE = 'EEdmt') OR (DD = 'DDktz' AND EE = 'EEdnw'))",
 "sqlResult": "{-5.56} || {-85.73} || {-75.54} || {-90.36} || {41.97} || {31.37} || {-53.3} || {52.02}",
 "nlq": "What is the evolution of EEqwy, EEhpr, EEdnw, or EEdmt pollution in BBdqv, AAlnt or BBbpx, AAbkm in CCjkz?"},
{"name": "template 7",
 "sql": "SELECT sum(Value),avg(Value) FROM DBdata WHERE ((AA = 'AAlnt' AND BB = 'BBmvy' AND CC = 'CCjkz')) AND ((DD = 'DDdnv' AND EE = 'EEhpr') OR (DD = 'DDdnv' AND EE = 'EEqvw') OR (DD = 'DDktz' AND EE = 'EEdjn'))",
 "sqlResult": "{-13.27 | -4.42}",
 "nlq": "What are the total and average evolutions of EEqvw, EEhpr, or EEdjn pollution in BBmvy, AAlnt in CCjkz?"},
{"name": "template 8",
 "sql": "SELECT AA,BB,CC,min(Value),max(Value) FROM DBdata WHERE ((AA = 'AAlnt' AND BB = 'BBmvy' AND CC = 'CCjkz') OR (AA = 'AAlnt' AND BB = 'BBdqv' AND CC = 'CCchp') OR (AA = 'AAlnt' AND BB = 'BBmvy' AND CC = 'CCklp') OR (AA = 'AAbkm' AND BB = 'BBbpx' AND CC = 'CCklp')) AND ((DD = 'DDdnv' AND EE = 'EEqvw') OR (DD = 'DDdnv' AND EE = 'EEdmt') OR (DD = 'DDdnv' AND EE = 'EEfjx') OR (DD = 'DDktz' AND EE = 'EEdnw')) GROUP BY AA,BB,CC",
 "sqlResult": "{AAlnt | BBmvy | CCjkz | -78.82 | 87.43} || {AAlnt | BBmvy | CCklp | -66.4 | 37.63} || {AAlnt | BBdqv | CCchp | -45.23 | 28.61} || {AAbkm | BBbpx | CCklp | 4 | 69.98}",
 "nlq": "What are the minimum and maximum evolutions for each AA, BB, and CC, of EEqvw, EEdnw, EEdmt, or EEfjx pollution in BBmvy, AAlnt in CCjkz or CCklp or BBbpx, AAbkm in CCklp or BBdqv, AAlnt in CCchp? Please, report the corresponding AA, BB, and CC."},
{"name": "template 9",
 "sql": "SELECT min(Value) FROM DBdata WHERE ((AA = 'AAlnt' AND BB = 'BBdqv' AND CC = 'CCklp')) AND (DD IN ('DDdnv','DDktz')) GROUP BY DD",
 "sqlResult": "{-86.17} || {-70.65}",
 "nlq": "What is the minimum evolution of pollution for each DD, of DDktz or DDdnv in BBdqv, AAlnt in CCklp?"},
{"name": "template 10",
 "sql": "SELECT DD,avg(Value) FROM DBdata WHERE ((AA = 'AAlnt' AND BB = 'BBjlw' AND CC = 'CCjkz')) AND (DD IN ('DDdnv','DDktz')) GROUP BY DD",
 "sqlResult": "{DDktz | 29.41} || {DDdnv | 4.87}",
 "nlq": "What is the average evolution of pollution for each DD, of DDktz or DDdnv in BBjlw, AAlnt in CCjkz? Please, report the corresponding DD."},
{"name": "template 11",
 "sql": "SELECT DD,AA,BB,CC,sum(Value) FROM DBdata WHERE ((AA = 'AAbkm' AND BB = 'BBkmw' AND CC = 'CCjkz') OR (AA = 'AAlnt' AND BB = 'BBmvy' AND CC = 'CCchp')) AND (DD IN ('DDdnv','DDktz')) GROUP BY DD,AA,BB,CC",
 "sqlResult": "{DDktz | AAlnt | BBmvy | CCchp | -85.21} || {DDktz | AAbkm | BBkmw | CCjkz | -15.01} || {DDdnv | AAlnt | BBmvy | CCchp | -31.94} || {DDdnv | AAbkm | BBkmw | CCjkz | 29.79}",
 "nlq": "What is the total evolution of pollution for each DD, AA, BB, and CC, of DDktz or DDdnv in BBkmw, AAbkm in CCjkz or BBmvy, AAlnt in CCchp? Please, report the corresponding DD, AA, BB, and CC."},
{"name": "template 12",
 "sql": "SELECT Value FROM DBdata WHERE ((AA = 'AAkty' AND BB = 'BBbwz' AND CC = 'CCchp')) AND (DD IN ('DDdnv','DDktz')) ORDER BY VALUE DESC LIMIT 3",
 "sqlResult": "{77.59} || {37.16} || {24.18}",
 "nlq": "What are the top 3 evolutions of pollution of DDktz or DDdnv in BBbwz, AAkty in CCchp?"},
{"name": "template 13",
 "sql": "SELECT Value FROM DBdata WHERE ((AA = 'AAlnt' AND BB = 'BBjlw' AND CC = 'CCjkz')) AND (DD IN ('DDdnv','DDktz')) ORDER BY VALUE DESC",
 "sqlResult": "{85.99} || {55.09} || {46.49} || {30.51} || {24.86} || {11.9} || {-44.25} || {-98.01}",
 "nlq": "What are the evolutions ordered by decreasing values of pollution of DDktz or DDdnv in BBjlw, AAlnt in CCjkz?"},
{"name": "template 14",
 "sql": "SELECT DD,EE FROM DBdata WHERE ((AA = 'AAbkm' AND BB = 'BBkmw' AND CC = 'CCjkz')) AND Value < 2.23",
 "sqlResult": "{DDdnv | EEqvw} || {DDdnv | EEqwy} || {DDktz | EEltx}",
 "nlq": "What are the DD and EE for which the evolution in BBkmw, AAbkm in CCjkz is lower than 2.23?"},
{"name": "template 15",
 "sql": "SELECT DD,EE,Value FROM DBdata WHERE ((AA = 'AAbkm' AND BB = 'BBbpx' AND CC = 'CCjkz')) AND (DD,EE) IN (SELECT DD,EE FROM DBdata WHERE ((AA = 'AAbkm' AND BB = 'BBkmw' AND CC = 'CCjkz')) AND Value < 2.23)",
 "sqlResult": "{DDdnv | EEqvw | 32.1} || {DDdnv | EEqwy | -90.36} || {DDktz | EEltx | 18.97}",
 "nlq": "What is the evolution of pollution in BBbpx, AAbkm in CCjkz of DD and of EE for which the evolution in BBkmw, AAbkm in CCjkz is lower than 2.23? Please, report the corresponding DD, EE, and evolution of pollution."}]
}

