AA,BB,CC,DD,Value
AA,BB,CC,DD,Value
AApv,BBbp,CCcr,DDnr,-11.95
AApv,BBbq,CCcr,DDnr,15.25
AApv,BBjw,CCcr,DDnr,-2.88
AAnz,BBft,CCcr,DDnr,-86.16
AAnz,BBcd,CCcr,DDnr,99.98
AApv,BBbp,CCcr,DDpr,-56.71
AApv,BBbq,CCcr,DDpr,-39.18
AApv,BBjw,CCcr,DDpr,-17.88
AAnz,BBft,CCcr,DDpr,-90.16
AAnz,BBcd,CCcr,DDpr,-71.63
AApv,BBbp,CCcr,DDps,32.43
AApv,BBbq,CCcr,DDps,-74.17
AApv,BBjw,CCcr,DDps,78.21
AAnz,BBft,CCcr,DDps,69.54
AAnz,BBcd,CCcr,DDps,-14.55
AApv,BBbp,CCcr,DDnx,-32.08
AApv,BBbq,CCcr,DDnx,-33.17
AApv,BBjw,CCcr,DDnx,17.1
AAnz,BBft,CCcr,DDnx,-21.51
AAnz,BBcd,CCcr,DDnx,-74.37
AApv,BBbp,CChn,DDfm,42.67
AApv,BBbq,CChn,DDfm,-34.87
AApv,BBjw,CChn,DDfm,92.96
AAnz,BBft,CChn,DDfm,8.19
AAnz,BBcd,CChn,DDfm,-36.03
AApv,BBbp,CChn,DDcg,-14.31
AApv,BBbq,CChn,DDcg,18.01
AApv,BBjw,CChn,DDcg,-33.83
AAnz,BBft,CChn,DDcg,31.2
AAnz,BBcd,CChn,DDcg,89.25
AApv,BBbp,CChn,DDfw,-18.2
AApv,BBbq,CChn,DDfw,75.6
AApv,BBjw,CChn,DDfw,49.7
AAnz,BBft,CChn,DDfw,1.6
AAnz,BBcd,CChn,DDfw,-52.42

