{
"filename": "Evolution_of_pollution_in_percent_set4_2_DB.csv",
"questions": [{"name": "template 1",
 "sql": "SELECT Value FROM DBdata WHERE ((AA = 'AAjn' AND BB = 'BBfw')) AND ((CC = 'CCbt' AND DD = 'DDcq'))",
 "sqlResult": "{-66.3}",
 "nlq": "What is the evolution of DDcq pollution in BBfw, AAjn?"},
{"name": "template 2",
 "sql": "SELECT Value FROM DBdata WHERE ((AA = 'AAqt' AND BB = 'BBbv')) AND ((CC = 'CCbw' AND DD = 'DDvw') OR (CC = 'CCbw' AND DD = 'DDmt') OR (CC = 'CCbt' AND DD = 'DDjx') OR (CC = 'CCbt' AND DD = 'DDcq') OR (CC = 'CCbt' AND DD = 'DDjv') OR (CC = 'CCbt' AND DD = 'DDfj'))",
 "sqlResult": "{26.76} || {23.62} || {60.63} || {-44.87} || {89.7} || {46.87}",
 "nlq": "What is the evolution of DDcq, DDjv, DDjx, DDvw, DDfj, or DDmt pollution in BBbv, AAqt?"},
{"name": "template 3",
 "sql": "SELECT Value FROM DBdata WHERE ((AA = 'AAqt' AND BB = 'BBxz') OR (AA = 'AAlw' AND BB = 'Boulder BB') OR (AA = 'AAlw' AND BB = 'BBgn') OR (AA = 'AAjn' AND BB = 'BBfw')) AND ((CC = 'CCbt' AND DD = 'DDfj'))",
 "sqlResult": "{-56.2} || {88.84} || {-4.4} || {-76.24}",
 "nlq": "What is the evolution of DDfj pollution in Boulder BB or BBgn, AAlw or BBfw, AAjn or BBxz, AAqt?"},
{"name": "template 4",
 "sql": "SELECT max(Value),min(Value) FROM DBdata WHERE ((AA = 'AAqt' AND BB = 'BBxz') OR (AA = 'AAjn' AND BB = 'BBfw')) AND ((CC = 'CCbt' AND DD = 'DDcq'))",
 "sqlResult": "{60.37 | -66.3}",
 "nlq": "What are the maximum and minimum evolutions of DDcq pollution in BBfw, AAjn or BBxz, AAqt?"},
{"name": "template 6",
 "sql": "SELECT Value FROM DBdata WHERE ((AA = 'AAqt' AND BB = 'BBxz') OR (AA = 'AAlw' AND BB = 'Boulder BB')) AND ((CC = 'CCbw' AND DD = 'DDmt') OR (CC = 'CCbt' AND DD = 'DDjx') OR (CC = 'CCbt' AND DD = 'DDcq'))",
 "sqlResult": "{-50.6} || {91.39} || {-47.64} || {20.15} || {60.37} || {50.41}",
 "nlq": "What is the evolution of DDcq, DDjx, or DDmt pollution in Boulder BB, AAlw or BBxz, AAqt?"},
{"name": "template 7",
 "sql": "SELECT min(Value),max(Value) FROM DBdata WHERE ((AA = 'AAlw' AND BB = 'BBmq')) AND ((CC = 'CCbt' AND DD = 'DDjx') OR (CC = 'CCbt' AND DD = 'DDjv') OR (CC = 'CCbt' AND DD = 'DDfj'))",
 "sqlResult": "{5.25 | 29.78}",
 "nlq": "What are the minimum and maximum evolutions of DDjv, DDjx, or DDfj pollution in BBmq, AAlw?"},
{"name": "template 8",
 "sql": "SELECT AA,BB,min(Value),avg(Value) FROM DBdata WHERE ((AA = 'AAqt' AND BB = 'BBxz') OR (AA = 'AAlw' AND BB = 'BBgn')) AND ((CC = 'CCbw' AND DD = 'DDvw') OR (CC = 'CCbt' AND DD = 'DDjx') OR (CC = 'CCbt' AND DD = 'DDcq') OR (CC = 'CCbt' AND DD = 'DDjv')) GROUP BY AA,BB",
 "sqlResult": "{AAqt | BBxz | -47.64 | 20.56} || {AAlw | BBgn | -85.92 | 17.94}",
 "nlq": "What are the minimum and average evolutions for each AA and BB, of DDcq, DDjv, DDjx, or DDvw pollution in BBgn, AAlw or BBxz, AAqt? Please, report the corresponding AA and BB."},
{"name": "template 9",
 "sql": "SELECT min(Value) FROM DBdata WHERE ((AA = 'AAlw' AND BB = 'Boulder BB')) AND (CC IN ('CCbw','CCbt')) GROUP BY CC",
 "sqlResult": "{20.15} || {-48.28}",
 "nlq": "What is the minimum evolution of pollution for each CC, of CCbt or CCbw in Boulder BB, AAlw?"},
{"name": "template 10",
 "sql": "SELECT CC,max(Value) FROM DBdata WHERE ((AA = 'AAlw' AND BB = 'BBmq')) AND (CC IN ('CCbw','CCbt')) GROUP BY CC",
 "sqlResult": "{CCbt | 29.78} || {CCbw | 15.09}",
 "nlq": "What is the maximum evolution of pollution for each CC, of CCbt or CCbw in BBmq, AAlw? Please, report the corresponding CC."},
{"name": "template 11",
 "sql": "SELECT CC,AA,BB,max(Value) FROM DBdata WHERE ((AA = 'AAqt' AND BB = 'BBbv') OR (AA = 'AAlw' AND BB = 'BBmq')) AND (CC IN ('CCbw','CCbt')) GROUP BY CC,AA,BB",
 "sqlResult": "{CCbt | AAqt | BBbv | 89.7} || {CCbt | AAlw | BBmq | 29.78} || {CCbw | AAqt | BBbv | 26.76} || {CCbw | AAlw | BBmq | 15.09}",
 "nlq": "What is the maximum evolution of pollution for each CC, AA, and BB, of CCbt or CCbw in BBbv, AAqt or BBmq, AAlw? Please, report the corresponding CC, AA, and BB."},
{"name": "template 12",
 "sql": "SELECT Value FROM DBdata WHERE ((AA = 'AAqt' AND BB = 'BBxz')) AND (CC IN ('CCbw','CCbt')) ORDER BY VALUE ASC LIMIT 5",
 "sqlResult": "{-91.07} || {-56.2} || {-50.6} || {-47.64} || {21.5}",
 "nlq": "What are the bottom 5 evolutions of pollution of CCbt or CCbw in BBxz, AAqt?"},
{"name": "template 13",
 "sql": "SELECT Value FROM DBdata WHERE ((AA = 'AAlw' AND BB = 'BBgn')) AND (CC IN ('CCbw','CCbt')) ORDER BY VALUE ASC",
 "sqlResult": "{-85.92} || {-4.4} || {10.9} || {14.91} || {20.45} || {71.37} || {75.39}",
 "nlq": "What are the evolutions ordered by increasing values of pollution of CCbt or CCbw in BBgn, AAlw?"},
{"name": "template 14",
 "sql": "SELECT CC,DD FROM DBdata WHERE ((AA = 'AAjn' AND BB = 'BBfw')) AND Value > 6.99",
 "sqlResult": "{CCbw | DDfq} || {CCbw | DDvw} || {CCbw | DDmt} || {CCbt | DDjv}",
 "nlq": "What are the CC and DD for which the evolution in BBfw, AAjn is greater than 6.99?"},
{"name": "template 15",
 "sql": "SELECT CC,DD,Value FROM DBdata WHERE ((AA = 'AAqt' AND BB = 'BBbv')) AND (CC,DD) IN (SELECT CC,DD FROM DBdata WHERE ((AA = 'AAjn' AND BB = 'BBfw')) AND Value > 6.99)",
 "sqlResult": "{CCbw | DDfq | -53.05} || {CCbw | DDvw | 26.76} || {CCbw | DDmt | 23.62} || {CCbt | DDjv | 89.7}",
 "nlq": "What is the evolution of pollution in BBbv, AAqt of CC and of DD for which the evolution in BBfw, AAjn is greater than 6.99? Please, report the corresponding CC, DD, and evolution of pollution."}]
}

