AA,BB,CC,DD,Value
AA,BB,CC,DD,Value
AAtwz,BBgyz,CCcwy,DDdlt,-55.34
AAtwz,BBfmp,CCcwy,DDdlt,-78.7
AAtwz,BBlqz,CCcwy,DDdlt,19.14
AAsty,Boulder BB,CCcwy,DDdlt,40.35
AAsty,BBqry,CCcwy,DDdlt,91.89
AAsty,BBbhx,CCcwy,DDdlt,8.12
AAnpv,BBfqz,CCcwy,DDdlt,-63.93
AAnpv,BBgkw,CCcwy,DDdlt,69.05
AAnpv,BBbsx,CCcwy,DDdlt,24.69
AAtwz,BBgyz,CCcwy,DDhky,83.69
AAtwz,BBfmp,CCcwy,DDhky,-94.5
AAtwz,BBlqz,CCcwy,DDhky,-38.22
AAsty,Boulder BB,CCcwy,DDhky,31.13
AAsty,BBqry,CCcwy,DDhky,85.82
AAsty,BBbhx,CCcwy,DDhky,-32.15
AAnpv,BBfqz,CCcwy,DDhky,-24.83
AAnpv,BBgkw,CCcwy,DDhky,90.61
AAnpv,BBbsx,CCcwy,DDhky,-91.35
AAtwz,BBgyz,CCcwy,DDhkr,62.42
AAtwz,BBfmp,CCcwy,DDhkr,11.3
AAtwz,BBlqz,CCcwy,DDhkr,-69.03
AAsty,Boulder BB,CCcwy,DDhkr,-19.23
AAsty,BBqry,CCcwy,DDhkr,21.06
AAsty,BBbhx,CCcwy,DDhkr,14.3
AAnpv,BBfqz,CCcwy,DDhkr,-83.68
AAnpv,BBgkw,CCcwy,DDhkr,-92.78
AAnpv,BBbsx,CCcwy,DDhkr,-83.06
AAtwz,BBgyz,CCcwy,DDnvz,-13.85
AAtwz,BBfmp,CCcwy,DDnvz,-97.99
AAtwz,BBlqz,CCcwy,DDnvz,-90.14
AAsty,Boulder BB,CCcwy,DDnvz,-57.98
AAsty,BBqry,CCcwy,DDnvz,96.1
AAsty,BBbhx,CCcwy,DDnvz,88.53
AAnpv,BBfqz,CCcwy,DDnvz,81.37
AAnpv,BBgkw,CCcwy,DDnvz,-21.33
AAnpv,BBbsx,CCcwy,DDnvz,29.62
AAtwz,BBgyz,CCbcv,DDfrv,92.87
AAtwz,BBfmp,CCbcv,DDfrv,-94.34
AAtwz,BBlqz,CCbcv,DDfrv,-68.89
AAsty,Boulder BB,CCbcv,DDfrv,22.59
AAsty,BBqry,CCbcv,DDfrv,-68.41
AAsty,BBbhx,CCbcv,DDfrv,-81.41
AAnpv,BBfqz,CCbcv,DDfrv,-73.89
AAnpv,BBgkw,CCbcv,DDfrv,-12.64
AAnpv,BBbsx,CCbcv,DDfrv,42.11
AAtwz,BBgyz,CCbcv,DDfgw,-28.36
AAtwz,BBfmp,CCbcv,DDfgw,23.11
AAtwz,BBlqz,CCbcv,DDfgw,-57.89
AAsty,Boulder BB,CCbcv,DDfgw,40.3
AAsty,BBqry,CCbcv,DDfgw,-52.91
AAsty,BBbhx,CCbcv,DDfgw,30.21
AAnpv,BBfqz,CCbcv,DDfgw,73.17
AAnpv,BBgkw,CCbcv,DDfgw,-27.6
AAnpv,BBbsx,CCbcv,DDfgw,44
AAtwz,BBgyz,CCbcv,DDpsx,-23.07
AAtwz,BBfmp,CCbcv,DDpsx,-3.24
AAtwz,BBlqz,CCbcv,DDpsx,16.06
AAsty,Boulder BB,CCbcv,DDpsx,25.51
AAsty,BBqry,CCbcv,DDpsx,32.96
AAsty,BBbhx,CCbcv,DDpsx,-33.91
AAnpv,BBfqz,CCbcv,DDpsx,-68.68
AAnpv,BBgkw,CCbcv,DDpsx,34.06
AAnpv,BBbsx,CCbcv,DDpsx,-6.78
AAtwz,BBgyz,CCmwy,DDdgx,53.72
AAtwz,BBfmp,CCmwy,DDdgx,74.89
AAtwz,BBlqz,CCmwy,DDdgx,94.02
AAsty,Boulder BB,CCmwy,DDdgx,-56.26
AAsty,BBqry,CCmwy,DDdgx,35.2
AAsty,BBbhx,CCmwy,DDdgx,-9.41
AAnpv,BBfqz,CCmwy,DDdgx,7.05
AAnpv,BBgkw,CCmwy,DDdgx,-0.81
AAnpv,BBbsx,CCmwy,DDdgx,-50.86
AAtwz,BBgyz,CCmwy,DDntv,-51.78
AAtwz,BBfmp,CCmwy,DDntv,72.38
AAtwz,BBlqz,CCmwy,DDntv,-70.73
AAsty,Boulder BB,CCmwy,DDntv,42.88
AAsty,BBqry,CCmwy,DDntv,14.86
AAsty,BBbhx,CCmwy,DDntv,-19.65
AAnpv,BBfqz,CCmwy,DDntv,-50.74
AAnpv,BBgkw,CCmwy,DDntv,-88.03
AAnpv,BBbsx,CCmwy,DDntv,-75.35
AAtwz,BBgyz,CCmwy,DDhsx,86.95
AAtwz,BBfmp,CCmwy,DDhsx,-58.11
AAtwz,BBlqz,CCmwy,DDhsx,-79.57
AAsty,Boulder BB,CCmwy,DDhsx,-66.64
AAsty,BBqry,CCmwy,DDhsx,2.72
AAsty,BBbhx,CCmwy,DDhsx,-77.18
AAnpv,BBfqz,CCmwy,DDhsx,41.66
AAnpv,BBgkw,CCmwy,DDhsx,-17.7
AAnpv,BBbsx,CCmwy,DDhsx,-24.02

