State,City,Polluted element,Type of pollution,Value
State,City,Polluted_element,Type_of_pollution,Value
Minnesota,Minneapolis,Water,Groundwater,69.19
Minnesota,Rochester,Water,Groundwater,18.71
Nevada,Boulder City,Water,Groundwater,-45.05
Nevada,Las Vegas,Water,Groundwater,3.62
Minnesota,Minneapolis,Water,Oxygen-depletion,64.09
Minnesota,Rochester,Water,Oxygen-depletion,25.6
Nevada,Boulder City,Water,Oxygen-depletion,36.99
Nevada,Las Vegas,Water,Oxygen-depletion,-37.05
Minnesota,Minneapolis,Water,Surface water,60.28
Minnesota,Rochester,Water,Surface water,-39.71
Nevada,Boulder City,Water,Surface water,-45.17
Nevada,Las Vegas,Water,Surface water,-72.14
Minnesota,Minneapolis,Soil,Inferior Irrigation,24.2
Minnesota,Rochester,Soil,Inferior Irrigation,-77.62
Nevada,Boulder City,Soil,Inferior Irrigation,-22.72
Nevada,Las Vegas,Soil,Inferior Irrigation,17.28
Minnesota,Minneapolis,Soil,Solid Waste,-70.47
Minnesota,Rochester,Soil,Solid Waste,88.49
Nevada,Boulder City,Soil,Solid Waste,76.68
Nevada,Las Vegas,Soil,Solid Waste,55.77
