AA,BB,CC,DD,Value
AA,BB,CC,DD,Value
AAcm,BBmt,CCcr,DDfk,19.07
AAcm,BBdz,CCcr,DDfk,72.34
AAbx,BBfv,CCcr,DDfk,-29.81
AAbx,BBmp,CCcr,DDfk,-6.1
AAcm,BBmt,CCcr,DDjx,93.75
AAcm,BBdz,CCcr,DDjx,23.24
AAbx,BBfv,CCcr,DDjx,49.98
AAbx,BBmp,CCcr,DDjx,23.79
AAcm,BBmt,CCcr,DDrv,-16.08
AAcm,BBdz,CCcr,DDrv,34.67
AAbx,BBfv,CCcr,DDrv,-72.53
AAbx,BBmp,CCcr,DDrv,-79.48
AAcm,BBmt,CCby,DDfq,70.31
AAcm,BBdz,CCby,DDfq,92.59
AAbx,BBfv,CCby,DDfq,37.45
AAbx,BBmp,CCby,DDfq,-74.98
AAcm,BBmt,CCby,DDkp,38.05
AAcm,BBdz,CCby,DDkp,89.3
AAbx,BBfv,CCby,DDkp,30.84
AAbx,BBmp,CCby,DDkp,62.27
AAcm,BBmt,CCmw,DDqx,-23.03
AAcm,BBdz,CCmw,DDqx,4.67
AAbx,BBfv,CCmw,DDqx,23.54
AAbx,BBmp,CCmw,DDqx,-84.3
AAcm,BBmt,CCmw,DDrw,10.78
AAcm,BBdz,CCmw,DDrw,-9.35
AAbx,BBfv,CCmw,DDrw,-15.74
AAbx,BBmp,CCmw,DDrw,-29.38

