{
"filename": "Evolution_of_pollution_in_percent_set9_1_DB.csv",
"questions": [{"name": "template 1",
 "sql": "SELECT Value FROM DBdata WHERE ((AA = 'AAcrz' AND BB = 'BBnxy')) AND ((CC = 'CClpt' AND DD = 'DDjmx'))",
 "sqlResult": "{62.02}",
 "nlq": "What is the evolution of DDjmx pollution in BBnxy, AAcrz?"},
{"name": "template 2",
 "sql": "SELECT Value FROM DBdata WHERE ((AA = 'AAdns' AND BB = 'BBdwz')) AND ((CC = 'CCdfz' AND DD = 'DDcfn') OR (CC = 'CCdfz' AND DD = 'DDcjr') OR (CC = 'CCdfz' AND DD = 'DDgpv') OR (CC = 'CClpt' AND DD = 'DDjqy') OR (CC = 'CClpt' AND DD = 'DDvyz') OR (CC = 'CClpt' AND DD = 'DDfpz') OR (CC = 'CClpt' AND DD = 'DDjmx') OR (CC = 'CClty' AND DD = 'DDnqx') OR (CC = 'CClty' AND DD = 'DDfhs'))",
 "sqlResult": "{25.84} || {91.46} || {-0.36} || {-82.06} || {65.37} || {74.96} || {-62.88} || {-46.57} || {-93.67}",
 "nlq": "What is the evolution of DDcfn, DDjqy, DDvyz, DDfhs, DDnqx, DDcjr, DDfpz, DDgpv, or DDjmx pollution in BBdwz, AAdns?"},
{"name": "template 3",
 "sql": "SELECT Value FROM DBdata WHERE ((AA = 'AAdns' AND BB = 'BBdwz') OR (AA = 'AAdns' AND BB = 'BBfmz') OR (AA = 'AAltw' AND BB = 'BBfgw') OR (AA = 'AAltw' AND BB = 'BBcpv') OR (AA = 'AAcrz' AND BB = 'BBlpq') OR (AA = 'AAcrz' AND BB = 'BBcqw')) AND ((CC = 'CClpt' AND DD = 'DDjqy'))",
 "sqlResult": "{-82.06} || {-5.77} || {42.63} || {-14.79} || {-77.35} || {-43.35}",
 "nlq": "What is the evolution of DDjqy pollution in BBlpq or BBcqw, AAcrz or BBfgw or BBcpv, AAltw or BBdwz or BBfmz, AAdns?"},
{"name": "template 4",
 "sql": "SELECT min(Value),max(Value) FROM DBdata WHERE ((AA = 'AAdns' AND BB = 'BBdwz') OR (AA = 'AAdns' AND BB = 'BBfmz') OR (AA = 'AAltw' AND BB = 'BBcpv') OR (AA = 'AAltw' AND BB = 'BBfvy') OR (AA = 'AAcrz' AND BB = 'BBnxy') OR (AA = 'AAcrz' AND BB = 'BBlpq') OR (AA = 'AAcrz' AND BB = 'BBcqw')) AND ((CC = 'CClpt' AND DD = 'DDfpz'))",
 "sqlResult": "{-92.39 | 97.13}",
 "nlq": "What are the minimum and maximum evolutions of DDfpz pollution in BBnxy, BBlpq, or BBcqw, AAcrz or BBcpv or BBfvy, AAltw or BBdwz or BBfmz, AAdns?"},
{"name": "template 6",
 "sql": "SELECT Value FROM DBdata WHERE ((AA = 'AAdns' AND BB = 'BBdwz') OR (AA = 'AAdns' AND BB = 'BBfmz') OR (AA = 'AAltw' AND BB = 'BBcpv') OR (AA = 'AAcrz' AND BB = 'BBlpq')) AND ((CC = 'CCdfz' AND DD = 'DDcfn') OR (CC = 'CClpt' AND DD = 'DDjmx') OR (CC = 'CClty' AND DD = 'DDfhs'))",
 "sqlResult": "{25.84} || {85.9} || {96.76} || {-78.84} || {-62.88} || {-91.83} || {36.35} || {10.12} || {-93.67} || {84.23} || {49.27} || {67.22}",
 "nlq": "What is the evolution of DDcfn, DDfhs, or DDjmx pollution in BBlpq, AAcrz or BBcpv, AAltw or BBdwz or BBfmz, AAdns?"},
{"name": "template 7",
 "sql": "SELECT min(Value),avg(Value) FROM DBdata WHERE ((AA = 'AAcrz' AND BB = 'BBcqw')) AND ((CC = 'CCdfz' AND DD = 'DDcfn') OR (CC = 'CCdfz' AND DD = 'DDcjr') OR (CC = 'CClpt' AND DD = 'DDjqy') OR (CC = 'CClpt' AND DD = 'DDvyz') OR (CC = 'CClpt' AND DD = 'DDjmx'))",
 "sqlResult": "{-75.41 | -45.32}",
 "nlq": "What are the minimum and average evolutions of DDcfn, DDjqy, DDvyz, DDcjr, or DDjmx pollution in BBcqw, AAcrz?"},
{"name": "template 8",
 "sql": "SELECT AA,BB,sum(Value),max(Value) FROM DBdata WHERE ((AA = 'AAcrz' AND BB = 'BBnxy') OR (AA = 'AAcrz' AND BB = 'BBlpq')) AND ((CC = 'CCdfz' AND DD = 'DDcfn') OR (CC = 'CCdfz' AND DD = 'DDgpv') OR (CC = 'CClpt' AND DD = 'DDvyz')) GROUP BY AA,BB",
 "sqlResult": "{AAcrz | BBnxy | -77.67 | 36.07} || {AAcrz | BBlpq | -149.93 | -4.35}",
 "nlq": "What are the total and maximum evolutions for each AA and BB, of DDcfn, DDvyz, or DDgpv pollution in BBnxy or BBlpq, AAcrz? Please, report the corresponding AA and BB."},
{"name": "template 9",
 "sql": "SELECT min(Value) FROM DBdata WHERE ((AA = 'AAltw' AND BB = 'BBfgw')) AND (CC IN ('CCdfz','CClpt','CClty')) GROUP BY CC",
 "sqlResult": "{-61.08} || {-34.88} || {45.16}",
 "nlq": "What is the minimum evolution of pollution for each CC, of CClty, CClpt, or CCdfz in BBfgw, AAltw?"},
{"name": "template 10",
 "sql": "SELECT CC,max(Value) FROM DBdata WHERE ((AA = 'AAltw' AND BB = 'BBfgw')) AND (CC IN ('CCdfz','CClpt','CClty')) GROUP BY CC",
 "sqlResult": "{CClty | 96.59} || {CClpt | 70.63} || {CCdfz | 78.29}",
 "nlq": "What is the maximum evolution of pollution for each CC, of CClty, CClpt, or CCdfz in BBfgw, AAltw? Please, report the corresponding CC."},
{"name": "template 11",
 "sql": "SELECT CC,AA,BB,sum(Value) FROM DBdata WHERE ((AA = 'AAdns' AND BB = 'BBfmz') OR (AA = 'AAltw' AND BB = 'BBcpv') OR (AA = 'AAcrz' AND BB = 'BBlpq')) AND (CC IN ('CCdfz','CClpt','CClty')) GROUP BY CC,AA,BB",
 "sqlResult": "{CClty | AAdns | BBfmz | 2.06} || {CClty | AAltw | BBcpv | -33.26} || {CClty | AAcrz | BBlpq | -2.83} || {CClpt | AAdns | BBfmz | -157.74} || {CClpt | AAltw | BBcpv | 189.6} || {CClpt | AAcrz | BBlpq | -46.42} || {CCdfz | AAdns | BBfmz | 87.15} || {CCdfz | AAltw | BBcpv | 38.31} || {CCdfz | AAcrz | BBlpq | -129.5}",
 "nlq": "What is the total evolution of pollution for each CC, AA, and BB, of CClty, CClpt, or CCdfz in BBlpq, AAcrz or BBcpv, AAltw or BBfmz, AAdns? Please, report the corresponding CC, AA, and BB."},
{"name": "template 12",
 "sql": "SELECT Value FROM DBdata WHERE ((AA = 'AAcrz' AND BB = 'BBcqw')) AND (CC IN ('CCdfz','CClty')) ORDER BY VALUE ASC LIMIT 3",
 "sqlResult": "{-75.41} || {-44.3} || {-33.9}",
 "nlq": "What are the bottom 3 evolutions of pollution of CClty or CCdfz in BBcqw, AAcrz?"},
{"name": "template 13",
 "sql": "SELECT Value FROM DBdata WHERE ((AA = 'AAcrz' AND BB = 'BBcqw')) AND (CC IN ('CCdfz','CClty')) ORDER BY VALUE ASC",
 "sqlResult": "{-75.41} || {-44.3} || {-33.9} || {0.3} || {49.15}",
 "nlq": "What are the evolutions ordered by increasing values of pollution of CClty or CCdfz in BBcqw, AAcrz?"},
{"name": "template 14",
 "sql": "SELECT CC,DD FROM DBdata WHERE ((AA = 'AAdns' AND BB = 'BBfmz')) AND Value > 0.71",
 "sqlResult": "{CCdfz | DDcfn} || {CCdfz | DDcjr} || {CClpt | DDvyz} || {CClty | DDfhs}",
 "nlq": "What are the CC and DD for which the evolution in BBfmz, AAdns is greater than 0.71?"},
{"name": "template 15",
 "sql": "SELECT CC,DD,Value FROM DBdata WHERE ((AA = 'AAcrz' AND BB = 'BBnxy')) AND (CC,DD) IN (SELECT CC,DD FROM DBdata WHERE ((AA = 'AAdns' AND BB = 'BBfmz')) AND Value > 0.71)",
 "sqlResult": "{CCdfz | DDcfn | 36.07} || {CCdfz | DDcjr | 13.64} || {CClpt | DDvyz | -75.64} || {CClty | DDfhs | -6.16}",
 "nlq": "What is the evolution of pollution in BBnxy, AAcrz of CC and of DD for which the evolution in BBfmz, AAdns is greater than 0.71? Please, report the corresponding CC, DD, and evolution of pollution."}]
}

