{
"filename": "Evolution_of_pollution_in_percent_set8_4_DB.csv",
"questions": [{"name": "template 1",
 "sql": "SELECT Value FROM DBdata WHERE ((State = 'Georgia' AND City = 'Washington')) AND ((Polluted_element = 'Water' AND Type_of_pollution = 'Groundwater'))",
 "sqlResult": "{-94.23}",
 "nlq": "What is the evolution of Groundwater pollution in Washington, Georgia?"},
{"name": "template 2",
 "sql": "SELECT Value FROM DBdata WHERE ((State = 'Georgia' AND City = 'Albany')) AND ((Polluted_element = 'Water' AND Type_of_pollution = 'Groundwater') OR (Polluted_element = 'Water' AND Type_of_pollution = 'Oxygen-depletion'))",
 "sqlResult": "{-34.72} || {-76.07}",
 "nlq": "What is the evolution of Groundwater or Oxygen-depletion pollution in Albany, Georgia?"},
{"name": "template 3",
 "sql": "SELECT Value FROM DBdata WHERE ((State = 'Georgia' AND City = 'Albany') OR (State = 'Illinois' AND City = 'Chicago') OR (State = 'Illinois' AND City = 'Springfield')) AND ((Polluted_element = 'Water' AND Type_of_pollution = 'Groundwater'))",
 "sqlResult": "{-34.72} || {40.66} || {14.09}",
 "nlq": "What is the evolution of Groundwater pollution in Albany, Georgia or Chicago or Springfield, Illinois?"},
{"name": "template 4",
 "sql": "SELECT sum(Value),max(Value) FROM DBdata WHERE ((State = 'Georgia' AND City = 'Columbus') OR (State = 'Georgia' AND City = 'Washington') OR (State = 'Illinois' AND City = 'Chicago')) AND ((Polluted_element = 'Air' AND Type_of_pollution = 'Thermal'))",
 "sqlResult": "{90.87 | 96.52}",
 "nlq": "What are the total and maximum evolutions of Thermal pollution in Chicago, Illinois or Columbus or Washington, Georgia?"},
{"name": "template 6",
 "sql": "SELECT Value FROM DBdata WHERE ((State = 'Georgia' AND City = 'Columbus') OR (State = 'Illinois' AND City = 'Chicago')) AND ((Polluted_element = 'Water' AND Type_of_pollution = 'Groundwater') OR (Polluted_element = 'Soil' AND Type_of_pollution = 'Industrial') OR (Polluted_element = 'Soil' AND Type_of_pollution = 'Inferior Irrigation'))",
 "sqlResult": "{66.81} || {40.66} || {-0.14} || {-85.91} || {51.84} || {66.38}",
 "nlq": "What is the evolution of Groundwater, Industrial, or Inferior Irrigation pollution in Chicago, Illinois or Columbus, Georgia?"},
{"name": "template 7",
 "sql": "SELECT sum(Value),avg(Value) FROM DBdata WHERE ((State = 'Illinois' AND City = 'Springfield')) AND ((Polluted_element = 'Water' AND Type_of_pollution = 'Groundwater') OR (Polluted_element = 'Soil' AND Type_of_pollution = 'Industrial') OR (Polluted_element = 'Soil' AND Type_of_pollution = 'Solid Waste'))",
 "sqlResult": "{15.65 | 5.22}",
 "nlq": "What are the total and average evolutions of Groundwater, Industrial, or Solid Waste pollution in Springfield, Illinois?"},
{"name": "template 8",
 "sql": "SELECT State,City,min(Value),avg(Value) FROM DBdata WHERE ((State = 'Georgia' AND City = 'Albany') OR (State = 'Illinois' AND City = 'Springfield')) AND ((Polluted_element = 'Water' AND Type_of_pollution = 'Groundwater') OR (Polluted_element = 'Water' AND Type_of_pollution = 'Oxygen-depletion') OR (Polluted_element = 'Soil' AND Type_of_pollution = 'Industrial') OR (Polluted_element = 'Soil' AND Type_of_pollution = 'Solid Waste') OR (Polluted_element = 'Air' AND Type_of_pollution = 'Thermal')) GROUP BY State,City",
 "sqlResult": "{Georgia | Albany | -76.07 | 7.62} || {Illinois | Springfield | -43.16 | -10.02}",
 "nlq": "What are the minimum and average evolutions for each State and City, of Groundwater, Industrial, Oxygen-depletion, Solid Waste, or Thermal pollution in Albany, Georgia or Springfield, Illinois? Please, report the corresponding State and City."},
{"name": "template 9",
 "sql": "SELECT min(Value) FROM DBdata WHERE ((State = 'Georgia' AND City = 'Columbus')) AND (Polluted_element IN ('Water','Soil','Air')) GROUP BY Polluted_element",
 "sqlResult": "{-54.97} || {-47.57} || {-65.18}",
 "nlq": "What is the minimum evolution of pollution for each Polluted element, of Air, Soil, or Water in Columbus, Georgia?"},
{"name": "template 10",
 "sql": "SELECT Polluted_element,max(Value) FROM DBdata WHERE ((State = 'Georgia' AND City = 'Columbus')) AND (Polluted_element IN ('Water','Soil','Air')) GROUP BY Polluted_element",
 "sqlResult": "{Air | -41.46} || {Soil | 51.84} || {Water | 66.81}",
 "nlq": "What is the maximum evolution of pollution for each Polluted element, of Air, Soil, or Water in Columbus, Georgia? Please, report the corresponding Polluted element."},
{"name": "template 11",
 "sql": "SELECT Polluted_element,State,City,sum(Value) FROM DBdata WHERE ((State = 'Georgia' AND City = 'Washington') OR (State = 'Illinois' AND City = 'Chicago') OR (State = 'Illinois' AND City = 'Springfield')) AND (Polluted_element IN ('Water','Soil','Air')) GROUP BY Polluted_element,State,City",
 "sqlResult": "{Air | Georgia | Washington | 76.83} || {Air | Illinois | Chicago | 22.69} || {Air | Illinois | Springfield | 36.23} || {Soil | Georgia | Washington | 49.97} || {Soil | Illinois | Chicago | -24.3} || {Soil | Illinois | Springfield | -32.07} || {Water | Georgia | Washington | -60.44} || {Water | Illinois | Chicago | 31.38} || {Water | Illinois | Springfield | -28.13}",
 "nlq": "What is the total evolution of pollution for each Polluted element, State, and City, of Air, Soil, or Water in Chicago or Springfield, Illinois or Washington, Georgia? Please, report the corresponding Polluted element, State, and City."},
{"name": "template 12",
 "sql": "SELECT Value FROM DBdata WHERE ((State = 'Illinois' AND City = 'Springfield')) AND (Polluted_element IN ('Water','Air')) ORDER BY VALUE ASC LIMIT 2",
 "sqlResult": "{-42.22} || {-23.51}",
 "nlq": "What are the bottom 2 evolutions of pollution of Air or Water in Springfield, Illinois?"},
{"name": "template 13",
 "sql": "SELECT Value FROM DBdata WHERE ((State = 'Georgia' AND City = 'Albany')) AND (Polluted_element IN ('Water','Soil')) ORDER BY VALUE ASC",
 "sqlResult": "{-76.07} || {-34.72} || {41.62} || {65.5} || {75.07}",
 "nlq": "What are the evolutions ordered by increasing values of pollution of Soil or Water in Albany, Georgia?"},
{"name": "template 14",
 "sql": "SELECT Polluted_element,Type_of_pollution FROM DBdata WHERE ((State = 'Georgia' AND City = 'Washington')) AND Value > -2.59",
 "sqlResult": "{Water | Oxygen-depletion} || {Soil | Industrial} || {Soil | Solid Waste} || {Air | Thermal}",
 "nlq": "What are the Polluted element and Type of pollution for which the evolution in Washington, Georgia is greater than -2.59?"},
{"name": "template 15",
 "sql": "SELECT Polluted_element,Type_of_pollution,Value FROM DBdata WHERE ((State = 'Illinois' AND City = 'Springfield')) AND (Polluted_element,Type_of_pollution) IN (SELECT Polluted_element,Type_of_pollution FROM DBdata WHERE ((State = 'Georgia' AND City = 'Washington')) AND Value > -2.59)",
 "sqlResult": "{Water | Oxygen-depletion | -42.22} || {Soil | Industrial | 44.72} || {Soil | Solid Waste | -43.16} || {Air | Thermal | -23.51}",
 "nlq": "What is the evolution of pollution in Springfield, Illinois of Polluted element and of Type of pollution for which the evolution in Washington, Georgia is greater than -2.59? Please, report the corresponding Polluted element, Type of pollution, and evolution of pollution."}]
}
