AA,BB,CC,DD,Value
AA,BB,CC,DD,Value
AAkp,BBdx,CCfx,DDbh,-53.51
AAkp,BBrs,CCfx,DDbh,-76.97
AAqt,BBdq,CCfx,DDbh,36.32
AAqt,BBpw,CCfx,DDbh,-5.21
AAkp,BBdx,CCfx,DDkl,-79.75
AAkp,BBrs,CCfx,DDkl,-90.25
AAqt,BBdq,CCfx,DDkl,64.2
AAqt,BBpw,CCfx,DDkl,13.32
AAkp,BBdx,CCfx,DDnr,-78.47
AAkp,BBrs,CCfx,DDnr,33.4
AAqt,BBdq,CCfx,DDnr,-3.71
AAqt,BBpw,CCfx,DDnr,-97.18
AAkp,BBdx,CCfx,DDmr,-26.33
AAkp,BBrs,CCfx,DDmr,56.53
AAqt,BBdq,CCfx,DDmr,-67.8
AAqt,BBpw,CCfx,DDmr,60.82
AAkp,BBdx,CCqw,DDjt,-70.5
AAkp,BBrs,CCqw,DDjt,30.37
AAqt,BBdq,CCqw,DDjt,-71.49
AAqt,BBpw,CCqw,DDjt,63.01
AAkp,BBdx,CCqw,DDjp,13.61
AAkp,BBrs,CCqw,DDjp,-64.11
AAqt,BBdq,CCqw,DDjp,-4.15
AAqt,BBpw,CCqw,DDjp,-85.92

