{
"filename": "Evolution_of_pollution_in_percent_set6_3_DB.csv",
"questions": [{"name": "template 1",
 "sql": "SELECT Value FROM DBdata WHERE ((State = 'California' AND City = 'Los-Angeles')) AND ((Polluted_element = 'Air' AND Type_of_pollution = 'Thermal'))",
 "sqlResult": "{-48.83}",
 "nlq": "What is the evolution of Thermal pollution in Los-Angeles, California?"},
{"name": "template 2",
 "sql": "SELECT Value FROM DBdata WHERE ((State = 'California' AND City = 'Los-Angeles')) AND ((Polluted_element = 'Water' AND Type_of_pollution = 'Chemical') OR (Polluted_element = 'Water' AND Type_of_pollution = 'Oxygen-depletion') OR (Polluted_element = 'Water' AND Type_of_pollution = 'Surface water') OR (Polluted_element = 'Soil' AND Type_of_pollution = 'Inorganic Fertilizers') OR (Polluted_element = 'Soil' AND Type_of_pollution = 'Industrial') OR (Polluted_element = 'Soil' AND Type_of_pollution = 'Inferior Irrigation') OR (Polluted_element = 'Soil' AND Type_of_pollution = 'Solid Waste') OR (Polluted_element = 'Air' AND Type_of_pollution = 'Thermal'))",
 "sqlResult": "{14.78} || {-54.74} || {52.73} || {-87.97} || {-30.65} || {-50.2} || {-55.91} || {-48.83}",
 "nlq": "What is the evolution of Chemical, Industrial, Inferior Irrigation, Inorganic Fertilizers, Oxygen-depletion, Solid Waste, Surface water, or Thermal pollution in Los-Angeles, California?"},
{"name": "template 3",
 "sql": "SELECT Value FROM DBdata WHERE ((State = 'Florida' AND City = 'Fort Lauderdale') OR (State = 'Florida' AND City = 'Tampa')) AND ((Polluted_element = 'Soil' AND Type_of_pollution = 'Inorganic Fertilizers'))",
 "sqlResult": "{70.54} || {-55.1}",
 "nlq": "What is the evolution of Inorganic Fertilizers pollution in Fort Lauderdale or Tampa, Florida?"},
{"name": "template 4",
 "sql": "SELECT min(Value),max(Value) FROM DBdata WHERE ((State = 'California' AND City = 'Berkeley') OR (State = 'California' AND City = 'Los-Angeles') OR (State = 'Florida' AND City = 'Fort Lauderdale') OR (State = 'Florida' AND City = 'Tampa')) AND ((Polluted_element = 'Air' AND Type_of_pollution = 'Thermal'))",
 "sqlResult": "{-48.83 | 71.95}",
 "nlq": "What are the minimum and maximum evolutions of Thermal pollution in Berkeley or Los-Angeles, California or Fort Lauderdale or Tampa, Florida?"},
{"name": "template 6",
 "sql": "SELECT Value FROM DBdata WHERE ((State = 'California' AND City = 'Berkeley') OR (State = 'California' AND City = 'Los-Angeles') OR (State = 'Florida' AND City = 'Fort Lauderdale') OR (State = 'Florida' AND City = 'Tampa')) AND ((Polluted_element = 'Water' AND Type_of_pollution = 'Groundwater') OR (Polluted_element = 'Soil' AND Type_of_pollution = 'Inorganic Fertilizers') OR (Polluted_element = 'Soil' AND Type_of_pollution = 'Industrial'))",
 "sqlResult": "{-11.43} || {-60.65} || {-33.68} || {46.66} || {93.44} || {-87.97} || {70.54} || {-55.1} || {-22.46} || {-30.65} || {-24.44} || {-46.56}",
 "nlq": "What is the evolution of Groundwater, Industrial, or Inorganic Fertilizers pollution in Berkeley or Los-Angeles, California or Fort Lauderdale or Tampa, Florida?"},
{"name": "template 7",
 "sql": "SELECT min(Value),avg(Value) FROM DBdata WHERE ((State = 'Florida' AND City = 'Tampa')) AND ((Polluted_element = 'Water' AND Type_of_pollution = 'Surface water') OR (Polluted_element = 'Air' AND Type_of_pollution = 'Noise'))",
 "sqlResult": "{-42.1 | -6.1}",
 "nlq": "What are the minimum and average evolutions of Noise or Surface water pollution in Tampa, Florida?"},
{"name": "template 8",
 "sql": "SELECT State,City,avg(Value),max(Value) FROM DBdata WHERE ((State = 'California' AND City = 'Berkeley') OR (State = 'California' AND City = 'Los-Angeles') OR (State = 'Florida' AND City = 'Tampa')) AND ((Polluted_element = 'Water' AND Type_of_pollution = 'Groundwater') OR (Polluted_element = 'Water' AND Type_of_pollution = 'Surface water')) GROUP BY State,City",
 "sqlResult": "{California | Berkeley | -15.57 | -11.43} || {California | Los-Angeles | -3.96 | 52.73} || {Florida | Tampa | 2.28 | 46.66}",
 "nlq": "What are the average and maximum evolutions for each State and City, of Groundwater or Surface water pollution in Berkeley or Los-Angeles, California or Tampa, Florida? Please, report the corresponding State and City."},
{"name": "template 9",
 "sql": "SELECT min(Value) FROM DBdata WHERE ((State = 'California' AND City = 'Berkeley')) AND (Polluted_element IN ('Water','Soil','Air')) GROUP BY Polluted_element",
 "sqlResult": "{-15.29} || {-22.46} || {-90.31}",
 "nlq": "What is the minimum evolution of pollution for each Polluted element, of Air, Soil, or Water in Berkeley, California?"},
{"name": "template 10",
 "sql": "SELECT Polluted_element,min(Value) FROM DBdata WHERE ((State = 'Florida' AND City = 'Fort Lauderdale')) AND (Polluted_element IN ('Water','Soil','Air')) GROUP BY Polluted_element",
 "sqlResult": "{Air | -13.52} || {Soil | -24.44} || {Water | -35.43}",
 "nlq": "What is the minimum evolution of pollution for each Polluted element, of Air, Soil, or Water in Fort Lauderdale, Florida? Please, report the corresponding Polluted element."},
{"name": "template 11",
 "sql": "SELECT Polluted_element,State,City,max(Value) FROM DBdata WHERE ((State = 'California' AND City = 'Los-Angeles') OR (State = 'Florida' AND City = 'Tampa')) AND (Polluted_element IN ('Water','Soil','Air')) GROUP BY Polluted_element,State,City",
 "sqlResult": "{Air | California | Los-Angeles | 78.03} || {Air | Florida | Tampa | 71.95} || {Soil | California | Los-Angeles | -30.65} || {Soil | Florida | Tampa | -46.56} || {Water | California | Los-Angeles | 52.73} || {Water | Florida | Tampa | 46.66}",
 "nlq": "What is the maximum evolution of pollution for each Polluted element, State, and City, of Air, Soil, or Water in Los-Angeles, California or Tampa, Florida? Please, report the corresponding Polluted element, State, and City."},
{"name": "template 12",
 "sql": "SELECT Value FROM DBdata WHERE ((State = 'California' AND City = 'Berkeley')) AND (Polluted_element IN ('Water','Soil')) ORDER BY VALUE DESC LIMIT 4",
 "sqlResult": "{93.44} || {87.16} || {4.3} || {-10.58}",
 "nlq": "What are the top 4 evolutions of pollution of Soil or Water in Berkeley, California?"},
{"name": "template 13",
 "sql": "SELECT Value FROM DBdata WHERE ((State = 'California' AND City = 'Los-Angeles')) AND (Polluted_element IN ('Water','Air')) ORDER BY VALUE DESC",
 "sqlResult": "{78.03} || {52.73} || {16.47} || {14.78} || {-48.83} || {-54.74} || {-60.65}",
 "nlq": "What are the evolutions ordered by decreasing values of pollution of Air or Water in Los-Angeles, California?"},
{"name": "template 14",
 "sql": "SELECT Polluted_element,Type_of_pollution FROM DBdata WHERE ((State = 'California' AND City = 'Berkeley')) AND Value > -8.53",
 "sqlResult": "{Water | Chemical} || {Soil | Inorganic Fertilizers} || {Soil | Solid Waste} || {Air | Light} || {Air | Thermal}",
 "nlq": "What are the Polluted element and Type of pollution for which the evolution in Berkeley, California is greater than -8.53?"},
{"name": "template 15",
 "sql": "SELECT Polluted_element,Type_of_pollution,Value FROM DBdata WHERE ((State = 'California' AND City = 'Los-Angeles')) AND (Polluted_element,Type_of_pollution) IN (SELECT Polluted_element,Type_of_pollution FROM DBdata WHERE ((State = 'California' AND City = 'Berkeley')) AND Value > -8.53)",
 "sqlResult": "{Water | Chemical | 14.78} || {Soil | Inorganic Fertilizers | -87.97} || {Soil | Solid Waste | -55.91} || {Air | Light | 16.47} || {Air | Thermal | -48.83}",
 "nlq": "What is the evolution of pollution in Los-Angeles, California of Polluted element and of Type of pollution for which the evolution in Berkeley, California is greater than -8.53? Please, report the corresponding Polluted element, Type of pollution, and evolution of pollution."}]
}
