State,City,Polluted element,Type of pollution,Value
State,City,Polluted_element,Type_of_pollution,Value
Florida,Fort Lauderdale,Soil,Inorganic Fertilizers,69.92
Florida,Tampa,Soil,Inorganic Fertilizers,18.8
Georgia,Columbus,Soil,Inorganic Fertilizers,90.86
Georgia,Washington,Soil,Inorganic Fertilizers,12.56
Florida,Fort Lauderdale,Soil,Industrial,-90.79
Florida,Tampa,Soil,Industrial,57.26
Georgia,Columbus,Soil,Industrial,0.55
Georgia,Washington,Soil,Industrial,75.29
Florida,Fort Lauderdale,Air,Noise,-81.86
Florida,Tampa,Air,Noise,88.37
Georgia,Columbus,Air,Noise,-17.51
Georgia,Washington,Air,Noise,2.78
Florida,Fort Lauderdale,Air,Light,47.66
Florida,Tampa,Air,Light,96.72
Georgia,Columbus,Air,Light,-80.13
Georgia,Washington,Air,Light,-78.52
