{
"filename": "Evolution_of_pollution_in_percent_set8_5_DB.csv",
"questions": [{"name": "template 1",
 "sql": "SELECT Value FROM DBdata WHERE ((State = 'Michigan' AND City = 'Port Huron')) AND ((Polluted_element = 'Soil' AND Type_of_pollution = 'Inferior Irrigation'))",
 "sqlResult": "{-80.94}",
 "nlq": "What is the evolution of Inferior Irrigation pollution in Port Huron, Michigan?"},
{"name": "template 2",
 "sql": "SELECT Value FROM DBdata WHERE ((State = 'Minnesota' AND City = 'Rochester')) AND ((Polluted_element = 'Water' AND Type_of_pollution = 'Oxygen-depletion') OR (Polluted_element = 'Soil' AND Type_of_pollution = 'Inferior Irrigation'))",
 "sqlResult": "{29.31} || {-51.91}",
 "nlq": "What is the evolution of Inferior Irrigation or Oxygen-depletion pollution in Rochester, Minnesota?"},
{"name": "template 3",
 "sql": "SELECT Value FROM DBdata WHERE ((State = 'Minnesota' AND City = 'Minneapolis') OR (State = 'Minnesota' AND City = 'Rochester') OR (State = 'Nevada' AND City = 'Reno')) AND ((Polluted_element = 'Water' AND Type_of_pollution = 'Surface water'))",
 "sqlResult": "{10.17} || {57.11} || {-56.45}",
 "nlq": "What is the evolution of Surface water pollution in Minneapolis or Rochester, Minnesota or Reno, Nevada?"},
{"name": "template 4",
 "sql": "SELECT sum(Value),min(Value) FROM DBdata WHERE ((State = 'Michigan' AND City = 'Detroit') OR (State = 'Michigan' AND City = 'Flint') OR (State = 'Michigan' AND City = 'Port Huron') OR (State = 'Minnesota' AND City = 'Minneapolis') OR (State = 'Minnesota' AND City = 'Rochester') OR (State = 'Nevada' AND City = 'Las Vegas') OR (State = 'Nevada' AND City = 'Reno')) AND ((Polluted_element = 'Air' AND Type_of_pollution = 'Light'))",
 "sqlResult": "{155.59 | -85.91}",
 "nlq": "What are the total and minimum evolutions of Light pollution in Detroit, Flint, or Port Huron, Michigan or Las Vegas or Reno, Nevada or Minneapolis or Rochester, Minnesota?"},
{"name": "template 6",
 "sql": "SELECT Value FROM DBdata WHERE ((State = 'Michigan' AND City = 'Port Huron') OR (State = 'Nevada' AND City = 'Reno')) AND ((Polluted_element = 'Water' AND Type_of_pollution = 'Groundwater') OR (Polluted_element = 'Air' AND Type_of_pollution = 'Noise') OR (Polluted_element = 'Air' AND Type_of_pollution = 'Light') OR (Polluted_element = 'Air' AND Type_of_pollution = 'Thermal'))",
 "sqlResult": "{51.64} || {89.29} || {14.35} || {53.59} || {78.48} || {95.25} || {27.65} || {-60.46}",
 "nlq": "What is the evolution of Groundwater, Light, Noise, or Thermal pollution in Port Huron, Michigan or Reno, Nevada?"},
{"name": "template 7",
 "sql": "SELECT sum(Value),min(Value) FROM DBdata WHERE ((State = 'Michigan' AND City = 'Flint')) AND ((Polluted_element = 'Water' AND Type_of_pollution = 'Oxygen-depletion') OR (Polluted_element = 'Soil' AND Type_of_pollution = 'Inferior Irrigation') OR (Polluted_element = 'Soil' AND Type_of_pollution = 'Solid Waste'))",
 "sqlResult": "{-52.39 | -49.75}",
 "nlq": "What are the total and minimum evolutions of Inferior Irrigation, Oxygen-depletion, or Solid Waste pollution in Flint, Michigan?"},
{"name": "template 8",
 "sql": "SELECT State,City,sum(Value),min(Value) FROM DBdata WHERE ((State = 'Michigan' AND City = 'Detroit') OR (State = 'Michigan' AND City = 'Flint') OR (State = 'Minnesota' AND City = 'Minneapolis') OR (State = 'Minnesota' AND City = 'Rochester') OR (State = 'Nevada' AND City = 'Reno')) AND ((Polluted_element = 'Water' AND Type_of_pollution = 'Surface water') OR (Polluted_element = 'Air' AND Type_of_pollution = 'Light') OR (Polluted_element = 'Air' AND Type_of_pollution = 'Thermal')) GROUP BY State,City",
 "sqlResult": "{Michigan | Detroit | -65.91 | -69.95} || {Michigan | Flint | -95.73 | -85.91} || {Minnesota | Minneapolis | 21.35 | -38.47} || {Minnesota | Rochester | 206.41 | 57.11} || {Nevada | Reno | -21.66 | -60.46}",
 "nlq": "What are the total and minimum evolutions for each State and City, of Light, Surface water, or Thermal pollution in Detroit or Flint, Michigan or Minneapolis or Rochester, Minnesota or Reno, Nevada? Please, report the corresponding State and City."},
{"name": "template 9",
 "sql": "SELECT min(Value) FROM DBdata WHERE ((State = 'Michigan' AND City = 'Port Huron')) AND (Polluted_element IN ('Water','Soil','Air')) GROUP BY Polluted_element",
 "sqlResult": "{14.35} || {-80.94} || {-77.94}",
 "nlq": "What is the minimum evolution of pollution for each Polluted element, of Air, Soil, or Water in Port Huron, Michigan?"},
{"name": "template 10",
 "sql": "SELECT Polluted_element,sum(Value) FROM DBdata WHERE ((State = 'Nevada' AND City = 'Las Vegas')) AND (Polluted_element IN ('Water','Soil','Air')) GROUP BY Polluted_element",
 "sqlResult": "{Air | 139.05} || {Soil | -90.06} || {Water | -98.09}",
 "nlq": "What is the total evolution of pollution for each Polluted element, of Air, Soil, or Water in Las Vegas, Nevada? Please, report the corresponding Polluted element."},
{"name": "template 11",
 "sql": "SELECT Polluted_element,State,City,avg(Value) FROM DBdata WHERE ((State = 'Michigan' AND City = 'Detroit') OR (State = 'Michigan' AND City = 'Port Huron') OR (State = 'Minnesota' AND City = 'Minneapolis')) AND (Polluted_element IN ('Water','Soil','Air')) GROUP BY Polluted_element,State,City",
 "sqlResult": "{Air | Michigan | Detroit | 14.19} || {Air | Michigan | Port Huron | 40.16} || {Air | Minnesota | Minneapolis | 8.74} || {Soil | Michigan | Detroit | 66.44} || {Soil | Michigan | Port Huron | -23.01} || {Soil | Minnesota | Minneapolis | -62.32} || {Water | Michigan | Detroit | -57.96} || {Water | Michigan | Port Huron | -33.24} || {Water | Minnesota | Minneapolis | 40.39}",
 "nlq": "What is the average evolution of pollution for each Polluted element, State, and City, of Air, Soil, or Water in Detroit or Port Huron, Michigan or Minneapolis, Minnesota? Please, report the corresponding Polluted element, State, and City."},
{"name": "template 12",
 "sql": "SELECT Value FROM DBdata WHERE ((State = 'Nevada' AND City = 'Reno')) AND (Polluted_element IN ('Water','Soil')) ORDER BY VALUE DESC LIMIT 3",
 "sqlResult": "{89.29} || {58.86} || {-5.54}",
 "nlq": "What are the top 3 evolutions of pollution of Soil or Water in Reno, Nevada?"},
{"name": "template 13",
 "sql": "SELECT Value FROM DBdata WHERE ((State = 'Michigan' AND City = 'Port Huron')) AND (Polluted_element IN ('Soil','Air')) ORDER BY VALUE DESC",
 "sqlResult": "{78.48} || {34.92} || {27.65} || {14.35} || {-80.94}",
 "nlq": "What are the evolutions ordered by decreasing values of pollution of Air or Soil in Port Huron, Michigan?"},
{"name": "template 14",
 "sql": "SELECT Polluted_element,Type_of_pollution FROM DBdata WHERE ((State = 'Minnesota' AND City = 'Rochester')) AND Value > -1.47",
 "sqlResult": "{Water | Groundwater} || {Water | Oxygen-depletion} || {Water | Surface water} || {Air | Light} || {Air | Thermal}",
 "nlq": "What are the Polluted element and Type of pollution for which the evolution in Rochester, Minnesota is greater than -1.47?"},
{"name": "template 15",
 "sql": "SELECT Polluted_element,Type_of_pollution,Value FROM DBdata WHERE ((State = 'Michigan' AND City = 'Detroit')) AND (Polluted_element,Type_of_pollution) IN (SELECT Polluted_element,Type_of_pollution FROM DBdata WHERE ((State = 'Minnesota' AND City = 'Rochester')) AND Value > -1.47)",
 "sqlResult": "{Water | Groundwater | -39.53} || {Water | Oxygen-depletion | -64.4} || {Water | Surface water | -69.95} || {Air | Light | 45.96} || {Air | Thermal | -41.92}",
 "nlq": "What is the evolution of pollution in Detroit, Michigan of Polluted element and of Type of pollution for which the evolution in Rochester, Minnesota is greater than -1.47? Please, report the corresponding Polluted element, Type of pollution, and evolution of pollution."}]
}
