{
"filename": "Evolution_of_pollution_in_percent_set5_1_DB.csv",
"questions": [{"name": "template 1",
 "sql": "SELECT Value FROM DBdata WHERE ((State = 'Florida' AND City = 'Fort Lauderdale')) AND ((Polluted_element = 'Soil' AND Type_of_pollution = 'Inferior Irrigation'))",
 "sqlResult": "{57.82}",
 "nlq": "What is the evolution of Inferior Irrigation pollution in Fort Lauderdale, Florida?"},
{"name": "template 2",
 "sql": "SELECT Value FROM DBdata WHERE ((State = 'California' AND City = 'Berkeley')) AND ((Polluted_element = 'Soil' AND Type_of_pollution = 'Inferior Irrigation') OR (Polluted_element = 'Soil' AND Type_of_pollution = 'Solid Waste') OR (Polluted_element = 'Air' AND Type_of_pollution = 'Light') OR (Polluted_element = 'Air' AND Type_of_pollution = 'Thermal'))",
 "sqlResult": "{-0.19} || {13.7} || {87.04} || {21.57}",
 "nlq": "What is the evolution of Inferior Irrigation, Light, Solid Waste, or Thermal pollution in Berkeley, California?"},
{"name": "template 3",
 "sql": "SELECT Value FROM DBdata WHERE ((State = 'California' AND City = 'Berkeley') OR (State = 'Florida' AND City = 'Fort Lauderdale')) AND ((Polluted_element = 'Soil' AND Type_of_pollution = 'Solid Waste'))",
 "sqlResult": "{13.7} || {23.72}",
 "nlq": "What is the evolution of Solid Waste pollution in Berkeley, California or Fort Lauderdale, Florida?"},
{"name": "template 4",
 "sql": "SELECT min(Value),sum(Value) FROM DBdata WHERE ((State = 'California' AND City = 'Berkeley') OR (State = 'California' AND City = 'Los-Angeles') OR (State = 'Florida' AND City = 'Fort Lauderdale') OR (State = 'Florida' AND City = 'Tampa')) AND ((Polluted_element = 'Soil' AND Type_of_pollution = 'Solid Waste'))",
 "sqlResult": "{-88.36 | -45.88}",
 "nlq": "What are the minimum and total evolutions of Solid Waste pollution in Berkeley or Los-Angeles, California or Fort Lauderdale or Tampa, Florida?"},
{"name": "template 6",
 "sql": "SELECT Value FROM DBdata WHERE ((State = 'California' AND City = 'Berkeley') OR (State = 'Florida' AND City = 'Fort Lauderdale') OR (State = 'Florida' AND City = 'Tampa')) AND ((Polluted_element = 'Soil' AND Type_of_pollution = 'Inferior Irrigation') OR (Polluted_element = 'Soil' AND Type_of_pollution = 'Solid Waste') OR (Polluted_element = 'Air' AND Type_of_pollution = 'Light') OR (Polluted_element = 'Air' AND Type_of_pollution = 'Thermal'))",
 "sqlResult": "{-0.19} || {57.82} || {-97.72} || {13.7} || {23.72} || {5.06} || {87.04} || {-41.66} || {26.77} || {21.57} || {-65.02} || {84.79}",
 "nlq": "What is the evolution of Inferior Irrigation, Light, Solid Waste, or Thermal pollution in Berkeley, California or Fort Lauderdale or Tampa, Florida?"},
{"name": "template 7",
 "sql": "SELECT avg(Value),sum(Value) FROM DBdata WHERE ((State = 'California' AND City = 'Berkeley')) AND ((Polluted_element = 'Soil' AND Type_of_pollution = 'Solid Waste') OR (Polluted_element = 'Air' AND Type_of_pollution = 'Light') OR (Polluted_element = 'Air' AND Type_of_pollution = 'Thermal'))",
 "sqlResult": "{40.77 | 122.31}",
 "nlq": "What are the average and total evolutions of Light, Solid Waste, or Thermal pollution in Berkeley, California?"},
{"name": "template 8",
 "sql": "SELECT State,City,sum(Value),min(Value) FROM DBdata WHERE ((State = 'California' AND City = 'Berkeley') OR (State = 'California' AND City = 'Los-Angeles') OR (State = 'Florida' AND City = 'Fort Lauderdale') OR (State = 'Florida' AND City = 'Tampa')) AND ((Polluted_element = 'Soil' AND Type_of_pollution = 'Inferior Irrigation') OR (Polluted_element = 'Air' AND Type_of_pollution = 'Thermal')) GROUP BY State,City",
 "sqlResult": "{California | Berkeley | 21.38 | -0.19} || {California | Los-Angeles | -136.02 | -92.46} || {Florida | Fort Lauderdale | -7.2 | -65.02} || {Florida | Tampa | -12.93 | -97.72}",
 "nlq": "What are the total and minimum evolutions for each State and City, of Inferior Irrigation or Thermal pollution in Berkeley or Los-Angeles, California or Fort Lauderdale or Tampa, Florida? Please, report the corresponding State and City."},
{"name": "template 9",
 "sql": "SELECT min(Value) FROM DBdata WHERE ((State = 'Florida' AND City = 'Fort Lauderdale')) AND (Polluted_element IN ('Soil','Air')) GROUP BY Polluted_element",
 "sqlResult": "{-65.02} || {23.72}",
 "nlq": "What is the minimum evolution of pollution for each Polluted element, of Air or Soil in Fort Lauderdale, Florida?"},
{"name": "template 10",
 "sql": "SELECT Polluted_element,avg(Value) FROM DBdata WHERE ((State = 'Florida' AND City = 'Tampa')) AND (Polluted_element IN ('Soil','Air')) GROUP BY Polluted_element",
 "sqlResult": "{Air | 55.78} || {Soil | -46.33}",
 "nlq": "What is the average evolution of pollution for each Polluted element, of Air or Soil in Tampa, Florida? Please, report the corresponding Polluted element."},
{"name": "template 11",
 "sql": "SELECT Polluted_element,State,City,sum(Value) FROM DBdata WHERE ((State = 'California' AND City = 'Berkeley') OR (State = 'California' AND City = 'Los-Angeles')) AND (Polluted_element IN ('Soil','Air')) GROUP BY Polluted_element,State,City",
 "sqlResult": "{Air | California | Berkeley | 108.61} || {Air | California | Los-Angeles | -37.34} || {Soil | California | Berkeley | 13.51} || {Soil | California | Los-Angeles | -131.92}",
 "nlq": "What is the total evolution of pollution for each Polluted element, State, and City, of Air or Soil in Berkeley or Los-Angeles, California? Please, report the corresponding Polluted element, State, and City."},
{"name": "template 12",
 "sql": "SELECT Value FROM DBdata WHERE ((State = 'California' AND City = 'Los-Angeles')) AND (Polluted_element IN ('Soil','Air')) ORDER BY VALUE DESC LIMIT 3",
 "sqlResult": "{55.12} || {-43.56} || {-88.36}",
 "nlq": "What are the top 3 evolutions of pollution of Air or Soil in Los-Angeles, California?"},
{"name": "template 13",
 "sql": "SELECT Value FROM DBdata WHERE ((State = 'California' AND City = 'Berkeley')) AND (Polluted_element IN ('Soil','Air')) ORDER BY VALUE DESC",
 "sqlResult": "{87.04} || {21.57} || {13.7} || {-0.19}",
 "nlq": "What are the evolutions ordered by decreasing values of pollution of Air or Soil in Berkeley, California?"},
{"name": "template 14",
 "sql": "SELECT Polluted_element,Type_of_pollution FROM DBdata WHERE ((State = 'California' AND City = 'Los-Angeles')) AND Value < -3.34",
 "sqlResult": "{Soil | Inferior Irrigation} || {Soil | Solid Waste} || {Air | Thermal}",
 "nlq": "What are the Polluted element and Type of pollution for which the evolution in Los-Angeles, California is lower than -3.34?"},
{"name": "template 15",
 "sql": "SELECT Polluted_element,Type_of_pollution,Value FROM DBdata WHERE ((State = 'Florida' AND City = 'Fort Lauderdale')) AND (Polluted_element,Type_of_pollution) IN (SELECT Polluted_element,Type_of_pollution FROM DBdata WHERE ((State = 'California' AND City = 'Los-Angeles')) AND Value < -3.34)",
 "sqlResult": "{Soil | Inferior Irrigation | 57.82} || {Soil | Solid Waste | 23.72} || {Air | Thermal | -65.02}",
 "nlq": "What is the evolution of pollution in Fort Lauderdale, Florida of Polluted element and of Type of pollution for which the evolution in Los-Angeles, California is lower than -3.34? Please, report the corresponding Polluted element, Type of pollution, and evolution of pollution."}]
}
