{
"filename": "Evolution_of_pollution_in_percent_set4_5_DB.csv",
"questions": [{"name": "template 1",
 "sql": "SELECT Value FROM DBdata WHERE ((AA = 'AAbfq' AND BB = 'BBclq')) AND ((CC = 'CCdtz' AND DD = 'DDdrv'))",
 "sqlResult": "{35.02}",
 "nlq": "What is the evolution of DDdrv pollution in BBclq, AAbfq?"},
{"name": "template 2",
 "sql": "SELECT Value FROM DBdata WHERE ((AA = 'AAbgw' AND BB = 'BBgnw')) AND ((CC = 'CCdkm' AND DD = 'DDbsx') OR (CC = 'CCdkm' AND DD = 'DDbsy') OR (CC = 'CCjln' AND DD = 'DDqsz') OR (CC = 'CCjln' AND DD = 'DDfgy') OR (CC = 'CCjln' AND DD = 'DDcmx') OR (CC = 'CCjln' AND DD = 'DDdnv') OR (CC = 'CCdtz' AND DD = 'DDdvw') OR (CC = 'CCdtz' AND DD = 'DDdrv'))",
 "sqlResult": "{88.03} || {63.89} || {-35.57} || {-48.43} || {-90.33} || {-93.95} || {17.96} || {14.67}",
 "nlq": "What is the evolution of DDfgy, DDcmx, DDqsz, DDdrv, DDdvw, DDbsx, DDdnv, or DDbsy pollution in BBgnw, AAbgw?"},
{"name": "template 3",
 "sql": "SELECT Value FROM DBdata WHERE ((AA = 'AAbfq' AND BB = 'BBclq') OR (AA = 'AAbfq' AND BB = 'BBbnx') OR (AA = 'AAbgw' AND BB = 'BBdpy')) AND ((CC = 'CCdkm' AND DD = 'DDbsy'))",
 "sqlResult": "{-11.95} || {-19.12} || {-6.84}",
 "nlq": "What is the evolution of DDbsy pollution in BBclq or BBbnx, AAbfq or BBdpy, AAbgw?"},
{"name": "template 4",
 "sql": "SELECT min(Value),sum(Value) FROM DBdata WHERE ((AA = 'AAbfq' AND BB = 'BBbnx') OR (AA = 'AArsv' AND BB = 'BBstw')) AND ((CC = 'CCjln' AND DD = 'DDdnv'))",
 "sqlResult": "{-7.92 | -5.8}",
 "nlq": "What are the minimum and total evolutions of DDdnv pollution in BBstw, AArsv or BBbnx, AAbfq?"},
{"name": "template 6",
 "sql": "SELECT Value FROM DBdata WHERE ((AA = 'AAbfq' AND BB = 'BBbnx') OR (AA = 'AAbgw' AND BB = 'BBgnw') OR (AA = 'AAbgw' AND BB = 'BBnrz')) AND ((CC = 'CCdkm' AND DD = 'DDbsy') OR (CC = 'CCjln' AND DD = 'DDdnv') OR (CC = 'CCdtz' AND DD = 'DDdvw'))",
 "sqlResult": "{-19.12} || {63.89} || {-72.75} || {2.12} || {-93.95} || {-12.87} || {-93.72} || {17.96} || {18.71}",
 "nlq": "What is the evolution of DDdvw, DDdnv, or DDbsy pollution in BBgnw or BBnrz, AAbgw or BBbnx, AAbfq?"},
{"name": "template 7",
 "sql": "SELECT sum(Value),max(Value) FROM DBdata WHERE ((AA = 'AAbgw' AND BB = 'BBdpy')) AND ((CC = 'CCdkm' AND DD = 'DDbsy') OR (CC = 'CCjln' AND DD = 'DDfgy') OR (CC = 'CCjln' AND DD = 'DDcmx') OR (CC = 'CCdtz' AND DD = 'DDdrv'))",
 "sqlResult": "{-121.83 | 14.34}",
 "nlq": "What are the total and maximum evolutions of DDfgy, DDcmx, DDdrv, or DDbsy pollution in BBdpy, AAbgw?"},
{"name": "template 8",
 "sql": "SELECT AA,BB,avg(Value),min(Value) FROM DBdata WHERE ((AA = 'AAbfq' AND BB = 'BBbnx') OR (AA = 'AAbgw' AND BB = 'BBdpy') OR (AA = 'AArsv' AND BB = 'BBstw')) AND ((CC = 'CCdkm' AND DD = 'DDbsy') OR (CC = 'CCjln' AND DD = 'DDdnv') OR (CC = 'CCdtz' AND DD = 'DDdrv')) GROUP BY AA,BB",
 "sqlResult": "{AAbfq | BBbnx | 24.53 | -19.12} || {AAbgw | BBdpy | -25.68 | -84.54} || {AArsv | BBstw | -12.22 | -95.55}",
 "nlq": "What are the average and minimum evolutions for each AA and BB, of DDdrv, DDdnv, or DDbsy pollution in BBstw, AArsv or BBdpy, AAbgw or BBbnx, AAbfq? Please, report the corresponding AA and BB."},
{"name": "template 9",
 "sql": "SELECT min(Value) FROM DBdata WHERE ((AA = 'AAbfq' AND BB = 'BBclq')) AND (CC IN ('CCdkm','CCjln','CCdtz')) GROUP BY CC",
 "sqlResult": "{-92.36} || {-33.82} || {-11.95}",
 "nlq": "What is the minimum evolution of pollution for each CC, of CCdtz, CCjln, or CCdkm in BBclq, AAbfq?"},
{"name": "template 10",
 "sql": "SELECT CC,sum(Value) FROM DBdata WHERE ((AA = 'AArsv' AND BB = 'Boulder BB')) AND (CC IN ('CCdkm','CCjln','CCdtz')) GROUP BY CC",
 "sqlResult": "{CCdtz | -142.35} || {CCjln | 102.78} || {CCdkm | 48.18}",
 "nlq": "What is the total evolution of pollution for each CC, of CCdtz, CCjln, or CCdkm in Boulder BB, AArsv? Please, report the corresponding CC."},
{"name": "template 11",
 "sql": "SELECT CC,AA,BB,max(Value) FROM DBdata WHERE ((AA = 'AAbgw' AND BB = 'BBgnw') OR (AA = 'AAbgw' AND BB = 'BBnrz') OR (AA = 'AArsv' AND BB = 'Boulder BB')) AND (CC IN ('CCdkm','CCjln','CCdtz')) GROUP BY CC,AA,BB",
 "sqlResult": "{CCdtz | AAbgw | BBgnw | 17.96} || {CCdtz | AAbgw | BBnrz | 18.71} || {CCdtz | AArsv | Boulder BB | -63.91} || {CCjln | AAbgw | BBgnw | -35.57} || {CCjln | AAbgw | BBnrz | 7} || {CCjln | AArsv | Boulder BB | 78.71} || {CCdkm | AAbgw | BBgnw | 88.03} || {CCdkm | AAbgw | BBnrz | -10.44} || {CCdkm | AArsv | Boulder BB | 49.79}",
 "nlq": "What is the maximum evolution of pollution for each CC, AA, and BB, of CCdtz, CCjln, or CCdkm in Boulder BB, AArsv or BBgnw or BBnrz, AAbgw? Please, report the corresponding CC, AA, and BB."},
{"name": "template 12",
 "sql": "SELECT Value FROM DBdata WHERE ((AA = 'AAbfq' AND BB = 'BBclq')) AND (CC IN ('CCdkm','CCdtz')) ORDER BY VALUE DESC LIMIT 2",
 "sqlResult": "{35.02} || {-11.48}",
 "nlq": "What are the top 2 evolutions of pollution of CCdtz or CCdkm in BBclq, AAbfq?"},
{"name": "template 13",
 "sql": "SELECT Value FROM DBdata WHERE ((AA = 'AArsv' AND BB = 'Boulder BB')) AND (CC IN ('CCjln','CCdtz')) ORDER BY VALUE DESC",
 "sqlResult": "{78.71} || {73.23} || {-3.11} || {-46.05} || {-63.91} || {-78.44}",
 "nlq": "What are the evolutions ordered by decreasing values of pollution of CCdtz or CCjln in Boulder BB, AArsv?"},
{"name": "template 14",
 "sql": "SELECT CC,DD FROM DBdata WHERE ((AA = 'AAbgw' AND BB = 'BBnrz')) AND Value < -12.22",
 "sqlResult": "{CCdkm | DDbsy} || {CCjln | DDdnv} || {CCdtz | DDdrv}",
 "nlq": "What are the CC and DD for which the evolution in BBnrz, AAbgw is lower than -12.22?"},
{"name": "template 15",
 "sql": "SELECT CC,DD,Value FROM DBdata WHERE ((AA = 'AArsv' AND BB = 'BBstw')) AND (CC,DD) IN (SELECT CC,DD FROM DBdata WHERE ((AA = 'AAbgw' AND BB = 'BBnrz')) AND Value < -12.22)",
 "sqlResult": "{CCdkm | DDbsy | 66.82} || {CCjln | DDdnv | -7.92} || {CCdtz | DDdrv | -95.55}",
 "nlq": "What is the evolution of pollution in BBstw, AArsv of CC and of DD for which the evolution in BBnrz, AAbgw is lower than -12.22? Please, report the corresponding CC, DD, and evolution of pollution."}]
}

