{
"filename": "Evolution_of_pollution_in_percent_set8_3_DB.csv",
"questions": [{"name": "template 1",
 "sql": "SELECT Value FROM DBdata WHERE ((State = 'California' AND City = 'Berkeley')) AND ((Polluted_element = 'Air' AND Type_of_pollution = 'Thermal'))",
 "sqlResult": "{-5.69}",
 "nlq": "What is the evolution of Thermal pollution in Berkeley, California?"},
{"name": "template 2",
 "sql": "SELECT Value FROM DBdata WHERE ((State = 'Florida' AND City = 'Tampa')) AND ((Polluted_element = 'Water' AND Type_of_pollution = 'Chemical') OR (Polluted_element = 'Water' AND Type_of_pollution = 'Surface water') OR (Polluted_element = 'Soil' AND Type_of_pollution = 'Industrial') OR (Polluted_element = 'Soil' AND Type_of_pollution = 'Urban Activities'))",
 "sqlResult": "{-96.9} || {-80.3} || {-77.07} || {-93.38}",
 "nlq": "What is the evolution of Chemical, Industrial, Surface water, or Urban Activities pollution in Tampa, Florida?"},
{"name": "template 3",
 "sql": "SELECT Value FROM DBdata WHERE ((State = 'California' AND City = 'Los-Angeles') OR (State = 'Florida' AND City = 'Tampa')) AND ((Polluted_element = 'Soil' AND Type_of_pollution = 'Urban Activities'))",
 "sqlResult": "{76.83} || {-93.38}",
 "nlq": "What is the evolution of Urban Activities pollution in Los-Angeles, California or Tampa, Florida?"},
{"name": "template 4",
 "sql": "SELECT min(Value),sum(Value) FROM DBdata WHERE ((State = 'California' AND City = 'Los-Angeles') OR (State = 'Florida' AND City = 'Fort Lauderdale') OR (State = 'Florida' AND City = 'Tampa')) AND ((Polluted_element = 'Water' AND Type_of_pollution = 'Oxygen-depletion'))",
 "sqlResult": "{-83.63 | -47.38}",
 "nlq": "What are the minimum and total evolutions of Oxygen-depletion pollution in Fort Lauderdale or Tampa, Florida or Los-Angeles, California?"},
{"name": "template 6",
 "sql": "SELECT Value FROM DBdata WHERE ((State = 'California' AND City = 'Berkeley') OR (State = 'California' AND City = 'Los-Angeles') OR (State = 'Florida' AND City = 'Fort Lauderdale') OR (State = 'Florida' AND City = 'Tampa')) AND ((Polluted_element = 'Soil' AND Type_of_pollution = 'Urban Activities') OR (Polluted_element = 'Air' AND Type_of_pollution = 'Noise'))",
 "sqlResult": "{-39.38} || {76.83} || {23.32} || {-93.38} || {-22.5} || {55.51} || {4.86} || {-1.04}",
 "nlq": "What is the evolution of Noise or Urban Activities pollution in Berkeley or Los-Angeles, California or Fort Lauderdale or Tampa, Florida?"},
{"name": "template 7",
 "sql": "SELECT avg(Value),min(Value) FROM DBdata WHERE ((State = 'California' AND City = 'Berkeley')) AND ((Polluted_element = 'Water' AND Type_of_pollution = 'Surface water') OR (Polluted_element = 'Soil' AND Type_of_pollution = 'Inorganic Fertilizers') OR (Polluted_element = 'Soil' AND Type_of_pollution = 'Industrial') OR (Polluted_element = 'Soil' AND Type_of_pollution = 'Solid Waste') OR (Polluted_element = 'Air' AND Type_of_pollution = 'Noise'))",
 "sqlResult": "{23.79 | -22.5}",
 "nlq": "What are the average and minimum evolutions of Industrial, Inorganic Fertilizers, Noise, Solid Waste, or Surface water pollution in Berkeley, California?"},
{"name": "template 8",
 "sql": "SELECT State,City,min(Value),sum(Value) FROM DBdata WHERE ((State = 'California' AND City = 'Los-Angeles') OR (State = 'Florida' AND City = 'Fort Lauderdale') OR (State = 'Florida' AND City = 'Tampa')) AND ((Polluted_element = 'Water' AND Type_of_pollution = 'Groundwater') OR (Polluted_element = 'Soil' AND Type_of_pollution = 'Solid Waste') OR (Polluted_element = 'Air' AND Type_of_pollution = 'Noise')) GROUP BY State,City",
 "sqlResult": "{California | Los-Angeles | -42.23 | 64.81} || {Florida | Fort Lauderdale | -37.8 | 41.12} || {Florida | Tampa | -51.13 | 3.29}",
 "nlq": "What are the minimum and total evolutions for each State and City, of Groundwater, Noise, or Solid Waste pollution in Fort Lauderdale or Tampa, Florida or Los-Angeles, California? Please, report the corresponding State and City."},
{"name": "template 9",
 "sql": "SELECT min(Value) FROM DBdata WHERE ((State = 'Florida' AND City = 'Fort Lauderdale')) AND (Polluted_element IN ('Water','Soil','Air')) GROUP BY Polluted_element",
 "sqlResult": "{-43.68} || {-79.2} || {-83.63}",
 "nlq": "What is the minimum evolution of pollution for each Polluted element, of Air, Soil, or Water in Fort Lauderdale, Florida?"},
{"name": "template 10",
 "sql": "SELECT Polluted_element,avg(Value) FROM DBdata WHERE ((State = 'California' AND City = 'Berkeley')) AND (Polluted_element IN ('Water','Soil','Air')) GROUP BY Polluted_element",
 "sqlResult": "{Air | 2.87} || {Soil | 25.26} || {Water | 16.8}",
 "nlq": "What is the average evolution of pollution for each Polluted element, of Air, Soil, or Water in Berkeley, California? Please, report the corresponding Polluted element."},
{"name": "template 11",
 "sql": "SELECT Polluted_element,State,City,sum(Value) FROM DBdata WHERE ((State = 'California' AND City = 'Berkeley') OR (State = 'California' AND City = 'Los-Angeles')) AND (Polluted_element IN ('Water','Soil','Air')) GROUP BY Polluted_element,State,City",
 "sqlResult": "{Air | California | Berkeley | 8.62} || {Air | California | Los-Angeles | -29.97} || {Soil | California | Berkeley | 126.3} || {Soil | California | Los-Angeles | 181.85} || {Water | California | Berkeley | 67.2} || {Water | California | Los-Angeles | 232.56}",
 "nlq": "What is the total evolution of pollution for each Polluted element, State, and City, of Air, Soil, or Water in Berkeley or Los-Angeles, California? Please, report the corresponding Polluted element, State, and City."},
{"name": "template 12",
 "sql": "SELECT Value FROM DBdata WHERE ((State = 'California' AND City = 'Berkeley')) AND (Polluted_element IN ('Water','Air')) ORDER BY VALUE ASC LIMIT 4",
 "sqlResult": "{-75.66} || {-22.5} || {-5.69} || {-1.69}",
 "nlq": "What are the bottom 4 evolutions of pollution of Air or Water in Berkeley, California?"},
{"name": "template 13",
 "sql": "SELECT Value FROM DBdata WHERE ((State = 'Florida' AND City = 'Fort Lauderdale')) AND (Polluted_element IN ('Soil','Air')) ORDER BY VALUE DESC",
 "sqlResult": "{67.3} || {23.32} || {4.86} || {-5.67} || {-31.79} || {-37.8} || {-43.68} || {-79.2}",
 "nlq": "What are the evolutions ordered by decreasing values of pollution of Air or Soil in Fort Lauderdale, Florida?"},
{"name": "template 14",
 "sql": "SELECT Polluted_element,Type_of_pollution FROM DBdata WHERE ((State = 'California' AND City = 'Los-Angeles')) AND Value < 1.31",
 "sqlResult": "{Soil | Solid Waste} || {Air | Light} || {Air | Thermal}",
 "nlq": "What are the Polluted element and Type of pollution for which the evolution in Los-Angeles, California is lower than 1.31?"},
{"name": "template 15",
 "sql": "SELECT Polluted_element,Type_of_pollution,Value FROM DBdata WHERE ((State = 'Florida' AND City = 'Tampa')) AND (Polluted_element,Type_of_pollution) IN (SELECT Polluted_element,Type_of_pollution FROM DBdata WHERE ((State = 'California' AND City = 'Los-Angeles')) AND Value < 1.31)",
 "sqlResult": "{Soil | Solid Waste | -51.13} || {Air | Light | -80.34} || {Air | Thermal | 3.36}",
 "nlq": "What is the evolution of pollution in Tampa, Florida of Polluted element and of Type of pollution for which the evolution in Los-Angeles, California is lower than 1.31? Please, report the corresponding Polluted element, Type of pollution, and evolution of pollution."}]
}
