AA,BB,CC,DD,Value
AA,BB,CC,DD,Value
AAbfq,BBclq,CCdkm,DDbsx,-11.48
AAbfq,BBbnx,CCdkm,DDbsx,-44.89
AAbgw,BBgnw,CCdkm,DDbsx,88.03
AAbgw,BBdpy,CCdkm,DDbsx,81.42
AAbgw,BBnrz,CCdkm,DDbsx,-10.44
AArsv,Boulder BB,CCdkm,DDbsx,-1.61
AArsv,BBstw,CCdkm,DDbsx,88.82
AArsv,BBjsw,CCdkm,DDbsx,-98.67
AAbfq,BBclq,CCdkm,DDbsy,-11.95
AAbfq,BBbnx,CCdkm,DDbsy,-19.12
AAbgw,BBgnw,CCdkm,DDbsy,63.89
AAbgw,BBdpy,CCdkm,DDbsy,-6.84
AAbgw,BBnrz,CCdkm,DDbsy,-72.75
AArsv,Boulder BB,CCdkm,DDbsy,49.79
AArsv,BBstw,CCdkm,DDbsy,66.82
AArsv,BBjsw,CCdkm,DDbsy,52.98
AAbfq,BBclq,CCjln,DDqsz,-33.82
AAbfq,BBbnx,CCjln,DDqsz,82
AAbgw,BBgnw,CCjln,DDqsz,-35.57
AAbgw,BBdpy,CCjln,DDqsz,-47.01
AAbgw,BBnrz,CCjln,DDqsz,-1.36
AArsv,Boulder BB,CCjln,DDqsz,-46.05
AArsv,BBstw,CCjln,DDqsz,-45.92
AArsv,BBjsw,CCjln,DDqsz,-5
AAbfq,BBclq,CCjln,DDfgy,-17.13
AAbfq,BBbnx,CCjln,DDfgy,32.81
AAbgw,BBgnw,CCjln,DDfgy,-48.43
AAbgw,BBdpy,CCjln,DDfgy,-87.18
AAbgw,BBnrz,CCjln,DDfgy,-6.64
AArsv,Boulder BB,CCjln,DDfgy,73.23
AArsv,BBstw,CCjln,DDfgy,30.29
AArsv,BBjsw,CCjln,DDfgy,-78.19
AAbfq,BBclq,CCjln,DDcmx,98.46
AAbfq,BBbnx,CCjln,DDcmx,31.58
AAbgw,BBgnw,CCjln,DDcmx,-90.33
AAbgw,BBdpy,CCjln,DDcmx,-42.15
AAbgw,BBnrz,CCjln,DDcmx,7
AArsv,Boulder BB,CCjln,DDcmx,78.71
AArsv,BBstw,CCjln,DDcmx,-62.8
AArsv,BBjsw,CCjln,DDcmx,-92.07
AAbfq,BBclq,CCjln,DDdnv,-22.65
AAbfq,BBbnx,CCjln,DDdnv,2.12
AAbgw,BBgnw,CCjln,DDdnv,-93.95
AAbgw,BBdpy,CCjln,DDdnv,-84.54
AAbgw,BBnrz,CCjln,DDdnv,-12.87
AArsv,Boulder BB,CCjln,DDdnv,-3.11
AArsv,BBstw,CCjln,DDdnv,-7.92
AArsv,BBjsw,CCjln,DDdnv,-85.9
AAbfq,BBclq,CCdtz,DDdvw,-92.36
AAbfq,BBbnx,CCdtz,DDdvw,-93.72
AAbgw,BBgnw,CCdtz,DDdvw,17.96
AAbgw,BBdpy,CCdtz,DDdvw,2.25
AAbgw,BBnrz,CCdtz,DDdvw,18.71
AArsv,Boulder BB,CCdtz,DDdvw,-78.44
AArsv,BBstw,CCdtz,DDdvw,-19.13
AArsv,BBjsw,CCdtz,DDdvw,28.85
AAbfq,BBclq,CCdtz,DDdrv,35.02
AAbfq,BBbnx,CCdtz,DDdrv,90.58
AAbgw,BBgnw,CCdtz,DDdrv,14.67
AAbgw,BBdpy,CCdtz,DDdrv,14.34
AAbgw,BBnrz,CCdtz,DDdrv,-74.85
AArsv,Boulder BB,CCdtz,DDdrv,-63.91
AArsv,BBstw,CCdtz,DDdrv,-95.55
AArsv,BBjsw,CCdtz,DDdrv,-86.08

