{
"filename": "Evolution_of_pollution_in_percent_set3_2_DB.csv",
"questions": [{"name": "template 1",
 "sql": "SELECT Value FROM DBdata WHERE ((AA = 'AAcv' AND BB = 'BBgt')) AND ((CC = 'CCbx' AND DD = 'DDhv'))",
 "sqlResult": "{-21.77}",
 "nlq": "What is the evolution of DDhv pollution in BBgt, AAcv?"},
{"name": "template 2",
 "sql": "SELECT Value FROM DBdata WHERE ((AA = 'AAcv' AND BB = 'BBgt')) AND ((CC = 'CCbx' AND DD = 'DDpw') OR (CC = 'CCgl' AND DD = 'DDxz') OR (CC = 'CCgl' AND DD = 'DDsx') OR (CC = 'CCgl' AND DD = 'DDgz'))",
 "sqlResult": "{-23.77} || {-62.28} || {-80.99} || {-23.07}",
 "nlq": "What is the evolution of DDsx, DDxz, DDgz, or DDpw pollution in BBgt, AAcv?"},
{"name": "template 3",
 "sql": "SELECT Value FROM DBdata WHERE ((AA = 'AAfz' AND BB = 'BBkt') OR (AA = 'AAcv' AND BB = 'BBsz')) AND ((CC = 'CCgl' AND DD = 'DDxz'))",
 "sqlResult": "{-21.08} || {88.22}",
 "nlq": "What is the evolution of DDxz pollution in BBsz, AAcv or BBkt, AAfz?"},
{"name": "template 4",
 "sql": "SELECT avg(Value),sum(Value) FROM DBdata WHERE ((AA = 'AAgw' AND BB = 'BBhl') OR (AA = 'AAcv' AND BB = 'BBgt')) AND ((CC = 'CCbx' AND DD = 'DDhv'))",
 "sqlResult": "{2.44 | 4.88}",
 "nlq": "What are the average and total evolutions of DDhv pollution in BBhl, AAgw or BBgt, AAcv?"},
{"name": "template 6",
 "sql": "SELECT Value FROM DBdata WHERE ((AA = 'AAfz' AND BB = 'BBkt') OR (AA = 'AAgw' AND BB = 'BBhl')) AND ((CC = 'CCbx' AND DD = 'DDln') OR (CC = 'CCbx' AND DD = 'DDpw') OR (CC = 'CCgl' AND DD = 'DDxz'))",
 "sqlResult": "{-56.33} || {17.7} || {57.57} || {95.53} || {-21.08} || {-12.11}",
 "nlq": "What is the evolution of DDln, DDxz, or DDpw pollution in BBhl, AAgw or BBkt, AAfz?"},
{"name": "template 7",
 "sql": "SELECT sum(Value),avg(Value) FROM DBdata WHERE ((AA = 'AAfz' AND BB = 'BBmx')) AND ((CC = 'CCbx' AND DD = 'DDln') OR (CC = 'CCgl' AND DD = 'DDsx'))",
 "sqlResult": "{26.65 | 13.32}",
 "nlq": "What are the total and average evolutions of DDln or DDsx pollution in BBmx, AAfz?"},
{"name": "template 8",
 "sql": "SELECT AA,BB,avg(Value),min(Value) FROM DBdata WHERE ((AA = 'AAgw' AND BB = 'BBhl') OR (AA = 'AAgw' AND BB = 'BBdt') OR (AA = 'AAcv' AND BB = 'BBsz') OR (AA = 'AAcv' AND BB = 'BBgt')) AND ((CC = 'CCbx' AND DD = 'DDln') OR (CC = 'CCgl' AND DD = 'DDsx') OR (CC = 'CCgl' AND DD = 'DDgz')) GROUP BY AA,BB",
 "sqlResult": "{AAgw | BBhl | -14.55 | -69.48} || {AAgw | BBdt | -18.64 | -90.82} || {AAcv | BBsz | 23.58 | -47.02} || {AAcv | BBgt | -46.55 | -80.99}",
 "nlq": "What are the average and minimum evolutions for each AA and BB, of DDln, DDsx, or DDgz pollution in BBhl or BBdt, AAgw or BBsz or BBgt, AAcv? Please, report the corresponding AA and BB."},
{"name": "template 9",
 "sql": "SELECT min(Value) FROM DBdata WHERE ((AA = 'AAcv' AND BB = 'BBsz')) AND (CC IN ('CCbx','CCgl')) GROUP BY CC",
 "sqlResult": "{-47.02} || {-27.7}",
 "nlq": "What is the minimum evolution of pollution for each CC, of CCgl or CCbx in BBsz, AAcv?"},
{"name": "template 10",
 "sql": "SELECT CC,avg(Value) FROM DBdata WHERE ((AA = 'AAfz' AND BB = 'BBmx')) AND (CC IN ('CCbx','CCgl')) GROUP BY CC",
 "sqlResult": "{CCgl | -15.87} || {CCbx | 33.18}",
 "nlq": "What is the average evolution of pollution for each CC, of CCgl or CCbx in BBmx, AAfz? Please, report the corresponding CC."},
{"name": "template 11",
 "sql": "SELECT CC,AA,BB,avg(Value) FROM DBdata WHERE ((AA = 'AAgw' AND BB = 'BBhl') OR (AA = 'AAgw' AND BB = 'BBdt') OR (AA = 'AAcv' AND BB = 'BBsz')) AND (CC IN ('CCbx','CCgl')) GROUP BY CC,AA,BB",
 "sqlResult": "{CCgl | AAgw | BBhl | -24.48} || {CCgl | AAgw | BBdt | -39.11} || {CCgl | AAcv | BBsz | 32.05} || {CCbx | AAgw | BBhl | 46.63} || {CCbx | AAgw | BBdt | -24.46} || {CCbx | AAcv | BBsz | 43.12}",
 "nlq": "What is the average evolution of pollution for each CC, AA, and BB, of CCgl or CCbx in BBhl or BBdt, AAgw or BBsz, AAcv? Please, report the corresponding CC, AA, and BB."},
{"name": "template 12",
 "sql": "SELECT Value FROM DBdata WHERE ((AA = 'AAgw' AND BB = 'BBdt')) AND (CC IN ('CCbx','CCgl')) ORDER BY VALUE DESC LIMIT 2",
 "sqlResult": "{33.96} || {6.1}",
 "nlq": "What are the top 2 evolutions of pollution of CCgl or CCbx in BBdt, AAgw?"},
{"name": "template 13",
 "sql": "SELECT Value FROM DBdata WHERE ((AA = 'AAfz' AND BB = 'BBkt')) AND (CC IN ('CCbx','CCgl')) ORDER BY VALUE DESC",
 "sqlResult": "{78.65} || {57.57} || {-21.08} || {-46.41} || {-56.33} || {-56.44}",
 "nlq": "What are the evolutions ordered by decreasing values of pollution of CCgl or CCbx in BBkt, AAfz?"},
{"name": "template 14",
 "sql": "SELECT CC,DD FROM DBdata WHERE ((AA = 'AAcv' AND BB = 'BBsz')) AND Value < -0.42",
 "sqlResult": "{CCbx | DDpw} || {CCgl | DDgz}",
 "nlq": "What are the CC and DD for which the evolution in BBsz, AAcv is lower than -0.42?"},
{"name": "template 15",
 "sql": "SELECT CC,DD,Value FROM DBdata WHERE ((AA = 'AAcv' AND BB = 'BBgt')) AND (CC,DD) IN (SELECT CC,DD FROM DBdata WHERE ((AA = 'AAcv' AND BB = 'BBsz')) AND Value < -0.42)",
 "sqlResult": "{CCbx | DDpw | -23.77} || {CCgl | DDgz | -23.07}",
 "nlq": "What is the evolution of pollution in BBgt, AAcv of CC and of DD for which the evolution in BBsz, AAcv is lower than -0.42? Please, report the corresponding CC, DD, and evolution of pollution."}]
}

