{
"filename": "Evolution_of_pollution_in_percent_set7_5_DB.csv",
"questions": [{"name": "template 1",
 "sql": "SELECT Value FROM DBdata WHERE ((AA = 'AAlz' AND BB = 'BBhy')) AND ((CC = 'CCgm' AND DD = 'DDkv'))",
 "sqlResult": "{-26.33}",
 "nlq": "What is the evolution of DDkv pollution in BBhy, AAlz?"},
{"name": "template 2",
 "sql": "SELECT Value FROM DBdata WHERE ((AA = 'AAgj' AND BB = 'BBqw')) AND ((CC = 'CCgm' AND DD = 'DDty') OR (CC = 'CCgm' AND DD = 'DDkv') OR (CC = 'CCgm' AND DD = 'DDgh') OR (CC = 'CCcs' AND DD = 'DDlt') OR (CC = 'CCcs' AND DD = 'DDby') OR (CC = 'CCcs' AND DD = 'DDhm'))",
 "sqlResult": "{39.47} || {-92.47} || {76.64} || {-55.77} || {-27.05} || {42.97}",
 "nlq": "What is the evolution of DDkv, DDgh, DDty, DDby, DDlt, or DDhm pollution in BBqw, AAgj?"},
{"name": "template 3",
 "sql": "SELECT Value FROM DBdata WHERE ((AA = 'AAfh' AND BB = 'BBkr') OR (AA = 'AAfh' AND BB = 'BBhx') OR (AA = 'AAfh' AND BB = 'BBgq') OR (AA = 'AAgj' AND BB = 'BBrt') OR (AA = 'AAgj' AND BB = 'BBqw') OR (AA = 'AAlz' AND BB = 'BBhy') OR (AA = 'AAlz' AND BB = 'BBrv')) AND ((CC = 'CCgm' AND DD = 'DDkv'))",
 "sqlResult": "{27.3} || {-53.78} || {24.08} || {34.39} || {-92.47} || {-26.33} || {79.81}",
 "nlq": "What is the evolution of DDkv pollution in BBkr, BBhx, or BBgq, AAfh or BBrt or BBqw, AAgj or BBhy or BBrv, AAlz?"},
{"name": "template 4",
 "sql": "SELECT sum(Value),avg(Value) FROM DBdata WHERE ((AA = 'AAfh' AND BB = 'BBkr') OR (AA = 'AAfh' AND BB = 'BBgq') OR (AA = 'AAgj' AND BB = 'BBrt') OR (AA = 'AAgj' AND BB = 'BBqw') OR (AA = 'AAlz' AND BB = 'BBrv')) AND ((CC = 'CCcs' AND DD = 'DDlt'))",
 "sqlResult": "{17.09 | 3.42}",
 "nlq": "What are the total and average evolutions of DDlt pollution in BBkr or BBgq, AAfh or BBrt or BBqw, AAgj or BBrv, AAlz?"},
{"name": "template 6",
 "sql": "SELECT Value FROM DBdata WHERE ((AA = 'AAfh' AND BB = 'BBkr') OR (AA = 'AAlz' AND BB = 'BBhy')) AND ((CC = 'CCgm' AND DD = 'DDgh') OR (CC = 'CCcs' AND DD = 'DDlt') OR (CC = 'CCcs' AND DD = 'DDby') OR (CC = 'CCcs' AND DD = 'DDhm'))",
 "sqlResult": "{4.9} || {-7.17} || {41.96} || {62.37} || {-25.15} || {-94.37} || {55.44} || {8.88}",
 "nlq": "What is the evolution of DDgh, DDby, DDlt, or DDhm pollution in BBkr, AAfh or BBhy, AAlz?"},
{"name": "template 7",
 "sql": "SELECT max(Value),min(Value) FROM DBdata WHERE ((AA = 'AAfh' AND BB = 'BBhx')) AND ((CC = 'CCgm' AND DD = 'DDkv') OR (CC = 'CCcs' AND DD = 'DDby'))",
 "sqlResult": "{90.57 | -53.78}",
 "nlq": "What are the maximum and minimum evolutions of DDkv or DDby pollution in BBhx, AAfh?"},
{"name": "template 8",
 "sql": "SELECT AA,BB,min(Value),max(Value) FROM DBdata WHERE ((AA = 'AAgj' AND BB = 'BBrt') OR (AA = 'AAgj' AND BB = 'BBqw')) AND ((CC = 'CCgm' AND DD = 'DDkv') OR (CC = 'CCgm' AND DD = 'DDgh') OR (CC = 'CCcs' AND DD = 'DDlt')) GROUP BY AA,BB",
 "sqlResult": "{AAgj | BBrt | 34.39 | 69.67} || {AAgj | BBqw | -92.47 | 76.64}",
 "nlq": "What are the minimum and maximum evolutions for each AA and BB, of DDkv, DDgh, or DDlt pollution in BBrt or BBqw, AAgj? Please, report the corresponding AA and BB."},
{"name": "template 9",
 "sql": "SELECT min(Value) FROM DBdata WHERE ((AA = 'AAgj' AND BB = 'BBqw')) AND (CC IN ('CCgm','CCcs')) GROUP BY CC",
 "sqlResult": "{-55.77} || {-92.47}",
 "nlq": "What is the minimum evolution of pollution for each CC, of CCcs or CCgm in BBqw, AAgj?"},
{"name": "template 10",
 "sql": "SELECT CC,avg(Value) FROM DBdata WHERE ((AA = 'AAlz' AND BB = 'BBrv')) AND (CC IN ('CCgm','CCcs')) GROUP BY CC",
 "sqlResult": "{CCcs | 37.92} || {CCgm | 28.39}",
 "nlq": "What is the average evolution of pollution for each CC, of CCcs or CCgm in BBrv, AAlz? Please, report the corresponding CC."},
{"name": "template 11",
 "sql": "SELECT CC,AA,BB,max(Value) FROM DBdata WHERE ((AA = 'AAfh' AND BB = 'BBhx') OR (AA = 'AAgj' AND BB = 'BBrt') OR (AA = 'AAgj' AND BB = 'BBqw')) AND (CC IN ('CCgm','CCcs')) GROUP BY CC,AA,BB",
 "sqlResult": "{CCcs | AAfh | BBhx | 90.57} || {CCcs | AAgj | BBrt | 66.14} || {CCcs | AAgj | BBqw | 42.97} || {CCgm | AAfh | BBhx | -36.47} || {CCgm | AAgj | BBrt | 69.67} || {CCgm | AAgj | BBqw | 76.64}",
 "nlq": "What is the maximum evolution of pollution for each CC, AA, and BB, of CCcs or CCgm in BBhx, AAfh or BBrt or BBqw, AAgj? Please, report the corresponding CC, AA, and BB."},
{"name": "template 12",
 "sql": "SELECT Value FROM DBdata WHERE ((AA = 'AAlz' AND BB = 'BBhy')) AND (CC IN ('CCgm','CCcs')) ORDER BY VALUE DESC LIMIT 3",
 "sqlResult": "{62.37} || {39.1} || {8.88}",
 "nlq": "What are the top 3 evolutions of pollution of CCcs or CCgm in BBhy, AAlz?"},
{"name": "template 13",
 "sql": "SELECT Value FROM DBdata WHERE ((AA = 'AAlz' AND BB = 'BBhy')) AND (CC IN ('CCgm','CCcs')) ORDER BY VALUE ASC",
 "sqlResult": "{-94.37} || {-26.33} || {-7.17} || {8.88} || {39.1} || {62.37}",
 "nlq": "What are the evolutions ordered by increasing values of pollution of CCcs or CCgm in BBhy, AAlz?"},
{"name": "template 14",
 "sql": "SELECT CC,DD FROM DBdata WHERE ((AA = 'AAgj' AND BB = 'BBrt')) AND Value > 15.27",
 "sqlResult": "{CCgm | DDkv} || {CCgm | DDgh} || {CCcs | DDlt} || {CCcs | DDby}",
 "nlq": "What are the CC and DD for which the evolution in BBrt, AAgj is greater than 15.27?"},
{"name": "template 15",
 "sql": "SELECT CC,DD,Value FROM DBdata WHERE ((AA = 'AAlz' AND BB = 'BBrv')) AND (CC,DD) IN (SELECT CC,DD FROM DBdata WHERE ((AA = 'AAgj' AND BB = 'BBrt')) AND Value > 15.27)",
 "sqlResult": "{CCgm | DDkv | 79.81} || {CCgm | DDgh | 30.74} || {CCcs | DDlt | 8.02} || {CCcs | DDby | 68.36}",
 "nlq": "What is the evolution of pollution in BBrv, AAlz of CC and of DD for which the evolution in BBrt, AAgj is greater than 15.27? Please, report the corresponding CC, DD, and evolution of pollution."}]
}

