{
"filename": "Evolution_of_pollution_in_percent_set5_4_DB.csv",
"questions": [{"name": "template 1",
 "sql": "SELECT Value FROM DBdata WHERE ((AA = 'AAjs' AND BB = 'BBlw')) AND ((CC = 'CCfk' AND DD = 'DDmp'))",
 "sqlResult": "{-41.5}",
 "nlq": "What is the evolution of DDmp pollution in BBlw, AAjs?"},
{"name": "template 2",
 "sql": "SELECT Value FROM DBdata WHERE ((AA = 'AAjs' AND BB = 'BBlw')) AND ((CC = 'CCfk' AND DD = 'DDby') OR (CC = 'CCbd' AND DD = 'DDpt'))",
 "sqlResult": "{-21.18} || {-5.92}",
 "nlq": "What is the evolution of DDby or DDpt pollution in BBlw, AAjs?"},
{"name": "template 3",
 "sql": "SELECT Value FROM DBdata WHERE ((AA = 'AAjs' AND BB = 'BBlw') OR (AA = 'AAjs' AND BB = 'BBky')) AND ((CC = 'CCfk' AND DD = 'DDby'))",
 "sqlResult": "{-21.18} || {25.06}",
 "nlq": "What is the evolution of DDby pollution in BBlw or BBky, AAjs?"},
{"name": "template 4",
 "sql": "SELECT avg(Value),max(Value) FROM DBdata WHERE ((AA = 'AAfm' AND BB = 'BBlm') OR (AA = 'AAfm' AND BB = 'BBns') OR (AA = 'AAfm' AND BB = 'BBpv') OR (AA = 'AAjs' AND BB = 'BBlw') OR (AA = 'AAjs' AND BB = 'BBky')) AND ((CC = 'CCfk' AND DD = 'DDrt'))",
 "sqlResult": "{19.69 | 87.55}",
 "nlq": "What are the average and maximum evolutions of DDrt pollution in BBlm, BBns, or BBpv, AAfm or BBlw or BBky, AAjs?"},
{"name": "template 6",
 "sql": "SELECT Value FROM DBdata WHERE ((AA = 'AAfm' AND BB = 'BBlm') OR (AA = 'AAfm' AND BB = 'BBpv') OR (AA = 'AAjs' AND BB = 'BBkr') OR (AA = 'AAjs' AND BB = 'BBky')) AND ((CC = 'CCfk' AND DD = 'DDrt') OR (CC = 'CCfk' AND DD = 'DDgl'))",
 "sqlResult": "{-6.82} || {39.44} || {-65.47} || {-56.04} || {-70.5} || {99.82} || {-57.52} || {-91.27}",
 "nlq": "What is the evolution of DDrt or DDgl pollution in BBlm or BBpv, AAfm or BBkr or BBky, AAjs?"},
{"name": "template 7",
 "sql": "SELECT min(Value),sum(Value) FROM DBdata WHERE ((AA = 'AAjs' AND BB = 'BBkr')) AND ((CC = 'CCfk' AND DD = 'DDfs') OR (CC = 'CCbd' AND DD = 'DDpt') OR (CC = 'CCbd' AND DD = 'DDft'))",
 "sqlResult": "{-72.42 | -132.17}",
 "nlq": "What are the minimum and total evolutions of DDpt, DDfs, or DDft pollution in BBkr, AAjs?"},
{"name": "template 8",
 "sql": "SELECT AA,BB,sum(Value),avg(Value) FROM DBdata WHERE ((AA = 'AAfm' AND BB = 'BBns') OR (AA = 'AAjs' AND BB = 'BBkr')) AND ((CC = 'CCfk' AND DD = 'DDrt') OR (CC = 'CCfk' AND DD = 'DDgl') OR (CC = 'CCfk' AND DD = 'DDfs') OR (CC = 'CCbd' AND DD = 'DDpt') OR (CC = 'CCbd' AND DD = 'DDft')) GROUP BY AA,BB",
 "sqlResult": "{AAfm | BBns | 81.5 | 16.3} || {AAjs | BBkr | -255.16 | -51.03}",
 "nlq": "What are the total and average evolutions for each AA and BB, of DDrt, DDgl, DDpt, DDfs, or DDft pollution in BBkr, AAjs or BBns, AAfm? Please, report the corresponding AA and BB."},
{"name": "template 9",
 "sql": "SELECT min(Value) FROM DBdata WHERE ((AA = 'AAfm' AND BB = 'BBlm')) AND (CC IN ('CCfk','CCbd')) GROUP BY CC",
 "sqlResult": "{-81.21} || {-84.7}",
 "nlq": "What is the minimum evolution of pollution for each CC, of CCbd or CCfk in BBlm, AAfm?"},
{"name": "template 10",
 "sql": "SELECT CC,avg(Value) FROM DBdata WHERE ((AA = 'AAfm' AND BB = 'BBlm')) AND (CC IN ('CCfk','CCbd')) GROUP BY CC",
 "sqlResult": "{CCbd | -4.86} || {CCfk | -22.77}",
 "nlq": "What is the average evolution of pollution for each CC, of CCbd or CCfk in BBlm, AAfm? Please, report the corresponding CC."},
{"name": "template 11",
 "sql": "SELECT CC,AA,BB,avg(Value) FROM DBdata WHERE ((AA = 'AAfm' AND BB = 'BBpv') OR (AA = 'AAjs' AND BB = 'BBlw') OR (AA = 'AAjs' AND BB = 'BBkr')) AND (CC IN ('CCfk','CCbd')) GROUP BY CC,AA,BB",
 "sqlResult": "{CCbd | AAfm | BBpv | -12.04} || {CCbd | AAjs | BBlw | -18.95} || {CCbd | AAjs | BBkr | -30.02} || {CCfk | AAfm | BBpv | 53.6} || {CCfk | AAjs | BBlw | -2.03} || {CCfk | AAjs | BBkr | -38.57}",
 "nlq": "What is the average evolution of pollution for each CC, AA, and BB, of CCbd or CCfk in BBlw or BBkr, AAjs or BBpv, AAfm? Please, report the corresponding CC, AA, and BB."},
{"name": "template 12",
 "sql": "SELECT Value FROM DBdata WHERE ((AA = 'AAfm' AND BB = 'BBlm')) AND (CC IN ('CCfk','CCbd')) ORDER BY VALUE ASC LIMIT 2",
 "sqlResult": "{-84.7} || {-81.21}",
 "nlq": "What are the bottom 2 evolutions of pollution of CCbd or CCfk in BBlm, AAfm?"},
{"name": "template 13",
 "sql": "SELECT Value FROM DBdata WHERE ((AA = 'AAjs' AND BB = 'BBkr')) AND (CC IN ('CCfk','CCbd')) ORDER BY VALUE DESC",
 "sqlResult": "{34.6} || {-7.5} || {-26.24} || {-36.1} || {-52.25} || {-57.52} || {-65.47} || {-72.42}",
 "nlq": "What are the evolutions ordered by decreasing values of pollution of CCbd or CCfk in BBkr, AAjs?"},
{"name": "template 14",
 "sql": "SELECT CC,DD FROM DBdata WHERE ((AA = 'AAfm' AND BB = 'BBpv')) AND Value > -15.09",
 "sqlResult": "{CCfk | DDby} || {CCfk | DDrt} || {CCfk | DDgl} || {CCfk | DDfs} || {CCfk | DDmp} || {CCbd | DDbq} || {CCbd | DDpt}",
 "nlq": "What are the CC and DD for which the evolution in BBpv, AAfm is greater than -15.09?"},
{"name": "template 15",
 "sql": "SELECT CC,DD,Value FROM DBdata WHERE ((AA = 'AAjs' AND BB = 'BBkr')) AND (CC,DD) IN (SELECT CC,DD FROM DBdata WHERE ((AA = 'AAfm' AND BB = 'BBpv')) AND Value > -15.09)",
 "sqlResult": "{CCfk | DDby | -26.24} || {CCfk | DDrt | -65.47} || {CCfk | DDgl | -57.52} || {CCfk | DDfs | -7.5} || {CCfk | DDmp | -36.1} || {CCbd | DDbq | 34.6} || {CCbd | DDpt | -52.25}",
 "nlq": "What is the evolution of pollution in BBkr, AAjs of CC and of DD for which the evolution in BBpv, AAfm is greater than -15.09? Please, report the corresponding CC, DD, and evolution of pollution."}]
}

