State,City,Polluted element,Type of pollution,Value
State,City,Polluted_element,Type_of_pollution,Value
Maryland,Aberdeen,Water,Chemical,-93.33
Maryland,Baltimore,Water,Chemical,-53.32
Maryland,Columbia,Water,Chemical,-84.88
Massachusetts,Cambridge,Water,Chemical,-40.04
Massachusetts,Lenox,Water,Chemical,17.1
Michigan,Detroit,Water,Chemical,-46.84
Michigan,Flint,Water,Chemical,21.43
Michigan,Port Huron,Water,Chemical,-17.94
Maryland,Aberdeen,Water,Groundwater,66.09
Maryland,Baltimore,Water,Groundwater,75.78
Maryland,Columbia,Water,Groundwater,-92.38
Massachusetts,Cambridge,Water,Groundwater,-48.73
Massachusetts,Lenox,Water,Groundwater,-81.02
Michigan,Detroit,Water,Groundwater,-93.11
Michigan,Flint,Water,Groundwater,-68.05
Michigan,Port Huron,Water,Groundwater,-66.54
Maryland,Aberdeen,Water,Oxygen-depletion,24.13
Maryland,Baltimore,Water,Oxygen-depletion,77.13
Maryland,Columbia,Water,Oxygen-depletion,-4.73
Massachusetts,Cambridge,Water,Oxygen-depletion,-45.06
Massachusetts,Lenox,Water,Oxygen-depletion,13.96
Michigan,Detroit,Water,Oxygen-depletion,-24.92
Michigan,Flint,Water,Oxygen-depletion,-34.02
Michigan,Port Huron,Water,Oxygen-depletion,-84.13
Maryland,Aberdeen,Water,Surface water,-84.2
Maryland,Baltimore,Water,Surface water,-46.45
Maryland,Columbia,Water,Surface water,-60.01
Massachusetts,Cambridge,Water,Surface water,-12.58
Massachusetts,Lenox,Water,Surface water,60.76
Michigan,Detroit,Water,Surface water,40.49
Michigan,Flint,Water,Surface water,92.32
Michigan,Port Huron,Water,Surface water,59.16
Maryland,Aberdeen,Soil,Inorganic Fertilizers,99.05
Maryland,Baltimore,Soil,Inorganic Fertilizers,21.63
Maryland,Columbia,Soil,Inorganic Fertilizers,-69.38
Massachusetts,Cambridge,Soil,Inorganic Fertilizers,86.39
Massachusetts,Lenox,Soil,Inorganic Fertilizers,-20.84
Michigan,Detroit,Soil,Inorganic Fertilizers,62.12
Michigan,Flint,Soil,Inorganic Fertilizers,-89.89
Michigan,Port Huron,Soil,Inorganic Fertilizers,-63.83
Maryland,Aberdeen,Soil,Industrial,17.44
Maryland,Baltimore,Soil,Industrial,-67.01
Maryland,Columbia,Soil,Industrial,70
Massachusetts,Cambridge,Soil,Industrial,22.38
Massachusetts,Lenox,Soil,Industrial,18.34
Michigan,Detroit,Soil,Industrial,-1.56
Michigan,Flint,Soil,Industrial,-40.52
Michigan,Port Huron,Soil,Industrial,-3.37
Maryland,Aberdeen,Soil,Inferior Irrigation,-6.12
Maryland,Baltimore,Soil,Inferior Irrigation,17.11
Maryland,Columbia,Soil,Inferior Irrigation,-91.55
Massachusetts,Cambridge,Soil,Inferior Irrigation,13.21
Massachusetts,Lenox,Soil,Inferior Irrigation,-73.08
Michigan,Detroit,Soil,Inferior Irrigation,9.81
Michigan,Flint,Soil,Inferior Irrigation,21.92
Michigan,Port Huron,Soil,Inferior Irrigation,25.14
Maryland,Aberdeen,Soil,Solid Waste,-3.07
Maryland,Baltimore,Soil,Solid Waste,-72.71
Maryland,Columbia,Soil,Solid Waste,-90.5
Massachusetts,Cambridge,Soil,Solid Waste,-80.93
Massachusetts,Lenox,Soil,Solid Waste,54.94
Michigan,Detroit,Soil,Solid Waste,-49.81
Michigan,Flint,Soil,Solid Waste,-97.9
Michigan,Port Huron,Soil,Solid Waste,-78.6
Maryland,Aberdeen,Soil,Urban Activities,-17.37
Maryland,Baltimore,Soil,Urban Activities,53.27
Maryland,Columbia,Soil,Urban Activities,57.62
Massachusetts,Cambridge,Soil,Urban Activities,-80.36
Massachusetts,Lenox,Soil,Urban Activities,-2.97
Michigan,Detroit,Soil,Urban Activities,21.17
Michigan,Flint,Soil,Urban Activities,30.83
Michigan,Port Huron,Soil,Urban Activities,-36.88
Maryland,Aberdeen,Air,Light,33.73
Maryland,Baltimore,Air,Light,74.32
Maryland,Columbia,Air,Light,-49.57
Massachusetts,Cambridge,Air,Light,76.45
Massachusetts,Lenox,Air,Light,38.03
Michigan,Detroit,Air,Light,-13.73
Michigan,Flint,Air,Light,-60.41
Michigan,Port Huron,Air,Light,-45.04
Maryland,Aberdeen,Air,Thermal,-40.68
Maryland,Baltimore,Air,Thermal,46.14
Maryland,Columbia,Air,Thermal,-84.47
Massachusetts,Cambridge,Air,Thermal,-99.67
Massachusetts,Lenox,Air,Thermal,24.21
Michigan,Detroit,Air,Thermal,-90.49
Michigan,Flint,Air,Thermal,97.69
Michigan,Port Huron,Air,Thermal,97
