State,City,Polluted element,Type of pollution,Value
State,City,Polluted_element,Type_of_pollution,Value
Georgia,Albany,Water,Chemical,57.2
Georgia,Columbus,Water,Chemical,0.44
Georgia,Washington,Water,Chemical,91.45
Illinois,Champaign,Water,Chemical,-37.97
Illinois,Chicago,Water,Chemical,-66.17
Georgia,Albany,Water,Groundwater,97.71
Georgia,Columbus,Water,Groundwater,2.13
Georgia,Washington,Water,Groundwater,63.22
Illinois,Champaign,Water,Groundwater,15.56
Illinois,Chicago,Water,Groundwater,84.97
Georgia,Albany,Water,Oxygen-depletion,-15.83
Georgia,Columbus,Water,Oxygen-depletion,25.07
Georgia,Washington,Water,Oxygen-depletion,-67.54
Illinois,Champaign,Water,Oxygen-depletion,35.33
Illinois,Chicago,Water,Oxygen-depletion,84.67
Georgia,Albany,Water,Surface water,47.3
Georgia,Columbus,Water,Surface water,-83.22
Georgia,Washington,Water,Surface water,10.61
Illinois,Champaign,Water,Surface water,-37.58
Illinois,Chicago,Water,Surface water,92.53
Georgia,Albany,Soil,Inferior Irrigation,-44.4
Georgia,Columbus,Soil,Inferior Irrigation,26.34
Georgia,Washington,Soil,Inferior Irrigation,5.65
Illinois,Champaign,Soil,Inferior Irrigation,81.66
Illinois,Chicago,Soil,Inferior Irrigation,38.94
Georgia,Albany,Soil,Solid Waste,87.26
Georgia,Columbus,Soil,Solid Waste,-60.24
Georgia,Washington,Soil,Solid Waste,-34.06
Illinois,Champaign,Soil,Solid Waste,71.01
Illinois,Chicago,Soil,Solid Waste,48.66
Georgia,Albany,Air,Light,-38.98
Georgia,Columbus,Air,Light,1.4
Georgia,Washington,Air,Light,-38.99
Illinois,Champaign,Air,Light,-50.99
Illinois,Chicago,Air,Light,-76.08
Georgia,Albany,Air,Thermal,-40.89
Georgia,Columbus,Air,Thermal,-55.69
Georgia,Washington,Air,Thermal,-77.94
Illinois,Champaign,Air,Thermal,-94.77
Illinois,Chicago,Air,Thermal,19.93
