{
"filename": "Evolution_of_pollution_in_percent_set1_4_DB.csv",
"questions": [{"name": "template 1",
 "sql": "SELECT Value FROM DBdata WHERE ((AA = 'AAgv' AND BB = 'BBfv')) AND ((CC = 'CCgm' AND DD = 'DDjp'))",
 "sqlResult": "{94.22}",
 "nlq": "What is the evolution of DDjp pollution in BBfv, AAgv?"},
{"name": "template 2",
 "sql": "SELECT Value FROM DBdata WHERE ((AA = 'AAhl' AND BB = 'BBjn')) AND ((CC = 'CCgm' AND DD = 'DDty') OR (CC = 'CCgm' AND DD = 'DDgj') OR (CC = 'CCgm' AND DD = 'DDhm') OR (CC = 'CCgm' AND DD = 'DDjp') OR (CC = 'CCxz' AND DD = 'DDfy') OR (CC = 'CCxz' AND DD = 'DDks') OR (CC = 'CCxz' AND DD = 'DDnt'))",
 "sqlResult": "{-2.01} || {-7.99} || {-83.14} || {94.21} || {52.34} || {66.16} || {30.9}",
 "nlq": "What is the evolution of DDty, DDgj, DDks, DDfy, DDhm, DDnt, or DDjp pollution in BBjn, AAhl?"},
{"name": "template 3",
 "sql": "SELECT Value FROM DBdata WHERE ((AA = 'AAgv' AND BB = 'BBfv') OR (AA = 'AAhl' AND BB = 'BBdp')) AND ((CC = 'CCxz' AND DD = 'DDks'))",
 "sqlResult": "{1.25} || {49.19}",
 "nlq": "What is the evolution of DDks pollution in BBfv, AAgv or BBdp, AAhl?"},
{"name": "template 4",
 "sql": "SELECT avg(Value),max(Value) FROM DBdata WHERE ((AA = 'AAhl' AND BB = 'BBdp') OR (AA = 'AAqs' AND BB = 'BBmt')) AND ((CC = 'CCgm' AND DD = 'DDhm'))",
 "sqlResult": "{-58.02 | -52.21}",
 "nlq": "What are the average and maximum evolutions of DDhm pollution in BBdp, AAhl or BBmt, AAqs?"},
{"name": "template 6",
 "sql": "SELECT Value FROM DBdata WHERE ((AA = 'AAgv' AND BB = 'BBvy') OR (AA = 'AAhl' AND BB = 'BBdp') OR (AA = 'AAqs' AND BB = 'BBmt')) AND ((CC = 'CCgm' AND DD = 'DDty') OR (CC = 'CCgm' AND DD = 'DDgj'))",
 "sqlResult": "{61.82} || {-51.57} || {-8.98} || {63.71} || {24.41} || {80.23}",
 "nlq": "What is the evolution of DDty or DDgj pollution in BBdp, AAhl or BBmt, AAqs or BBvy, AAgv?"},
{"name": "template 7",
 "sql": "SELECT sum(Value),avg(Value) FROM DBdata WHERE ((AA = 'AAgv' AND BB = 'BBvy')) AND ((CC = 'CCgm' AND DD = 'DDty') OR (CC = 'CCgm' AND DD = 'DDgj') OR (CC = 'CCxz' AND DD = 'DDfy'))",
 "sqlResult": "{193.88 | 64.63}",
 "nlq": "What are the total and average evolutions of DDty, DDgj, or DDfy pollution in BBvy, AAgv?"},
{"name": "template 8",
 "sql": "SELECT AA,BB,min(Value),avg(Value) FROM DBdata WHERE ((AA = 'AAgv' AND BB = 'BBfv') OR (AA = 'AAgv' AND BB = 'BBvy') OR (AA = 'AAqs' AND BB = 'BBvx') OR (AA = 'AAqs' AND BB = 'BBmt')) AND ((CC = 'CCgm' AND DD = 'DDty') OR (CC = 'CCxz' AND DD = 'DDfy') OR (CC = 'CCxz' AND DD = 'DDnt')) GROUP BY AA,BB",
 "sqlResult": "{AAgv | BBfv | -98.68 | -19.79} || {AAgv | BBvy | 13.12 | 47.76} || {AAqs | BBvx | -16.88 | 26.1} || {AAqs | BBmt | -22.28 | 22.69}",
 "nlq": "What are the minimum and average evolutions for each AA and BB, of DDty, DDfy, or DDnt pollution in BBfv or BBvy, AAgv or BBvx or BBmt, AAqs? Please, report the corresponding AA and BB."},
{"name": "template 9",
 "sql": "SELECT min(Value) FROM DBdata WHERE ((AA = 'AAqs' AND BB = 'BBmt')) AND (CC IN ('CCgm','CCxz')) GROUP BY CC",
 "sqlResult": "{-22.32} || {-63.82}",
 "nlq": "What is the minimum evolution of pollution for each CC, of CCxz or CCgm in BBmt, AAqs?"},
{"name": "template 10",
 "sql": "SELECT CC,sum(Value) FROM DBdata WHERE ((AA = 'AAgv' AND BB = 'BBfv')) AND (CC IN ('CCgm','CCxz')) GROUP BY CC",
 "sqlResult": "{CCxz | -54.53} || {CCgm | 165.41}",
 "nlq": "What is the total evolution of pollution for each CC, of CCxz or CCgm in BBfv, AAgv? Please, report the corresponding CC."},
{"name": "template 11",
 "sql": "SELECT CC,AA,BB,min(Value) FROM DBdata WHERE ((AA = 'AAgv' AND BB = 'BBvy') OR (AA = 'AAhl' AND BB = 'BBjn')) AND (CC IN ('CCgm','CCxz')) GROUP BY CC,AA,BB",
 "sqlResult": "{CCxz | AAgv | BBvy | 13.12} || {CCxz | AAhl | BBjn | 30.9} || {CCgm | AAgv | BBvy | 5.96} || {CCgm | AAhl | BBjn | -83.14}",
 "nlq": "What is the minimum evolution of pollution for each CC, AA, and BB, of CCxz or CCgm in BBvy, AAgv or BBjn, AAhl? Please, report the corresponding CC, AA, and BB."},
{"name": "template 12",
 "sql": "SELECT Value FROM DBdata WHERE ((AA = 'AAqs' AND BB = 'BBvx')) AND (CC IN ('CCgm','CCxz')) ORDER BY VALUE ASC LIMIT 5",
 "sqlResult": "{-16.88} || {-15.76} || {2.74} || {13.42} || {44.67}",
 "nlq": "What are the bottom 5 evolutions of pollution of CCxz or CCgm in BBvx, AAqs?"},
{"name": "template 13",
 "sql": "SELECT Value FROM DBdata WHERE ((AA = 'AAqs' AND BB = 'BBvx')) AND (CC IN ('CCgm','CCxz')) ORDER BY VALUE ASC",
 "sqlResult": "{-16.88} || {-15.76} || {2.74} || {13.42} || {44.67} || {87.66} || {92.44}",
 "nlq": "What are the evolutions ordered by increasing values of pollution of CCxz or CCgm in BBvx, AAqs?"},
{"name": "template 14",
 "sql": "SELECT CC,DD FROM DBdata WHERE ((AA = 'AAhl' AND BB = 'BBdp')) AND Value > 24.04",
 "sqlResult": "{CCgm | DDgj} || {CCxz | DDks} || {CCxz | DDnt}",
 "nlq": "What are the CC and DD for which the evolution in BBdp, AAhl is greater than 24.04?"},
{"name": "template 15",
 "sql": "SELECT CC,DD,Value FROM DBdata WHERE ((AA = 'AAqs' AND BB = 'BBvx')) AND (CC,DD) IN (SELECT CC,DD FROM DBdata WHERE ((AA = 'AAhl' AND BB = 'BBdp')) AND Value > 24.04)",
 "sqlResult": "{CCgm | DDgj | 44.67} || {CCxz | DDks | -15.76} || {CCxz | DDnt | 92.44}",
 "nlq": "What is the evolution of pollution in BBvx, AAqs of CC and of DD for which the evolution in BBdp, AAhl is greater than 24.04? Please, report the corresponding CC, DD, and evolution of pollution."}]
}

