State,City,Polluted element,Type of pollution,Value
State,City,Polluted_element,Type_of_pollution,Value
Illinois,Chicago,Soil,Inorganic Fertilizers,-21.41
Illinois,Springfield,Soil,Inorganic Fertilizers,48.75
Maryland,Baltimore,Soil,Inorganic Fertilizers,63.47
Maryland,Columbia,Soil,Inorganic Fertilizers,-31.4
Massachusetts,Cambridge,Soil,Inorganic Fertilizers,75.19
Massachusetts,Lenox,Soil,Inorganic Fertilizers,-42.26
Illinois,Chicago,Soil,Industrial,89.68
Illinois,Springfield,Soil,Industrial,-44.69
Maryland,Baltimore,Soil,Industrial,4.22
Maryland,Columbia,Soil,Industrial,-57.01
Massachusetts,Cambridge,Soil,Industrial,95.5
Massachusetts,Lenox,Soil,Industrial,-99.74
Illinois,Chicago,Air,Noise,-18.42
Illinois,Springfield,Air,Noise,-47.11
Maryland,Baltimore,Air,Noise,86.92
Maryland,Columbia,Air,Noise,80.06
Massachusetts,Cambridge,Air,Noise,-55.26
Massachusetts,Lenox,Air,Noise,88.08
Illinois,Chicago,Air,Light,-80.45
Illinois,Springfield,Air,Light,-72.36
Maryland,Baltimore,Air,Light,-58.38
Maryland,Columbia,Air,Light,22.39
Massachusetts,Cambridge,Air,Light,-18.76
Massachusetts,Lenox,Air,Light,85.56
Illinois,Chicago,Air,Thermal,22.98
Illinois,Springfield,Air,Thermal,32.65
Maryland,Baltimore,Air,Thermal,5.52
Maryland,Columbia,Air,Thermal,24.63
Massachusetts,Cambridge,Air,Thermal,-63.41
Massachusetts,Lenox,Air,Thermal,-0.76
