{
"filename": "Evolution_of_pollution_in_percent_set7_1_DB.csv",
"questions": [{"name": "template 1",
 "sql": "SELECT Value FROM DBdata WHERE ((AA = 'AAkp' AND BB = 'BBdx')) AND ((CC = 'CCqw' AND DD = 'DDjt'))",
 "sqlResult": "{-70.5}",
 "nlq": "What is the evolution of DDjt pollution in BBdx, AAkp?"},
{"name": "template 2",
 "sql": "SELECT Value FROM DBdata WHERE ((AA = 'AAkp' AND BB = 'BBdx')) AND ((CC = 'CCfx' AND DD = 'DDbh') OR (CC = 'CCfx' AND DD = 'DDkl') OR (CC = 'CCfx' AND DD = 'DDnr') OR (CC = 'CCfx' AND DD = 'DDmr') OR (CC = 'CCqw' AND DD = 'DDjt') OR (CC = 'CCqw' AND DD = 'DDjp'))",
 "sqlResult": "{-53.51} || {-79.75} || {-78.47} || {-26.33} || {-70.5} || {13.61}",
 "nlq": "What is the evolution of DDbh, DDkl, DDjt, DDnr, DDjp, or DDmr pollution in BBdx, AAkp?"},
{"name": "template 3",
 "sql": "SELECT Value FROM DBdata WHERE ((AA = 'AAkp' AND BB = 'BBdx') OR (AA = 'AAkp' AND BB = 'BBrs') OR (AA = 'AAqt' AND BB = 'BBdq')) AND ((CC = 'CCfx' AND DD = 'DDbh'))",
 "sqlResult": "{-53.51} || {-76.97} || {36.32}",
 "nlq": "What is the evolution of DDbh pollution in BBdq, AAqt or BBdx or BBrs, AAkp?"},
{"name": "template 4",
 "sql": "SELECT min(Value),avg(Value) FROM DBdata WHERE ((AA = 'AAkp' AND BB = 'BBrs') OR (AA = 'AAqt' AND BB = 'BBdq')) AND ((CC = 'CCfx' AND DD = 'DDnr'))",
 "sqlResult": "{-3.71 | 14.84}",
 "nlq": "What are the minimum and average evolutions of DDnr pollution in BBdq, AAqt or BBrs, AAkp?"},
{"name": "template 6",
 "sql": "SELECT Value FROM DBdata WHERE ((AA = 'AAkp' AND BB = 'BBrs') OR (AA = 'AAqt' AND BB = 'BBdq')) AND ((CC = 'CCfx' AND DD = 'DDbh') OR (CC = 'CCfx' AND DD = 'DDkl') OR (CC = 'CCfx' AND DD = 'DDnr') OR (CC = 'CCfx' AND DD = 'DDmr'))",
 "sqlResult": "{-76.97} || {36.32} || {-90.25} || {64.2} || {33.4} || {-3.71} || {56.53} || {-67.8}",
 "nlq": "What is the evolution of DDbh, DDkl, DDnr, or DDmr pollution in BBdq, AAqt or BBrs, AAkp?"},
{"name": "template 7",
 "sql": "SELECT max(Value),avg(Value) FROM DBdata WHERE ((AA = 'AAqt' AND BB = 'BBpw')) AND ((CC = 'CCfx' AND DD = 'DDnr') OR (CC = 'CCfx' AND DD = 'DDmr') OR (CC = 'CCqw' AND DD = 'DDjt') OR (CC = 'CCqw' AND DD = 'DDjp'))",
 "sqlResult": "{63.01 | -14.82}",
 "nlq": "What are the maximum and average evolutions of DDjt, DDnr, DDjp, or DDmr pollution in BBpw, AAqt?"},
{"name": "template 8",
 "sql": "SELECT AA,BB,max(Value),avg(Value) FROM DBdata WHERE ((AA = 'AAkp' AND BB = 'BBdx') OR (AA = 'AAqt' AND BB = 'BBdq') OR (AA = 'AAqt' AND BB = 'BBpw')) AND ((CC = 'CCfx' AND DD = 'DDnr') OR (CC = 'CCqw' AND DD = 'DDjt')) GROUP BY AA,BB",
 "sqlResult": "{AAkp | BBdx | -70.5 | -74.48} || {AAqt | BBdq | -3.71 | -37.6} || {AAqt | BBpw | 63.01 | -17.09}",
 "nlq": "What are the maximum and average evolutions for each AA and BB, of DDjt or DDnr pollution in BBdq or BBpw, AAqt or BBdx, AAkp? Please, report the corresponding AA and BB."},
{"name": "template 9",
 "sql": "SELECT min(Value) FROM DBdata WHERE ((AA = 'AAqt' AND BB = 'BBpw')) AND (CC IN ('CCfx','CCqw')) GROUP BY CC",
 "sqlResult": "{-85.92} || {-97.18}",
 "nlq": "What is the minimum evolution of pollution for each CC, of CCqw or CCfx in BBpw, AAqt?"},
{"name": "template 10",
 "sql": "SELECT CC,min(Value) FROM DBdata WHERE ((AA = 'AAkp' AND BB = 'BBrs')) AND (CC IN ('CCfx','CCqw')) GROUP BY CC",
 "sqlResult": "{CCqw | -64.11} || {CCfx | -90.25}",
 "nlq": "What is the minimum evolution of pollution for each CC, of CCqw or CCfx in BBrs, AAkp? Please, report the corresponding CC."},
{"name": "template 11",
 "sql": "SELECT CC,AA,BB,avg(Value) FROM DBdata WHERE ((AA = 'AAkp' AND BB = 'BBrs') OR (AA = 'AAqt' AND BB = 'BBdq') OR (AA = 'AAqt' AND BB = 'BBpw')) AND (CC IN ('CCfx','CCqw')) GROUP BY CC,AA,BB",
 "sqlResult": "{CCqw | AAkp | BBrs | -16.87} || {CCqw | AAqt | BBdq | -37.82} || {CCqw | AAqt | BBpw | -11.46} || {CCfx | AAkp | BBrs | -19.32} || {CCfx | AAqt | BBdq | 7.25} || {CCfx | AAqt | BBpw | -7.06}",
 "nlq": "What is the average evolution of pollution for each CC, AA, and BB, of CCqw or CCfx in BBdq or BBpw, AAqt or BBrs, AAkp? Please, report the corresponding CC, AA, and BB."},
{"name": "template 12",
 "sql": "SELECT Value FROM DBdata WHERE ((AA = 'AAqt' AND BB = 'BBdq')) AND (CC IN ('CCfx','CCqw')) ORDER BY VALUE DESC LIMIT 4",
 "sqlResult": "{64.2} || {36.32} || {-3.71} || {-4.15}",
 "nlq": "What are the top 4 evolutions of pollution of CCqw or CCfx in BBdq, AAqt?"},
{"name": "template 13",
 "sql": "SELECT Value FROM DBdata WHERE ((AA = 'AAqt' AND BB = 'BBdq')) AND (CC IN ('CCfx','CCqw')) ORDER BY VALUE ASC",
 "sqlResult": "{-71.49} || {-67.8} || {-4.15} || {-3.71} || {36.32} || {64.2}",
 "nlq": "What are the evolutions ordered by increasing values of pollution of CCqw or CCfx in BBdq, AAqt?"},
{"name": "template 14",
 "sql": "SELECT CC,DD FROM DBdata WHERE ((AA = 'AAqt' AND BB = 'BBpw')) AND Value > -20.99",
 "sqlResult": "{CCfx | DDbh} || {CCfx | DDkl} || {CCfx | DDmr} || {CCqw | DDjt}",
 "nlq": "What are the CC and DD for which the evolution in BBpw, AAqt is greater than -20.99?"},
{"name": "template 15",
 "sql": "SELECT CC,DD,Value FROM DBdata WHERE ((AA = 'AAkp' AND BB = 'BBdx')) AND (CC,DD) IN (SELECT CC,DD FROM DBdata WHERE ((AA = 'AAqt' AND BB = 'BBpw')) AND Value > -20.99)",
 "sqlResult": "{CCfx | DDbh | -53.51} || {CCfx | DDkl | -79.75} || {CCfx | DDmr | -26.33} || {CCqw | DDjt | -70.5}",
 "nlq": "What is the evolution of pollution in BBdx, AAkp of CC and of DD for which the evolution in BBpw, AAqt is greater than -20.99? Please, report the corresponding CC, DD, and evolution of pollution."}]
}

