AA,BB,CC,DD,Value
AA,BB,CC,DD,Value
AAdh,BBlw,CCjv,DDcz,81.52
AAdh,BBqr,CCjv,DDcz,51.87
AAmz,BBgs,CCjv,DDcz,24.44
AAmz,BBkt,CCjv,DDcz,-7.97
AAdh,BBlw,CCjv,DDbd,97.26
AAdh,BBqr,CCjv,DDbd,22.34
AAmz,BBgs,CCjv,DDbd,65.24
AAmz,BBkt,CCjv,DDbd,64.92
AAdh,BBlw,CCjv,DDjy,62.22
AAdh,BBqr,CCjv,DDjy,-16.11
AAmz,BBgs,CCjv,DDjy,3.43
AAmz,BBkt,CCjv,DDjy,-7.5
AAdh,BBlw,CCjv,DDbl,82.17
AAdh,BBqr,CCjv,DDbl,53.65
AAmz,BBgs,CCjv,DDbl,-72.25
AAmz,BBkt,CCjv,DDbl,-55.58
AAdh,BBlw,CCnt,DDgr,3.97
AAdh,BBqr,CCnt,DDgr,78.17
AAmz,BBgs,CCnt,DDgr,7.05
AAmz,BBkt,CCnt,DDgr,96.4
AAdh,BBlw,CCnt,DDcf,-22.89
AAdh,BBqr,CCnt,DDcf,7.98
AAmz,BBgs,CCnt,DDcf,36.54
AAmz,BBkt,CCnt,DDcf,-87.44
AAdh,BBlw,CCnt,DDns,-46.76
AAdh,BBqr,CCnt,DDns,28.18
AAmz,BBgs,CCnt,DDns,54.09
AAmz,BBkt,CCnt,DDns,16.13
AAdh,BBlw,CCnt,DDhq,-21.15
AAdh,BBqr,CCnt,DDhq,59.56
AAmz,BBgs,CCnt,DDhq,65.7
AAmz,BBkt,CCnt,DDhq,90.43
AAdh,BBlw,CCdq,DDqx,40.3
AAdh,BBqr,CCdq,DDqx,-70.33
AAmz,BBgs,CCdq,DDqx,92.67
AAmz,BBkt,CCdq,DDqx,-72.2
AAdh,BBlw,CCdq,DDbh,-11.64
AAdh,BBqr,CCdq,DDbh,59.89
AAmz,BBgs,CCdq,DDbh,49.76
AAmz,BBkt,CCdq,DDbh,-30.2

