{
"filename": "Evolution_of_pollution_in_percent_set3_5_DB.csv",
"questions": [{"name": "template 1",
 "sql": "SELECT Value FROM DBdata WHERE ((AA = 'AAcm' AND BB = 'BBgn')) AND ((CC = 'CCst' AND DD = 'DDgp'))",
 "sqlResult": "{-4.73}",
 "nlq": "What is the evolution of DDgp pollution in BBgn, AAcm?"},
{"name": "template 2",
 "sql": "SELECT Value FROM DBdata WHERE ((AA = 'AAfr' AND BB = 'BBmt')) AND ((CC = 'CCpt' AND DD = 'DDpq') OR (CC = 'CCpt' AND DD = 'DDpy') OR (CC = 'CCst' AND DD = 'DDnv') OR (CC = 'CCst' AND DD = 'DDkn') OR (CC = 'CCst' AND DD = 'DDcv') OR (CC = 'CCst' AND DD = 'DDgp'))",
 "sqlResult": "{-28.49} || {-8.51} || {-75.69} || {72.46} || {-76.5} || {-1.67}",
 "nlq": "What is the evolution of DDkn, DDcv, DDnv, DDpq, DDpy, or DDgp pollution in BBmt, AAfr?"},
{"name": "template 3",
 "sql": "SELECT Value FROM DBdata WHERE ((AA = 'AAfr' AND BB = 'BBfp') OR (AA = 'AAcm' AND BB = 'BBgn') OR (AA = 'AAcm' AND BB = 'BBmq')) AND ((CC = 'CCst' AND DD = 'DDkq'))",
 "sqlResult": "{58.67} || {31.58} || {-88.4}",
 "nlq": "What is the evolution of DDkq pollution in BBgn or BBmq, AAcm or BBfp, AAfr?"},
{"name": "template 4",
 "sql": "SELECT min(Value),avg(Value) FROM DBdata WHERE ((AA = 'AAcm' AND BB = 'BBgn') OR (AA = 'AAcm' AND BB = 'BBpr')) AND ((CC = 'CCpt' AND DD = 'DDpy'))",
 "sqlResult": "{-48.18 | 10.09}",
 "nlq": "What are the minimum and average evolutions of DDpy pollution in BBgn or BBpr, AAcm?"},
{"name": "template 6",
 "sql": "SELECT Value FROM DBdata WHERE ((AA = 'AAfr' AND BB = 'BBmt') OR (AA = 'AAfr' AND BB = 'BBfp') OR (AA = 'AAcm' AND BB = 'BBgn') OR (AA = 'AAcm' AND BB = 'BBpr')) AND ((CC = 'CCpt' AND DD = 'DDpy') OR (CC = 'CCst' AND DD = 'DDnv') OR (CC = 'CCst' AND DD = 'DDcv'))",
 "sqlResult": "{-8.51} || {50.57} || {-48.18} || {68.36} || {-75.69} || {-10.51} || {84.21} || {-39.66} || {-76.5} || {3.19} || {68.78} || {-78.61}",
 "nlq": "What is the evolution of DDcv, DDnv, or DDpy pollution in BBgn or BBpr, AAcm or BBmt or BBfp, AAfr?"},
{"name": "template 7",
 "sql": "SELECT avg(Value),sum(Value) FROM DBdata WHERE ((AA = 'AAfr' AND BB = 'BBmt')) AND ((CC = 'CCpt' AND DD = 'DDpq') OR (CC = 'CCpt' AND DD = 'DDpy') OR (CC = 'CCst' AND DD = 'DDcv') OR (CC = 'CCst' AND DD = 'DDkq') OR (CC = 'CCst' AND DD = 'DDgp'))",
 "sqlResult": "{-37.39 | -186.93}",
 "nlq": "What are the average and total evolutions of DDcv, DDpq, DDkq, DDpy, or DDgp pollution in BBmt, AAfr?"},
{"name": "template 8",
 "sql": "SELECT AA,BB,avg(Value),sum(Value) FROM DBdata WHERE ((AA = 'AAfr' AND BB = 'BBfp') OR (AA = 'AAcm' AND BB = 'BBmq') OR (AA = 'AAcm' AND BB = 'BBpr')) AND ((CC = 'CCst' AND DD = 'DDnv') OR (CC = 'CCst' AND DD = 'DDcv') OR (CC = 'CCst' AND DD = 'DDgp')) GROUP BY AA,BB",
 "sqlResult": "{AAfr | BBfp | 8.16 | 24.48} || {AAcm | BBmq | 11.92 | 35.76} || {AAcm | BBpr | -11.74 | -35.22}",
 "nlq": "What are the average and total evolutions for each AA and BB, of DDcv, DDnv, or DDgp pollution in BBmq or BBpr, AAcm or BBfp, AAfr? Please, report the corresponding AA and BB."},
{"name": "template 9",
 "sql": "SELECT min(Value) FROM DBdata WHERE ((AA = 'AAfr' AND BB = 'BBfp')) AND (CC IN ('CCpt','CCst')) GROUP BY CC",
 "sqlResult": "{-31.24} || {-0.29}",
 "nlq": "What is the minimum evolution of pollution for each CC, of CCst or CCpt in BBfp, AAfr?"},
{"name": "template 10",
 "sql": "SELECT CC,avg(Value) FROM DBdata WHERE ((AA = 'AAfr' AND BB = 'BBmt')) AND (CC IN ('CCpt','CCst')) GROUP BY CC",
 "sqlResult": "{CCst | -30.63} || {CCpt | -18.5}",
 "nlq": "What is the average evolution of pollution for each CC, of CCst or CCpt in BBmt, AAfr? Please, report the corresponding CC."},
{"name": "template 11",
 "sql": "SELECT CC,AA,BB,avg(Value) FROM DBdata WHERE ((AA = 'AAfr' AND BB = 'BBfp') OR (AA = 'AAcm' AND BB = 'BBmq')) AND (CC IN ('CCpt','CCst')) GROUP BY CC,AA,BB",
 "sqlResult": "{CCst | AAfr | BBfp | 10.38} || {CCst | AAcm | BBmq | -10.02} || {CCpt | AAfr | BBfp | 25.14} || {CCpt | AAcm | BBmq | 20.59}",
 "nlq": "What is the average evolution of pollution for each CC, AA, and BB, of CCst or CCpt in BBmq, AAcm or BBfp, AAfr? Please, report the corresponding CC, AA, and BB."},
{"name": "template 12",
 "sql": "SELECT Value FROM DBdata WHERE ((AA = 'AAfr' AND BB = 'BBfp')) AND (CC IN ('CCpt','CCst')) ORDER BY VALUE ASC LIMIT 3",
 "sqlResult": "{-31.24} || {-10.51} || {-0.29}",
 "nlq": "What are the bottom 3 evolutions of pollution of CCst or CCpt in BBfp, AAfr?"},
{"name": "template 13",
 "sql": "SELECT Value FROM DBdata WHERE ((AA = 'AAcm' AND BB = 'BBgn')) AND (CC IN ('CCpt','CCst')) ORDER BY VALUE DESC",
 "sqlResult": "{84.21} || {68.78} || {52.07} || {31.58} || {-4.73} || {-33.94} || {-48.18}",
 "nlq": "What are the evolutions ordered by decreasing values of pollution of CCst or CCpt in BBgn, AAcm?"},
{"name": "template 14",
 "sql": "SELECT CC,DD FROM DBdata WHERE ((AA = 'AAcm' AND BB = 'BBgn')) AND Value > 5.25",
 "sqlResult": "{CCst | DDnv} || {CCst | DDkn} || {CCst | DDcv} || {CCst | DDkq}",
 "nlq": "What are the CC and DD for which the evolution in BBgn, AAcm is greater than 5.25?"},
{"name": "template 15",
 "sql": "SELECT CC,DD,Value FROM DBdata WHERE ((AA = 'AAfr' AND BB = 'BBmt')) AND (CC,DD) IN (SELECT CC,DD FROM DBdata WHERE ((AA = 'AAcm' AND BB = 'BBgn')) AND Value > 5.25)",
 "sqlResult": "{CCst | DDnv | -75.69} || {CCst | DDkn | 72.46} || {CCst | DDcv | -76.5} || {CCst | DDkq | -71.76}",
 "nlq": "What is the evolution of pollution in BBmt, AAfr of CC and of DD for which the evolution in BBgn, AAcm is greater than 5.25? Please, report the corresponding CC, DD, and evolution of pollution."}]
}

