{
"filename": "Evolution_of_pollution_in_percent_set2_5_DB.csv",
"questions": [{"name": "template 1",
 "sql": "SELECT Value FROM DBdata WHERE ((State = 'Nevada' AND City = 'Reno')) AND ((Polluted_element = 'Soil' AND Type_of_pollution = 'Inferior Irrigation'))",
 "sqlResult": "{-56.17}",
 "nlq": "What is the evolution of Inferior Irrigation pollution in Reno, Nevada?"},
{"name": "template 2",
 "sql": "SELECT Value FROM DBdata WHERE ((State = 'Oregon' AND City = 'Salem')) AND ((Polluted_element = 'Water' AND Type_of_pollution = 'Chemical') OR (Polluted_element = 'Water' AND Type_of_pollution = 'Groundwater') OR (Polluted_element = 'Water' AND Type_of_pollution = 'Oxygen-depletion') OR (Polluted_element = 'Water' AND Type_of_pollution = 'Surface water') OR (Polluted_element = 'Soil' AND Type_of_pollution = 'Industrial') OR (Polluted_element = 'Soil' AND Type_of_pollution = 'Inferior Irrigation') OR (Polluted_element = 'Soil' AND Type_of_pollution = 'Solid Waste') OR (Polluted_element = 'Soil' AND Type_of_pollution = 'Urban Activities') OR (Polluted_element = 'Air' AND Type_of_pollution = 'Noise'))",
 "sqlResult": "{-79.42} || {-50.83} || {-6.51} || {-20.03} || {-14.24} || {64.53} || {45.79} || {67.23} || {14.67}",
 "nlq": "What is the evolution of Chemical, Groundwater, Industrial, Inferior Irrigation, Noise, Oxygen-depletion, Solid Waste, Surface water, or Urban Activities pollution in Salem, Oregon?"},
{"name": "template 3",
 "sql": "SELECT Value FROM DBdata WHERE ((State = 'Nevada' AND City = 'Boulder City') OR (State = 'Nevada' AND City = 'Reno') OR (State = 'Oregon' AND City = 'Salem')) AND ((Polluted_element = 'Soil' AND Type_of_pollution = 'Solid Waste'))",
 "sqlResult": "{7.12} || {-97.11} || {45.79}",
 "nlq": "What is the evolution of Solid Waste pollution in Boulder City or Reno, Nevada or Salem, Oregon?"},
{"name": "template 4",
 "sql": "SELECT avg(Value),sum(Value) FROM DBdata WHERE ((State = 'Nevada' AND City = 'Boulder City') OR (State = 'Nevada' AND City = 'Reno') OR (State = 'Oregon' AND City = 'Portland') OR (State = 'Oregon' AND City = 'Redmond') OR (State = 'Oregon' AND City = 'Salem')) AND ((Polluted_element = 'Water' AND Type_of_pollution = 'Surface water'))",
 "sqlResult": "{-29.54 | -147.69}",
 "nlq": "What are the average and total evolutions of Surface water pollution in Boulder City or Reno, Nevada or Portland, Redmond, or Salem, Oregon?"},
{"name": "template 6",
 "sql": "SELECT Value FROM DBdata WHERE ((State = 'Nevada' AND City = 'Las Vegas') OR (State = 'Nevada' AND City = 'Reno') OR (State = 'Oregon' AND City = 'Portland')) AND ((Polluted_element = 'Water' AND Type_of_pollution = 'Oxygen-depletion') OR (Polluted_element = 'Soil' AND Type_of_pollution = 'Industrial'))",
 "sqlResult": "{5.15} || {-50.02} || {-20.6} || {67.66} || {0.1} || {-10.5}",
 "nlq": "What is the evolution of Industrial or Oxygen-depletion pollution in Las Vegas or Reno, Nevada or Portland, Oregon?"},
{"name": "template 7",
 "sql": "SELECT min(Value),avg(Value) FROM DBdata WHERE ((State = 'Oregon' AND City = 'Salem')) AND ((Polluted_element = 'Water' AND Type_of_pollution = 'Chemical') OR (Polluted_element = 'Water' AND Type_of_pollution = 'Oxygen-depletion') OR (Polluted_element = 'Soil' AND Type_of_pollution = 'Inferior Irrigation') OR (Polluted_element = 'Soil' AND Type_of_pollution = 'Solid Waste') OR (Polluted_element = 'Soil' AND Type_of_pollution = 'Urban Activities'))",
 "sqlResult": "{-79.42 | 18.32}",
 "nlq": "What are the minimum and average evolutions of Chemical, Inferior Irrigation, Oxygen-depletion, Solid Waste, or Urban Activities pollution in Salem, Oregon?"},
{"name": "template 8",
 "sql": "SELECT State,City,min(Value),max(Value) FROM DBdata WHERE ((State = 'Nevada' AND City = 'Boulder City') OR (State = 'Nevada' AND City = 'Las Vegas') OR (State = 'Nevada' AND City = 'Reno') OR (State = 'Oregon' AND City = 'Salem')) AND ((Polluted_element = 'Water' AND Type_of_pollution = 'Surface water') OR (Polluted_element = 'Soil' AND Type_of_pollution = 'Inferior Irrigation') OR (Polluted_element = 'Soil' AND Type_of_pollution = 'Urban Activities') OR (Polluted_element = 'Air' AND Type_of_pollution = 'Noise')) GROUP BY State,City",
 "sqlResult": "{Nevada | Boulder City | -66.04 | -6.21} || {Nevada | Las Vegas | -44.9 | 87.29} || {Nevada | Reno | -81.38 | 52.22} || {Oregon | Salem | -20.03 | 67.23}",
 "nlq": "What are the minimum and maximum evolutions for each State and City, of Inferior Irrigation, Noise, Surface water, or Urban Activities pollution in Boulder City, Las Vegas, or Reno, Nevada or Salem, Oregon? Please, report the corresponding State and City."},
{"name": "template 9",
 "sql": "SELECT min(Value) FROM DBdata WHERE ((State = 'Nevada' AND City = 'Boulder City')) AND (Polluted_element IN ('Water','Soil','Air')) GROUP BY Polluted_element",
 "sqlResult": "{-67.76} || {-93.62} || {-52.08}",
 "nlq": "What is the minimum evolution of pollution for each Polluted element, of Air, Soil, or Water in Boulder City, Nevada?"},
{"name": "template 10",
 "sql": "SELECT Polluted_element,max(Value) FROM DBdata WHERE ((State = 'Oregon' AND City = 'Redmond')) AND (Polluted_element IN ('Water','Soil','Air')) GROUP BY Polluted_element",
 "sqlResult": "{Air | -5.37} || {Soil | 55.02} || {Water | 66.72}",
 "nlq": "What is the maximum evolution of pollution for each Polluted element, of Air, Soil, or Water in Redmond, Oregon? Please, report the corresponding Polluted element."},
{"name": "template 11",
 "sql": "SELECT Polluted_element,State,City,avg(Value) FROM DBdata WHERE ((State = 'Nevada' AND City = 'Boulder City') OR (State = 'Nevada' AND City = 'Las Vegas') OR (State = 'Nevada' AND City = 'Reno')) AND (Polluted_element IN ('Water','Soil','Air')) GROUP BY Polluted_element,State,City",
 "sqlResult": "{Air | Nevada | Boulder City | -37.94} || {Air | Nevada | Las Vegas | 28.74} || {Air | Nevada | Reno | -6.67} || {Soil | Nevada | Boulder City | -53.56} || {Soil | Nevada | Las Vegas | 8.24} || {Soil | Nevada | Reno | -25.24} || {Water | Nevada | Boulder City | -8.24} || {Water | Nevada | Las Vegas | -13.32} || {Water | Nevada | Reno | -30.93}",
 "nlq": "What is the average evolution of pollution for each Polluted element, State, and City, of Air, Soil, or Water in Boulder City, Las Vegas, or Reno, Nevada? Please, report the corresponding Polluted element, State, and City."},
{"name": "template 12",
 "sql": "SELECT Value FROM DBdata WHERE ((State = 'Nevada' AND City = 'Las Vegas')) AND (Polluted_element IN ('Water','Air')) ORDER BY VALUE DESC LIMIT 2",
 "sqlResult": "{72.94} || {37.09}",
 "nlq": "What are the top 2 evolutions of pollution of Air or Water in Las Vegas, Nevada?"},
{"name": "template 13",
 "sql": "SELECT Value FROM DBdata WHERE ((State = 'Nevada' AND City = 'Reno')) AND (Polluted_element IN ('Soil','Air')) ORDER BY VALUE ASC",
 "sqlResult": "{-97.11} || {-56.17} || {-20.24} || {0.1} || {6.89} || {52.22}",
 "nlq": "What are the evolutions ordered by increasing values of pollution of Air or Soil in Reno, Nevada?"},
{"name": "template 14",
 "sql": "SELECT Polluted_element,Type_of_pollution FROM DBdata WHERE ((State = 'Oregon' AND City = 'Salem')) AND Value < -8.37",
 "sqlResult": "{Water | Chemical} || {Water | Groundwater} || {Water | Surface water} || {Soil | Industrial}",
 "nlq": "What are the Polluted element and Type of pollution for which the evolution in Salem, Oregon is lower than -8.37?"},
{"name": "template 15",
 "sql": "SELECT Polluted_element,Type_of_pollution,Value FROM DBdata WHERE ((State = 'Nevada' AND City = 'Las Vegas')) AND (Polluted_element,Type_of_pollution) IN (SELECT Polluted_element,Type_of_pollution FROM DBdata WHERE ((State = 'Oregon' AND City = 'Salem')) AND Value < -8.37)",
 "sqlResult": "{Water | Chemical | 1.06} || {Water | Groundwater | -96.59} || {Water | Surface water | 37.09} || {Soil | Industrial | 67.66}",
 "nlq": "What is the evolution of pollution in Las Vegas, Nevada of Polluted element and of Type of pollution for which the evolution in Salem, Oregon is lower than -8.37? Please, report the corresponding Polluted element, Type of pollution, and evolution of pollution."}]
}
