State,City,Polluted element,Type of pollution,Value
State,City,Polluted_element,Type_of_pollution,Value
California,Berkeley,Water,Chemical,4.3
California,Los-Angeles,Water,Chemical,14.78
Florida,Fort Lauderdale,Water,Chemical,45.14
Florida,Tampa,Water,Chemical,-93.69
California,Berkeley,Water,Groundwater,-11.43
California,Los-Angeles,Water,Groundwater,-60.65
Florida,Fort Lauderdale,Water,Groundwater,-33.68
Florida,Tampa,Water,Groundwater,46.66
California,Berkeley,Water,Oxygen-depletion,-90.31
California,Los-Angeles,Water,Oxygen-depletion,-54.74
Florida,Fort Lauderdale,Water,Oxygen-depletion,-35.43
Florida,Tampa,Water,Oxygen-depletion,-87.19
California,Berkeley,Water,Surface water,-19.71
California,Los-Angeles,Water,Surface water,52.73
Florida,Fort Lauderdale,Water,Surface water,82.47
Florida,Tampa,Water,Surface water,-42.1
California,Berkeley,Soil,Inorganic Fertilizers,93.44
California,Los-Angeles,Soil,Inorganic Fertilizers,-87.97
Florida,Fort Lauderdale,Soil,Inorganic Fertilizers,70.54
Florida,Tampa,Soil,Inorganic Fertilizers,-55.1
California,Berkeley,Soil,Industrial,-22.46
California,Los-Angeles,Soil,Industrial,-30.65
Florida,Fort Lauderdale,Soil,Industrial,-24.44
Florida,Tampa,Soil,Industrial,-46.56
California,Berkeley,Soil,Inferior Irrigation,-10.58
California,Los-Angeles,Soil,Inferior Irrigation,-50.2
Florida,Fort Lauderdale,Soil,Inferior Irrigation,-22.9
Florida,Tampa,Soil,Inferior Irrigation,-98.81
California,Berkeley,Soil,Solid Waste,87.16
California,Los-Angeles,Soil,Solid Waste,-55.91
Florida,Fort Lauderdale,Soil,Solid Waste,-9.63
Florida,Tampa,Soil,Solid Waste,-49.73
California,Berkeley,Air,Noise,-15.29
California,Los-Angeles,Air,Noise,78.03
Florida,Fort Lauderdale,Air,Noise,-8.2
Florida,Tampa,Air,Noise,29.9
California,Berkeley,Air,Light,11.37
California,Los-Angeles,Air,Light,16.47
Florida,Fort Lauderdale,Air,Light,33.89
Florida,Tampa,Air,Light,1.64
California,Berkeley,Air,Thermal,63.86
California,Los-Angeles,Air,Thermal,-48.83
Florida,Fort Lauderdale,Air,Thermal,-13.52
Florida,Tampa,Air,Thermal,71.95
