{
"filename": "Evolution_of_pollution_in_percent_set4_2_DB.csv",
"questions": [{"name": "template 1",
 "sql": "SELECT Value FROM DBdata WHERE ((State = 'Oregon' AND City = 'Portland')) AND ((Polluted_element = 'Soil' AND Type_of_pollution = 'Industrial'))",
 "sqlResult": "{-66.3}",
 "nlq": "What is the evolution of Industrial pollution in Portland, Oregon?"},
{"name": "template 2",
 "sql": "SELECT Value FROM DBdata WHERE ((State = 'Minnesota' AND City = 'Minneapolis')) AND ((Polluted_element = 'Water' AND Type_of_pollution = 'Oxygen-depletion') OR (Polluted_element = 'Water' AND Type_of_pollution = 'Surface water') OR (Polluted_element = 'Soil' AND Type_of_pollution = 'Inorganic Fertilizers') OR (Polluted_element = 'Soil' AND Type_of_pollution = 'Industrial') OR (Polluted_element = 'Soil' AND Type_of_pollution = 'Inferior Irrigation') OR (Polluted_element = 'Soil' AND Type_of_pollution = 'Solid Waste'))",
 "sqlResult": "{26.76} || {23.62} || {60.63} || {-44.87} || {89.7} || {46.87}",
 "nlq": "What is the evolution of Industrial, Inferior Irrigation, Inorganic Fertilizers, Oxygen-depletion, Solid Waste, or Surface water pollution in Minneapolis, Minnesota?"},
{"name": "template 3",
 "sql": "SELECT Value FROM DBdata WHERE ((State = 'Minnesota' AND City = 'Rochester') OR (State = 'Nevada' AND City = 'Boulder City') OR (State = 'Nevada' AND City = 'Las Vegas') OR (State = 'Oregon' AND City = 'Portland')) AND ((Polluted_element = 'Soil' AND Type_of_pollution = 'Solid Waste'))",
 "sqlResult": "{-56.2} || {88.84} || {-4.4} || {-76.24}",
 "nlq": "What is the evolution of Solid Waste pollution in Boulder City or Las Vegas, Nevada or Portland, Oregon or Rochester, Minnesota?"},
{"name": "template 4",
 "sql": "SELECT max(Value),min(Value) FROM DBdata WHERE ((State = 'Minnesota' AND City = 'Rochester') OR (State = 'Oregon' AND City = 'Portland')) AND ((Polluted_element = 'Soil' AND Type_of_pollution = 'Industrial'))",
 "sqlResult": "{60.37 | -66.3}",
 "nlq": "What are the maximum and minimum evolutions of Industrial pollution in Portland, Oregon or Rochester, Minnesota?"},
{"name": "template 6",
 "sql": "SELECT Value FROM DBdata WHERE ((State = 'Minnesota' AND City = 'Rochester') OR (State = 'Nevada' AND City = 'Boulder City')) AND ((Polluted_element = 'Water' AND Type_of_pollution = 'Surface water') OR (Polluted_element = 'Soil' AND Type_of_pollution = 'Inorganic Fertilizers') OR (Polluted_element = 'Soil' AND Type_of_pollution = 'Industrial'))",
 "sqlResult": "{-50.6} || {91.39} || {-47.64} || {20.15} || {60.37} || {50.41}",
 "nlq": "What is the evolution of Industrial, Inorganic Fertilizers, or Surface water pollution in Boulder City, Nevada or Rochester, Minnesota?"},
{"name": "template 7",
 "sql": "SELECT min(Value),max(Value) FROM DBdata WHERE ((State = 'Nevada' AND City = 'Reno')) AND ((Polluted_element = 'Soil' AND Type_of_pollution = 'Inorganic Fertilizers') OR (Polluted_element = 'Soil' AND Type_of_pollution = 'Inferior Irrigation') OR (Polluted_element = 'Soil' AND Type_of_pollution = 'Solid Waste'))",
 "sqlResult": "{5.25 | 29.78}",
 "nlq": "What are the minimum and maximum evolutions of Inferior Irrigation, Inorganic Fertilizers, or Solid Waste pollution in Reno, Nevada?"},
{"name": "template 8",
 "sql": "SELECT State,City,min(Value),avg(Value) FROM DBdata WHERE ((State = 'Minnesota' AND City = 'Rochester') OR (State = 'Nevada' AND City = 'Las Vegas')) AND ((Polluted_element = 'Water' AND Type_of_pollution = 'Oxygen-depletion') OR (Polluted_element = 'Soil' AND Type_of_pollution = 'Inorganic Fertilizers') OR (Polluted_element = 'Soil' AND Type_of_pollution = 'Industrial') OR (Polluted_element = 'Soil' AND Type_of_pollution = 'Inferior Irrigation')) GROUP BY State,City",
 "sqlResult": "{Minnesota | Rochester | -47.64 | 20.56} || {Nevada | Las Vegas | -85.92 | 17.94}",
 "nlq": "What are the minimum and average evolutions for each State and City, of Industrial, Inferior Irrigation, Inorganic Fertilizers, or Oxygen-depletion pollution in Las Vegas, Nevada or Rochester, Minnesota? Please, report the corresponding State and City."},
{"name": "template 9",
 "sql": "SELECT min(Value) FROM DBdata WHERE ((State = 'Nevada' AND City = 'Boulder City')) AND (Polluted_element IN ('Water','Soil')) GROUP BY Polluted_element",
 "sqlResult": "{20.15} || {-48.28}",
 "nlq": "What is the minimum evolution of pollution for each Polluted element, of Soil or Water in Boulder City, Nevada?"},
{"name": "template 10",
 "sql": "SELECT Polluted_element,max(Value) FROM DBdata WHERE ((State = 'Nevada' AND City = 'Reno')) AND (Polluted_element IN ('Water','Soil')) GROUP BY Polluted_element",
 "sqlResult": "{Soil | 29.78} || {Water | 15.09}",
 "nlq": "What is the maximum evolution of pollution for each Polluted element, of Soil or Water in Reno, Nevada? Please, report the corresponding Polluted element."},
{"name": "template 11",
 "sql": "SELECT Polluted_element,State,City,max(Value) FROM DBdata WHERE ((State = 'Minnesota' AND City = 'Minneapolis') OR (State = 'Nevada' AND City = 'Reno')) AND (Polluted_element IN ('Water','Soil')) GROUP BY Polluted_element,State,City",
 "sqlResult": "{Soil | Minnesota | Minneapolis | 89.7} || {Soil | Nevada | Reno | 29.78} || {Water | Minnesota | Minneapolis | 26.76} || {Water | Nevada | Reno | 15.09}",
 "nlq": "What is the maximum evolution of pollution for each Polluted element, State, and City, of Soil or Water in Minneapolis, Minnesota or Reno, Nevada? Please, report the corresponding Polluted element, State, and City."},
{"name": "template 12",
 "sql": "SELECT Value FROM DBdata WHERE ((State = 'Minnesota' AND City = 'Rochester')) AND (Polluted_element IN ('Water','Soil')) ORDER BY VALUE ASC LIMIT 5",
 "sqlResult": "{-91.07} || {-56.2} || {-50.6} || {-47.64} || {21.5}",
 "nlq": "What are the bottom 5 evolutions of pollution of Soil or Water in Rochester, Minnesota?"},
{"name": "template 13",
 "sql": "SELECT Value FROM DBdata WHERE ((State = 'Nevada' AND City = 'Las Vegas')) AND (Polluted_element IN ('Water','Soil')) ORDER BY VALUE ASC",
 "sqlResult": "{-85.92} || {-4.4} || {10.9} || {14.91} || {20.45} || {71.37} || {75.39}",
 "nlq": "What are the evolutions ordered by increasing values of pollution of Soil or Water in Las Vegas, Nevada?"},
{"name": "template 14",
 "sql": "SELECT Polluted_element,Type_of_pollution FROM DBdata WHERE ((State = 'Oregon' AND City = 'Portland')) AND Value > 6.99",
 "sqlResult": "{Water | Groundwater} || {Water | Oxygen-depletion} || {Water | Surface water} || {Soil | Inferior Irrigation}",
 "nlq": "What are the Polluted element and Type of pollution for which the evolution in Portland, Oregon is greater than 6.99?"},
{"name": "template 15",
 "sql": "SELECT Polluted_element,Type_of_pollution,Value FROM DBdata WHERE ((State = 'Minnesota' AND City = 'Minneapolis')) AND (Polluted_element,Type_of_pollution) IN (SELECT Polluted_element,Type_of_pollution FROM DBdata WHERE ((State = 'Oregon' AND City = 'Portland')) AND Value > 6.99)",
 "sqlResult": "{Water | Groundwater | -53.05} || {Water | Oxygen-depletion | 26.76} || {Water | Surface water | 23.62} || {Soil | Inferior Irrigation | 89.7}",
 "nlq": "What is the evolution of pollution in Minneapolis, Minnesota of Polluted element and of Type of pollution for which the evolution in Portland, Oregon is greater than 6.99? Please, report the corresponding Polluted element, Type of pollution, and evolution of pollution."}]
}
