State,City,Polluted element,Type of pollution,Value
State,City,Polluted_element,Type_of_pollution,Value
Georgia,Albany,Soil,Inorganic Fertilizers,-2.63
Georgia,Columbus,Soil,Inorganic Fertilizers,50.03
Illinois,Champaign,Soil,Inorganic Fertilizers,4.68
Illinois,Chicago,Soil,Inorganic Fertilizers,91.73
Georgia,Albany,Soil,Industrial,-23.2
Georgia,Columbus,Soil,Industrial,-30.87
Illinois,Champaign,Soil,Industrial,47.47
Illinois,Chicago,Soil,Industrial,63.32
Georgia,Albany,Soil,Inferior Irrigation,-48.24
Georgia,Columbus,Soil,Inferior Irrigation,-15.61
Illinois,Champaign,Soil,Inferior Irrigation,1.97
Illinois,Chicago,Soil,Inferior Irrigation,-59.09
Georgia,Albany,Soil,Solid Waste,-9.63
Georgia,Columbus,Soil,Solid Waste,2.87
Illinois,Champaign,Soil,Solid Waste,-82.33
Illinois,Chicago,Soil,Solid Waste,32.03
Georgia,Albany,Soil,Urban Activities,-12.8
Georgia,Columbus,Soil,Urban Activities,-95.04
Illinois,Champaign,Soil,Urban Activities,-56.23
Illinois,Chicago,Soil,Urban Activities,81.57
Georgia,Albany,Air,Light,-14.78
Georgia,Columbus,Air,Light,1.48
Illinois,Champaign,Air,Light,98.31
Illinois,Chicago,Air,Light,60.59
Georgia,Albany,Air,Thermal,92.37
Georgia,Columbus,Air,Thermal,-99.55
Illinois,Champaign,Air,Thermal,75.87
Illinois,Chicago,Air,Thermal,18.94
