{
"filename": "Evolution_of_pollution_in_percent_set4_4_DB.csv",
"questions": [{"name": "template 1",
 "sql": "SELECT Value FROM DBdata WHERE ((AA = 'AAds' AND BB = 'BBnr')) AND ((CC = 'CCmt' AND DD = 'DDcf'))",
 "sqlResult": "{44.47}",
 "nlq": "What is the evolution of DDcf pollution in BBnr, AAds?"},
{"name": "template 2",
 "sql": "SELECT Value FROM DBdata WHERE ((AA = 'AAqr' AND BB = 'BBbx')) AND ((CC = 'CClr' AND DD = 'DDns') OR (CC = 'CClr' AND DD = 'DDms'))",
 "sqlResult": "{38.59} || {80.99}",
 "nlq": "What is the evolution of DDns or DDms pollution in BBbx, AAqr?"},
{"name": "template 3",
 "sql": "SELECT Value FROM DBdata WHERE ((AA = 'AAds' AND BB = 'BBnr') OR (AA = 'AAds' AND BB = 'BBgh') OR (AA = 'AAqr' AND BB = 'BBdm') OR (AA = 'AAqr' AND BB = 'BBbk') OR (AA = 'AAqr' AND BB = 'BBbx')) AND ((CC = 'CCmt' AND DD = 'DDtx'))",
 "sqlResult": "{3.4} || {-51.62} || {39.6} || {59.7} || {-20.56}",
 "nlq": "What is the evolution of DDtx pollution in BBnr or BBgh, AAds or BBdm, BBbk, or BBbx, AAqr?"},
{"name": "template 4",
 "sql": "SELECT min(Value),sum(Value) FROM DBdata WHERE ((AA = 'AAds' AND BB = 'BBnr') OR (AA = 'AAds' AND BB = 'BBgh') OR (AA = 'AAqr' AND BB = 'BBdm') OR (AA = 'AAqr' AND BB = 'BBbx')) AND ((CC = 'CClr' AND DD = 'DDns'))",
 "sqlResult": "{13.54 | 176.41}",
 "nlq": "What are the minimum and total evolutions of DDns pollution in BBnr or BBgh, AAds or BBdm or BBbx, AAqr?"},
{"name": "template 6",
 "sql": "SELECT Value FROM DBdata WHERE ((AA = 'AAds' AND BB = 'BBgh') OR (AA = 'AAqr' AND BB = 'BBbk')) AND ((CC = 'CClr' AND DD = 'DDpv') OR (CC = 'CCmt' AND DD = 'DDcf'))",
 "sqlResult": "{-56.32} || {24.75} || {-70.29} || {71.89}",
 "nlq": "What is the evolution of DDpv or DDcf pollution in BBgh, AAds or BBbk, AAqr?"},
{"name": "template 7",
 "sql": "SELECT avg(Value),min(Value) FROM DBdata WHERE ((AA = 'AAds' AND BB = 'BBgh')) AND ((CC = 'CClr' AND DD = 'DDns') OR (CC = 'CClr' AND DD = 'DDms'))",
 "sqlResult": "{-7.45 | -54.36}",
 "nlq": "What are the average and minimum evolutions of DDns or DDms pollution in BBgh, AAds?"},
{"name": "template 8",
 "sql": "SELECT AA,BB,avg(Value),sum(Value) FROM DBdata WHERE ((AA = 'AAds' AND BB = 'BBnr') OR (AA = 'AAds' AND BB = 'BBgh') OR (AA = 'AAqr' AND BB = 'BBbk') OR (AA = 'AAqr' AND BB = 'BBbx')) AND ((CC = 'CClr' AND DD = 'DDdl') OR (CC = 'CClr' AND DD = 'DDms')) GROUP BY AA,BB",
 "sqlResult": "{AAds | BBnr | 64.97 | 129.95} || {AAds | BBgh | -43.2 | -86.4} || {AAqr | BBbk | 34.23 | 68.45} || {AAqr | BBbx | 18.84 | 37.69}",
 "nlq": "What are the average and total evolutions for each AA and BB, of DDdl or DDms pollution in BBnr or BBgh, AAds or BBbk or BBbx, AAqr? Please, report the corresponding AA and BB."},
{"name": "template 9",
 "sql": "SELECT min(Value) FROM DBdata WHERE ((AA = 'AAqr' AND BB = 'BBbk')) AND (CC IN ('CClr','CCmt')) GROUP BY CC",
 "sqlResult": "{59.7} || {-20.5}",
 "nlq": "What is the minimum evolution of pollution for each CC, of CCmt or CClr in BBbk, AAqr?"},
{"name": "template 10",
 "sql": "SELECT CC,sum(Value) FROM DBdata WHERE ((AA = 'AAds' AND BB = 'BBgh')) AND (CC IN ('CClr','CCmt')) GROUP BY CC",
 "sqlResult": "{CCmt | -121.91} || {CClr | -103.27}",
 "nlq": "What is the total evolution of pollution for each CC, of CCmt or CClr in BBgh, AAds? Please, report the corresponding CC."},
{"name": "template 11",
 "sql": "SELECT CC,AA,BB,max(Value) FROM DBdata WHERE ((AA = 'AAds' AND BB = 'BBgh') OR (AA = 'AAqr' AND BB = 'BBdm') OR (AA = 'AAqr' AND BB = 'BBbx')) AND (CC IN ('CClr','CCmt')) GROUP BY CC,AA,BB",
 "sqlResult": "{CCmt | AAds | BBgh | -51.62} || {CCmt | AAqr | BBdm | 39.6} || {CCmt | AAqr | BBbx | 84.54} || {CClr | AAds | BBgh | 39.45} || {CClr | AAqr | BBdm | 91.74} || {CClr | AAqr | BBbx | 80.99}",
 "nlq": "What is the maximum evolution of pollution for each CC, AA, and BB, of CCmt or CClr in BBgh, AAds or BBdm or BBbx, AAqr? Please, report the corresponding CC, AA, and BB."},
{"name": "template 12",
 "sql": "SELECT Value FROM DBdata WHERE ((AA = 'AAqr' AND BB = 'BBbk')) AND (CC IN ('CClr','CCmt')) ORDER BY VALUE ASC LIMIT 5",
 "sqlResult": "{-20.5} || {-15.59} || {24.75} || {59.7} || {71.89}",
 "nlq": "What are the bottom 5 evolutions of pollution of CCmt or CClr in BBbk, AAqr?"},
{"name": "template 13",
 "sql": "SELECT Value FROM DBdata WHERE ((AA = 'AAds' AND BB = 'BBnr')) AND (CC IN ('CClr','CCmt')) ORDER BY VALUE ASC",
 "sqlResult": "{3.4} || {44.47} || {49.05} || {62.3} || {67.65} || {84.83}",
 "nlq": "What are the evolutions ordered by increasing values of pollution of CCmt or CClr in BBnr, AAds?"},
{"name": "template 14",
 "sql": "SELECT CC,DD FROM DBdata WHERE ((AA = 'AAqr' AND BB = 'BBbk')) AND Value < 20.71",
 "sqlResult": "{CClr | DDns} || {CClr | DDdl}",
 "nlq": "What are the CC and DD for which the evolution in BBbk, AAqr is lower than 20.71?"},
{"name": "template 15",
 "sql": "SELECT CC,DD,Value FROM DBdata WHERE ((AA = 'AAqr' AND BB = 'BBdm')) AND (CC,DD) IN (SELECT CC,DD FROM DBdata WHERE ((AA = 'AAqr' AND BB = 'BBbk')) AND Value < 20.71)",
 "sqlResult": "{CClr | DDns | 13.54} || {CClr | DDdl | 91.74}",
 "nlq": "What is the evolution of pollution in BBdm, AAqr of CC and of DD for which the evolution in BBbk, AAqr is lower than 20.71? Please, report the corresponding CC, DD, and evolution of pollution."}]
}

