AA,BB,CC,DD,Value
AA,BB,CC,DD,Value
AAlr,BBtx,CCkx,DDcz,-1.69
AAlr,BBjx,CCkx,DDcz,62.94
AAqx,BBpy,CCkx,DDcz,3
AAqx,BBjp,CCkx,DDcz,-96.9
AAlr,BBtx,CCkx,DDcy,94.19
AAlr,BBjx,CCkx,DDcy,51.53
AAqx,BBpy,CCkx,DDcy,74.06
AAqx,BBjp,CCkx,DDcy,55.46
AAlr,BBtx,CCkx,DDfz,-75.66
AAlr,BBjx,CCkx,DDfz,87.85
AAqx,BBpy,CCkx,DDfz,-83.63
AAqx,BBjp,CCkx,DDfz,-51.6
AAlr,BBtx,CCkx,DDfj,50.36
AAlr,BBjx,CCkx,DDfj,30.24
AAqx,BBpy,CCkx,DDfj,0.63
AAqx,BBjp,CCkx,DDfj,-80.3
AAlr,BBtx,CCcd,DDkt,13.09
AAlr,BBjx,CCcd,DDkt,61.92
AAqx,BBpy,CCcd,DDkt,67.3
AAqx,BBjp,CCcd,DDkt,58.57
AAlr,BBtx,CCcd,DDrw,15.56
AAlr,BBjx,CCcd,DDrw,68.17
AAqx,BBpy,CCcd,DDrw,-79.2
AAqx,BBjp,CCcd,DDrw,-77.07
AAlr,BBtx,CCcd,DDhn,74.61
AAlr,BBjx,CCcd,DDhn,17.16
AAqx,BBpy,CCcd,DDhn,-5.67
AAqx,BBjp,CCcd,DDhn,-0.69
AAlr,BBtx,CCcd,DDjn,62.42
AAlr,BBjx,CCcd,DDjn,-42.23
AAqx,BBpy,CCcd,DDjn,-37.8
AAqx,BBjp,CCcd,DDjn,-51.13
AAlr,BBtx,CCcd,DDfq,-39.38
AAlr,BBjx,CCcd,DDfq,76.83
AAqx,BBpy,CCcd,DDfq,23.32
AAqx,BBjp,CCcd,DDfq,-93.38
AAlr,BBtx,CCcx,DDfr,-22.5
AAlr,BBjx,CCcx,DDfr,55.51
AAqx,BBpy,CCcx,DDfr,4.86
AAqx,BBjp,CCcx,DDfr,-1.04
AAlr,BBtx,CCcx,DDfx,36.81
AAlr,BBjx,CCcx,DDfx,-1.08
AAqx,BBpy,CCcx,DDfx,-43.68
AAqx,BBjp,CCcx,DDfx,-80.34
AAlr,BBtx,CCcx,DDdn,-5.69
AAlr,BBjx,CCcx,DDdn,-84.4
AAqx,BBpy,CCcx,DDdn,-31.79
AAqx,BBjp,CCcx,DDdn,3.36

