State,City,Polluted element,Type of pollution,Value
State,City,Polluted_element,Type_of_pollution,Value
Michigan,Detroit,Soil,Inorganic Fertilizers,99.92
Michigan,Flint,Soil,Inorganic Fertilizers,46.01
Michigan,Port Huron,Soil,Inorganic Fertilizers,6.6
Minnesota,Minneapolis,Soil,Inorganic Fertilizers,80.09
Minnesota,Rochester,Soil,Inorganic Fertilizers,27.9
Nevada,Las Vegas,Soil,Inorganic Fertilizers,-10.32
Nevada,Reno,Soil,Inorganic Fertilizers,-39.79
Michigan,Detroit,Soil,Industrial,76.65
Michigan,Flint,Soil,Industrial,-99.32
Michigan,Port Huron,Soil,Industrial,82
Minnesota,Minneapolis,Soil,Industrial,-53.46
Minnesota,Rochester,Soil,Industrial,67.41
Nevada,Las Vegas,Soil,Industrial,24.38
Nevada,Reno,Soil,Industrial,1.92
Michigan,Detroit,Soil,Inferior Irrigation,70.94
Michigan,Flint,Soil,Inferior Irrigation,-29.43
Michigan,Port Huron,Soil,Inferior Irrigation,-90.46
Minnesota,Minneapolis,Soil,Inferior Irrigation,57.9
Minnesota,Rochester,Soil,Inferior Irrigation,-85.69
Nevada,Las Vegas,Soil,Inferior Irrigation,69.17
Nevada,Reno,Soil,Inferior Irrigation,54.01
Michigan,Detroit,Soil,Solid Waste,-21.93
Michigan,Flint,Soil,Solid Waste,17.1
Michigan,Port Huron,Soil,Solid Waste,46.31
Minnesota,Minneapolis,Soil,Solid Waste,-53.59
Minnesota,Rochester,Soil,Solid Waste,-69.41
Nevada,Las Vegas,Soil,Solid Waste,63
Nevada,Reno,Soil,Solid Waste,82.71
Michigan,Detroit,Soil,Urban Activities,84.58
Michigan,Flint,Soil,Urban Activities,-27.06
Michigan,Port Huron,Soil,Urban Activities,-35.38
Minnesota,Minneapolis,Soil,Urban Activities,-71.83
Minnesota,Rochester,Soil,Urban Activities,60.8
Nevada,Las Vegas,Soil,Urban Activities,-93
Nevada,Reno,Soil,Urban Activities,-68.24
Michigan,Detroit,Air,Light,-96.46
Michigan,Flint,Air,Light,59.01
Michigan,Port Huron,Air,Light,3.09
Minnesota,Minneapolis,Air,Light,35.67
Minnesota,Rochester,Air,Light,48.69
Nevada,Las Vegas,Air,Light,-94.9
Nevada,Reno,Air,Light,17.95
Michigan,Detroit,Air,Thermal,-87
Michigan,Flint,Air,Thermal,-91.76
Michigan,Port Huron,Air,Thermal,-98.29
Minnesota,Minneapolis,Air,Thermal,-16
Minnesota,Rochester,Air,Thermal,31.31
Nevada,Las Vegas,Air,Thermal,-22.97
Nevada,Reno,Air,Thermal,60.04
