{
"filename": "Evolution_of_pollution_in_percent_set7_3_DB.csv",
"questions": [{"name": "template 1",
 "sql": "SELECT Value FROM DBdata WHERE ((AA = 'AAhy' AND BB = 'BBjv')) AND ((CC = 'CCfy' AND DD = 'DDpx'))",
 "sqlResult": "{-40.26}",
 "nlq": "What is the evolution of DDpx pollution in BBjv, AAhy?"},
{"name": "template 2",
 "sql": "SELECT Value FROM DBdata WHERE ((AA = 'AAhy' AND BB = 'BBdk')) AND ((CC = 'CCbw' AND DD = 'DDcf') OR (CC = 'CCfy' AND DD = 'DDqx') OR (CC = 'CCfy' AND DD = 'DDfk'))",
 "sqlResult": "{-72.85} || {54.95} || {-92.24}",
 "nlq": "What is the evolution of DDcf, DDqx, or DDfk pollution in BBdk, AAhy?"},
{"name": "template 3",
 "sql": "SELECT Value FROM DBdata WHERE ((AA = 'AAhy' AND BB = 'BBdk') OR (AA = 'AAnr' AND BB = 'BBgm') OR (AA = 'AAmt' AND BB = 'BBgn') OR (AA = 'AAmt' AND BB = 'BBdj')) AND ((CC = 'CCfy' AND DD = 'DDpx'))",
 "sqlResult": "{85.8} || {-91.45} || {-29.76} || {-23.78}",
 "nlq": "What is the evolution of DDpx pollution in BBdk, AAhy or BBgn or BBdj, AAmt or BBgm, AAnr?"},
{"name": "template 4",
 "sql": "SELECT sum(Value),max(Value) FROM DBdata WHERE ((AA = 'AAhy' AND BB = 'BBlt') OR (AA = 'AAnr' AND BB = 'BBlm') OR (AA = 'AAnr' AND BB = 'BBgm') OR (AA = 'AAmt' AND BB = 'BBdj')) AND ((CC = 'CCfy' AND DD = 'DDqx'))",
 "sqlResult": "{67.69 | 93.93}",
 "nlq": "What are the total and maximum evolutions of DDqx pollution in BBlt, AAhy or BBlm or BBgm, AAnr or BBdj, AAmt?"},
{"name": "template 6",
 "sql": "SELECT Value FROM DBdata WHERE ((AA = 'AAhy' AND BB = 'BBlt') OR (AA = 'AAhy' AND BB = 'BBdk') OR (AA = 'AAhy' AND BB = 'BBjv') OR (AA = 'AAnr' AND BB = 'BBlm') OR (AA = 'AAmt' AND BB = 'BBfl')) AND ((CC = 'CCbw' AND DD = 'DDcf') OR (CC = 'CCbw' AND DD = 'DDkz') OR (CC = 'CCfy' AND DD = 'DDpx') OR (CC = 'CCfy' AND DD = 'DDgh'))",
 "sqlResult": "{-28.67} || {-72.85} || {83.48} || {69.44} || {-22.56} || {22.86} || {58.58} || {-47.79} || {95.46} || {14.69} || {21.14} || {85.8} || {-40.26} || {19.33} || {-44.79} || {84.37} || {38.53} || {-34.18} || {67.82} || {44.7}",
 "nlq": "What is the evolution of DDcf, DDkz, DDpx, or DDgh pollution in BBlt, BBdk, or BBjv, AAhy or BBlm, AAnr or BBfl, AAmt?"},
{"name": "template 7",
 "sql": "SELECT min(Value),avg(Value) FROM DBdata WHERE ((AA = 'AAhy' AND BB = 'BBdk')) AND ((CC = 'CCbw' AND DD = 'DDkz') OR (CC = 'CCfy' AND DD = 'DDpx') OR (CC = 'CCfy' AND DD = 'DDfk'))",
 "sqlResult": "{-92.24 | 17.38}",
 "nlq": "What are the minimum and average evolutions of DDkz, DDpx, or DDfk pollution in BBdk, AAhy?"},
{"name": "template 8",
 "sql": "SELECT AA,BB,min(Value),avg(Value) FROM DBdata WHERE ((AA = 'AAhy' AND BB = 'BBlt') OR (AA = 'AAhy' AND BB = 'BBdk') OR (AA = 'AAnr' AND BB = 'BBlm') OR (AA = 'AAnr' AND BB = 'BBgm') OR (AA = 'AAmt' AND BB = 'BBdj')) AND ((CC = 'CCbw' AND DD = 'DDcf') OR (CC = 'CCfy' AND DD = 'DDpx') OR (CC = 'CCfy' AND DD = 'DDqx')) GROUP BY AA,BB",
 "sqlResult": "{AAhy | BBlt | -72.76 | -26.76} || {AAhy | BBdk | -72.85 | 22.63} || {AAnr | BBlm | 19.33 | 60.9} || {AAnr | BBgm | -93.38 | -65.41} || {AAmt | BBdj | -23.78 | 14.63}",
 "nlq": "What are the minimum and average evolutions for each AA and BB, of DDcf, DDpx, or DDqx pollution in BBlt or BBdk, AAhy or BBlm or BBgm, AAnr or BBdj, AAmt? Please, report the corresponding AA and BB."},
{"name": "template 9",
 "sql": "SELECT min(Value) FROM DBdata WHERE ((AA = 'AAhy' AND BB = 'BBjv')) AND (CC IN ('CCbw','CCfy')) GROUP BY CC",
 "sqlResult": "{-40.26} || {-47.79}",
 "nlq": "What is the minimum evolution of pollution for each CC, of CCfy or CCbw in BBjv, AAhy?"},
{"name": "template 10",
 "sql": "SELECT CC,avg(Value) FROM DBdata WHERE ((AA = 'AAhy' AND BB = 'BBlt')) AND (CC IN ('CCbw','CCfy')) GROUP BY CC",
 "sqlResult": "{CCfy | 17.04} || {CCbw | -2.91}",
 "nlq": "What is the average evolution of pollution for each CC, of CCfy or CCbw in BBlt, AAhy? Please, report the corresponding CC."},
{"name": "template 11",
 "sql": "SELECT CC,AA,BB,avg(Value) FROM DBdata WHERE ((AA = 'AAhy' AND BB = 'BBdk') OR (AA = 'AAnr' AND BB = 'BBlm') OR (AA = 'AAmt' AND BB = 'BBfl')) AND (CC IN ('CCbw','CCfy')) GROUP BY CC,AA,BB",
 "sqlResult": "{CCfy | AAhy | BBdk | 21.76} || {CCfy | AAnr | BBlm | 58.54} || {CCfy | AAmt | BBfl | -3.74} || {CCbw | AAhy | BBdk | -7.13} || {CCbw | AAnr | BBlm | 82.45} || {CCbw | AAmt | BBfl | -3.93}",
 "nlq": "What is the average evolution of pollution for each CC, AA, and BB, of CCfy or CCbw in BBlm, AAnr or BBdk, AAhy or BBfl, AAmt? Please, report the corresponding CC, AA, and BB."},
{"name": "template 12",
 "sql": "SELECT Value FROM DBdata WHERE ((AA = 'AAhy' AND BB = 'BBdk')) AND (CC IN ('CCbw','CCfy')) ORDER BY VALUE ASC LIMIT 4",
 "sqlResult": "{-92.24} || {-72.85} || {38.53} || {54.95}",
 "nlq": "What are the bottom 4 evolutions of pollution of CCfy or CCbw in BBdk, AAhy?"},
{"name": "template 13",
 "sql": "SELECT Value FROM DBdata WHERE ((AA = 'AAnr' AND BB = 'BBlm')) AND (CC IN ('CCbw','CCfy')) ORDER BY VALUE ASC",
 "sqlResult": "{19.33} || {53.07} || {67.82} || {69.44} || {93.93} || {95.46}",
 "nlq": "What are the evolutions ordered by increasing values of pollution of CCfy or CCbw in BBlm, AAnr?"},
{"name": "template 14",
 "sql": "SELECT CC,DD FROM DBdata WHERE ((AA = 'AAhy' AND BB = 'BBjv')) AND Value < 6.91",
 "sqlResult": "{CCbw | DDkz} || {CCfy | DDpx} || {CCfy | DDfk} || {CCfy | DDgh}",
 "nlq": "What are the CC and DD for which the evolution in BBjv, AAhy is lower than 6.91?"},
{"name": "template 15",
 "sql": "SELECT CC,DD,Value FROM DBdata WHERE ((AA = 'AAmt' AND BB = 'BBgn')) AND (CC,DD) IN (SELECT CC,DD FROM DBdata WHERE ((AA = 'AAhy' AND BB = 'BBjv')) AND Value < 6.91)",
 "sqlResult": "{CCbw | DDkz | -90.69} || {CCfy | DDpx | -29.76} || {CCfy | DDfk | -1.2} || {CCfy | DDgh | 13.29}",
 "nlq": "What is the evolution of pollution in BBgn, AAmt of CC and of DD for which the evolution in BBjv, AAhy is lower than 6.91? Please, report the corresponding CC, DD, and evolution of pollution."}]
}

