AA,BB,CC,DD,Value
AA,BB,CC,DD,Value
AAhy,BBlt,CCbw,DDcf,-28.67
AAhy,BBdk,CCbw,DDcf,-72.85
AAhy,BBjv,CCbw,DDcf,83.48
AAnr,BBlm,CCbw,DDcf,69.44
AAnr,BBgm,CCbw,DDcf,-93.38
AAmt,BBgn,CCbw,DDcf,80.07
AAmt,BBfl,CCbw,DDcf,-22.56
AAmt,BBdj,CCbw,DDcf,9.74
AAhy,BBlt,CCbw,DDkz,22.86
AAhy,BBdk,CCbw,DDkz,58.58
AAhy,BBjv,CCbw,DDkz,-47.79
AAnr,BBlm,CCbw,DDkz,95.46
AAnr,BBgm,CCbw,DDkz,-71.75
AAmt,BBgn,CCbw,DDkz,-90.69
AAmt,BBfl,CCbw,DDkz,14.69
AAmt,BBdj,CCbw,DDkz,12.33
AAhy,BBlt,CCfy,DDpx,21.14
AAhy,BBdk,CCfy,DDpx,85.8
AAhy,BBjv,CCfy,DDpx,-40.26
AAnr,BBlm,CCfy,DDpx,19.33
AAnr,BBgm,CCfy,DDpx,-91.45
AAmt,BBgn,CCfy,DDpx,-29.76
AAmt,BBfl,CCfy,DDpx,-44.79
AAmt,BBdj,CCfy,DDpx,-23.78
AAhy,BBlt,CCfy,DDqx,-72.76
AAhy,BBdk,CCfy,DDqx,54.95
AAhy,BBjv,CCfy,DDqx,25.15
AAnr,BBlm,CCfy,DDqx,93.93
AAnr,BBgm,CCfy,DDqx,-11.4
AAmt,BBgn,CCfy,DDqx,-71.56
AAmt,BBfl,CCfy,DDqx,18.49
AAmt,BBdj,CCfy,DDqx,57.92
AAhy,BBlt,CCfy,DDfk,35.42
AAhy,BBdk,CCfy,DDfk,-92.24
AAhy,BBjv,CCfy,DDfk,-2.34
AAnr,BBlm,CCfy,DDfk,53.07
AAnr,BBgm,CCfy,DDfk,-61.15
AAmt,BBgn,CCfy,DDfk,-1.2
AAmt,BBfl,CCfy,DDfk,-33.35
AAmt,BBdj,CCfy,DDfk,51.74
AAhy,BBlt,CCfy,DDgh,84.37
AAhy,BBdk,CCfy,DDgh,38.53
AAhy,BBjv,CCfy,DDgh,-34.18
AAnr,BBlm,CCfy,DDgh,67.82
AAnr,BBgm,CCfy,DDgh,88.66
AAmt,BBgn,CCfy,DDgh,13.29
AAmt,BBfl,CCfy,DDgh,44.7
AAmt,BBdj,CCfy,DDgh,68.65

