State,City,Polluted element,Type of pollution,Value
State,City,Polluted_element,Type_of_pollution,Value
Georgia,Columbus,Water,Chemical,24.72
Georgia,Washington,Water,Chemical,20.24
Illinois,Chicago,Water,Chemical,97.75
Illinois,Springfield,Water,Chemical,80.84
Maryland,Baltimore,Water,Chemical,-62.86
Maryland,Columbia,Water,Chemical,-6.25
Georgia,Columbus,Water,Groundwater,-24.14
Georgia,Washington,Water,Groundwater,-67.44
Illinois,Chicago,Water,Groundwater,-36.09
Illinois,Springfield,Water,Groundwater,44.6
Maryland,Baltimore,Water,Groundwater,25.41
Maryland,Columbia,Water,Groundwater,0.88
Georgia,Columbus,Water,Oxygen-depletion,-83.49
Georgia,Washington,Water,Oxygen-depletion,-22.63
Illinois,Chicago,Water,Oxygen-depletion,67.69
Illinois,Springfield,Water,Oxygen-depletion,-61.62
Maryland,Baltimore,Water,Oxygen-depletion,99.34
Maryland,Columbia,Water,Oxygen-depletion,27.89
Georgia,Columbus,Water,Surface water,8.81
Georgia,Washington,Water,Surface water,-45.22
Illinois,Chicago,Water,Surface water,-27.56
Illinois,Springfield,Water,Surface water,-3.64
Maryland,Baltimore,Water,Surface water,-11.31
Maryland,Columbia,Water,Surface water,93.3
Georgia,Columbus,Soil,Inorganic Fertilizers,-62.97
Georgia,Washington,Soil,Inorganic Fertilizers,38.73
Illinois,Chicago,Soil,Inorganic Fertilizers,-1.9
Illinois,Springfield,Soil,Inorganic Fertilizers,79.7
Maryland,Baltimore,Soil,Inorganic Fertilizers,14.61
Maryland,Columbia,Soil,Inorganic Fertilizers,77.7
Georgia,Columbus,Soil,Industrial,-86.87
Georgia,Washington,Soil,Industrial,54.81
Illinois,Chicago,Soil,Industrial,-32.59
Illinois,Springfield,Soil,Industrial,36
Maryland,Baltimore,Soil,Industrial,13.54
Maryland,Columbia,Soil,Industrial,59.9
Georgia,Columbus,Soil,Inferior Irrigation,-0.38
Georgia,Washington,Soil,Inferior Irrigation,-73.09
Illinois,Chicago,Soil,Inferior Irrigation,86.53
Illinois,Springfield,Soil,Inferior Irrigation,24.17
Maryland,Baltimore,Soil,Inferior Irrigation,63.26
Maryland,Columbia,Soil,Inferior Irrigation,25.55
Georgia,Columbus,Soil,Solid Waste,75.71
Georgia,Washington,Soil,Solid Waste,-36.68
Illinois,Chicago,Soil,Solid Waste,51.94
Illinois,Springfield,Soil,Solid Waste,52.77
Maryland,Baltimore,Soil,Solid Waste,-12.64
Maryland,Columbia,Soil,Solid Waste,-15.09
Georgia,Columbus,Soil,Urban Activities,97.15
Georgia,Washington,Soil,Urban Activities,-42.6
Illinois,Chicago,Soil,Urban Activities,-21.75
Illinois,Springfield,Soil,Urban Activities,-23.61
Maryland,Baltimore,Soil,Urban Activities,-40.96
Maryland,Columbia,Soil,Urban Activities,-98.26
Georgia,Columbus,Air,Light,-62.55
Georgia,Washington,Air,Light,44.02
Illinois,Chicago,Air,Light,-12.4
Illinois,Springfield,Air,Light,-47.26
Maryland,Baltimore,Air,Light,-8.62
Maryland,Columbia,Air,Light,94.2
Georgia,Columbus,Air,Thermal,-51.56
Georgia,Washington,Air,Thermal,31.82
Illinois,Chicago,Air,Thermal,68.15
Illinois,Springfield,Air,Thermal,58.12
Maryland,Baltimore,Air,Thermal,81.2
Maryland,Columbia,Air,Thermal,69.4
