{
"filename": "Evolution_of_pollution_in_percent_set10_3_DB.csv",
"questions": [{"name": "template 1",
 "sql": "SELECT Value FROM DBdata WHERE ((State = 'Georgia' AND City = 'Albany')) AND ((Polluted_element = 'Air' AND Type_of_pollution = 'Thermal'))",
 "sqlResult": "{92.37}",
 "nlq": "What is the evolution of Thermal pollution in Albany, Georgia?"},
{"name": "template 2",
 "sql": "SELECT Value FROM DBdata WHERE ((State = 'Illinois' AND City = 'Chicago')) AND ((Polluted_element = 'Soil' AND Type_of_pollution = 'Inferior Irrigation') OR (Polluted_element = 'Soil' AND Type_of_pollution = 'Urban Activities'))",
 "sqlResult": "{-59.09} || {81.57}",
 "nlq": "What is the evolution of Inferior Irrigation or Urban Activities pollution in Chicago, Illinois?"},
{"name": "template 3",
 "sql": "SELECT Value FROM DBdata WHERE ((State = 'Georgia' AND City = 'Albany') OR (State = 'Georgia' AND City = 'Columbus')) AND ((Polluted_element = 'Soil' AND Type_of_pollution = 'Inorganic Fertilizers'))",
 "sqlResult": "{-2.63} || {50.03}",
 "nlq": "What is the evolution of Inorganic Fertilizers pollution in Albany or Columbus, Georgia?"},
{"name": "template 4",
 "sql": "SELECT max(Value),avg(Value) FROM DBdata WHERE ((State = 'Georgia' AND City = 'Albany') OR (State = 'Georgia' AND City = 'Columbus') OR (State = 'Illinois' AND City = 'Champaign') OR (State = 'Illinois' AND City = 'Chicago')) AND ((Polluted_element = 'Soil' AND Type_of_pollution = 'Inorganic Fertilizers'))",
 "sqlResult": "{91.73 | 35.95}",
 "nlq": "What are the maximum and average evolutions of Inorganic Fertilizers pollution in Albany or Columbus, Georgia or Champaign or Chicago, Illinois?"},
{"name": "template 6",
 "sql": "SELECT Value FROM DBdata WHERE ((State = 'Georgia' AND City = 'Albany') OR (State = 'Georgia' AND City = 'Columbus') OR (State = 'Illinois' AND City = 'Champaign') OR (State = 'Illinois' AND City = 'Chicago')) AND ((Polluted_element = 'Soil' AND Type_of_pollution = 'Inferior Irrigation') OR (Polluted_element = 'Air' AND Type_of_pollution = 'Light'))",
 "sqlResult": "{-48.24} || {-15.61} || {1.97} || {-59.09} || {-14.78} || {1.48} || {98.31} || {60.59}",
 "nlq": "What is the evolution of Inferior Irrigation or Light pollution in Albany or Columbus, Georgia or Champaign or Chicago, Illinois?"},
{"name": "template 7",
 "sql": "SELECT max(Value),sum(Value) FROM DBdata WHERE ((State = 'Illinois' AND City = 'Champaign')) AND ((Polluted_element = 'Soil' AND Type_of_pollution = 'Inorganic Fertilizers') OR (Polluted_element = 'Soil' AND Type_of_pollution = 'Industrial') OR (Polluted_element = 'Soil' AND Type_of_pollution = 'Urban Activities') OR (Polluted_element = 'Air' AND Type_of_pollution = 'Light') OR (Polluted_element = 'Air' AND Type_of_pollution = 'Thermal'))",
 "sqlResult": "{98.31 | 170.1}",
 "nlq": "What are the maximum and total evolutions of Industrial, Inorganic Fertilizers, Light, Thermal, or Urban Activities pollution in Champaign, Illinois?"},
{"name": "template 8",
 "sql": "SELECT State,City,min(Value),max(Value) FROM DBdata WHERE ((State = 'Georgia' AND City = 'Columbus') OR (State = 'Illinois' AND City = 'Chicago')) AND ((Polluted_element = 'Soil' AND Type_of_pollution = 'Industrial') OR (Polluted_element = 'Soil' AND Type_of_pollution = 'Inferior Irrigation') OR (Polluted_element = 'Soil' AND Type_of_pollution = 'Solid Waste') OR (Polluted_element = 'Air' AND Type_of_pollution = 'Light') OR (Polluted_element = 'Air' AND Type_of_pollution = 'Thermal')) GROUP BY State,City",
 "sqlResult": "{Georgia | Columbus | -99.55 | 2.87} || {Illinois | Chicago | -59.09 | 63.32}",
 "nlq": "What are the minimum and maximum evolutions for each State and City, of Industrial, Inferior Irrigation, Light, Solid Waste, or Thermal pollution in Chicago, Illinois or Columbus, Georgia? Please, report the corresponding State and City."},
{"name": "template 9",
 "sql": "SELECT min(Value) FROM DBdata WHERE ((State = 'Illinois' AND City = 'Chicago')) AND (Polluted_element IN ('Soil','Air')) GROUP BY Polluted_element",
 "sqlResult": "{18.94} || {-59.09}",
 "nlq": "What is the minimum evolution of pollution for each Polluted element, of Air or Soil in Chicago, Illinois?"},
{"name": "template 10",
 "sql": "SELECT Polluted_element,avg(Value) FROM DBdata WHERE ((State = 'Georgia' AND City = 'Columbus')) AND (Polluted_element IN ('Soil','Air')) GROUP BY Polluted_element",
 "sqlResult": "{Air | -49.03} || {Soil | -17.72}",
 "nlq": "What is the average evolution of pollution for each Polluted element, of Air or Soil in Columbus, Georgia? Please, report the corresponding Polluted element."},
{"name": "template 11",
 "sql": "SELECT Polluted_element,State,City,max(Value) FROM DBdata WHERE ((State = 'Georgia' AND City = 'Albany') OR (State = 'Georgia' AND City = 'Columbus') OR (State = 'Illinois' AND City = 'Chicago')) AND (Polluted_element IN ('Soil','Air')) GROUP BY Polluted_element,State,City",
 "sqlResult": "{Air | Georgia | Albany | 92.37} || {Air | Georgia | Columbus | 1.48} || {Air | Illinois | Chicago | 60.59} || {Soil | Georgia | Albany | -2.63} || {Soil | Georgia | Columbus | 50.03} || {Soil | Illinois | Chicago | 91.73}",
 "nlq": "What is the maximum evolution of pollution for each Polluted element, State, and City, of Air or Soil in Albany or Columbus, Georgia or Chicago, Illinois? Please, report the corresponding Polluted element, State, and City."},
{"name": "template 12",
 "sql": "SELECT Value FROM DBdata WHERE ((State = 'Georgia' AND City = 'Albany')) AND (Polluted_element IN ('Soil','Air')) ORDER BY VALUE DESC LIMIT 3",
 "sqlResult": "{92.37} || {-2.63} || {-9.63}",
 "nlq": "What are the top 3 evolutions of pollution of Air or Soil in Albany, Georgia?"},
{"name": "template 13",
 "sql": "SELECT Value FROM DBdata WHERE ((State = 'Illinois' AND City = 'Chicago')) AND (Polluted_element IN ('Soil','Air')) ORDER BY VALUE DESC",
 "sqlResult": "{91.73} || {81.57} || {63.32} || {60.59} || {32.03} || {18.94} || {-59.09}",
 "nlq": "What are the evolutions ordered by decreasing values of pollution of Air or Soil in Chicago, Illinois?"},
{"name": "template 14",
 "sql": "SELECT Polluted_element,Type_of_pollution FROM DBdata WHERE ((State = 'Illinois' AND City = 'Champaign')) AND Value > 6.19",
 "sqlResult": "{Soil | Industrial} || {Air | Light} || {Air | Thermal}",
 "nlq": "What are the Polluted element and Type of pollution for which the evolution in Champaign, Illinois is greater than 6.19?"},
{"name": "template 15",
 "sql": "SELECT Polluted_element,Type_of_pollution,Value FROM DBdata WHERE ((State = 'Georgia' AND City = 'Albany')) AND (Polluted_element,Type_of_pollution) IN (SELECT Polluted_element,Type_of_pollution FROM DBdata WHERE ((State = 'Illinois' AND City = 'Champaign')) AND Value > 6.19)",
 "sqlResult": "{Soil | Industrial | -23.2} || {Air | Light | -14.78} || {Air | Thermal | 92.37}",
 "nlq": "What is the evolution of pollution in Albany, Georgia of Polluted element and of Type of pollution for which the evolution in Champaign, Illinois is greater than 6.19? Please, report the corresponding Polluted element, Type of pollution, and evolution of pollution."}]
}
