{
"filename": "Evolution_of_pollution_in_percent_set3_2_DB.csv",
"questions": [{"name": "template 1",
 "sql": "SELECT Value FROM DBdata WHERE ((State = 'Illinois' AND City = 'Chicago')) AND ((Polluted_element = 'Soil' AND Type_of_pollution = 'Solid Waste'))",
 "sqlResult": "{-21.77}",
 "nlq": "What is the evolution of Solid Waste pollution in Chicago, Illinois?"},
{"name": "template 2",
 "sql": "SELECT Value FROM DBdata WHERE ((State = 'Illinois' AND City = 'Chicago')) AND ((Polluted_element = 'Soil' AND Type_of_pollution = 'Urban Activities') OR (Polluted_element = 'Air' AND Type_of_pollution = 'Noise') OR (Polluted_element = 'Air' AND Type_of_pollution = 'Light') OR (Polluted_element = 'Air' AND Type_of_pollution = 'Thermal'))",
 "sqlResult": "{-23.77} || {-62.28} || {-80.99} || {-23.07}",
 "nlq": "What is the evolution of Light, Noise, Thermal, or Urban Activities pollution in Chicago, Illinois?"},
{"name": "template 3",
 "sql": "SELECT Value FROM DBdata WHERE ((State = 'Florida' AND City = 'Tampa') OR (State = 'Illinois' AND City = 'Champaign')) AND ((Polluted_element = 'Air' AND Type_of_pollution = 'Noise'))",
 "sqlResult": "{-21.08} || {88.22}",
 "nlq": "What is the evolution of Noise pollution in Champaign, Illinois or Tampa, Florida?"},
{"name": "template 4",
 "sql": "SELECT avg(Value),sum(Value) FROM DBdata WHERE ((State = 'Georgia' AND City = 'Albany') OR (State = 'Illinois' AND City = 'Chicago')) AND ((Polluted_element = 'Soil' AND Type_of_pollution = 'Solid Waste'))",
 "sqlResult": "{2.44 | 4.88}",
 "nlq": "What are the average and total evolutions of Solid Waste pollution in Albany, Georgia or Chicago, Illinois?"},
{"name": "template 6",
 "sql": "SELECT Value FROM DBdata WHERE ((State = 'Florida' AND City = 'Tampa') OR (State = 'Georgia' AND City = 'Albany')) AND ((Polluted_element = 'Soil' AND Type_of_pollution = 'Inferior Irrigation') OR (Polluted_element = 'Soil' AND Type_of_pollution = 'Urban Activities') OR (Polluted_element = 'Air' AND Type_of_pollution = 'Noise'))",
 "sqlResult": "{-56.33} || {17.7} || {57.57} || {95.53} || {-21.08} || {-12.11}",
 "nlq": "What is the evolution of Inferior Irrigation, Noise, or Urban Activities pollution in Albany, Georgia or Tampa, Florida?"},
{"name": "template 7",
 "sql": "SELECT sum(Value),avg(Value) FROM DBdata WHERE ((State = 'Florida' AND City = 'Fort Lauderdale')) AND ((Polluted_element = 'Soil' AND Type_of_pollution = 'Inferior Irrigation') OR (Polluted_element = 'Air' AND Type_of_pollution = 'Light'))",
 "sqlResult": "{26.65 | 13.32}",
 "nlq": "What are the total and average evolutions of Inferior Irrigation or Light pollution in Fort Lauderdale, Florida?"},
{"name": "template 8",
 "sql": "SELECT State,City,avg(Value),min(Value) FROM DBdata WHERE ((State = 'Georgia' AND City = 'Albany') OR (State = 'Georgia' AND City = 'Columbus') OR (State = 'Illinois' AND City = 'Champaign') OR (State = 'Illinois' AND City = 'Chicago')) AND ((Polluted_element = 'Soil' AND Type_of_pollution = 'Inferior Irrigation') OR (Polluted_element = 'Air' AND Type_of_pollution = 'Light') OR (Polluted_element = 'Air' AND Type_of_pollution = 'Thermal')) GROUP BY State,City",
 "sqlResult": "{Georgia | Albany | -14.55 | -69.48} || {Georgia | Columbus | -18.64 | -90.82} || {Illinois | Champaign | 23.58 | -47.02} || {Illinois | Chicago | -46.55 | -80.99}",
 "nlq": "What are the average and minimum evolutions for each State and City, of Inferior Irrigation, Light, or Thermal pollution in Albany or Columbus, Georgia or Champaign or Chicago, Illinois? Please, report the corresponding State and City."},
{"name": "template 9",
 "sql": "SELECT min(Value) FROM DBdata WHERE ((State = 'Illinois' AND City = 'Champaign')) AND (Polluted_element IN ('Soil','Air')) GROUP BY Polluted_element",
 "sqlResult": "{-47.02} || {-27.7}",
 "nlq": "What is the minimum evolution of pollution for each Polluted element, of Air or Soil in Champaign, Illinois?"},
{"name": "template 10",
 "sql": "SELECT Polluted_element,avg(Value) FROM DBdata WHERE ((State = 'Florida' AND City = 'Fort Lauderdale')) AND (Polluted_element IN ('Soil','Air')) GROUP BY Polluted_element",
 "sqlResult": "{Air | -15.87} || {Soil | 33.18}",
 "nlq": "What is the average evolution of pollution for each Polluted element, of Air or Soil in Fort Lauderdale, Florida? Please, report the corresponding Polluted element."},
{"name": "template 11",
 "sql": "SELECT Polluted_element,State,City,avg(Value) FROM DBdata WHERE ((State = 'Georgia' AND City = 'Albany') OR (State = 'Georgia' AND City = 'Columbus') OR (State = 'Illinois' AND City = 'Champaign')) AND (Polluted_element IN ('Soil','Air')) GROUP BY Polluted_element,State,City",
 "sqlResult": "{Air | Georgia | Albany | -24.48} || {Air | Georgia | Columbus | -39.11} || {Air | Illinois | Champaign | 32.05} || {Soil | Georgia | Albany | 46.63} || {Soil | Georgia | Columbus | -24.46} || {Soil | Illinois | Champaign | 43.12}",
 "nlq": "What is the average evolution of pollution for each Polluted element, State, and City, of Air or Soil in Albany or Columbus, Georgia or Champaign, Illinois? Please, report the corresponding Polluted element, State, and City."},
{"name": "template 12",
 "sql": "SELECT Value FROM DBdata WHERE ((State = 'Georgia' AND City = 'Columbus')) AND (Polluted_element IN ('Soil','Air')) ORDER BY VALUE DESC LIMIT 2",
 "sqlResult": "{33.96} || {6.1}",
 "nlq": "What are the top 2 evolutions of pollution of Air or Soil in Columbus, Georgia?"},
{"name": "template 13",
 "sql": "SELECT Value FROM DBdata WHERE ((State = 'Florida' AND City = 'Tampa')) AND (Polluted_element IN ('Soil','Air')) ORDER BY VALUE DESC",
 "sqlResult": "{78.65} || {57.57} || {-21.08} || {-46.41} || {-56.33} || {-56.44}",
 "nlq": "What are the evolutions ordered by decreasing values of pollution of Air or Soil in Tampa, Florida?"},
{"name": "template 14",
 "sql": "SELECT Polluted_element,Type_of_pollution FROM DBdata WHERE ((State = 'Illinois' AND City = 'Champaign')) AND Value < -0.42",
 "sqlResult": "{Soil | Urban Activities} || {Air | Thermal}",
 "nlq": "What are the Polluted element and Type of pollution for which the evolution in Champaign, Illinois is lower than -0.42?"},
{"name": "template 15",
 "sql": "SELECT Polluted_element,Type_of_pollution,Value FROM DBdata WHERE ((State = 'Illinois' AND City = 'Chicago')) AND (Polluted_element,Type_of_pollution) IN (SELECT Polluted_element,Type_of_pollution FROM DBdata WHERE ((State = 'Illinois' AND City = 'Champaign')) AND Value < -0.42)",
 "sqlResult": "{Soil | Urban Activities | -23.77} || {Air | Thermal | -23.07}",
 "nlq": "What is the evolution of pollution in Chicago, Illinois of Polluted element and of Type of pollution for which the evolution in Champaign, Illinois is lower than -0.42? Please, report the corresponding Polluted element, Type of pollution, and evolution of pollution."}]
}
