{
"filename": "Evolution_of_pollution_in_percent_set1_1_DB.csv",
"questions": [{"name": "template 1",
 "sql": "SELECT Value FROM DBdata WHERE ((State = 'Illinois' AND City = 'Chicago')) AND ((Polluted_element = 'Water' AND Type_of_pollution = 'Groundwater'))",
 "sqlResult": "{98.38}",
 "nlq": "What is the evolution of Groundwater pollution in Chicago, Illinois?"},
{"name": "template 2",
 "sql": "SELECT Value FROM DBdata WHERE ((State = 'Illinois' AND City = 'Champaign')) AND ((Polluted_element = 'Soil' AND Type_of_pollution = 'Inorganic Fertilizers') OR (Polluted_element = 'Soil' AND Type_of_pollution = 'Inferior Irrigation'))",
 "sqlResult": "{-31.93} || {44.74}",
 "nlq": "What is the evolution of Inferior Irrigation or Inorganic Fertilizers pollution in Champaign, Illinois?"},
{"name": "template 3",
 "sql": "SELECT Value FROM DBdata WHERE ((State = 'Illinois' AND City = 'Champaign') OR (State = 'Illinois' AND City = 'Chicago') OR (State = 'Maryland' AND City = 'Aberdeen') OR (State = 'Maryland' AND City = 'Baltimore') OR (State = 'Maryland' AND City = 'Columbia')) AND ((Polluted_element = 'Soil' AND Type_of_pollution = 'Solid Waste'))",
 "sqlResult": "{43.52} || {30.33} || {86.94} || {-62.76} || {64.19}",
 "nlq": "What is the evolution of Solid Waste pollution in Aberdeen, Baltimore, or Columbia, Maryland or Champaign or Chicago, Illinois?"},
{"name": "template 4",
 "sql": "SELECT max(Value),sum(Value) FROM DBdata WHERE ((State = 'Illinois' AND City = 'Champaign') OR (State = 'Illinois' AND City = 'Chicago') OR (State = 'Maryland' AND City = 'Baltimore') OR (State = 'Maryland' AND City = 'Columbia')) AND ((Polluted_element = 'Soil' AND Type_of_pollution = 'Industrial'))",
 "sqlResult": "{55.49 | 12.93}",
 "nlq": "What are the maximum and total evolutions of Industrial pollution in Baltimore or Columbia, Maryland or Champaign or Chicago, Illinois?"},
{"name": "template 6",
 "sql": "SELECT Value FROM DBdata WHERE ((State = 'Illinois' AND City = 'Champaign') OR (State = 'Maryland' AND City = 'Aberdeen') OR (State = 'Maryland' AND City = 'Baltimore') OR (State = 'Maryland' AND City = 'Columbia')) AND ((Polluted_element = 'Water' AND Type_of_pollution = 'Groundwater') OR (Polluted_element = 'Water' AND Type_of_pollution = 'Oxygen-depletion') OR (Polluted_element = 'Soil' AND Type_of_pollution = 'Inorganic Fertilizers') OR (Polluted_element = 'Soil' AND Type_of_pollution = 'Solid Waste'))",
 "sqlResult": "{65.47} || {58.85} || {-95.33} || {33.69} || {57.87} || {-23.99} || {-3.58} || {-57.57} || {-31.93} || {5.94} || {37.4} || {53.97} || {43.52} || {86.94} || {-62.76} || {64.19}",
 "nlq": "What is the evolution of Groundwater, Inorganic Fertilizers, Oxygen-depletion, or Solid Waste pollution in Aberdeen, Baltimore, or Columbia, Maryland or Champaign, Illinois?"},
{"name": "template 7",
 "sql": "SELECT sum(Value),avg(Value) FROM DBdata WHERE ((State = 'Maryland' AND City = 'Columbia')) AND ((Polluted_element = 'Water' AND Type_of_pollution = 'Groundwater') OR (Polluted_element = 'Water' AND Type_of_pollution = 'Oxygen-depletion') OR (Polluted_element = 'Soil' AND Type_of_pollution = 'Inorganic Fertilizers') OR (Polluted_element = 'Soil' AND Type_of_pollution = 'Inferior Irrigation'))",
 "sqlResult": "{29.63 | 7.41}",
 "nlq": "What are the total and average evolutions of Groundwater, Inferior Irrigation, Inorganic Fertilizers, or Oxygen-depletion pollution in Columbia, Maryland?"},
{"name": "template 8",
 "sql": "SELECT State,City,min(Value),avg(Value) FROM DBdata WHERE ((State = 'Illinois' AND City = 'Champaign') OR (State = 'Illinois' AND City = 'Chicago') OR (State = 'Maryland' AND City = 'Aberdeen') OR (State = 'Maryland' AND City = 'Baltimore') OR (State = 'Maryland' AND City = 'Columbia')) AND ((Polluted_element = 'Water' AND Type_of_pollution = 'Groundwater') OR (Polluted_element = 'Soil' AND Type_of_pollution = 'Industrial')) GROUP BY State,City",
 "sqlResult": "{Illinois | Champaign | -23.52 | 20.98} || {Illinois | Chicago | 55.49 | 76.94} || {Maryland | Aberdeen | 19.91 | 39.38} || {Maryland | Baltimore | -95.33 | -56.54} || {Maryland | Columbia | -1.29 | 16.2}",
 "nlq": "What are the minimum and average evolutions for each State and City, of Groundwater or Industrial pollution in Aberdeen, Baltimore, or Columbia, Maryland or Champaign or Chicago, Illinois? Please, report the corresponding State and City."},
{"name": "template 9",
 "sql": "SELECT min(Value) FROM DBdata WHERE ((State = 'Maryland' AND City = 'Aberdeen')) AND (Polluted_element IN ('Water','Soil')) GROUP BY Polluted_element",
 "sqlResult": "{-97.32} || {-23.99}",
 "nlq": "What is the minimum evolution of pollution for each Polluted element, of Soil or Water in Aberdeen, Maryland?"},
{"name": "template 10",
 "sql": "SELECT Polluted_element,sum(Value) FROM DBdata WHERE ((State = 'Maryland' AND City = 'Baltimore')) AND (Polluted_element IN ('Water','Soil')) GROUP BY Polluted_element",
 "sqlResult": "{Soil | 30.83} || {Water | -122.09}",
 "nlq": "What is the total evolution of pollution for each Polluted element, of Soil or Water in Baltimore, Maryland? Please, report the corresponding Polluted element."},
{"name": "template 11",
 "sql": "SELECT Polluted_element,State,City,max(Value) FROM DBdata WHERE ((State = 'Illinois' AND City = 'Chicago') OR (State = 'Maryland' AND City = 'Aberdeen') OR (State = 'Maryland' AND City = 'Columbia')) AND (Polluted_element IN ('Water','Soil')) GROUP BY Polluted_element,State,City",
 "sqlResult": "{Soil | Illinois | Chicago | 55.49} || {Soil | Maryland | Aberdeen | 86.94} || {Soil | Maryland | Columbia | 64.19} || {Water | Illinois | Chicago | 98.38} || {Water | Maryland | Aberdeen | 58.85} || {Water | Maryland | Columbia | 33.69}",
 "nlq": "What is the maximum evolution of pollution for each Polluted element, State, and City, of Soil or Water in Aberdeen or Columbia, Maryland or Chicago, Illinois? Please, report the corresponding Polluted element, State, and City."},
{"name": "template 12",
 "sql": "SELECT Value FROM DBdata WHERE ((State = 'Maryland' AND City = 'Columbia')) AND (Polluted_element IN ('Water','Soil')) ORDER BY VALUE ASC LIMIT 2",
 "sqlResult": "{-57.57} || {-46.56}",
 "nlq": "What are the bottom 2 evolutions of pollution of Soil or Water in Columbia, Maryland?"},
{"name": "template 13",
 "sql": "SELECT Value FROM DBdata WHERE ((State = 'Maryland' AND City = 'Aberdeen')) AND (Polluted_element IN ('Water','Soil')) ORDER BY VALUE ASC",
 "sqlResult": "{-97.32} || {-23.99} || {-22.78} || {5.94} || {19.91} || {58.85} || {86.94}",
 "nlq": "What are the evolutions ordered by increasing values of pollution of Soil or Water in Aberdeen, Maryland?"},
{"name": "template 14",
 "sql": "SELECT Polluted_element,Type_of_pollution FROM DBdata WHERE ((State = 'Maryland' AND City = 'Columbia')) AND Value < 7.6",
 "sqlResult": "{Water | Oxygen-depletion} || {Water | Surface water} || {Soil | Industrial} || {Soil | Inferior Irrigation}",
 "nlq": "What are the Polluted element and Type of pollution for which the evolution in Columbia, Maryland is lower than 7.6?"},
{"name": "template 15",
 "sql": "SELECT Polluted_element,Type_of_pollution,Value FROM DBdata WHERE ((State = 'Illinois' AND City = 'Chicago')) AND (Polluted_element,Type_of_pollution) IN (SELECT Polluted_element,Type_of_pollution FROM DBdata WHERE ((State = 'Maryland' AND City = 'Columbia')) AND Value < 7.6)",
 "sqlResult": "{Water | Oxygen-depletion | -78.41} || {Water | Surface water | 56.59} || {Soil | Industrial | 55.49} || {Soil | Inferior Irrigation | -74.89}",
 "nlq": "What is the evolution of pollution in Chicago, Illinois of Polluted element and of Type of pollution for which the evolution in Columbia, Maryland is lower than 7.6? Please, report the corresponding Polluted element, Type of pollution, and evolution of pollution."}]
}
