{
"filename": "Evolution_of_pollution_in_percent_set6_2_DB.csv",
"questions": [{"name": "template 1",
 "sql": "SELECT Value FROM DBdata WHERE ((AA = 'AAlp' AND BB = 'BBwz')) AND ((CC = 'CChr' AND DD = 'DDds'))",
 "sqlResult": "{-80.13}",
 "nlq": "What is the evolution of DDds pollution in BBwz, AAlp?"},
{"name": "template 2",
 "sql": "SELECT Value FROM DBdata WHERE ((AA = 'AApw' AND BB = 'BBfr')) AND ((CC = 'CClw' AND DD = 'DDjr') OR (CC = 'CClw' AND DD = 'DDpq') OR (CC = 'CChr' AND DD = 'DDwy') OR (CC = 'CChr' AND DD = 'DDds'))",
 "sqlResult": "{69.92} || {-90.79} || {-81.86} || {47.66}",
 "nlq": "What is the evolution of DDpq, DDjr, DDds, or DDwy pollution in BBfr, AApw?"},
{"name": "template 3",
 "sql": "SELECT Value FROM DBdata WHERE ((AA = 'AApw' AND BB = 'BBns') OR (AA = 'AAlp' AND BB = 'BBwz')) AND ((CC = 'CChr' AND DD = 'DDds'))",
 "sqlResult": "{96.72} || {-80.13}",
 "nlq": "What is the evolution of DDds pollution in BBwz, AAlp or BBns, AApw?"},
{"name": "template 4",
 "sql": "SELECT sum(Value),min(Value) FROM DBdata WHERE ((AA = 'AApw' AND BB = 'BBfr') OR (AA = 'AApw' AND BB = 'BBns') OR (AA = 'AAlp' AND BB = 'BBwz') OR (AA = 'AAlp' AND BB = 'BBjz')) AND ((CC = 'CClw' AND DD = 'DDpq'))",
 "sqlResult": "{42.31 | -90.79}",
 "nlq": "What are the total and minimum evolutions of DDpq pollution in BBwz or BBjz, AAlp or BBfr or BBns, AApw?"},
{"name": "template 6",
 "sql": "SELECT Value FROM DBdata WHERE ((AA = 'AApw' AND BB = 'BBfr') OR (AA = 'AApw' AND BB = 'BBns') OR (AA = 'AAlp' AND BB = 'BBwz') OR (AA = 'AAlp' AND BB = 'BBjz')) AND ((CC = 'CClw' AND DD = 'DDpq') OR (CC = 'CChr' AND DD = 'DDwy') OR (CC = 'CChr' AND DD = 'DDds'))",
 "sqlResult": "{-90.79} || {57.26} || {0.55} || {75.29} || {-81.86} || {88.37} || {-17.51} || {2.78} || {47.66} || {96.72} || {-80.13} || {-78.52}",
 "nlq": "What is the evolution of DDpq, DDds, or DDwy pollution in BBwz or BBjz, AAlp or BBfr or BBns, AApw?"},
{"name": "template 7",
 "sql": "SELECT avg(Value),min(Value) FROM DBdata WHERE ((AA = 'AApw' AND BB = 'BBfr')) AND ((CC = 'CClw' AND DD = 'DDjr') OR (CC = 'CClw' AND DD = 'DDpq'))",
 "sqlResult": "{-10.44 | -90.79}",
 "nlq": "What are the average and minimum evolutions of DDpq or DDjr pollution in BBfr, AApw?"},
{"name": "template 8",
 "sql": "SELECT AA,BB,min(Value),avg(Value) FROM DBdata WHERE ((AA = 'AApw' AND BB = 'BBns') OR (AA = 'AAlp' AND BB = 'BBjz')) AND ((CC = 'CClw' AND DD = 'DDpq') OR (CC = 'CChr' AND DD = 'DDwy') OR (CC = 'CChr' AND DD = 'DDds')) GROUP BY AA,BB",
 "sqlResult": "{AApw | BBns | 57.26 | 80.78} || {AAlp | BBjz | -78.52 | -0.15}",
 "nlq": "What are the minimum and average evolutions for each AA and BB, of DDpq, DDds, or DDwy pollution in BBns, AApw or BBjz, AAlp? Please, report the corresponding AA and BB."},
{"name": "template 9",
 "sql": "SELECT min(Value) FROM DBdata WHERE ((AA = 'AApw' AND BB = 'BBns')) AND (CC IN ('CClw','CChr')) GROUP BY CC",
 "sqlResult": "{88.37} || {18.8}",
 "nlq": "What is the minimum evolution of pollution for each CC, of CChr or CClw in BBns, AApw?"},
{"name": "template 10",
 "sql": "SELECT CC,sum(Value) FROM DBdata WHERE ((AA = 'AAlp' AND BB = 'BBjz')) AND (CC IN ('CClw','CChr')) GROUP BY CC",
 "sqlResult": "{CChr | -75.74} || {CClw | 87.85}",
 "nlq": "What is the total evolution of pollution for each CC, of CChr or CClw in BBjz, AAlp? Please, report the corresponding CC."},
{"name": "template 11",
 "sql": "SELECT CC,AA,BB,max(Value) FROM DBdata WHERE ((AA = 'AApw' AND BB = 'BBns') OR (AA = 'AAlp' AND BB = 'BBwz') OR (AA = 'AAlp' AND BB = 'BBjz')) AND (CC IN ('CClw','CChr')) GROUP BY CC,AA,BB",
 "sqlResult": "{CChr | AApw | BBns | 96.72} || {CChr | AAlp | BBwz | -17.51} || {CChr | AAlp | BBjz | 2.78} || {CClw | AApw | BBns | 57.26} || {CClw | AAlp | BBwz | 90.86} || {CClw | AAlp | BBjz | 75.29}",
 "nlq": "What is the maximum evolution of pollution for each CC, AA, and BB, of CChr or CClw in BBwz or BBjz, AAlp or BBns, AApw? Please, report the corresponding CC, AA, and BB."},
{"name": "template 12",
 "sql": "SELECT Value FROM DBdata WHERE ((AA = 'AApw' AND BB = 'BBfr')) AND (CC IN ('CClw','CChr')) ORDER BY VALUE DESC LIMIT 2",
 "sqlResult": "{69.92} || {47.66}",
 "nlq": "What are the top 2 evolutions of pollution of CChr or CClw in BBfr, AApw?"},
{"name": "template 13",
 "sql": "SELECT Value FROM DBdata WHERE ((AA = 'AApw' AND BB = 'BBfr')) AND (CC IN ('CClw','CChr')) ORDER BY VALUE DESC",
 "sqlResult": "{69.92} || {47.66} || {-81.86} || {-90.79}",
 "nlq": "What are the evolutions ordered by decreasing values of pollution of CChr or CClw in BBfr, AApw?"},
{"name": "template 14",
 "sql": "SELECT CC,DD FROM DBdata WHERE ((AA = 'AAlp' AND BB = 'BBjz')) AND Value > 13.25",
 "sqlResult": "{CClw | DDpq}",
 "nlq": "What are the CC and DD for which the evolution in BBjz, AAlp is greater than 13.25?"},
{"name": "template 15",
 "sql": "SELECT CC,DD,Value FROM DBdata WHERE ((AA = 'AApw' AND BB = 'BBns')) AND (CC,DD) IN (SELECT CC,DD FROM DBdata WHERE ((AA = 'AAlp' AND BB = 'BBjz')) AND Value > 13.25)",
 "sqlResult": "{CClw | DDpq | 57.26}",
 "nlq": "What is the evolution of pollution in BBns, AApw of CC and of DD for which the evolution in BBjz, AAlp is greater than 13.25? Please, report the corresponding CC, DD, and evolution of pollution."}]
}

