{
"filename": "Evolution_of_pollution_in_percent_set6_2_DB.csv",
"questions": [{"name": "template 1",
 "sql": "SELECT Value FROM DBdata WHERE ((State = 'Georgia' AND City = 'Columbus')) AND ((Polluted_element = 'Air' AND Type_of_pollution = 'Light'))",
 "sqlResult": "{-80.13}",
 "nlq": "What is the evolution of Light pollution in Columbus, Georgia?"},
{"name": "template 2",
 "sql": "SELECT Value FROM DBdata WHERE ((State = 'Florida' AND City = 'Fort Lauderdale')) AND ((Polluted_element = 'Soil' AND Type_of_pollution = 'Inorganic Fertilizers') OR (Polluted_element = 'Soil' AND Type_of_pollution = 'Industrial') OR (Polluted_element = 'Air' AND Type_of_pollution = 'Noise') OR (Polluted_element = 'Air' AND Type_of_pollution = 'Light'))",
 "sqlResult": "{69.92} || {-90.79} || {-81.86} || {47.66}",
 "nlq": "What is the evolution of Industrial, Inorganic Fertilizers, Light, or Noise pollution in Fort Lauderdale, Florida?"},
{"name": "template 3",
 "sql": "SELECT Value FROM DBdata WHERE ((State = 'Florida' AND City = 'Tampa') OR (State = 'Georgia' AND City = 'Columbus')) AND ((Polluted_element = 'Air' AND Type_of_pollution = 'Light'))",
 "sqlResult": "{96.72} || {-80.13}",
 "nlq": "What is the evolution of Light pollution in Columbus, Georgia or Tampa, Florida?"},
{"name": "template 4",
 "sql": "SELECT sum(Value),min(Value) FROM DBdata WHERE ((State = 'Florida' AND City = 'Fort Lauderdale') OR (State = 'Florida' AND City = 'Tampa') OR (State = 'Georgia' AND City = 'Columbus') OR (State = 'Georgia' AND City = 'Washington')) AND ((Polluted_element = 'Soil' AND Type_of_pollution = 'Industrial'))",
 "sqlResult": "{42.31 | -90.79}",
 "nlq": "What are the total and minimum evolutions of Industrial pollution in Columbus or Washington, Georgia or Fort Lauderdale or Tampa, Florida?"},
{"name": "template 6",
 "sql": "SELECT Value FROM DBdata WHERE ((State = 'Florida' AND City = 'Fort Lauderdale') OR (State = 'Florida' AND City = 'Tampa') OR (State = 'Georgia' AND City = 'Columbus') OR (State = 'Georgia' AND City = 'Washington')) AND ((Polluted_element = 'Soil' AND Type_of_pollution = 'Industrial') OR (Polluted_element = 'Air' AND Type_of_pollution = 'Noise') OR (Polluted_element = 'Air' AND Type_of_pollution = 'Light'))",
 "sqlResult": "{-90.79} || {57.26} || {0.55} || {75.29} || {-81.86} || {88.37} || {-17.51} || {2.78} || {47.66} || {96.72} || {-80.13} || {-78.52}",
 "nlq": "What is the evolution of Industrial, Light, or Noise pollution in Columbus or Washington, Georgia or Fort Lauderdale or Tampa, Florida?"},
{"name": "template 7",
 "sql": "SELECT avg(Value),min(Value) FROM DBdata WHERE ((State = 'Florida' AND City = 'Fort Lauderdale')) AND ((Polluted_element = 'Soil' AND Type_of_pollution = 'Inorganic Fertilizers') OR (Polluted_element = 'Soil' AND Type_of_pollution = 'Industrial'))",
 "sqlResult": "{-10.44 | -90.79}",
 "nlq": "What are the average and minimum evolutions of Industrial or Inorganic Fertilizers pollution in Fort Lauderdale, Florida?"},
{"name": "template 8",
 "sql": "SELECT State,City,min(Value),avg(Value) FROM DBdata WHERE ((State = 'Florida' AND City = 'Tampa') OR (State = 'Georgia' AND City = 'Washington')) AND ((Polluted_element = 'Soil' AND Type_of_pollution = 'Industrial') OR (Polluted_element = 'Air' AND Type_of_pollution = 'Noise') OR (Polluted_element = 'Air' AND Type_of_pollution = 'Light')) GROUP BY State,City",
 "sqlResult": "{Florida | Tampa | 57.26 | 80.78} || {Georgia | Washington | -78.52 | -0.15}",
 "nlq": "What are the minimum and average evolutions for each State and City, of Industrial, Light, or Noise pollution in Tampa, Florida or Washington, Georgia? Please, report the corresponding State and City."},
{"name": "template 9",
 "sql": "SELECT min(Value) FROM DBdata WHERE ((State = 'Florida' AND City = 'Tampa')) AND (Polluted_element IN ('Soil','Air')) GROUP BY Polluted_element",
 "sqlResult": "{88.37} || {18.8}",
 "nlq": "What is the minimum evolution of pollution for each Polluted element, of Air or Soil in Tampa, Florida?"},
{"name": "template 10",
 "sql": "SELECT Polluted_element,sum(Value) FROM DBdata WHERE ((State = 'Georgia' AND City = 'Washington')) AND (Polluted_element IN ('Soil','Air')) GROUP BY Polluted_element",
 "sqlResult": "{Air | -75.74} || {Soil | 87.85}",
 "nlq": "What is the total evolution of pollution for each Polluted element, of Air or Soil in Washington, Georgia? Please, report the corresponding Polluted element."},
{"name": "template 11",
 "sql": "SELECT Polluted_element,State,City,max(Value) FROM DBdata WHERE ((State = 'Florida' AND City = 'Tampa') OR (State = 'Georgia' AND City = 'Columbus') OR (State = 'Georgia' AND City = 'Washington')) AND (Polluted_element IN ('Soil','Air')) GROUP BY Polluted_element,State,City",
 "sqlResult": "{Air | Florida | Tampa | 96.72} || {Air | Georgia | Columbus | -17.51} || {Air | Georgia | Washington | 2.78} || {Soil | Florida | Tampa | 57.26} || {Soil | Georgia | Columbus | 90.86} || {Soil | Georgia | Washington | 75.29}",
 "nlq": "What is the maximum evolution of pollution for each Polluted element, State, and City, of Air or Soil in Columbus or Washington, Georgia or Tampa, Florida? Please, report the corresponding Polluted element, State, and City."},
{"name": "template 12",
 "sql": "SELECT Value FROM DBdata WHERE ((State = 'Florida' AND City = 'Fort Lauderdale')) AND (Polluted_element IN ('Soil','Air')) ORDER BY VALUE DESC LIMIT 2",
 "sqlResult": "{69.92} || {47.66}",
 "nlq": "What are the top 2 evolutions of pollution of Air or Soil in Fort Lauderdale, Florida?"},
{"name": "template 13",
 "sql": "SELECT Value FROM DBdata WHERE ((State = 'Florida' AND City = 'Fort Lauderdale')) AND (Polluted_element IN ('Soil','Air')) ORDER BY VALUE DESC",
 "sqlResult": "{69.92} || {47.66} || {-81.86} || {-90.79}",
 "nlq": "What are the evolutions ordered by decreasing values of pollution of Air or Soil in Fort Lauderdale, Florida?"},
{"name": "template 14",
 "sql": "SELECT Polluted_element,Type_of_pollution FROM DBdata WHERE ((State = 'Georgia' AND City = 'Washington')) AND Value > 13.25",
 "sqlResult": "{Soil | Industrial}",
 "nlq": "What are the Polluted element and Type of pollution for which the evolution in Washington, Georgia is greater than 13.25?"},
{"name": "template 15",
 "sql": "SELECT Polluted_element,Type_of_pollution,Value FROM DBdata WHERE ((State = 'Florida' AND City = 'Tampa')) AND (Polluted_element,Type_of_pollution) IN (SELECT Polluted_element,Type_of_pollution FROM DBdata WHERE ((State = 'Georgia' AND City = 'Washington')) AND Value > 13.25)",
 "sqlResult": "{Soil | Industrial | 57.26}",
 "nlq": "What is the evolution of pollution in Tampa, Florida of Polluted element and of Type of pollution for which the evolution in Washington, Georgia is greater than 13.25? Please, report the corresponding Polluted element, Type of pollution, and evolution of pollution."}]
}
