State,City,Polluted element,Type of pollution,Value
State,City,Polluted_element,Type_of_pollution,Value
Michigan,Flint,Water,Oxygen-depletion,-11.48
Michigan,Port Huron,Water,Oxygen-depletion,-44.89
Minnesota,Hastings,Water,Oxygen-depletion,88.03
Minnesota,Minneapolis,Water,Oxygen-depletion,81.42
Minnesota,Rochester,Water,Oxygen-depletion,-10.44
Nevada,Boulder City,Water,Oxygen-depletion,-1.61
Nevada,Las Vegas,Water,Oxygen-depletion,88.82
Nevada,Reno,Water,Oxygen-depletion,-98.67
Michigan,Flint,Water,Surface water,-11.95
Michigan,Port Huron,Water,Surface water,-19.12
Minnesota,Hastings,Water,Surface water,63.89
Minnesota,Minneapolis,Water,Surface water,-6.84
Minnesota,Rochester,Water,Surface water,-72.75
Nevada,Boulder City,Water,Surface water,49.79
Nevada,Las Vegas,Water,Surface water,66.82
Nevada,Reno,Water,Surface water,52.98
Michigan,Flint,Soil,Inorganic Fertilizers,-33.82
Michigan,Port Huron,Soil,Inorganic Fertilizers,82
Minnesota,Hastings,Soil,Inorganic Fertilizers,-35.57
Minnesota,Minneapolis,Soil,Inorganic Fertilizers,-47.01
Minnesota,Rochester,Soil,Inorganic Fertilizers,-1.36
Nevada,Boulder City,Soil,Inorganic Fertilizers,-46.05
Nevada,Las Vegas,Soil,Inorganic Fertilizers,-45.92
Nevada,Reno,Soil,Inorganic Fertilizers,-5
Michigan,Flint,Soil,Industrial,-17.13
Michigan,Port Huron,Soil,Industrial,32.81
Minnesota,Hastings,Soil,Industrial,-48.43
Minnesota,Minneapolis,Soil,Industrial,-87.18
Minnesota,Rochester,Soil,Industrial,-6.64
Nevada,Boulder City,Soil,Industrial,73.23
Nevada,Las Vegas,Soil,Industrial,30.29
Nevada,Reno,Soil,Industrial,-78.19
Michigan,Flint,Soil,Inferior Irrigation,98.46
Michigan,Port Huron,Soil,Inferior Irrigation,31.58
Minnesota,Hastings,Soil,Inferior Irrigation,-90.33
Minnesota,Minneapolis,Soil,Inferior Irrigation,-42.15
Minnesota,Rochester,Soil,Inferior Irrigation,7
Nevada,Boulder City,Soil,Inferior Irrigation,78.71
Nevada,Las Vegas,Soil,Inferior Irrigation,-62.8
Nevada,Reno,Soil,Inferior Irrigation,-92.07
Michigan,Flint,Soil,Solid Waste,-22.65
Michigan,Port Huron,Soil,Solid Waste,2.12
Minnesota,Hastings,Soil,Solid Waste,-93.95
Minnesota,Minneapolis,Soil,Solid Waste,-84.54
Minnesota,Rochester,Soil,Solid Waste,-12.87
Nevada,Boulder City,Soil,Solid Waste,-3.11
Nevada,Las Vegas,Soil,Solid Waste,-7.92
Nevada,Reno,Soil,Solid Waste,-85.9
Michigan,Flint,Air,Noise,-92.36
Michigan,Port Huron,Air,Noise,-93.72
Minnesota,Hastings,Air,Noise,17.96
Minnesota,Minneapolis,Air,Noise,2.25
Minnesota,Rochester,Air,Noise,18.71
Nevada,Boulder City,Air,Noise,-78.44
Nevada,Las Vegas,Air,Noise,-19.13
Nevada,Reno,Air,Noise,28.85
Michigan,Flint,Air,Light,35.02
Michigan,Port Huron,Air,Light,90.58
Minnesota,Hastings,Air,Light,14.67
Minnesota,Minneapolis,Air,Light,14.34
Minnesota,Rochester,Air,Light,-74.85
Nevada,Boulder City,Air,Light,-63.91
Nevada,Las Vegas,Air,Light,-95.55
Nevada,Reno,Air,Light,-86.08
