AA,BB,CC,DD,Value
AA,BB,CC,DD,Value
AAgq,BBgp,CCfr,DDmw,4.3
AAgq,BBjw,CCfr,DDmw,14.78
AAvz,BBrt,CCfr,DDmw,45.14
AAvz,BBjm,CCfr,DDmw,-93.69
AAgq,BBgp,CCfr,DDfs,-11.43
AAgq,BBjw,CCfr,DDfs,-60.65
AAvz,BBrt,CCfr,DDfs,-33.68
AAvz,BBjm,CCfr,DDfs,46.66
AAgq,BBgp,CCfr,DDbg,-90.31
AAgq,BBjw,CCfr,DDbg,-54.74
AAvz,BBrt,CCfr,DDbg,-35.43
AAvz,BBjm,CCfr,DDbg,-87.19
AAgq,BBgp,CCfr,DDcy,-19.71
AAgq,BBjw,CCfr,DDcy,52.73
AAvz,BBrt,CCfr,DDcy,82.47
AAvz,BBjm,CCfr,DDcy,-42.1
AAgq,BBgp,CCvy,DDbf,93.44
AAgq,BBjw,CCvy,DDbf,-87.97
AAvz,BBrt,CCvy,DDbf,70.54
AAvz,BBjm,CCvy,DDbf,-55.1
AAgq,BBgp,CCvy,DDlt,-22.46
AAgq,BBjw,CCvy,DDlt,-30.65
AAvz,BBrt,CCvy,DDlt,-24.44
AAvz,BBjm,CCvy,DDlt,-46.56
AAgq,BBgp,CCvy,DDqs,-10.58
AAgq,BBjw,CCvy,DDqs,-50.2
AAvz,BBrt,CCvy,DDqs,-22.9
AAvz,BBjm,CCvy,DDqs,-98.81
AAgq,BBgp,CCvy,DDkt,87.16
AAgq,BBjw,CCvy,DDkt,-55.91
AAvz,BBrt,CCvy,DDkt,-9.63
AAvz,BBjm,CCvy,DDkt,-49.73
AAgq,BBgp,CCjk,DDnw,-15.29
AAgq,BBjw,CCjk,DDnw,78.03
AAvz,BBrt,CCjk,DDnw,-8.2
AAvz,BBjm,CCjk,DDnw,29.9
AAgq,BBgp,CCjk,DDgk,11.37
AAgq,BBjw,CCjk,DDgk,16.47
AAvz,BBrt,CCjk,DDgk,33.89
AAvz,BBjm,CCjk,DDgk,1.64
AAgq,BBgp,CCjk,DDmq,63.86
AAgq,BBjw,CCjk,DDmq,-48.83
AAvz,BBrt,CCjk,DDmq,-13.52
AAvz,BBjm,CCjk,DDmq,71.95

