AA,BB,CC,DD,Value
AA,BB,CC,DD,Value
AAmsx,BBgly,CChmn,DDcdz,53.04
AAmsx,BBdny,CChmn,DDcdz,31.17
AAmsx,BBqtx,CChmn,DDcdz,43.05
AAckp,BBcps,CChmn,DDcdz,-28.27
AAckp,BBbmr,CChmn,DDcdz,-92.33
AAhnw,BBmnt,CChmn,DDcdz,88.83
AAhnw,BBdky,CChmn,DDcdz,99.24
AAhnw,BBfhp,CChmn,DDcdz,-14.83
AAmsx,BBgly,CChmn,DDkmt,-66.21
AAmsx,BBdny,CChmn,DDkmt,15.52
AAmsx,BBqtx,CChmn,DDkmt,35.22
AAckp,BBcps,CChmn,DDkmt,-85.18
AAckp,BBbmr,CChmn,DDkmt,5.13
AAhnw,BBmnt,CChmn,DDkmt,-75.64
AAhnw,BBdky,CChmn,DDkmt,25.49
AAhnw,BBfhp,CChmn,DDkmt,-81.31
AAmsx,BBgly,CChmn,DDbhr,23.73
AAmsx,BBdny,CChmn,DDbhr,-85.13
AAmsx,BBqtx,CChmn,DDbhr,-87.7
AAckp,BBcps,CChmn,DDbhr,-74.17
AAckp,BBbmr,CChmn,DDbhr,-35.13
AAhnw,BBmnt,CChmn,DDbhr,-26.39
AAhnw,BBdky,CChmn,DDbhr,-8.27
AAhnw,BBfhp,CChmn,DDbhr,1.52
AAmsx,BBgly,CChmn,DDgsz,40.05
AAmsx,BBdny,CChmn,DDgsz,42.7
AAmsx,BBqtx,CChmn,DDgsz,-60.55
AAckp,BBcps,CChmn,DDgsz,23.22
AAckp,BBbmr,CChmn,DDgsz,-61.22
AAhnw,BBmnt,CChmn,DDgsz,32.27
AAhnw,BBdky,CChmn,DDgsz,-44.54
AAhnw,BBfhp,CChmn,DDgsz,91.28
AAmsx,BBgly,CChmn,DDdms,67.07
AAmsx,BBdny,CChmn,DDdms,68.57
AAmsx,BBqtx,CChmn,DDdms,15.78
AAckp,BBcps,CChmn,DDdms,44.97
AAckp,BBbmr,CChmn,DDdms,-25.36
AAhnw,BBmnt,CChmn,DDdms,17.11
AAhnw,BBdky,CChmn,DDdms,40.33
AAhnw,BBfhp,CChmn,DDdms,-28.33
AAmsx,BBgly,CCqrs,DDcgl,93.42
AAmsx,BBdny,CCqrs,DDcgl,-40.07
AAmsx,BBqtx,CCqrs,DDcgl,42.09
AAckp,BBcps,CCqrs,DDcgl,-46.69
AAckp,BBbmr,CCqrs,DDcgl,-55.59
AAhnw,BBmnt,CCqrs,DDcgl,-27.09
AAhnw,BBdky,CCqrs,DDcgl,-38.2
AAhnw,BBfhp,CCqrs,DDcgl,31.54
AAmsx,BBgly,CCqrs,DDbcg,2.29
AAmsx,BBdny,CCqrs,DDbcg,-48.56
AAmsx,BBqtx,CCqrs,DDbcg,30.03
AAckp,BBcps,CCqrs,DDbcg,-44.27
AAckp,BBbmr,CCqrs,DDbcg,-8.38
AAhnw,BBmnt,CCqrs,DDbcg,99.08
AAhnw,BBdky,CCqrs,DDbcg,60.77
AAhnw,BBfhp,CCqrs,DDbcg,27.86
AAmsx,BBgly,CCqrs,DDdqv,-88.81
AAmsx,BBdny,CCqrs,DDdqv,-70.35
AAmsx,BBqtx,CCqrs,DDdqv,90.89
AAckp,BBcps,CCqrs,DDdqv,67.21
AAckp,BBbmr,CCqrs,DDdqv,-72.69
AAhnw,BBmnt,CCqrs,DDdqv,-18.26
AAhnw,BBdky,CCqrs,DDdqv,-12.46
AAhnw,BBfhp,CCqrs,DDdqv,-27.36

