{
"filename": "Evolution_of_pollution_in_percent_set4_5_DB.csv",
"questions": [{"name": "template 1",
 "sql": "SELECT Value FROM DBdata WHERE ((State = 'Michigan' AND City = 'Flint')) AND ((Polluted_element = 'Air' AND Type_of_pollution = 'Light'))",
 "sqlResult": "{35.02}",
 "nlq": "What is the evolution of Light pollution in Flint, Michigan?"},
{"name": "template 2",
 "sql": "SELECT Value FROM DBdata WHERE ((State = 'Minnesota' AND City = 'Hastings')) AND ((Polluted_element = 'Water' AND Type_of_pollution = 'Oxygen-depletion') OR (Polluted_element = 'Water' AND Type_of_pollution = 'Surface water') OR (Polluted_element = 'Soil' AND Type_of_pollution = 'Inorganic Fertilizers') OR (Polluted_element = 'Soil' AND Type_of_pollution = 'Industrial') OR (Polluted_element = 'Soil' AND Type_of_pollution = 'Inferior Irrigation') OR (Polluted_element = 'Soil' AND Type_of_pollution = 'Solid Waste') OR (Polluted_element = 'Air' AND Type_of_pollution = 'Noise') OR (Polluted_element = 'Air' AND Type_of_pollution = 'Light'))",
 "sqlResult": "{88.03} || {63.89} || {-35.57} || {-48.43} || {-90.33} || {-93.95} || {17.96} || {14.67}",
 "nlq": "What is the evolution of Industrial, Inferior Irrigation, Inorganic Fertilizers, Light, Noise, Oxygen-depletion, Solid Waste, or Surface water pollution in Hastings, Minnesota?"},
{"name": "template 3",
 "sql": "SELECT Value FROM DBdata WHERE ((State = 'Michigan' AND City = 'Flint') OR (State = 'Michigan' AND City = 'Port Huron') OR (State = 'Minnesota' AND City = 'Minneapolis')) AND ((Polluted_element = 'Water' AND Type_of_pollution = 'Surface water'))",
 "sqlResult": "{-11.95} || {-19.12} || {-6.84}",
 "nlq": "What is the evolution of Surface water pollution in Flint or Port Huron, Michigan or Minneapolis, Minnesota?"},
{"name": "template 4",
 "sql": "SELECT min(Value),sum(Value) FROM DBdata WHERE ((State = 'Michigan' AND City = 'Port Huron') OR (State = 'Nevada' AND City = 'Las Vegas')) AND ((Polluted_element = 'Soil' AND Type_of_pollution = 'Solid Waste'))",
 "sqlResult": "{-7.92 | -5.8}",
 "nlq": "What are the minimum and total evolutions of Solid Waste pollution in Las Vegas, Nevada or Port Huron, Michigan?"},
{"name": "template 6",
 "sql": "SELECT Value FROM DBdata WHERE ((State = 'Michigan' AND City = 'Port Huron') OR (State = 'Minnesota' AND City = 'Hastings') OR (State = 'Minnesota' AND City = 'Rochester')) AND ((Polluted_element = 'Water' AND Type_of_pollution = 'Surface water') OR (Polluted_element = 'Soil' AND Type_of_pollution = 'Solid Waste') OR (Polluted_element = 'Air' AND Type_of_pollution = 'Noise'))",
 "sqlResult": "{-19.12} || {63.89} || {-72.75} || {2.12} || {-93.95} || {-12.87} || {-93.72} || {17.96} || {18.71}",
 "nlq": "What is the evolution of Noise, Solid Waste, or Surface water pollution in Hastings or Rochester, Minnesota or Port Huron, Michigan?"},
{"name": "template 7",
 "sql": "SELECT sum(Value),max(Value) FROM DBdata WHERE ((State = 'Minnesota' AND City = 'Minneapolis')) AND ((Polluted_element = 'Water' AND Type_of_pollution = 'Surface water') OR (Polluted_element = 'Soil' AND Type_of_pollution = 'Industrial') OR (Polluted_element = 'Soil' AND Type_of_pollution = 'Inferior Irrigation') OR (Polluted_element = 'Air' AND Type_of_pollution = 'Light'))",
 "sqlResult": "{-121.83 | 14.34}",
 "nlq": "What are the total and maximum evolutions of Industrial, Inferior Irrigation, Light, or Surface water pollution in Minneapolis, Minnesota?"},
{"name": "template 8",
 "sql": "SELECT State,City,avg(Value),min(Value) FROM DBdata WHERE ((State = 'Michigan' AND City = 'Port Huron') OR (State = 'Minnesota' AND City = 'Minneapolis') OR (State = 'Nevada' AND City = 'Las Vegas')) AND ((Polluted_element = 'Water' AND Type_of_pollution = 'Surface water') OR (Polluted_element = 'Soil' AND Type_of_pollution = 'Solid Waste') OR (Polluted_element = 'Air' AND Type_of_pollution = 'Light')) GROUP BY State,City",
 "sqlResult": "{Michigan | Port Huron | 24.53 | -19.12} || {Minnesota | Minneapolis | -25.68 | -84.54} || {Nevada | Las Vegas | -12.22 | -95.55}",
 "nlq": "What are the average and minimum evolutions for each State and City, of Light, Solid Waste, or Surface water pollution in Las Vegas, Nevada or Minneapolis, Minnesota or Port Huron, Michigan? Please, report the corresponding State and City."},
{"name": "template 9",
 "sql": "SELECT min(Value) FROM DBdata WHERE ((State = 'Michigan' AND City = 'Flint')) AND (Polluted_element IN ('Water','Soil','Air')) GROUP BY Polluted_element",
 "sqlResult": "{-92.36} || {-33.82} || {-11.95}",
 "nlq": "What is the minimum evolution of pollution for each Polluted element, of Air, Soil, or Water in Flint, Michigan?"},
{"name": "template 10",
 "sql": "SELECT Polluted_element,sum(Value) FROM DBdata WHERE ((State = 'Nevada' AND City = 'Boulder City')) AND (Polluted_element IN ('Water','Soil','Air')) GROUP BY Polluted_element",
 "sqlResult": "{Air | -142.35} || {Soil | 102.78} || {Water | 48.18}",
 "nlq": "What is the total evolution of pollution for each Polluted element, of Air, Soil, or Water in Boulder City, Nevada? Please, report the corresponding Polluted element."},
{"name": "template 11",
 "sql": "SELECT Polluted_element,State,City,max(Value) FROM DBdata WHERE ((State = 'Minnesota' AND City = 'Hastings') OR (State = 'Minnesota' AND City = 'Rochester') OR (State = 'Nevada' AND City = 'Boulder City')) AND (Polluted_element IN ('Water','Soil','Air')) GROUP BY Polluted_element,State,City",
 "sqlResult": "{Air | Minnesota | Hastings | 17.96} || {Air | Minnesota | Rochester | 18.71} || {Air | Nevada | Boulder City | -63.91} || {Soil | Minnesota | Hastings | -35.57} || {Soil | Minnesota | Rochester | 7} || {Soil | Nevada | Boulder City | 78.71} || {Water | Minnesota | Hastings | 88.03} || {Water | Minnesota | Rochester | -10.44} || {Water | Nevada | Boulder City | 49.79}",
 "nlq": "What is the maximum evolution of pollution for each Polluted element, State, and City, of Air, Soil, or Water in Boulder City, Nevada or Hastings or Rochester, Minnesota? Please, report the corresponding Polluted element, State, and City."},
{"name": "template 12",
 "sql": "SELECT Value FROM DBdata WHERE ((State = 'Michigan' AND City = 'Flint')) AND (Polluted_element IN ('Water','Air')) ORDER BY VALUE DESC LIMIT 2",
 "sqlResult": "{35.02} || {-11.48}",
 "nlq": "What are the top 2 evolutions of pollution of Air or Water in Flint, Michigan?"},
{"name": "template 13",
 "sql": "SELECT Value FROM DBdata WHERE ((State = 'Nevada' AND City = 'Boulder City')) AND (Polluted_element IN ('Soil','Air')) ORDER BY VALUE DESC",
 "sqlResult": "{78.71} || {73.23} || {-3.11} || {-46.05} || {-63.91} || {-78.44}",
 "nlq": "What are the evolutions ordered by decreasing values of pollution of Air or Soil in Boulder City, Nevada?"},
{"name": "template 14",
 "sql": "SELECT Polluted_element,Type_of_pollution FROM DBdata WHERE ((State = 'Minnesota' AND City = 'Rochester')) AND Value < -12.22",
 "sqlResult": "{Water | Surface water} || {Soil | Solid Waste} || {Air | Light}",
 "nlq": "What are the Polluted element and Type of pollution for which the evolution in Rochester, Minnesota is lower than -12.22?"},
{"name": "template 15",
 "sql": "SELECT Polluted_element,Type_of_pollution,Value FROM DBdata WHERE ((State = 'Nevada' AND City = 'Las Vegas')) AND (Polluted_element,Type_of_pollution) IN (SELECT Polluted_element,Type_of_pollution FROM DBdata WHERE ((State = 'Minnesota' AND City = 'Rochester')) AND Value < -12.22)",
 "sqlResult": "{Water | Surface water | 66.82} || {Soil | Solid Waste | -7.92} || {Air | Light | -95.55}",
 "nlq": "What is the evolution of pollution in Las Vegas, Nevada of Polluted element and of Type of pollution for which the evolution in Rochester, Minnesota is lower than -12.22? Please, report the corresponding Polluted element, Type of pollution, and evolution of pollution."}]
}
