AA,BB,CC,DD,Value
AA,BB,CC,DD,Value
AAfh,BBkr,CCgm,DDty,56.08
AAfh,BBhx,CCgm,DDty,-36.47
AAfh,BBgq,CCgm,DDty,-23.68
AAgj,BBrt,CCgm,DDty,-28.19
AAgj,BBqw,CCgm,DDty,39.47
AAlz,BBhy,CCgm,DDty,39.1
AAlz,BBrv,CCgm,DDty,-25.37
AAfh,BBkr,CCgm,DDkv,27.3
AAfh,BBhx,CCgm,DDkv,-53.78
AAfh,BBgq,CCgm,DDkv,24.08
AAgj,BBrt,CCgm,DDkv,34.39
AAgj,BBqw,CCgm,DDkv,-92.47
AAlz,BBhy,CCgm,DDkv,-26.33
AAlz,BBrv,CCgm,DDkv,79.81
AAfh,BBkr,CCgm,DDgh,4.9
AAfh,BBhx,CCgm,DDgh,-59.54
AAfh,BBgq,CCgm,DDgh,-40.2
AAgj,BBrt,CCgm,DDgh,69.67
AAgj,BBqw,CCgm,DDgh,76.64
AAlz,BBhy,CCgm,DDgh,-7.17
AAlz,BBrv,CCgm,DDgh,30.74
AAfh,BBkr,CCcs,DDlt,41.96
AAfh,BBhx,CCcs,DDlt,50.62
AAfh,BBgq,CCcs,DDlt,-38.37
AAgj,BBrt,CCcs,DDlt,61.25
AAgj,BBqw,CCcs,DDlt,-55.77
AAlz,BBhy,CCcs,DDlt,62.37
AAlz,BBrv,CCcs,DDlt,8.02
AAfh,BBkr,CCcs,DDby,-25.15
AAfh,BBhx,CCcs,DDby,90.57
AAfh,BBgq,CCcs,DDby,93.4
AAgj,BBrt,CCcs,DDby,66.14
AAgj,BBqw,CCcs,DDby,-27.05
AAlz,BBhy,CCcs,DDby,-94.37
AAlz,BBrv,CCcs,DDby,68.36
AAfh,BBkr,CCcs,DDhm,55.44
AAfh,BBhx,CCcs,DDhm,43.7
AAfh,BBgq,CCcs,DDhm,68.37
AAgj,BBrt,CCcs,DDhm,-6.43
AAgj,BBqw,CCcs,DDhm,42.97
AAlz,BBhy,CCcs,DDhm,8.88
AAlz,BBrv,CCcs,DDhm,37.38

