State,City,Polluted element,Type of pollution,Value
State,City,Polluted_element,Type_of_pollution,Value
Minnesota,Hastings,Water,Chemical,-28.67
Minnesota,Minneapolis,Water,Chemical,-72.85
Minnesota,Rochester,Water,Chemical,83.48
Nevada,Las Vegas,Water,Chemical,69.44
Nevada,Reno,Water,Chemical,-93.38
Oregon,Portland,Water,Chemical,80.07
Oregon,Redmond,Water,Chemical,-22.56
Oregon,Salem,Water,Chemical,9.74
Minnesota,Hastings,Water,Groundwater,22.86
Minnesota,Minneapolis,Water,Groundwater,58.58
Minnesota,Rochester,Water,Groundwater,-47.79
Nevada,Las Vegas,Water,Groundwater,95.46
Nevada,Reno,Water,Groundwater,-71.75
Oregon,Portland,Water,Groundwater,-90.69
Oregon,Redmond,Water,Groundwater,14.69
Oregon,Salem,Water,Groundwater,12.33
Minnesota,Hastings,Soil,Industrial,21.14
Minnesota,Minneapolis,Soil,Industrial,85.8
Minnesota,Rochester,Soil,Industrial,-40.26
Nevada,Las Vegas,Soil,Industrial,19.33
Nevada,Reno,Soil,Industrial,-91.45
Oregon,Portland,Soil,Industrial,-29.76
Oregon,Redmond,Soil,Industrial,-44.79
Oregon,Salem,Soil,Industrial,-23.78
Minnesota,Hastings,Soil,Inferior Irrigation,-72.76
Minnesota,Minneapolis,Soil,Inferior Irrigation,54.95
Minnesota,Rochester,Soil,Inferior Irrigation,25.15
Nevada,Las Vegas,Soil,Inferior Irrigation,93.93
Nevada,Reno,Soil,Inferior Irrigation,-11.4
Oregon,Portland,Soil,Inferior Irrigation,-71.56
Oregon,Redmond,Soil,Inferior Irrigation,18.49
Oregon,Salem,Soil,Inferior Irrigation,57.92
Minnesota,Hastings,Soil,Solid Waste,35.42
Minnesota,Minneapolis,Soil,Solid Waste,-92.24
Minnesota,Rochester,Soil,Solid Waste,-2.34
Nevada,Las Vegas,Soil,Solid Waste,53.07
Nevada,Reno,Soil,Solid Waste,-61.15
Oregon,Portland,Soil,Solid Waste,-1.2
Oregon,Redmond,Soil,Solid Waste,-33.35
Oregon,Salem,Soil,Solid Waste,51.74
Minnesota,Hastings,Soil,Urban Activities,84.37
Minnesota,Minneapolis,Soil,Urban Activities,38.53
Minnesota,Rochester,Soil,Urban Activities,-34.18
Nevada,Las Vegas,Soil,Urban Activities,67.82
Nevada,Reno,Soil,Urban Activities,88.66
Oregon,Portland,Soil,Urban Activities,13.29
Oregon,Redmond,Soil,Urban Activities,44.7
Oregon,Salem,Soil,Urban Activities,68.65
