{
"filename": "Evolution_of_pollution_in_percent_set10_4_DB.csv",
"questions": [{"name": "template 1",
 "sql": "SELECT Value FROM DBdata WHERE ((AA = 'AAfm' AND BB = 'BBlr')) AND ((CC = 'CCms' AND DD = 'DDhm'))",
 "sqlResult": "{-65.99}",
 "nlq": "What is the evolution of DDhm pollution in BBlr, AAfm?"},
{"name": "template 2",
 "sql": "SELECT Value FROM DBdata WHERE ((AA = 'AAfm' AND BB = 'BBlr')) AND ((CC = 'CCbm' AND DD = 'DDcm') OR (CC = 'CCbm' AND DD = 'DDps') OR (CC = 'CCtv' AND DD = 'DDln'))",
 "sqlResult": "{71.32} || {34.85} || {-58.81}",
 "nlq": "What is the evolution of DDcm, DDln, or DDps pollution in BBlr, AAfm?"},
{"name": "template 3",
 "sql": "SELECT Value FROM DBdata WHERE ((AA = 'AAnp' AND BB = 'BBmy') OR (AA = 'AAfm' AND BB = 'BBlr') OR (AA = 'AAfm' AND BB = 'BBhz')) AND ((CC = 'CCbm' AND DD = 'DDps'))",
 "sqlResult": "{-12.84} || {34.85} || {-58.1}",
 "nlq": "What is the evolution of DDps pollution in BBmy, AAnp or BBlr or BBhz, AAfm?"},
{"name": "template 4",
 "sql": "SELECT min(Value),avg(Value) FROM DBdata WHERE ((AA = 'AAnp' AND BB = 'BBmy') OR (AA = 'AAnp' AND BB = 'BBfy') OR (AA = 'AAfm' AND BB = 'BBhz')) AND ((CC = 'CCms' AND DD = 'DDhm'))",
 "sqlResult": "{-69.5 | 23.1}",
 "nlq": "What are the minimum and average evolutions of DDhm pollution in BBmy or BBfy, AAnp or BBhz, AAfm?"},
{"name": "template 6",
 "sql": "SELECT Value FROM DBdata WHERE ((AA = 'AAnp' AND BB = 'BBmy') OR (AA = 'AAnp' AND BB = 'BBfy') OR (AA = 'AAfm' AND BB = 'BBlr')) AND ((CC = 'CCms' AND DD = 'DDhm') OR (CC = 'CCms' AND DD = 'DDmx') OR (CC = 'CCms' AND DD = 'DDvw') OR (CC = 'CCbm' AND DD = 'DDrv'))",
 "sqlResult": "{-69.5} || {96.55} || {-65.99} || {-18.19} || {30.91} || {63.4} || {8.49} || {-57.24} || {53.03} || {-41.67} || {5.21} || {-8.13}",
 "nlq": "What is the evolution of DDhm, DDmx, DDrv, or DDvw pollution in BBmy or BBfy, AAnp or BBlr, AAfm?"},
{"name": "template 7",
 "sql": "SELECT sum(Value),max(Value) FROM DBdata WHERE ((AA = 'AAnp' AND BB = 'BBmy')) AND ((CC = 'CCms' AND DD = 'DDty') OR (CC = 'CCbm' AND DD = 'DDps') OR (CC = 'CCtv' AND DD = 'DDln'))",
 "sqlResult": "{168.65 | 97.17}",
 "nlq": "What are the total and maximum evolutions of DDln, DDty, or DDps pollution in BBmy, AAnp?"},
{"name": "template 8",
 "sql": "SELECT AA,BB,avg(Value),min(Value) FROM DBdata WHERE ((AA = 'AAnp' AND BB = 'BBmy') OR (AA = 'AAnp' AND BB = 'BBfy')) AND ((CC = 'CCbm' AND DD = 'DDrv') OR (CC = 'CCtv' AND DD = 'DDln') OR (CC = 'CCtv' AND DD = 'DDfr')) GROUP BY AA,BB",
 "sqlResult": "{AAnp | BBmy | 37.3 | -41.67} || {AAnp | BBfy | 56.57 | 5.21}",
 "nlq": "What are the average and minimum evolutions for each AA and BB, of DDrv, DDln, or DDfr pollution in BBmy or BBfy, AAnp? Please, report the corresponding AA and BB."},
{"name": "template 9",
 "sql": "SELECT min(Value) FROM DBdata WHERE ((AA = 'AAfm' AND BB = 'BBhz')) AND (CC IN ('CCms','CCbm','CCtv')) GROUP BY CC",
 "sqlResult": "{-96.62} || {-58.1} || {-44.59}",
 "nlq": "What is the minimum evolution of pollution for each CC, of CCtv, CCbm, or CCms in BBhz, AAfm?"},
{"name": "template 10",
 "sql": "SELECT CC,max(Value) FROM DBdata WHERE ((AA = 'AAnp' AND BB = 'BBfy')) AND (CC IN ('CCms','CCbm','CCtv')) GROUP BY CC",
 "sqlResult": "{CCtv | 89.1} || {CCbm | 79.39} || {CCms | 96.55}",
 "nlq": "What is the maximum evolution of pollution for each CC, of CCtv, CCbm, or CCms in BBfy, AAnp? Please, report the corresponding CC."},
{"name": "template 11",
 "sql": "SELECT CC,AA,BB,min(Value) FROM DBdata WHERE ((AA = 'AAnp' AND BB = 'BBmy') OR (AA = 'AAfm' AND BB = 'BBlr')) AND (CC IN ('CCms','CCbm','CCtv')) GROUP BY CC,AA,BB",
 "sqlResult": "{CCtv | AAnp | BBmy | 69.26} || {CCtv | AAfm | BBlr | -58.81} || {CCbm | AAnp | BBmy | -41.67} || {CCbm | AAfm | BBlr | -8.13} || {CCms | AAnp | BBmy | -69.5} || {CCms | AAfm | BBlr | -65.99}",
 "nlq": "What is the minimum evolution of pollution for each CC, AA, and BB, of CCtv, CCbm, or CCms in BBmy, AAnp or BBlr, AAfm? Please, report the corresponding CC, AA, and BB."},
{"name": "template 12",
 "sql": "SELECT Value FROM DBdata WHERE ((AA = 'AAfm' AND BB = 'BBlr')) AND (CC IN ('CCms','CCbm')) ORDER BY VALUE DESC LIMIT 5",
 "sqlResult": "{71.32} || {63.4} || {53.03} || {52.51} || {34.85}",
 "nlq": "What are the top 5 evolutions of pollution of CCbm or CCms in BBlr, AAfm?"},
{"name": "template 13",
 "sql": "SELECT Value FROM DBdata WHERE ((AA = 'AAfm' AND BB = 'BBlr')) AND (CC IN ('CCbm','CCtv')) ORDER BY VALUE ASC",
 "sqlResult": "{-58.81} || {-8.13} || {-3.77} || {34.85} || {52.51} || {68.84} || {71.32}",
 "nlq": "What are the evolutions ordered by increasing values of pollution of CCtv or CCbm in BBlr, AAfm?"},
{"name": "template 14",
 "sql": "SELECT CC,DD FROM DBdata WHERE ((AA = 'AAfm' AND BB = 'BBlr')) AND Value > 14.3",
 "sqlResult": "{CCms | DDmx} || {CCms | DDvw} || {CCbm | DDcm} || {CCbm | DDcn} || {CCbm | DDps} || {CCtv | DDfr}",
 "nlq": "What are the CC and DD for which the evolution in BBlr, AAfm is greater than 14.3?"},
{"name": "template 15",
 "sql": "SELECT CC,DD,Value FROM DBdata WHERE ((AA = 'AAfm' AND BB = 'BBhz')) AND (CC,DD) IN (SELECT CC,DD FROM DBdata WHERE ((AA = 'AAfm' AND BB = 'BBlr')) AND Value > 14.3)",
 "sqlResult": "{CCms | DDmx | 99.1} || {CCms | DDvw | -19.42} || {CCbm | DDcm | 96.5} || {CCbm | DDcn | 59.13} || {CCbm | DDps | -58.1} || {CCtv | DDfr | -96.62}",
 "nlq": "What is the evolution of pollution in BBhz, AAfm of CC and of DD for which the evolution in BBlr, AAfm is greater than 14.3? Please, report the corresponding CC, DD, and evolution of pollution."}]
}

