{
"filename": "Evolution_of_pollution_in_percent_set1_5_DB.csv",
"questions": [{"name": "template 1",
 "sql": "SELECT Value FROM DBdata WHERE ((AA = 'AApvx' AND BB = 'BBjmy')) AND ((CC = 'CCfqs' AND DD = 'DDdlm'))",
 "sqlResult": "{44.14}",
 "nlq": "What is the evolution of DDdlm pollution in BBjmy, AApvx?"},
{"name": "template 2",
 "sql": "SELECT Value FROM DBdata WHERE ((AA = 'AApvx' AND BB = 'BBkvz')) AND ((CC = 'CCfqs' AND DD = 'DDbrw') OR (CC = 'CCfqs' AND DD = 'DDfhv') OR (CC = 'CCfqs' AND DD = 'DDfjr') OR (CC = 'CCfqs' AND DD = 'DDdlm') OR (CC = 'CCpvz' AND DD = 'DDfgq') OR (CC = 'CCpvz' AND DD = 'DDqvy') OR (CC = 'CChjt' AND DD = 'DDgnx'))",
 "sqlResult": "{-72} || {83.83} || {-88.13} || {-11.34} || {65.39} || {93.19} || {-72.72}",
 "nlq": "What is the evolution of DDbrw, DDfhv, DDfgq, DDgnx, DDfjr, DDdlm, or DDqvy pollution in BBkvz, AApvx?"},
{"name": "template 3",
 "sql": "SELECT Value FROM DBdata WHERE ((AA = 'AArwz' AND BB = 'BBckm') OR (AA = 'AArwz' AND BB = 'BBmtz') OR (AA = 'AApvx' AND BB = 'BBjmy')) AND ((CC = 'CChjt' AND DD = 'DDdlw'))",
 "sqlResult": "{87.89} || {78.04} || {19.57}",
 "nlq": "What is the evolution of DDdlw pollution in BBjmy, AApvx or BBckm or BBmtz, AArwz?"},
{"name": "template 4",
 "sql": "SELECT avg(Value),max(Value) FROM DBdata WHERE ((AA = 'AArwz' AND BB = 'BBckm') OR (AA = 'AArwz' AND BB = 'BBmtz') OR (AA = 'AAnvy' AND BB = 'BBdkm') OR (AA = 'AAnvy' AND BB = 'BBght')) AND ((CC = 'CChjt' AND DD = 'DDdlw'))",
 "sqlResult": "{22.15 | 87.89}",
 "nlq": "What are the average and maximum evolutions of DDdlw pollution in BBckm or BBmtz, AArwz or BBdkm or BBght, AAnvy?"},
{"name": "template 6",
 "sql": "SELECT Value FROM DBdata WHERE ((AA = 'AAnvy' AND BB = 'BBght') OR (AA = 'AApvx' AND BB = 'BBjmy')) AND ((CC = 'CCfqs' AND DD = 'DDfjr') OR (CC = 'CCfqs' AND DD = 'DDdlm') OR (CC = 'CChjt' AND DD = 'DDgnx') OR (CC = 'CChjt' AND DD = 'DDdlw'))",
 "sqlResult": "{95.18} || {77.57} || {-44.97} || {44.14} || {26.56} || {-60.62} || {-54.86} || {19.57}",
 "nlq": "What is the evolution of DDgnx, DDfjr, DDdlm, or DDdlw pollution in BBjmy, AApvx or BBght, AAnvy?"},
{"name": "template 7",
 "sql": "SELECT max(Value),avg(Value) FROM DBdata WHERE ((AA = 'AApvx' AND BB = 'BBkvz')) AND ((CC = 'CCfqs' AND DD = 'DDfhv') OR (CC = 'CChjt' AND DD = 'DDpwz'))",
 "sqlResult": "{83.83 | 80.74}",
 "nlq": "What are the maximum and average evolutions of DDfhv or DDpwz pollution in BBkvz, AApvx?"},
{"name": "template 8",
 "sql": "SELECT AA,BB,sum(Value),avg(Value) FROM DBdata WHERE ((AA = 'AArwz' AND BB = 'BBckm') OR (AA = 'AAnvy' AND BB = 'BBdkm') OR (AA = 'AApvx' AND BB = 'BBkvz')) AND ((CC = 'CCfqs' AND DD = 'DDdlm') OR (CC = 'CChjt' AND DD = 'DDgnx')) GROUP BY AA,BB",
 "sqlResult": "{AArwz | BBckm | -74.74 | -37.37} || {AAnvy | BBdkm | -163.99 | -82} || {AApvx | BBkvz | -84.06 | -42.03}",
 "nlq": "What are the total and average evolutions for each AA and BB, of DDgnx or DDdlm pollution in BBckm, AArwz or BBkvz, AApvx or BBdkm, AAnvy? Please, report the corresponding AA and BB."},
{"name": "template 9",
 "sql": "SELECT min(Value) FROM DBdata WHERE ((AA = 'AApvx' AND BB = 'BBkvz')) AND (CC IN ('CCfqs','CCpvz','CChjt')) GROUP BY CC",
 "sqlResult": "{-97.1} || {58.72} || {-88.13}",
 "nlq": "What is the minimum evolution of pollution for each CC, of CChjt, CCpvz, or CCfqs in BBkvz, AApvx?"},
{"name": "template 10",
 "sql": "SELECT CC,avg(Value) FROM DBdata WHERE ((AA = 'AAnvy' AND BB = 'BBght')) AND (CC IN ('CCfqs','CCpvz','CChjt')) GROUP BY CC",
 "sqlResult": "{CChjt | 18.7} || {CCpvz | 30.88} || {CCfqs | 48.5}",
 "nlq": "What is the average evolution of pollution for each CC, of CChjt, CCpvz, or CCfqs in BBght, AAnvy? Please, report the corresponding CC."},
{"name": "template 11",
 "sql": "SELECT CC,AA,BB,avg(Value) FROM DBdata WHERE ((AA = 'AArwz' AND BB = 'BBckm') OR (AA = 'AArwz' AND BB = 'BBmtz')) AND (CC IN ('CCfqs','CCpvz','CChjt')) GROUP BY CC,AA,BB",
 "sqlResult": "{CChjt | AArwz | BBckm | 30.48} || {CChjt | AArwz | BBmtz | -24.5} || {CCpvz | AArwz | BBckm | 21.55} || {CCpvz | AArwz | BBmtz | 4.46} || {CCfqs | AArwz | BBckm | 1.92} || {CCfqs | AArwz | BBmtz | 17.26}",
 "nlq": "What is the average evolution of pollution for each CC, AA, and BB, of CChjt, CCpvz, or CCfqs in BBckm or BBmtz, AArwz? Please, report the corresponding CC, AA, and BB."},
{"name": "template 12",
 "sql": "SELECT Value FROM DBdata WHERE ((AA = 'AApvx' AND BB = 'BBjmy')) AND (CC IN ('CCfqs','CChjt')) ORDER BY VALUE ASC LIMIT 4",
 "sqlResult": "{-60.62} || {-52.96} || {-23.08} || {-12.52}",
 "nlq": "What are the bottom 4 evolutions of pollution of CChjt or CCfqs in BBjmy, AApvx?"},
{"name": "template 13",
 "sql": "SELECT Value FROM DBdata WHERE ((AA = 'AApvx' AND BB = 'BBkvz')) AND (CC IN ('CCfqs','CCpvz')) ORDER BY VALUE DESC",
 "sqlResult": "{93.19} || {83.83} || {65.39} || {64.75} || {58.72} || {-11.34} || {-72} || {-88.13}",
 "nlq": "What are the evolutions ordered by decreasing values of pollution of CCpvz or CCfqs in BBkvz, AApvx?"},
{"name": "template 14",
 "sql": "SELECT CC,DD FROM DBdata WHERE ((AA = 'AArwz' AND BB = 'BBmtz')) AND Value < 10.21",
 "sqlResult": "{CCfqs | DDbrw} || {CCfqs | DDdlm} || {CCpvz | DDfgq} || {CCpvz | DDcfq} || {CCpvz | DDqvy} || {CChjt | DDpwz} || {CChjt | DDgnx}",
 "nlq": "What are the CC and DD for which the evolution in BBmtz, AArwz is lower than 10.21?"},
{"name": "template 15",
 "sql": "SELECT CC,DD,Value FROM DBdata WHERE ((AA = 'AArwz' AND BB = 'BBckm')) AND (CC,DD) IN (SELECT CC,DD FROM DBdata WHERE ((AA = 'AArwz' AND BB = 'BBmtz')) AND Value < 10.21)",
 "sqlResult": "{CCfqs | DDbrw | -11.05} || {CCfqs | DDdlm | 19.03} || {CCpvz | DDfgq | -57.73} || {CCpvz | DDcfq | 67.09} || {CCpvz | DDqvy | 52.03} || {CChjt | DDpwz | 97.33} || {CChjt | DDgnx | -93.77}",
 "nlq": "What is the evolution of pollution in BBckm, AArwz of CC and of DD for which the evolution in BBmtz, AArwz is lower than 10.21? Please, report the corresponding CC, DD, and evolution of pollution."}]
}

