{
"filename": "Evolution_of_pollution_in_percent_set5_5_DB.csv",
"questions": [{"name": "template 1",
 "sql": "SELECT Value FROM DBdata WHERE ((AA = 'AArx' AND BB = 'BBmv')) AND ((CC = 'CCfv' AND DD = 'DDqx'))",
 "sqlResult": "{13.4}",
 "nlq": "What is the evolution of DDqx pollution in BBmv, AArx?"},
{"name": "template 2",
 "sql": "SELECT Value FROM DBdata WHERE ((AA = 'AArx' AND BB = 'BBtw')) AND ((CC = 'CCkw' AND DD = 'DDfm') OR (CC = 'CCkw' AND DD = 'DDgv') OR (CC = 'CCkw' AND DD = 'DDcg') OR (CC = 'CCkw' AND DD = 'DDdw') OR (CC = 'CCfv' AND DD = 'DDqx') OR (CC = 'CCfv' AND DD = 'DDpv'))",
 "sqlResult": "{-41.63} || {-25.21} || {39.09} || {45.88} || {-39.94} || {45.64}",
 "nlq": "What is the evolution of DDfm, DDgv, DDqx, DDcg, DDpv, or DDdw pollution in BBtw, AArx?"},
{"name": "template 3",
 "sql": "SELECT Value FROM DBdata WHERE ((AA = 'AArx' AND BB = 'BBtw') OR (AA = 'AArx' AND BB = 'BBmv') OR (AA = 'AArx' AND BB = 'BBbc') OR (AA = 'AAmx' AND BB = 'BBdh') OR (AA = 'AAmx' AND BB = 'BBbn')) AND ((CC = 'CCkw' AND DD = 'DDdw'))",
 "sqlResult": "{45.88} || {-19.22} || {-75.26} || {12.34} || {-42.83}",
 "nlq": "What is the evolution of DDdw pollution in BBtw, BBmv, or BBbc, AArx or BBdh or BBbn, AAmx?"},
{"name": "template 4",
 "sql": "SELECT avg(Value),max(Value) FROM DBdata WHERE ((AA = 'AArx' AND BB = 'BBtw') OR (AA = 'AArx' AND BB = 'BBmv') OR (AA = 'AAmx' AND BB = 'BBbn')) AND ((CC = 'CCfv' AND DD = 'DDpv'))",
 "sqlResult": "{-9.3 | 45.64}",
 "nlq": "What are the average and maximum evolutions of DDpv pollution in BBtw or BBmv, AArx or BBbn, AAmx?"},
{"name": "template 6",
 "sql": "SELECT Value FROM DBdata WHERE ((AA = 'AArx' AND BB = 'BBmv') OR (AA = 'AArx' AND BB = 'BBbc') OR (AA = 'AAmx' AND BB = 'BBdh')) AND ((CC = 'CCkw' AND DD = 'DDfm') OR (CC = 'CCkw' AND DD = 'DDgv') OR (CC = 'CCfv' AND DD = 'DDch') OR (CC = 'CCfv' AND DD = 'DDpv'))",
 "sqlResult": "{-9.82} || {-79.68} || {64.64} || {-85.47} || {41.6} || {-91.86} || {-49.6} || {-70.5} || {48.83} || {-81.48} || {18.59} || {-4.62}",
 "nlq": "What is the evolution of DDfm, DDgv, DDch, or DDpv pollution in BBdh, AAmx or BBmv or BBbc, AArx?"},
{"name": "template 7",
 "sql": "SELECT avg(Value),sum(Value) FROM DBdata WHERE ((AA = 'AArx' AND BB = 'BBmv')) AND ((CC = 'CCkw' AND DD = 'DDfm') OR (CC = 'CCkw' AND DD = 'DDcg'))",
 "sqlResult": "{-39.28 | -78.56}",
 "nlq": "What are the average and total evolutions of DDfm or DDcg pollution in BBmv, AArx?"},
{"name": "template 8",
 "sql": "SELECT AA,BB,max(Value),min(Value) FROM DBdata WHERE ((AA = 'AArx' AND BB = 'BBtw') OR (AA = 'AArx' AND BB = 'BBmv') OR (AA = 'AArx' AND BB = 'BBbc') OR (AA = 'AAmx' AND BB = 'BBdh') OR (AA = 'AAmx' AND BB = 'BBbn')) AND ((CC = 'CCfv' AND DD = 'DDch') OR (CC = 'CCfv' AND DD = 'DDpv')) GROUP BY AA,BB",
 "sqlResult": "{AArx | BBtw | 45.64 | 17.77} || {AArx | BBmv | -49.6 | -81.48} || {AArx | BBbc | 18.59 | -70.5} || {AAmx | BBdh | 48.83 | -4.62} || {AAmx | BBbn | 7.94 | -69.16}",
 "nlq": "What are the maximum and minimum evolutions for each AA and BB, of DDch or DDpv pollution in BBtw, BBmv, or BBbc, AArx or BBdh or BBbn, AAmx? Please, report the corresponding AA and BB."},
{"name": "template 9",
 "sql": "SELECT min(Value) FROM DBdata WHERE ((AA = 'AArx' AND BB = 'BBmv')) AND (CC IN ('CCkw','CCfv')) GROUP BY CC",
 "sqlResult": "{-81.48} || {-85.47}",
 "nlq": "What is the minimum evolution of pollution for each CC, of CCfv or CCkw in BBmv, AArx?"},
{"name": "template 10",
 "sql": "SELECT CC,max(Value) FROM DBdata WHERE ((AA = 'AAmx' AND BB = 'BBdh')) AND (CC IN ('CCkw','CCfv')) GROUP BY CC",
 "sqlResult": "{CCfv | 48.83} || {CCkw | 64.64}",
 "nlq": "What is the maximum evolution of pollution for each CC, of CCfv or CCkw in BBdh, AAmx? Please, report the corresponding CC."},
{"name": "template 11",
 "sql": "SELECT CC,AA,BB,sum(Value) FROM DBdata WHERE ((AA = 'AArx' AND BB = 'BBtw') OR (AA = 'AAmx' AND BB = 'BBbn')) AND (CC IN ('CCkw','CCfv')) GROUP BY CC,AA,BB",
 "sqlResult": "{CCfv | AArx | BBtw | 23.47} || {CCfv | AAmx | BBbn | -113.62} || {CCkw | AArx | BBtw | 18.13} || {CCkw | AAmx | BBbn | 128.39}",
 "nlq": "What is the total evolution of pollution for each CC, AA, and BB, of CCfv or CCkw in BBtw, AArx or BBbn, AAmx? Please, report the corresponding CC, AA, and BB."},
{"name": "template 12",
 "sql": "SELECT Value FROM DBdata WHERE ((AA = 'AArx' AND BB = 'BBbc')) AND (CC IN ('CCkw','CCfv')) ORDER BY VALUE ASC LIMIT 5",
 "sqlResult": "{-79.68} || {-75.26} || {-70.5} || {-30.15} || {18.59}",
 "nlq": "What are the bottom 5 evolutions of pollution of CCfv or CCkw in BBbc, AArx?"},
{"name": "template 13",
 "sql": "SELECT Value FROM DBdata WHERE ((AA = 'AAmx' AND BB = 'BBbn')) AND (CC IN ('CCkw','CCfv')) ORDER BY VALUE ASC",
 "sqlResult": "{-69.16} || {-52.4} || {-42.83} || {6.59} || {7.94} || {66.42} || {98.21}",
 "nlq": "What are the evolutions ordered by increasing values of pollution of CCfv or CCkw in BBbn, AAmx?"},
{"name": "template 14",
 "sql": "SELECT CC,DD FROM DBdata WHERE ((AA = 'AArx' AND BB = 'BBtw')) AND Value < -9.52",
 "sqlResult": "{CCkw | DDfm} || {CCkw | DDgv} || {CCfv | DDqx}",
 "nlq": "What are the CC and DD for which the evolution in BBtw, AArx is lower than -9.52?"},
{"name": "template 15",
 "sql": "SELECT CC,DD,Value FROM DBdata WHERE ((AA = 'AArx' AND BB = 'BBmv')) AND (CC,DD) IN (SELECT CC,DD FROM DBdata WHERE ((AA = 'AArx' AND BB = 'BBtw')) AND Value < -9.52)",
 "sqlResult": "{CCkw | DDfm | -9.82} || {CCkw | DDgv | -85.47} || {CCfv | DDqx | 13.4}",
 "nlq": "What is the evolution of pollution in BBmv, AArx of CC and of DD for which the evolution in BBtw, AArx is lower than -9.52? Please, report the corresponding CC, DD, and evolution of pollution."}]
}

