{
"filename": "Evolution_of_pollution_in_percent_set7_2_DB.csv",
"questions": [{"name": "template 1",
 "sql": "SELECT Value FROM DBdata WHERE ((AA = 'AAdh' AND BB = 'BBqr')) AND ((CC = 'CCjv' AND DD = 'DDjy'))",
 "sqlResult": "{-16.11}",
 "nlq": "What is the evolution of DDjy pollution in BBqr, AAdh?"},
{"name": "template 2",
 "sql": "SELECT Value FROM DBdata WHERE ((AA = 'AAdh' AND BB = 'BBlw')) AND ((CC = 'CCjv' AND DD = 'DDcz') OR (CC = 'CCjv' AND DD = 'DDbd') OR (CC = 'CCjv' AND DD = 'DDjy') OR (CC = 'CCjv' AND DD = 'DDbl') OR (CC = 'CCnt' AND DD = 'DDgr') OR (CC = 'CCnt' AND DD = 'DDcf') OR (CC = 'CCnt' AND DD = 'DDns') OR (CC = 'CCnt' AND DD = 'DDhq') OR (CC = 'CCdq' AND DD = 'DDqx') OR (CC = 'CCdq' AND DD = 'DDbh'))",
 "sqlResult": "{81.52} || {97.26} || {62.22} || {82.17} || {3.97} || {-22.89} || {-46.76} || {-21.15} || {40.3} || {-11.64}",
 "nlq": "What is the evolution of DDcz, DDbd, DDgr, DDcf, DDqx, DDjy, DDns, DDbl, DDbh, or DDhq pollution in BBlw, AAdh?"},
{"name": "template 3",
 "sql": "SELECT Value FROM DBdata WHERE ((AA = 'AAdh' AND BB = 'BBlw') OR (AA = 'AAdh' AND BB = 'BBqr') OR (AA = 'AAmz' AND BB = 'BBgs')) AND ((CC = 'CCdq' AND DD = 'DDqx'))",
 "sqlResult": "{40.3} || {-70.33} || {92.67}",
 "nlq": "What is the evolution of DDqx pollution in BBlw or BBqr, AAdh or BBgs, AAmz?"},
{"name": "template 4",
 "sql": "SELECT avg(Value),min(Value) FROM DBdata WHERE ((AA = 'AAdh' AND BB = 'BBlw') OR (AA = 'AAmz' AND BB = 'BBgs') OR (AA = 'AAmz' AND BB = 'BBkt')) AND ((CC = 'CCnt' AND DD = 'DDgr'))",
 "sqlResult": "{35.81 | 3.97}",
 "nlq": "What are the average and minimum evolutions of DDgr pollution in BBlw, AAdh or BBgs or BBkt, AAmz?"},
{"name": "template 6",
 "sql": "SELECT Value FROM DBdata WHERE ((AA = 'AAdh' AND BB = 'BBqr') OR (AA = 'AAmz' AND BB = 'BBkt')) AND ((CC = 'CCjv' AND DD = 'DDcz') OR (CC = 'CCjv' AND DD = 'DDjy') OR (CC = 'CCdq' AND DD = 'DDqx') OR (CC = 'CCdq' AND DD = 'DDbh'))",
 "sqlResult": "{51.87} || {-7.97} || {-16.11} || {-7.5} || {-70.33} || {-72.2} || {59.89} || {-30.2}",
 "nlq": "What is the evolution of DDcz, DDqx, DDjy, or DDbh pollution in BBkt, AAmz or BBqr, AAdh?"},
{"name": "template 7",
 "sql": "SELECT min(Value),avg(Value) FROM DBdata WHERE ((AA = 'AAmz' AND BB = 'BBkt')) AND ((CC = 'CCjv' AND DD = 'DDbl') OR (CC = 'CCnt' AND DD = 'DDcf') OR (CC = 'CCnt' AND DD = 'DDhq') OR (CC = 'CCdq' AND DD = 'DDqx'))",
 "sqlResult": "{-87.44 | -31.2}",
 "nlq": "What are the minimum and average evolutions of DDcf, DDqx, DDbl, or DDhq pollution in BBkt, AAmz?"},
{"name": "template 8",
 "sql": "SELECT AA,BB,avg(Value),sum(Value) FROM DBdata WHERE ((AA = 'AAdh' AND BB = 'BBqr') OR (AA = 'AAmz' AND BB = 'BBgs') OR (AA = 'AAmz' AND BB = 'BBkt')) AND ((CC = 'CCjv' AND DD = 'DDcz') OR (CC = 'CCjv' AND DD = 'DDbd')) GROUP BY AA,BB",
 "sqlResult": "{AAdh | BBqr | 37.1 | 74.21} || {AAmz | BBgs | 44.84 | 89.68} || {AAmz | BBkt | 28.48 | 56.95}",
 "nlq": "What are the average and total evolutions for each AA and BB, of DDcz or DDbd pollution in BBgs or BBkt, AAmz or BBqr, AAdh? Please, report the corresponding AA and BB."},
{"name": "template 9",
 "sql": "SELECT min(Value) FROM DBdata WHERE ((AA = 'AAdh' AND BB = 'BBlw')) AND (CC IN ('CCjv','CCnt','CCdq')) GROUP BY CC",
 "sqlResult": "{-11.64} || {-46.76} || {62.22}",
 "nlq": "What is the minimum evolution of pollution for each CC, of CCdq, CCnt, or CCjv in BBlw, AAdh?"},
{"name": "template 10",
 "sql": "SELECT CC,min(Value) FROM DBdata WHERE ((AA = 'AAdh' AND BB = 'BBqr')) AND (CC IN ('CCjv','CCnt','CCdq')) GROUP BY CC",
 "sqlResult": "{CCdq | -70.33} || {CCnt | 7.98} || {CCjv | -16.11}",
 "nlq": "What is the minimum evolution of pollution for each CC, of CCdq, CCnt, or CCjv in BBqr, AAdh? Please, report the corresponding CC."},
{"name": "template 11",
 "sql": "SELECT CC,AA,BB,avg(Value) FROM DBdata WHERE ((AA = 'AAdh' AND BB = 'BBqr') OR (AA = 'AAmz' AND BB = 'BBgs')) AND (CC IN ('CCjv','CCnt','CCdq')) GROUP BY CC,AA,BB",
 "sqlResult": "{CCdq | AAdh | BBqr | -5.22} || {CCdq | AAmz | BBgs | 71.22} || {CCnt | AAdh | BBqr | 43.47} || {CCnt | AAmz | BBgs | 40.84} || {CCjv | AAdh | BBqr | 27.94} || {CCjv | AAmz | BBgs | 5.21}",
 "nlq": "What is the average evolution of pollution for each CC, AA, and BB, of CCdq, CCnt, or CCjv in BBgs, AAmz or BBqr, AAdh? Please, report the corresponding CC, AA, and BB."},
{"name": "template 12",
 "sql": "SELECT Value FROM DBdata WHERE ((AA = 'AAmz' AND BB = 'BBgs')) AND (CC IN ('CCjv','CCnt')) ORDER BY VALUE DESC LIMIT 5",
 "sqlResult": "{65.7} || {65.24} || {54.09} || {36.54} || {24.44}",
 "nlq": "What are the top 5 evolutions of pollution of CCnt or CCjv in BBgs, AAmz?"},
{"name": "template 13",
 "sql": "SELECT Value FROM DBdata WHERE ((AA = 'AAmz' AND BB = 'BBgs')) AND (CC IN ('CCnt','CCdq')) ORDER BY VALUE DESC",
 "sqlResult": "{92.67} || {65.7} || {54.09} || {49.76} || {36.54} || {7.05}",
 "nlq": "What are the evolutions ordered by decreasing values of pollution of CCdq or CCnt in BBgs, AAmz?"},
{"name": "template 14",
 "sql": "SELECT CC,DD FROM DBdata WHERE ((AA = 'AAdh' AND BB = 'BBqr')) AND Value > 21.85",
 "sqlResult": "{CCjv | DDcz} || {CCjv | DDbd} || {CCjv | DDbl} || {CCnt | DDgr} || {CCnt | DDns} || {CCnt | DDhq} || {CCdq | DDbh}",
 "nlq": "What are the CC and DD for which the evolution in BBqr, AAdh is greater than 21.85?"},
{"name": "template 15",
 "sql": "SELECT CC,DD,Value FROM DBdata WHERE ((AA = 'AAmz' AND BB = 'BBgs')) AND (CC,DD) IN (SELECT CC,DD FROM DBdata WHERE ((AA = 'AAdh' AND BB = 'BBqr')) AND Value > 21.85)",
 "sqlResult": "{CCjv | DDcz | 24.44} || {CCjv | DDbd | 65.24} || {CCjv | DDbl | -72.25} || {CCnt | DDgr | 7.05} || {CCnt | DDns | 54.09} || {CCnt | DDhq | 65.7} || {CCdq | DDbh | 49.76}",
 "nlq": "What is the evolution of pollution in BBgs, AAmz of CC and of DD for which the evolution in BBqr, AAdh is greater than 21.85? Please, report the corresponding CC, DD, and evolution of pollution."}]
}

