{
"filename": "Evolution_of_pollution_in_percent_set8_1_DB.csv",
"questions": [{"name": "template 1",
 "sql": "SELECT Value FROM DBdata WHERE ((AA = 'AAqr' AND BB = 'BBnr')) AND ((CC = 'CCkw' AND DD = 'DDqx'))",
 "sqlResult": "{2.13}",
 "nlq": "What is the evolution of DDqx pollution in BBnr, AAqr?"},
{"name": "template 2",
 "sql": "SELECT Value FROM DBdata WHERE ((AA = 'AAky' AND BB = 'BBfg')) AND ((CC = 'CCkw' AND DD = 'DDqx') OR (CC = 'CCfh' AND DD = 'DDft') OR (CC = 'CCfh' AND DD = 'DDcg') OR (CC = 'CCcn' AND DD = 'DDbm') OR (CC = 'CCcn' AND DD = 'DDfr'))",
 "sqlResult": "{15.56} || {81.66} || {71.01} || {-50.99} || {-94.77}",
 "nlq": "What is the evolution of DDqx, DDft, DDbm, DDcg, or DDfr pollution in BBfg, AAky?"},
{"name": "template 3",
 "sql": "SELECT Value FROM DBdata WHERE ((AA = 'AAqr' AND BB = 'BBnr') OR (AA = 'AAky' AND BB = 'BBfg')) AND ((CC = 'CCfh' AND DD = 'DDcg'))",
 "sqlResult": "{-60.24} || {71.01}",
 "nlq": "What is the evolution of DDcg pollution in BBfg, AAky or BBnr, AAqr?"},
{"name": "template 4",
 "sql": "SELECT avg(Value),min(Value) FROM DBdata WHERE ((AA = 'AAqr' AND BB = 'BBnr') OR (AA = 'AAqr' AND BB = 'BBjz') OR (AA = 'AAky' AND BB = 'BBbt')) AND ((CC = 'CCkw' AND DD = 'DDdx'))",
 "sqlResult": "{8.57 | -66.17}",
 "nlq": "What are the average and minimum evolutions of DDdx pollution in BBbt, AAky or BBnr or BBjz, AAqr?"},
{"name": "template 6",
 "sql": "SELECT Value FROM DBdata WHERE ((AA = 'AAqr' AND BB = 'BBwz') OR (AA = 'AAqr' AND BB = 'BBnr') OR (AA = 'AAqr' AND BB = 'BBjz') OR (AA = 'AAky' AND BB = 'BBfg')) AND ((CC = 'CCkw' AND DD = 'DDqx') OR (CC = 'CCkw' AND DD = 'DDcl') OR (CC = 'CCfh' AND DD = 'DDcg') OR (CC = 'CCcn' AND DD = 'DDbm'))",
 "sqlResult": "{97.71} || {2.13} || {63.22} || {15.56} || {-15.83} || {25.07} || {-67.54} || {35.33} || {87.26} || {-60.24} || {-34.06} || {71.01} || {-38.98} || {1.4} || {-38.99} || {-50.99}",
 "nlq": "What is the evolution of DDqx, DDbm, DDcl, or DDcg pollution in BBwz, BBnr, or BBjz, AAqr or BBfg, AAky?"},
{"name": "template 7",
 "sql": "SELECT max(Value),avg(Value) FROM DBdata WHERE ((AA = 'AAky' AND BB = 'BBfg')) AND ((CC = 'CCkw' AND DD = 'DDqx') OR (CC = 'CCfh' AND DD = 'DDcg'))",
 "sqlResult": "{71.01 | 43.29}",
 "nlq": "What are the maximum and average evolutions of DDqx or DDcg pollution in BBfg, AAky?"},
{"name": "template 8",
 "sql": "SELECT AA,BB,max(Value),min(Value) FROM DBdata WHERE ((AA = 'AAqr' AND BB = 'BBwz') OR (AA = 'AAqr' AND BB = 'BBnr')) AND ((CC = 'CCkw' AND DD = 'DDbg') OR (CC = 'CCcn' AND DD = 'DDbm')) GROUP BY AA,BB",
 "sqlResult": "{AAqr | BBwz | 47.3 | -38.98} || {AAqr | BBnr | 1.4 | -83.22}",
 "nlq": "What are the maximum and minimum evolutions for each AA and BB, of DDbm or DDbg pollution in BBwz or BBnr, AAqr? Please, report the corresponding AA and BB."},
{"name": "template 9",
 "sql": "SELECT min(Value) FROM DBdata WHERE ((AA = 'AAqr' AND BB = 'BBjz')) AND (CC IN ('CCkw','CCfh','CCcn')) GROUP BY CC",
 "sqlResult": "{-77.94} || {-34.06} || {-67.54}",
 "nlq": "What is the minimum evolution of pollution for each CC, of CCcn, CCfh, or CCkw in BBjz, AAqr?"},
{"name": "template 10",
 "sql": "SELECT CC,avg(Value) FROM DBdata WHERE ((AA = 'AAqr' AND BB = 'BBwz')) AND (CC IN ('CCkw','CCfh','CCcn')) GROUP BY CC",
 "sqlResult": "{CCcn | -39.94} || {CCfh | 21.43} || {CCkw | 46.59}",
 "nlq": "What is the average evolution of pollution for each CC, of CCcn, CCfh, or CCkw in BBwz, AAqr? Please, report the corresponding CC."},
{"name": "template 11",
 "sql": "SELECT CC,AA,BB,avg(Value) FROM DBdata WHERE ((AA = 'AAqr' AND BB = 'BBwz') OR (AA = 'AAky' AND BB = 'BBfg')) AND (CC IN ('CCkw','CCfh','CCcn')) GROUP BY CC,AA,BB",
 "sqlResult": "{CCcn | AAqr | BBwz | -39.94} || {CCcn | AAky | BBfg | -72.88} || {CCfh | AAqr | BBwz | 21.43} || {CCfh | AAky | BBfg | 76.34} || {CCkw | AAqr | BBwz | 46.59} || {CCkw | AAky | BBfg | -6.16}",
 "nlq": "What is the average evolution of pollution for each CC, AA, and BB, of CCcn, CCfh, or CCkw in BBwz, AAqr or BBfg, AAky? Please, report the corresponding CC, AA, and BB."},
{"name": "template 12",
 "sql": "SELECT Value FROM DBdata WHERE ((AA = 'AAky' AND BB = 'BBbt')) AND (CC IN ('CCkw','CCfh')) ORDER BY VALUE DESC LIMIT 4",
 "sqlResult": "{92.53} || {84.97} || {84.67} || {48.66}",
 "nlq": "What are the top 4 evolutions of pollution of CCfh or CCkw in BBbt, AAky?"},
{"name": "template 13",
 "sql": "SELECT Value FROM DBdata WHERE ((AA = 'AAqr' AND BB = 'BBjz')) AND (CC IN ('CCfh','CCcn')) ORDER BY VALUE DESC",
 "sqlResult": "{5.65} || {-34.06} || {-38.99} || {-77.94}",
 "nlq": "What are the evolutions ordered by decreasing values of pollution of CCcn or CCfh in BBjz, AAqr?"},
{"name": "template 14",
 "sql": "SELECT CC,DD FROM DBdata WHERE ((AA = 'AAky' AND BB = 'BBfg')) AND Value < 4.19",
 "sqlResult": "{CCkw | DDdx} || {CCkw | DDbg} || {CCcn | DDbm} || {CCcn | DDfr}",
 "nlq": "What are the CC and DD for which the evolution in BBfg, AAky is lower than 4.19?"},
{"name": "template 15",
 "sql": "SELECT CC,DD,Value FROM DBdata WHERE ((AA = 'AAqr' AND BB = 'BBwz')) AND (CC,DD) IN (SELECT CC,DD FROM DBdata WHERE ((AA = 'AAky' AND BB = 'BBfg')) AND Value < 4.19)",
 "sqlResult": "{CCkw | DDdx | 57.2} || {CCkw | DDbg | 47.3} || {CCcn | DDbm | -38.98} || {CCcn | DDfr | -40.89}",
 "nlq": "What is the evolution of pollution in BBwz, AAqr of CC and of DD for which the evolution in BBfg, AAky is lower than 4.19? Please, report the corresponding CC, DD, and evolution of pollution."}]
}

