{
"filename": "Evolution_of_pollution_in_percent_set2_4_DB.csv",
"questions": [{"name": "template 1",
 "sql": "SELECT Value FROM DBdata WHERE ((AA = 'AAsx' AND BB = 'BBln')) AND ((CC = 'CCgt' AND DD = 'DDrt'))",
 "sqlResult": "{-77.41}",
 "nlq": "What is the evolution of DDrt pollution in BBln, AAsx?"},
{"name": "template 2",
 "sql": "SELECT Value FROM DBdata WHERE ((AA = 'AAsx' AND BB = 'BBln')) AND ((CC = 'CCgt' AND DD = 'DDlq') OR (CC = 'CCgt' AND DD = 'DDfv') OR (CC = 'CCgt' AND DD = 'DDdt') OR (CC = 'CCgt' AND DD = 'DDrt') OR (CC = 'CCgt' AND DD = 'DDcx') OR (CC = 'CChq' AND DD = 'DDpz') OR (CC = 'CChq' AND DD = 'DDbw') OR (CC = 'CChq' AND DD = 'DDhk'))",
 "sqlResult": "{-52.02} || {-71.3} || {86.58} || {-77.41} || {32.35} || {79.86} || {51} || {82.58}",
 "nlq": "What is the evolution of DDfv, DDdt, DDlq, DDbw, DDpz, DDrt, DDhk, or DDcx pollution in BBln, AAsx?"},
{"name": "template 3",
 "sql": "SELECT Value FROM DBdata WHERE ((AA = 'AAsx' AND BB = 'BBln') OR (AA = 'AAsx' AND BB = 'BBxz') OR (AA = 'AAmz' AND BB = 'BBdg') OR (AA = 'AAmz' AND BB = 'BBgv')) AND ((CC = 'CCgt' AND DD = 'DDlq'))",
 "sqlResult": "{-52.02} || {88.39} || {-20.98} || {17.61}",
 "nlq": "What is the evolution of DDlq pollution in BBln or BBxz, AAsx or BBdg or BBgv, AAmz?"},
{"name": "template 4",
 "sql": "SELECT max(Value),sum(Value) FROM DBdata WHERE ((AA = 'AAsx' AND BB = 'BBgw') OR (AA = 'AAsx' AND BB = 'BBxz') OR (AA = 'AAmz' AND BB = 'BBqt')) AND ((CC = 'CCgt' AND DD = 'DDdt'))",
 "sqlResult": "{99.27 | 139.31}",
 "nlq": "What are the maximum and total evolutions of DDdt pollution in BBgw or BBxz, AAsx or BBqt, AAmz?"},
{"name": "template 6",
 "sql": "SELECT Value FROM DBdata WHERE ((AA = 'AAsx' AND BB = 'BBgw') OR (AA = 'AAsx' AND BB = 'BBln') OR (AA = 'AAmz' AND BB = 'BBqt') OR (AA = 'AAmz' AND BB = 'BBdg') OR (AA = 'AAmz' AND BB = 'BBgv')) AND ((CC = 'CCgt' AND DD = 'DDlq') OR (CC = 'CCgt' AND DD = 'DDrt'))",
 "sqlResult": "{28.83} || {-52.02} || {-99.11} || {-20.98} || {17.61} || {64.58} || {-77.41} || {93.5} || {69.73} || {-28.33}",
 "nlq": "What is the evolution of DDlq or DDrt pollution in BBgw or BBln, AAsx or BBqt, BBdg, or BBgv, AAmz?"},
{"name": "template 7",
 "sql": "SELECT max(Value),sum(Value) FROM DBdata WHERE ((AA = 'AAsx' AND BB = 'BBgw')) AND ((CC = 'CCgt' AND DD = 'DDlq') OR (CC = 'CCgt' AND DD = 'DDfv') OR (CC = 'CCgt' AND DD = 'DDdt') OR (CC = 'CChq' AND DD = 'DDbw'))",
 "sqlResult": "{92.11 | 190.42}",
 "nlq": "What are the maximum and total evolutions of DDfv, DDdt, DDlq, or DDbw pollution in BBgw, AAsx?"},
{"name": "template 8",
 "sql": "SELECT AA,BB,avg(Value),sum(Value) FROM DBdata WHERE ((AA = 'AAsx' AND BB = 'BBln') OR (AA = 'AAmz' AND BB = 'BBgv')) AND ((CC = 'CCgt' AND DD = 'DDfv') OR (CC = 'CCgt' AND DD = 'DDdt') OR (CC = 'CChq' AND DD = 'DDhk')) GROUP BY AA,BB",
 "sqlResult": "{AAsx | BBln | 32.62 | 97.86} || {AAmz | BBgv | 59.27 | 177.8}",
 "nlq": "What are the average and total evolutions for each AA and BB, of DDfv, DDdt, or DDhk pollution in BBln, AAsx or BBgv, AAmz? Please, report the corresponding AA and BB."},
{"name": "template 9",
 "sql": "SELECT min(Value) FROM DBdata WHERE ((AA = 'AAmz' AND BB = 'BBqt')) AND (CC IN ('CCgt','CChq')) GROUP BY CC",
 "sqlResult": "{-51.19} || {-99.11}",
 "nlq": "What is the minimum evolution of pollution for each CC, of CChq or CCgt in BBqt, AAmz?"},
{"name": "template 10",
 "sql": "SELECT CC,min(Value) FROM DBdata WHERE ((AA = 'AAmz' AND BB = 'BBdg')) AND (CC IN ('CCgt','CChq')) GROUP BY CC",
 "sqlResult": "{CChq | -1.45} || {CCgt | -59.88}",
 "nlq": "What is the minimum evolution of pollution for each CC, of CChq or CCgt in BBdg, AAmz? Please, report the corresponding CC."},
{"name": "template 11",
 "sql": "SELECT CC,AA,BB,min(Value) FROM DBdata WHERE ((AA = 'AAsx' AND BB = 'BBln') OR (AA = 'AAmz' AND BB = 'BBgv')) AND (CC IN ('CCgt','CChq')) GROUP BY CC,AA,BB",
 "sqlResult": "{CChq | AAsx | BBln | 51} || {CChq | AAmz | BBgv | 7.26} || {CCgt | AAsx | BBln | -77.41} || {CCgt | AAmz | BBgv | -36.09}",
 "nlq": "What is the minimum evolution of pollution for each CC, AA, and BB, of CChq or CCgt in BBln, AAsx or BBgv, AAmz? Please, report the corresponding CC, AA, and BB."},
{"name": "template 12",
 "sql": "SELECT Value FROM DBdata WHERE ((AA = 'AAsx' AND BB = 'BBln')) AND (CC IN ('CCgt','CChq')) ORDER BY VALUE ASC LIMIT 4",
 "sqlResult": "{-77.41} || {-71.3} || {-52.02} || {32.35}",
 "nlq": "What are the bottom 4 evolutions of pollution of CChq or CCgt in BBln, AAsx?"},
{"name": "template 13",
 "sql": "SELECT Value FROM DBdata WHERE ((AA = 'AAsx' AND BB = 'BBgw')) AND (CC IN ('CCgt','CChq')) ORDER BY VALUE ASC",
 "sqlResult": "{-64.23} || {-21.04} || {-6.17} || {28.83} || {62.54} || {64.58} || {75.65} || {92.11}",
 "nlq": "What are the evolutions ordered by increasing values of pollution of CChq or CCgt in BBgw, AAsx?"},
{"name": "template 14",
 "sql": "SELECT CC,DD FROM DBdata WHERE ((AA = 'AAmz' AND BB = 'BBqt')) AND Value < 16.85",
 "sqlResult": "{CCgt | DDlq} || {CCgt | DDfv} || {CChq | DDpz} || {CChq | DDbw} || {CChq | DDhk}",
 "nlq": "What are the CC and DD for which the evolution in BBqt, AAmz is lower than 16.85?"},
{"name": "template 15",
 "sql": "SELECT CC,DD,Value FROM DBdata WHERE ((AA = 'AAsx' AND BB = 'BBxz')) AND (CC,DD) IN (SELECT CC,DD FROM DBdata WHERE ((AA = 'AAmz' AND BB = 'BBqt')) AND Value < 16.85)",
 "sqlResult": "{CCgt | DDlq | 88.39} || {CCgt | DDfv | -95.83} || {CChq | DDpz | 80.13} || {CChq | DDbw | 94.57} || {CChq | DDhk | -59.82}",
 "nlq": "What is the evolution of pollution in BBxz, AAsx of CC and of DD for which the evolution in BBqt, AAmz is lower than 16.85? Please, report the corresponding CC, DD, and evolution of pollution."}]
}

