AA,BB,CC,DD,Value
AA,BB,CC,DD,Value
AAhm,BBkv,CCst,DDhv,-14.88
AAhm,BBjr,CCst,DDhv,28.41
AAxz,BBjs,CCst,DDhv,-1.27
AAxz,BBbv,CCst,DDhv,-17.64
AAfp,BBcm,CCst,DDhv,-79.29
AAfp,BBgx,CCst,DDhv,-96.76
AAhm,BBkv,CCst,DDkq,-34.19
AAhm,BBjr,CCst,DDkq,5.83
AAxz,BBjs,CCst,DDkq,30.69
AAxz,BBbv,CCst,DDkq,-11.31
AAfp,BBcm,CCst,DDkq,66.87
AAfp,BBgx,CCst,DDkq,36.07
AAhm,BBkv,CCnp,DDmp,72.78
AAhm,BBjr,CCnp,DDmp,-44.63
AAxz,BBjs,CCnp,DDmp,-34.46
AAxz,BBbv,CCnp,DDmp,27.56
AAfp,BBcm,CCnp,DDmp,0.57
AAfp,BBgx,CCnp,DDmp,-20.37
AAhm,BBkv,CCnp,DDln,19.55
AAhm,BBjr,CCnp,DDln,-57
AAxz,BBjs,CCnp,DDln,-55.61
AAxz,BBbv,CCnp,DDln,-20.17
AAfp,BBcm,CCnp,DDln,-17.5
AAfp,BBgx,CCnp,DDln,-97.24
AAhm,BBkv,CCnp,DDkx,0.98
AAhm,BBjr,CCnp,DDkx,-68.47
AAxz,BBjs,CCnp,DDkx,-3.97
AAxz,BBbv,CCnp,DDkx,-37.56
AAfp,BBcm,CCnp,DDkx,-88.43
AAfp,BBgx,CCnp,DDkx,-27.24
AAhm,BBkv,CCgk,DDgn,63.14
AAhm,BBjr,CCgk,DDgn,-59.52
AAxz,BBjs,CCgk,DDgn,-29.93
AAxz,BBbv,CCgk,DDgn,-59.26
AAfp,BBcm,CCgk,DDgn,-48.8
AAfp,BBgx,CCgk,DDgn,62.53
AAhm,BBkv,CCgk,DDnw,-3.65
AAhm,BBjr,CCgk,DDnw,-3.4
AAxz,BBjs,CCgk,DDnw,-87.6
AAxz,BBbv,CCgk,DDnw,-33.88
AAfp,BBcm,CCgk,DDnw,-50.51
AAfp,BBgx,CCgk,DDnw,-74.98

