AA,BB,CC,DD,Value
AA,BB,CC,DD,Value
AAtv,BBcx,CChj,DDln,94.8
AAtv,BBjv,CChj,DDln,-84.77
AAtv,BBjr,CChj,DDln,-13.87
AAyz,Boulder BB,CChj,DDln,8.91
AAyz,BBjm,CChj,DDln,-61.35
AAyz,BBgn,CChj,DDln,17.18
AAtv,BBcx,CChj,DDvz,58.76
AAtv,BBjv,CChj,DDvz,27.27
AAtv,BBjr,CChj,DDvz,-14.5
AAyz,Boulder BB,CChj,DDvz,-49.88
AAyz,BBjm,CChj,DDvz,-41.13
AAyz,BBgn,CChj,DDvz,93.53
AAtv,BBcx,CCmz,DDvy,62.42
AAtv,BBjv,CCmz,DDvy,74.05
AAtv,BBjr,CCmz,DDvy,43.53
AAyz,Boulder BB,CCmz,DDvy,8.63
AAyz,BBjm,CCmz,DDvy,-5.04
AAyz,BBgn,CCmz,DDvy,29.75
AAtv,BBcx,CCmz,DDdt,-16.72
AAtv,BBjv,CCmz,DDdt,36.36
AAtv,BBjr,CCmz,DDdt,57.77
AAyz,Boulder BB,CCmz,DDdt,-33.59
AAyz,BBjm,CCmz,DDdt,59.92
AAyz,BBgn,CCmz,DDdt,78.44
AAtv,BBcx,CCmz,DDrw,-41.27
AAtv,BBjv,CCmz,DDrw,70.82
AAtv,BBjr,CCmz,DDrw,87.34
AAyz,Boulder BB,CCmz,DDrw,64.06
AAyz,BBjm,CCmz,DDrw,-32.87
AAyz,BBgn,CCmz,DDrw,52.95
AAtv,BBcx,CCnr,DDjx,76.91
AAtv,BBjv,CCnr,DDjx,-24.66
AAtv,BBjr,CCnr,DDjx,-86.8
AAyz,Boulder BB,CCnr,DDjx,-54.44
AAyz,BBjm,CCnr,DDjx,85.86
AAyz,BBgn,CCnr,DDjx,90.27
AAtv,BBcx,CCnr,DDrv,-90.37
AAtv,BBjv,CCnr,DDrv,69.7
AAtv,BBjr,CCnr,DDrv,73.4
AAyz,Boulder BB,CCnr,DDrv,-8.47
AAyz,BBjm,CCnr,DDrv,55.25
AAyz,BBgn,CCnr,DDrv,-90.06

