State,City,Polluted element,Type of pollution,Value
State,City,Polluted_element,Type_of_pollution,Value
Michigan,Detroit,Soil,Inorganic Fertilizers,-11.95
Michigan,Flint,Soil,Inorganic Fertilizers,15.25
Michigan,Port Huron,Soil,Inorganic Fertilizers,-2.88
Minnesota,Minneapolis,Soil,Inorganic Fertilizers,-86.16
Minnesota,Rochester,Soil,Inorganic Fertilizers,99.98
Michigan,Detroit,Soil,Industrial,-56.71
Michigan,Flint,Soil,Industrial,-39.18
Michigan,Port Huron,Soil,Industrial,-17.88
Minnesota,Minneapolis,Soil,Industrial,-90.16
Minnesota,Rochester,Soil,Industrial,-71.63
Michigan,Detroit,Soil,Inferior Irrigation,32.43
Michigan,Flint,Soil,Inferior Irrigation,-74.17
Michigan,Port Huron,Soil,Inferior Irrigation,78.21
Minnesota,Minneapolis,Soil,Inferior Irrigation,69.54
Minnesota,Rochester,Soil,Inferior Irrigation,-14.55
Michigan,Detroit,Soil,Solid Waste,-32.08
Michigan,Flint,Soil,Solid Waste,-33.17
Michigan,Port Huron,Soil,Solid Waste,17.1
Minnesota,Minneapolis,Soil,Solid Waste,-21.51
Minnesota,Rochester,Soil,Solid Waste,-74.37
Michigan,Detroit,Air,Noise,42.67
Michigan,Flint,Air,Noise,-34.87
Michigan,Port Huron,Air,Noise,92.96
Minnesota,Minneapolis,Air,Noise,8.19
Minnesota,Rochester,Air,Noise,-36.03
Michigan,Detroit,Air,Light,-14.31
Michigan,Flint,Air,Light,18.01
Michigan,Port Huron,Air,Light,-33.83
Minnesota,Minneapolis,Air,Light,31.2
Minnesota,Rochester,Air,Light,89.25
Michigan,Detroit,Air,Thermal,-18.2
Michigan,Flint,Air,Thermal,75.6
Michigan,Port Huron,Air,Thermal,49.7
Minnesota,Minneapolis,Air,Thermal,1.6
Minnesota,Rochester,Air,Thermal,-52.42
