{
"filename": "Evolution_of_pollution_in_percent_set5_5_DB.csv",
"questions": [{"name": "template 1",
 "sql": "SELECT Value FROM DBdata WHERE ((State = 'Minnesota' AND City = 'Minneapolis')) AND ((Polluted_element = 'Air' AND Type_of_pollution = 'Light'))",
 "sqlResult": "{13.4}",
 "nlq": "What is the evolution of Light pollution in Minneapolis, Minnesota?"},
{"name": "template 2",
 "sql": "SELECT Value FROM DBdata WHERE ((State = 'Minnesota' AND City = 'Hastings')) AND ((Polluted_element = 'Soil' AND Type_of_pollution = 'Industrial') OR (Polluted_element = 'Soil' AND Type_of_pollution = 'Inferior Irrigation') OR (Polluted_element = 'Soil' AND Type_of_pollution = 'Solid Waste') OR (Polluted_element = 'Soil' AND Type_of_pollution = 'Urban Activities') OR (Polluted_element = 'Air' AND Type_of_pollution = 'Light') OR (Polluted_element = 'Air' AND Type_of_pollution = 'Thermal'))",
 "sqlResult": "{-41.63} || {-25.21} || {39.09} || {45.88} || {-39.94} || {45.64}",
 "nlq": "What is the evolution of Industrial, Inferior Irrigation, Light, Solid Waste, Thermal, or Urban Activities pollution in Hastings, Minnesota?"},
{"name": "template 3",
 "sql": "SELECT Value FROM DBdata WHERE ((State = 'Minnesota' AND City = 'Hastings') OR (State = 'Minnesota' AND City = 'Minneapolis') OR (State = 'Minnesota' AND City = 'Rochester') OR (State = 'Nevada' AND City = 'Las Vegas') OR (State = 'Nevada' AND City = 'Reno')) AND ((Polluted_element = 'Soil' AND Type_of_pollution = 'Urban Activities'))",
 "sqlResult": "{45.88} || {-19.22} || {-75.26} || {12.34} || {-42.83}",
 "nlq": "What is the evolution of Urban Activities pollution in Hastings, Minneapolis, or Rochester, Minnesota or Las Vegas or Reno, Nevada?"},
{"name": "template 4",
 "sql": "SELECT avg(Value),max(Value) FROM DBdata WHERE ((State = 'Minnesota' AND City = 'Hastings') OR (State = 'Minnesota' AND City = 'Minneapolis') OR (State = 'Nevada' AND City = 'Reno')) AND ((Polluted_element = 'Air' AND Type_of_pollution = 'Thermal'))",
 "sqlResult": "{-9.3 | 45.64}",
 "nlq": "What are the average and maximum evolutions of Thermal pollution in Hastings or Minneapolis, Minnesota or Reno, Nevada?"},
{"name": "template 6",
 "sql": "SELECT Value FROM DBdata WHERE ((State = 'Minnesota' AND City = 'Minneapolis') OR (State = 'Minnesota' AND City = 'Rochester') OR (State = 'Nevada' AND City = 'Las Vegas')) AND ((Polluted_element = 'Soil' AND Type_of_pollution = 'Industrial') OR (Polluted_element = 'Soil' AND Type_of_pollution = 'Inferior Irrigation') OR (Polluted_element = 'Air' AND Type_of_pollution = 'Noise') OR (Polluted_element = 'Air' AND Type_of_pollution = 'Thermal'))",
 "sqlResult": "{-9.82} || {-79.68} || {64.64} || {-85.47} || {41.6} || {-91.86} || {-49.6} || {-70.5} || {48.83} || {-81.48} || {18.59} || {-4.62}",
 "nlq": "What is the evolution of Industrial, Inferior Irrigation, Noise, or Thermal pollution in Las Vegas, Nevada or Minneapolis or Rochester, Minnesota?"},
{"name": "template 7",
 "sql": "SELECT avg(Value),sum(Value) FROM DBdata WHERE ((State = 'Minnesota' AND City = 'Minneapolis')) AND ((Polluted_element = 'Soil' AND Type_of_pollution = 'Industrial') OR (Polluted_element = 'Soil' AND Type_of_pollution = 'Solid Waste'))",
 "sqlResult": "{-39.28 | -78.56}",
 "nlq": "What are the average and total evolutions of Industrial or Solid Waste pollution in Minneapolis, Minnesota?"},
{"name": "template 8",
 "sql": "SELECT State,City,max(Value),min(Value) FROM DBdata WHERE ((State = 'Minnesota' AND City = 'Hastings') OR (State = 'Minnesota' AND City = 'Minneapolis') OR (State = 'Minnesota' AND City = 'Rochester') OR (State = 'Nevada' AND City = 'Las Vegas') OR (State = 'Nevada' AND City = 'Reno')) AND ((Polluted_element = 'Air' AND Type_of_pollution = 'Noise') OR (Polluted_element = 'Air' AND Type_of_pollution = 'Thermal')) GROUP BY State,City",
 "sqlResult": "{Minnesota | Hastings | 45.64 | 17.77} || {Minnesota | Minneapolis | -49.6 | -81.48} || {Minnesota | Rochester | 18.59 | -70.5} || {Nevada | Las Vegas | 48.83 | -4.62} || {Nevada | Reno | 7.94 | -69.16}",
 "nlq": "What are the maximum and minimum evolutions for each State and City, of Noise or Thermal pollution in Hastings, Minneapolis, or Rochester, Minnesota or Las Vegas or Reno, Nevada? Please, report the corresponding State and City."},
{"name": "template 9",
 "sql": "SELECT min(Value) FROM DBdata WHERE ((State = 'Minnesota' AND City = 'Minneapolis')) AND (Polluted_element IN ('Soil','Air')) GROUP BY Polluted_element",
 "sqlResult": "{-81.48} || {-85.47}",
 "nlq": "What is the minimum evolution of pollution for each Polluted element, of Air or Soil in Minneapolis, Minnesota?"},
{"name": "template 10",
 "sql": "SELECT Polluted_element,max(Value) FROM DBdata WHERE ((State = 'Nevada' AND City = 'Las Vegas')) AND (Polluted_element IN ('Soil','Air')) GROUP BY Polluted_element",
 "sqlResult": "{Air | 48.83} || {Soil | 64.64}",
 "nlq": "What is the maximum evolution of pollution for each Polluted element, of Air or Soil in Las Vegas, Nevada? Please, report the corresponding Polluted element."},
{"name": "template 11",
 "sql": "SELECT Polluted_element,State,City,sum(Value) FROM DBdata WHERE ((State = 'Minnesota' AND City = 'Hastings') OR (State = 'Nevada' AND City = 'Reno')) AND (Polluted_element IN ('Soil','Air')) GROUP BY Polluted_element,State,City",
 "sqlResult": "{Air | Minnesota | Hastings | 23.47} || {Air | Nevada | Reno | -113.62} || {Soil | Minnesota | Hastings | 18.13} || {Soil | Nevada | Reno | 128.39}",
 "nlq": "What is the total evolution of pollution for each Polluted element, State, and City, of Air or Soil in Hastings, Minnesota or Reno, Nevada? Please, report the corresponding Polluted element, State, and City."},
{"name": "template 12",
 "sql": "SELECT Value FROM DBdata WHERE ((State = 'Minnesota' AND City = 'Rochester')) AND (Polluted_element IN ('Soil','Air')) ORDER BY VALUE ASC LIMIT 5",
 "sqlResult": "{-79.68} || {-75.26} || {-70.5} || {-30.15} || {18.59}",
 "nlq": "What are the bottom 5 evolutions of pollution of Air or Soil in Rochester, Minnesota?"},
{"name": "template 13",
 "sql": "SELECT Value FROM DBdata WHERE ((State = 'Nevada' AND City = 'Reno')) AND (Polluted_element IN ('Soil','Air')) ORDER BY VALUE ASC",
 "sqlResult": "{-69.16} || {-52.4} || {-42.83} || {6.59} || {7.94} || {66.42} || {98.21}",
 "nlq": "What are the evolutions ordered by increasing values of pollution of Air or Soil in Reno, Nevada?"},
{"name": "template 14",
 "sql": "SELECT Polluted_element,Type_of_pollution FROM DBdata WHERE ((State = 'Minnesota' AND City = 'Hastings')) AND Value < -9.52",
 "sqlResult": "{Soil | Industrial} || {Soil | Inferior Irrigation} || {Air | Light}",
 "nlq": "What are the Polluted element and Type of pollution for which the evolution in Hastings, Minnesota is lower than -9.52?"},
{"name": "template 15",
 "sql": "SELECT Polluted_element,Type_of_pollution,Value FROM DBdata WHERE ((State = 'Minnesota' AND City = 'Minneapolis')) AND (Polluted_element,Type_of_pollution) IN (SELECT Polluted_element,Type_of_pollution FROM DBdata WHERE ((State = 'Minnesota' AND City = 'Hastings')) AND Value < -9.52)",
 "sqlResult": "{Soil | Industrial | -9.82} || {Soil | Inferior Irrigation | -85.47} || {Air | Light | 13.4}",
 "nlq": "What is the evolution of pollution in Minneapolis, Minnesota of Polluted element and of Type of pollution for which the evolution in Hastings, Minnesota is lower than -9.52? Please, report the corresponding Polluted element, Type of pollution, and evolution of pollution."}]
}
