{
"filename": "Evolution_of_pollution_in_percent_set8_1_DB.csv",
"questions": [{"name": "template 1",
 "sql": "SELECT Value FROM DBdata WHERE ((State = 'Georgia' AND City = 'Columbus')) AND ((Polluted_element = 'Water' AND Type_of_pollution = 'Groundwater'))",
 "sqlResult": "{2.13}",
 "nlq": "What is the evolution of Groundwater pollution in Columbus, Georgia?"},
{"name": "template 2",
 "sql": "SELECT Value FROM DBdata WHERE ((State = 'Illinois' AND City = 'Champaign')) AND ((Polluted_element = 'Water' AND Type_of_pollution = 'Groundwater') OR (Polluted_element = 'Soil' AND Type_of_pollution = 'Inferior Irrigation') OR (Polluted_element = 'Soil' AND Type_of_pollution = 'Solid Waste') OR (Polluted_element = 'Air' AND Type_of_pollution = 'Light') OR (Polluted_element = 'Air' AND Type_of_pollution = 'Thermal'))",
 "sqlResult": "{15.56} || {81.66} || {71.01} || {-50.99} || {-94.77}",
 "nlq": "What is the evolution of Groundwater, Inferior Irrigation, Light, Solid Waste, or Thermal pollution in Champaign, Illinois?"},
{"name": "template 3",
 "sql": "SELECT Value FROM DBdata WHERE ((State = 'Georgia' AND City = 'Columbus') OR (State = 'Illinois' AND City = 'Champaign')) AND ((Polluted_element = 'Soil' AND Type_of_pollution = 'Solid Waste'))",
 "sqlResult": "{-60.24} || {71.01}",
 "nlq": "What is the evolution of Solid Waste pollution in Champaign, Illinois or Columbus, Georgia?"},
{"name": "template 4",
 "sql": "SELECT avg(Value),min(Value) FROM DBdata WHERE ((State = 'Georgia' AND City = 'Columbus') OR (State = 'Georgia' AND City = 'Washington') OR (State = 'Illinois' AND City = 'Chicago')) AND ((Polluted_element = 'Water' AND Type_of_pollution = 'Chemical'))",
 "sqlResult": "{8.57 | -66.17}",
 "nlq": "What are the average and minimum evolutions of Chemical pollution in Chicago, Illinois or Columbus or Washington, Georgia?"},
{"name": "template 6",
 "sql": "SELECT Value FROM DBdata WHERE ((State = 'Georgia' AND City = 'Albany') OR (State = 'Georgia' AND City = 'Columbus') OR (State = 'Georgia' AND City = 'Washington') OR (State = 'Illinois' AND City = 'Champaign')) AND ((Polluted_element = 'Water' AND Type_of_pollution = 'Groundwater') OR (Polluted_element = 'Water' AND Type_of_pollution = 'Oxygen-depletion') OR (Polluted_element = 'Soil' AND Type_of_pollution = 'Solid Waste') OR (Polluted_element = 'Air' AND Type_of_pollution = 'Light'))",
 "sqlResult": "{97.71} || {2.13} || {63.22} || {15.56} || {-15.83} || {25.07} || {-67.54} || {35.33} || {87.26} || {-60.24} || {-34.06} || {71.01} || {-38.98} || {1.4} || {-38.99} || {-50.99}",
 "nlq": "What is the evolution of Groundwater, Light, Oxygen-depletion, or Solid Waste pollution in Albany, Columbus, or Washington, Georgia or Champaign, Illinois?"},
{"name": "template 7",
 "sql": "SELECT max(Value),avg(Value) FROM DBdata WHERE ((State = 'Illinois' AND City = 'Champaign')) AND ((Polluted_element = 'Water' AND Type_of_pollution = 'Groundwater') OR (Polluted_element = 'Soil' AND Type_of_pollution = 'Solid Waste'))",
 "sqlResult": "{71.01 | 43.29}",
 "nlq": "What are the maximum and average evolutions of Groundwater or Solid Waste pollution in Champaign, Illinois?"},
{"name": "template 8",
 "sql": "SELECT State,City,max(Value),min(Value) FROM DBdata WHERE ((State = 'Georgia' AND City = 'Albany') OR (State = 'Georgia' AND City = 'Columbus')) AND ((Polluted_element = 'Water' AND Type_of_pollution = 'Surface water') OR (Polluted_element = 'Air' AND Type_of_pollution = 'Light')) GROUP BY State,City",
 "sqlResult": "{Georgia | Albany | 47.3 | -38.98} || {Georgia | Columbus | 1.4 | -83.22}",
 "nlq": "What are the maximum and minimum evolutions for each State and City, of Light or Surface water pollution in Albany or Columbus, Georgia? Please, report the corresponding State and City."},
{"name": "template 9",
 "sql": "SELECT min(Value) FROM DBdata WHERE ((State = 'Georgia' AND City = 'Washington')) AND (Polluted_element IN ('Water','Soil','Air')) GROUP BY Polluted_element",
 "sqlResult": "{-77.94} || {-34.06} || {-67.54}",
 "nlq": "What is the minimum evolution of pollution for each Polluted element, of Air, Soil, or Water in Washington, Georgia?"},
{"name": "template 10",
 "sql": "SELECT Polluted_element,avg(Value) FROM DBdata WHERE ((State = 'Georgia' AND City = 'Albany')) AND (Polluted_element IN ('Water','Soil','Air')) GROUP BY Polluted_element",
 "sqlResult": "{Air | -39.94} || {Soil | 21.43} || {Water | 46.59}",
 "nlq": "What is the average evolution of pollution for each Polluted element, of Air, Soil, or Water in Albany, Georgia? Please, report the corresponding Polluted element."},
{"name": "template 11",
 "sql": "SELECT Polluted_element,State,City,avg(Value) FROM DBdata WHERE ((State = 'Georgia' AND City = 'Albany') OR (State = 'Illinois' AND City = 'Champaign')) AND (Polluted_element IN ('Water','Soil','Air')) GROUP BY Polluted_element,State,City",
 "sqlResult": "{Air | Georgia | Albany | -39.94} || {Air | Illinois | Champaign | -72.88} || {Soil | Georgia | Albany | 21.43} || {Soil | Illinois | Champaign | 76.34} || {Water | Georgia | Albany | 46.59} || {Water | Illinois | Champaign | -6.16}",
 "nlq": "What is the average evolution of pollution for each Polluted element, State, and City, of Air, Soil, or Water in Albany, Georgia or Champaign, Illinois? Please, report the corresponding Polluted element, State, and City."},
{"name": "template 12",
 "sql": "SELECT Value FROM DBdata WHERE ((State = 'Illinois' AND City = 'Chicago')) AND (Polluted_element IN ('Water','Soil')) ORDER BY VALUE DESC LIMIT 4",
 "sqlResult": "{92.53} || {84.97} || {84.67} || {48.66}",
 "nlq": "What are the top 4 evolutions of pollution of Soil or Water in Chicago, Illinois?"},
{"name": "template 13",
 "sql": "SELECT Value FROM DBdata WHERE ((State = 'Georgia' AND City = 'Washington')) AND (Polluted_element IN ('Soil','Air')) ORDER BY VALUE DESC",
 "sqlResult": "{5.65} || {-34.06} || {-38.99} || {-77.94}",
 "nlq": "What are the evolutions ordered by decreasing values of pollution of Air or Soil in Washington, Georgia?"},
{"name": "template 14",
 "sql": "SELECT Polluted_element,Type_of_pollution FROM DBdata WHERE ((State = 'Illinois' AND City = 'Champaign')) AND Value < 4.19",
 "sqlResult": "{Water | Chemical} || {Water | Surface water} || {Air | Light} || {Air | Thermal}",
 "nlq": "What are the Polluted element and Type of pollution for which the evolution in Champaign, Illinois is lower than 4.19?"},
{"name": "template 15",
 "sql": "SELECT Polluted_element,Type_of_pollution,Value FROM DBdata WHERE ((State = 'Georgia' AND City = 'Albany')) AND (Polluted_element,Type_of_pollution) IN (SELECT Polluted_element,Type_of_pollution FROM DBdata WHERE ((State = 'Illinois' AND City = 'Champaign')) AND Value < 4.19)",
 "sqlResult": "{Water | Chemical | 57.2} || {Water | Surface water | 47.3} || {Air | Light | -38.98} || {Air | Thermal | -40.89}",
 "nlq": "What is the evolution of pollution in Albany, Georgia of Polluted element and of Type of pollution for which the evolution in Champaign, Illinois is lower than 4.19? Please, report the corresponding Polluted element, Type of pollution, and evolution of pollution."}]
}
