{
"filename": "Evolution_of_pollution_in_percent_set2_1_DB.csv",
"questions": [{"name": "template 1",
 "sql": "SELECT Value FROM DBdata WHERE ((State = 'Minnesota' AND City = 'Hastings')) AND ((Polluted_element = 'Water' AND Type_of_pollution = 'Oxygen-depletion'))",
 "sqlResult": "{-28.75}",
 "nlq": "What is the evolution of Oxygen-depletion pollution in Hastings, Minnesota?"},
{"name": "template 2",
 "sql": "SELECT Value FROM DBdata WHERE ((State = 'Minnesota' AND City = 'Hastings')) AND ((Polluted_element = 'Water' AND Type_of_pollution = 'Oxygen-depletion') OR (Polluted_element = 'Water' AND Type_of_pollution = 'Surface water') OR (Polluted_element = 'Soil' AND Type_of_pollution = 'Inferior Irrigation') OR (Polluted_element = 'Soil' AND Type_of_pollution = 'Solid Waste') OR (Polluted_element = 'Soil' AND Type_of_pollution = 'Urban Activities') OR (Polluted_element = 'Air' AND Type_of_pollution = 'Light'))",
 "sqlResult": "{-28.75} || {-70.55} || {91.6} || {79.74} || {65.73} || {83.65}",
 "nlq": "What is the evolution of Inferior Irrigation, Light, Oxygen-depletion, Solid Waste, Surface water, or Urban Activities pollution in Hastings, Minnesota?"},
{"name": "template 3",
 "sql": "SELECT Value FROM DBdata WHERE ((State = 'Minnesota' AND City = 'Hastings') OR (State = 'Minnesota' AND City = 'Minneapolis') OR (State = 'Minnesota' AND City = 'Rochester') OR (State = 'Nevada' AND City = 'Boulder City')) AND ((Polluted_element = 'Soil' AND Type_of_pollution = 'Urban Activities'))",
 "sqlResult": "{65.73} || {40.11} || {48.64} || {-51.93}",
 "nlq": "What is the evolution of Urban Activities pollution in Boulder City, Nevada or Hastings, Minneapolis, or Rochester, Minnesota?"},
{"name": "template 4",
 "sql": "SELECT max(Value),sum(Value) FROM DBdata WHERE ((State = 'Minnesota' AND City = 'Hastings') OR (State = 'Minnesota' AND City = 'Minneapolis') OR (State = 'Nevada' AND City = 'Boulder City') OR (State = 'Nevada' AND City = 'Las Vegas')) AND ((Polluted_element = 'Soil' AND Type_of_pollution = 'Urban Activities'))",
 "sqlResult": "{65.73 | -18.71}",
 "nlq": "What are the maximum and total evolutions of Urban Activities pollution in Boulder City or Las Vegas, Nevada or Hastings or Minneapolis, Minnesota?"},
{"name": "template 6",
 "sql": "SELECT Value FROM DBdata WHERE ((State = 'Minnesota' AND City = 'Hastings') OR (State = 'Nevada' AND City = 'Las Vegas')) AND ((Polluted_element = 'Water' AND Type_of_pollution = 'Groundwater') OR (Polluted_element = 'Water' AND Type_of_pollution = 'Surface water') OR (Polluted_element = 'Soil' AND Type_of_pollution = 'Urban Activities'))",
 "sqlResult": "{-75.79} || {97.27} || {-70.55} || {97.2} || {65.73} || {-72.62}",
 "nlq": "What is the evolution of Groundwater, Surface water, or Urban Activities pollution in Hastings, Minnesota or Las Vegas, Nevada?"},
{"name": "template 7",
 "sql": "SELECT sum(Value),max(Value) FROM DBdata WHERE ((State = 'Nevada' AND City = 'Las Vegas')) AND ((Polluted_element = 'Water' AND Type_of_pollution = 'Groundwater') OR (Polluted_element = 'Water' AND Type_of_pollution = 'Surface water') OR (Polluted_element = 'Soil' AND Type_of_pollution = 'Inferior Irrigation') OR (Polluted_element = 'Soil' AND Type_of_pollution = 'Solid Waste') OR (Polluted_element = 'Air' AND Type_of_pollution = 'Light'))",
 "sqlResult": "{250.88 | 97.27}",
 "nlq": "What are the total and maximum evolutions of Groundwater, Inferior Irrigation, Light, Solid Waste, or Surface water pollution in Las Vegas, Nevada?"},
{"name": "template 8",
 "sql": "SELECT State,City,sum(Value),avg(Value) FROM DBdata WHERE ((State = 'Minnesota' AND City = 'Hastings') OR (State = 'Minnesota' AND City = 'Minneapolis') OR (State = 'Minnesota' AND City = 'Rochester') OR (State = 'Nevada' AND City = 'Boulder City')) AND ((Polluted_element = 'Soil' AND Type_of_pollution = 'Inferior Irrigation') OR (Polluted_element = 'Soil' AND Type_of_pollution = 'Solid Waste')) GROUP BY State,City",
 "sqlResult": "{Minnesota | Hastings | 171.34 | 85.67} || {Minnesota | Minneapolis | 142.81 | 71.4} || {Minnesota | Rochester | 139.74 | 69.87} || {Nevada | Boulder City | -18.31 | -9.15}",
 "nlq": "What are the total and average evolutions for each State and City, of Inferior Irrigation or Solid Waste pollution in Boulder City, Nevada or Hastings, Minneapolis, or Rochester, Minnesota? Please, report the corresponding State and City."},
{"name": "template 9",
 "sql": "SELECT min(Value) FROM DBdata WHERE ((State = 'Minnesota' AND City = 'Minneapolis')) AND (Polluted_element IN ('Water','Soil','Air')) GROUP BY Polluted_element",
 "sqlResult": "{-76.14} || {40.11} || {-45.12}",
 "nlq": "What is the minimum evolution of pollution for each Polluted element, of Air, Soil, or Water in Minneapolis, Minnesota?"},
{"name": "template 10",
 "sql": "SELECT Polluted_element,max(Value) FROM DBdata WHERE ((State = 'Minnesota' AND City = 'Rochester')) AND (Polluted_element IN ('Water','Soil','Air')) GROUP BY Polluted_element",
 "sqlResult": "{Air | 82.87} || {Soil | 87.74} || {Water | -3.04}",
 "nlq": "What is the maximum evolution of pollution for each Polluted element, of Air, Soil, or Water in Rochester, Minnesota? Please, report the corresponding Polluted element."},
{"name": "template 11",
 "sql": "SELECT Polluted_element,State,City,max(Value) FROM DBdata WHERE ((State = 'Minnesota' AND City = 'Minneapolis') OR (State = 'Nevada' AND City = 'Las Vegas')) AND (Polluted_element IN ('Water','Soil','Air')) GROUP BY Polluted_element,State,City",
 "sqlResult": "{Air | Minnesota | Minneapolis | 39.61} || {Air | Nevada | Las Vegas | 35.57} || {Soil | Minnesota | Minneapolis | 98.14} || {Soil | Nevada | Las Vegas | 95.61} || {Water | Minnesota | Minneapolis | 86.17} || {Water | Nevada | Las Vegas | 97.27}",
 "nlq": "What is the maximum evolution of pollution for each Polluted element, State, and City, of Air, Soil, or Water in Las Vegas, Nevada or Minneapolis, Minnesota? Please, report the corresponding Polluted element, State, and City."},
{"name": "template 12",
 "sql": "SELECT Value FROM DBdata WHERE ((State = 'Nevada' AND City = 'Las Vegas')) AND (Polluted_element IN ('Water','Soil')) ORDER BY VALUE DESC LIMIT 2",
 "sqlResult": "{97.27} || {97.2}",
 "nlq": "What are the top 2 evolutions of pollution of Soil or Water in Las Vegas, Nevada?"},
{"name": "template 13",
 "sql": "SELECT Value FROM DBdata WHERE ((State = 'Nevada' AND City = 'Boulder City')) AND (Polluted_element IN ('Soil','Air')) ORDER BY VALUE ASC",
 "sqlResult": "{-51.93} || {-36.84} || {-33.41} || {15.1} || {65.34}",
 "nlq": "What are the evolutions ordered by increasing values of pollution of Air or Soil in Boulder City, Nevada?"},
{"name": "template 14",
 "sql": "SELECT Polluted_element,Type_of_pollution FROM DBdata WHERE ((State = 'Minnesota' AND City = 'Hastings')) AND Value < 16.28",
 "sqlResult": "{Water | Groundwater} || {Water | Oxygen-depletion} || {Water | Surface water} || {Air | Noise}",
 "nlq": "What are the Polluted element and Type of pollution for which the evolution in Hastings, Minnesota is lower than 16.28?"},
{"name": "template 15",
 "sql": "SELECT Polluted_element,Type_of_pollution,Value FROM DBdata WHERE ((State = 'Minnesota' AND City = 'Rochester')) AND (Polluted_element,Type_of_pollution) IN (SELECT Polluted_element,Type_of_pollution FROM DBdata WHERE ((State = 'Minnesota' AND City = 'Hastings')) AND Value < 16.28)",
 "sqlResult": "{Water | Groundwater | -88.16} || {Water | Oxygen-depletion | -15.52} || {Water | Surface water | -3.04} || {Air | Noise | 82.87}",
 "nlq": "What is the evolution of pollution in Rochester, Minnesota of Polluted element and of Type of pollution for which the evolution in Hastings, Minnesota is lower than 16.28? Please, report the corresponding Polluted element, Type of pollution, and evolution of pollution."}]
}
