{
"filename": "Evolution_of_pollution_in_percent_set3_5_DB.csv",
"questions": [{"name": "template 1",
 "sql": "SELECT Value FROM DBdata WHERE ((State = 'Georgia' AND City = 'Albany')) AND ((Polluted_element = 'Soil' AND Type_of_pollution = 'Urban Activities'))",
 "sqlResult": "{-4.73}",
 "nlq": "What is the evolution of Urban Activities pollution in Albany, Georgia?"},
{"name": "template 2",
 "sql": "SELECT Value FROM DBdata WHERE ((State = 'Florida' AND City = 'Fort Lauderdale')) AND ((Polluted_element = 'Water' AND Type_of_pollution = 'Oxygen-depletion') OR (Polluted_element = 'Water' AND Type_of_pollution = 'Surface water') OR (Polluted_element = 'Soil' AND Type_of_pollution = 'Inorganic Fertilizers') OR (Polluted_element = 'Soil' AND Type_of_pollution = 'Industrial') OR (Polluted_element = 'Soil' AND Type_of_pollution = 'Inferior Irrigation') OR (Polluted_element = 'Soil' AND Type_of_pollution = 'Urban Activities'))",
 "sqlResult": "{-28.49} || {-8.51} || {-75.69} || {72.46} || {-76.5} || {-1.67}",
 "nlq": "What is the evolution of Industrial, Inferior Irrigation, Inorganic Fertilizers, Oxygen-depletion, Surface water, or Urban Activities pollution in Fort Lauderdale, Florida?"},
{"name": "template 3",
 "sql": "SELECT Value FROM DBdata WHERE ((State = 'Florida' AND City = 'Tampa') OR (State = 'Georgia' AND City = 'Albany') OR (State = 'Georgia' AND City = 'Columbus')) AND ((Polluted_element = 'Soil' AND Type_of_pollution = 'Solid Waste'))",
 "sqlResult": "{58.67} || {31.58} || {-88.4}",
 "nlq": "What is the evolution of Solid Waste pollution in Albany or Columbus, Georgia or Tampa, Florida?"},
{"name": "template 4",
 "sql": "SELECT min(Value),avg(Value) FROM DBdata WHERE ((State = 'Georgia' AND City = 'Albany') OR (State = 'Georgia' AND City = 'Washington')) AND ((Polluted_element = 'Water' AND Type_of_pollution = 'Surface water'))",
 "sqlResult": "{-48.18 | 10.09}",
 "nlq": "What are the minimum and average evolutions of Surface water pollution in Albany or Washington, Georgia?"},
{"name": "template 6",
 "sql": "SELECT Value FROM DBdata WHERE ((State = 'Florida' AND City = 'Fort Lauderdale') OR (State = 'Florida' AND City = 'Tampa') OR (State = 'Georgia' AND City = 'Albany') OR (State = 'Georgia' AND City = 'Washington')) AND ((Polluted_element = 'Water' AND Type_of_pollution = 'Surface water') OR (Polluted_element = 'Soil' AND Type_of_pollution = 'Inorganic Fertilizers') OR (Polluted_element = 'Soil' AND Type_of_pollution = 'Inferior Irrigation'))",
 "sqlResult": "{-8.51} || {50.57} || {-48.18} || {68.36} || {-75.69} || {-10.51} || {84.21} || {-39.66} || {-76.5} || {3.19} || {68.78} || {-78.61}",
 "nlq": "What is the evolution of Inferior Irrigation, Inorganic Fertilizers, or Surface water pollution in Albany or Washington, Georgia or Fort Lauderdale or Tampa, Florida?"},
{"name": "template 7",
 "sql": "SELECT avg(Value),sum(Value) FROM DBdata WHERE ((State = 'Florida' AND City = 'Fort Lauderdale')) AND ((Polluted_element = 'Water' AND Type_of_pollution = 'Oxygen-depletion') OR (Polluted_element = 'Water' AND Type_of_pollution = 'Surface water') OR (Polluted_element = 'Soil' AND Type_of_pollution = 'Inferior Irrigation') OR (Polluted_element = 'Soil' AND Type_of_pollution = 'Solid Waste') OR (Polluted_element = 'Soil' AND Type_of_pollution = 'Urban Activities'))",
 "sqlResult": "{-37.39 | -186.93}",
 "nlq": "What are the average and total evolutions of Inferior Irrigation, Oxygen-depletion, Solid Waste, Surface water, or Urban Activities pollution in Fort Lauderdale, Florida?"},
{"name": "template 8",
 "sql": "SELECT State,City,avg(Value),sum(Value) FROM DBdata WHERE ((State = 'Florida' AND City = 'Tampa') OR (State = 'Georgia' AND City = 'Columbus') OR (State = 'Georgia' AND City = 'Washington')) AND ((Polluted_element = 'Soil' AND Type_of_pollution = 'Inorganic Fertilizers') OR (Polluted_element = 'Soil' AND Type_of_pollution = 'Inferior Irrigation') OR (Polluted_element = 'Soil' AND Type_of_pollution = 'Urban Activities')) GROUP BY State,City",
 "sqlResult": "{Florida | Tampa | 8.16 | 24.48} || {Georgia | Columbus | 11.92 | 35.76} || {Georgia | Washington | -11.74 | -35.22}",
 "nlq": "What are the average and total evolutions for each State and City, of Inferior Irrigation, Inorganic Fertilizers, or Urban Activities pollution in Columbus or Washington, Georgia or Tampa, Florida? Please, report the corresponding State and City."},
{"name": "template 9",
 "sql": "SELECT min(Value) FROM DBdata WHERE ((State = 'Florida' AND City = 'Tampa')) AND (Polluted_element IN ('Water','Soil')) GROUP BY Polluted_element",
 "sqlResult": "{-31.24} || {-0.29}",
 "nlq": "What is the minimum evolution of pollution for each Polluted element, of Soil or Water in Tampa, Florida?"},
{"name": "template 10",
 "sql": "SELECT Polluted_element,avg(Value) FROM DBdata WHERE ((State = 'Florida' AND City = 'Fort Lauderdale')) AND (Polluted_element IN ('Water','Soil')) GROUP BY Polluted_element",
 "sqlResult": "{Soil | -30.63} || {Water | -18.5}",
 "nlq": "What is the average evolution of pollution for each Polluted element, of Soil or Water in Fort Lauderdale, Florida? Please, report the corresponding Polluted element."},
{"name": "template 11",
 "sql": "SELECT Polluted_element,State,City,avg(Value) FROM DBdata WHERE ((State = 'Florida' AND City = 'Tampa') OR (State = 'Georgia' AND City = 'Columbus')) AND (Polluted_element IN ('Water','Soil')) GROUP BY Polluted_element,State,City",
 "sqlResult": "{Soil | Florida | Tampa | 10.38} || {Soil | Georgia | Columbus | -10.02} || {Water | Florida | Tampa | 25.14} || {Water | Georgia | Columbus | 20.59}",
 "nlq": "What is the average evolution of pollution for each Polluted element, State, and City, of Soil or Water in Columbus, Georgia or Tampa, Florida? Please, report the corresponding Polluted element, State, and City."},
{"name": "template 12",
 "sql": "SELECT Value FROM DBdata WHERE ((State = 'Florida' AND City = 'Tampa')) AND (Polluted_element IN ('Water','Soil')) ORDER BY VALUE ASC LIMIT 3",
 "sqlResult": "{-31.24} || {-10.51} || {-0.29}",
 "nlq": "What are the bottom 3 evolutions of pollution of Soil or Water in Tampa, Florida?"},
{"name": "template 13",
 "sql": "SELECT Value FROM DBdata WHERE ((State = 'Georgia' AND City = 'Albany')) AND (Polluted_element IN ('Water','Soil')) ORDER BY VALUE DESC",
 "sqlResult": "{84.21} || {68.78} || {52.07} || {31.58} || {-4.73} || {-33.94} || {-48.18}",
 "nlq": "What are the evolutions ordered by decreasing values of pollution of Soil or Water in Albany, Georgia?"},
{"name": "template 14",
 "sql": "SELECT Polluted_element,Type_of_pollution FROM DBdata WHERE ((State = 'Georgia' AND City = 'Albany')) AND Value > 5.25",
 "sqlResult": "{Soil | Inorganic Fertilizers} || {Soil | Industrial} || {Soil | Inferior Irrigation} || {Soil | Solid Waste}",
 "nlq": "What are the Polluted element and Type of pollution for which the evolution in Albany, Georgia is greater than 5.25?"},
{"name": "template 15",
 "sql": "SELECT Polluted_element,Type_of_pollution,Value FROM DBdata WHERE ((State = 'Florida' AND City = 'Fort Lauderdale')) AND (Polluted_element,Type_of_pollution) IN (SELECT Polluted_element,Type_of_pollution FROM DBdata WHERE ((State = 'Georgia' AND City = 'Albany')) AND Value > 5.25)",
 "sqlResult": "{Soil | Inorganic Fertilizers | -75.69} || {Soil | Industrial | 72.46} || {Soil | Inferior Irrigation | -76.5} || {Soil | Solid Waste | -71.76}",
 "nlq": "What is the evolution of pollution in Fort Lauderdale, Florida of Polluted element and of Type of pollution for which the evolution in Albany, Georgia is greater than 5.25? Please, report the corresponding Polluted element, Type of pollution, and evolution of pollution."}]
}
