{
"filename": "Evolution_of_pollution_in_percent_set4_3_DB.csv",
"questions": [{"name": "template 1",
 "sql": "SELECT Value FROM DBdata WHERE ((State = 'Minnesota' AND City = 'Rochester')) AND ((Polluted_element = 'Air' AND Type_of_pollution = 'Light'))",
 "sqlResult": "{-35.72}",
 "nlq": "What is the evolution of Light pollution in Rochester, Minnesota?"},
{"name": "template 2",
 "sql": "SELECT Value FROM DBdata WHERE ((State = 'Minnesota' AND City = 'Minneapolis')) AND ((Polluted_element = 'Water' AND Type_of_pollution = 'Groundwater') OR (Polluted_element = 'Water' AND Type_of_pollution = 'Oxygen-depletion') OR (Polluted_element = 'Soil' AND Type_of_pollution = 'Inorganic Fertilizers') OR (Polluted_element = 'Soil' AND Type_of_pollution = 'Industrial') OR (Polluted_element = 'Soil' AND Type_of_pollution = 'Inferior Irrigation') OR (Polluted_element = 'Soil' AND Type_of_pollution = 'Solid Waste') OR (Polluted_element = 'Soil' AND Type_of_pollution = 'Urban Activities') OR (Polluted_element = 'Air' AND Type_of_pollution = 'Noise') OR (Polluted_element = 'Air' AND Type_of_pollution = 'Light') OR (Polluted_element = 'Air' AND Type_of_pollution = 'Thermal'))",
 "sqlResult": "{-91.75} || {-6.97} || {79.34} || {-94.89} || {-56.77} || {25.12} || {-9.38} || {-20.48} || {35.63} || {63.79}",
 "nlq": "What is the evolution of Groundwater, Industrial, Inferior Irrigation, Inorganic Fertilizers, Light, Noise, Oxygen-depletion, Solid Waste, Thermal, or Urban Activities pollution in Minneapolis, Minnesota?"},
{"name": "template 3",
 "sql": "SELECT Value FROM DBdata WHERE ((State = 'Minnesota' AND City = 'Minneapolis') OR (State = 'Minnesota' AND City = 'Rochester') OR (State = 'Nevada' AND City = 'Boulder City') OR (State = 'Nevada' AND City = 'Reno') OR (State = 'Oregon' AND City = 'Portland')) AND ((Polluted_element = 'Soil' AND Type_of_pollution = 'Urban Activities'))",
 "sqlResult": "{-9.38} || {53.25} || {39.1} || {-94.63} || {-11.34}",
 "nlq": "What is the evolution of Urban Activities pollution in Boulder City or Reno, Nevada or Minneapolis or Rochester, Minnesota or Portland, Oregon?"},
{"name": "template 4",
 "sql": "SELECT min(Value),avg(Value) FROM DBdata WHERE ((State = 'Minnesota' AND City = 'Rochester') OR (State = 'Nevada' AND City = 'Boulder City') OR (State = 'Nevada' AND City = 'Las Vegas') OR (State = 'Nevada' AND City = 'Reno') OR (State = 'Oregon' AND City = 'Portland') OR (State = 'Oregon' AND City = 'Redmond') OR (State = 'Oregon' AND City = 'Salem')) AND ((Polluted_element = 'Soil' AND Type_of_pollution = 'Industrial'))",
 "sqlResult": "{-91.96 | 1.64}",
 "nlq": "What are the minimum and average evolutions of Industrial pollution in Boulder City, Las Vegas, or Reno, Nevada or Portland, Redmond, or Salem, Oregon or Rochester, Minnesota?"},
{"name": "template 6",
 "sql": "SELECT Value FROM DBdata WHERE ((State = 'Nevada' AND City = 'Boulder City') OR (State = 'Nevada' AND City = 'Las Vegas') OR (State = 'Nevada' AND City = 'Reno') OR (State = 'Oregon' AND City = 'Portland') OR (State = 'Oregon' AND City = 'Redmond')) AND ((Polluted_element = 'Soil' AND Type_of_pollution = 'Industrial') OR (Polluted_element = 'Air' AND Type_of_pollution = 'Noise') OR (Polluted_element = 'Air' AND Type_of_pollution = 'Light'))",
 "sqlResult": "{-89.4} || {45.79} || {99.32} || {18.49} || {-10.07} || {-56} || {69.94} || {-70.88} || {49.45} || {-80.83} || {-9.81} || {34.89} || {-59.64} || {-86.57} || {77.43}",
 "nlq": "What is the evolution of Industrial, Light, or Noise pollution in Boulder City, Las Vegas, or Reno, Nevada or Portland or Redmond, Oregon?"},
{"name": "template 7",
 "sql": "SELECT avg(Value),max(Value) FROM DBdata WHERE ((State = 'Oregon' AND City = 'Portland')) AND ((Polluted_element = 'Water' AND Type_of_pollution = 'Oxygen-depletion') OR (Polluted_element = 'Soil' AND Type_of_pollution = 'Inorganic Fertilizers') OR (Polluted_element = 'Soil' AND Type_of_pollution = 'Inferior Irrigation'))",
 "sqlResult": "{-21.77 | 24.61}",
 "nlq": "What are the average and maximum evolutions of Inferior Irrigation, Inorganic Fertilizers, or Oxygen-depletion pollution in Portland, Oregon?"},
{"name": "template 8",
 "sql": "SELECT State,City,min(Value),avg(Value) FROM DBdata WHERE ((State = 'Nevada' AND City = 'Boulder City') OR (State = 'Nevada' AND City = 'Las Vegas') OR (State = 'Nevada' AND City = 'Reno') OR (State = 'Oregon' AND City = 'Portland') OR (State = 'Oregon' AND City = 'Redmond')) AND ((Polluted_element = 'Soil' AND Type_of_pollution = 'Inorganic Fertilizers') OR (Polluted_element = 'Soil' AND Type_of_pollution = 'Urban Activities') OR (Polluted_element = 'Air' AND Type_of_pollution = 'Noise') OR (Polluted_element = 'Air' AND Type_of_pollution = 'Light') OR (Polluted_element = 'Air' AND Type_of_pollution = 'Thermal')) GROUP BY State,City",
 "sqlResult": "{Nevada | Boulder City | -68.45 | -9.87} || {Nevada | Las Vegas | -50.22 | 37.93} || {Nevada | Reno | -94.63 | -54.17} || {Oregon | Portland | -86.57 | -9.11} || {Oregon | Redmond | -80.83 | 20.09}",
 "nlq": "What are the minimum and average evolutions for each State and City, of Inorganic Fertilizers, Light, Noise, Thermal, or Urban Activities pollution in Boulder City, Las Vegas, or Reno, Nevada or Portland or Redmond, Oregon? Please, report the corresponding State and City."},
{"name": "template 9",
 "sql": "SELECT min(Value) FROM DBdata WHERE ((State = 'Nevada' AND City = 'Reno')) AND (Polluted_element IN ('Water','Soil','Air')) GROUP BY Polluted_element",
 "sqlResult": "{-81.44} || {-94.63} || {-50.51}",
 "nlq": "What is the minimum evolution of pollution for each Polluted element, of Air, Soil, or Water in Reno, Nevada?"},
{"name": "template 10",
 "sql": "SELECT Polluted_element,avg(Value) FROM DBdata WHERE ((State = 'Nevada' AND City = 'Reno')) AND (Polluted_element IN ('Water','Soil','Air')) GROUP BY Polluted_element",
 "sqlResult": "{Air | -70.65} || {Soil | 23.18} || {Water | -18.1}",
 "nlq": "What is the average evolution of pollution for each Polluted element, of Air, Soil, or Water in Reno, Nevada? Please, report the corresponding Polluted element."},
{"name": "template 11",
 "sql": "SELECT Polluted_element,State,City,min(Value) FROM DBdata WHERE ((State = 'Nevada' AND City = 'Las Vegas') OR (State = 'Oregon' AND City = 'Redmond') OR (State = 'Oregon' AND City = 'Salem')) AND (Polluted_element IN ('Water','Soil','Air')) GROUP BY Polluted_element,State,City",
 "sqlResult": "{Air | Nevada | Las Vegas | -50.22} || {Air | Oregon | Redmond | -80.83} || {Air | Oregon | Salem | -50.17} || {Soil | Nevada | Las Vegas | -9.35} || {Soil | Oregon | Redmond | -31.05} || {Soil | Oregon | Salem | -90.97} || {Water | Nevada | Las Vegas | -73.74} || {Water | Oregon | Redmond | -80.72} || {Water | Oregon | Salem | -90.01}",
 "nlq": "What is the minimum evolution of pollution for each Polluted element, State, and City, of Air, Soil, or Water in Las Vegas, Nevada or Redmond or Salem, Oregon? Please, report the corresponding Polluted element, State, and City."},
{"name": "template 12",
 "sql": "SELECT Value FROM DBdata WHERE ((State = 'Minnesota' AND City = 'Rochester')) AND (Polluted_element IN ('Soil','Air')) ORDER BY VALUE ASC LIMIT 3",
 "sqlResult": "{-91.96} || {-79.66} || {-63.66}",
 "nlq": "What are the bottom 3 evolutions of pollution of Air or Soil in Rochester, Minnesota?"},
{"name": "template 13",
 "sql": "SELECT Value FROM DBdata WHERE ((State = 'Nevada' AND City = 'Las Vegas')) AND (Polluted_element IN ('Water','Soil')) ORDER BY VALUE ASC",
 "sqlResult": "{-73.74} || {-9.35} || {45.79} || {61.81} || {67.72} || {73.24} || {98.86}",
 "nlq": "What are the evolutions ordered by increasing values of pollution of Soil or Water in Las Vegas, Nevada?"},
{"name": "template 14",
 "sql": "SELECT Polluted_element,Type_of_pollution FROM DBdata WHERE ((State = 'Minnesota' AND City = 'Rochester')) AND Value < -4.33",
 "sqlResult": "{Soil | Industrial} || {Soil | Inferior Irrigation} || {Soil | Solid Waste} || {Air | Light} || {Air | Thermal}",
 "nlq": "What are the Polluted element and Type of pollution for which the evolution in Rochester, Minnesota is lower than -4.33?"},
{"name": "template 15",
 "sql": "SELECT Polluted_element,Type_of_pollution,Value FROM DBdata WHERE ((State = 'Oregon' AND City = 'Redmond')) AND (Polluted_element,Type_of_pollution) IN (SELECT Polluted_element,Type_of_pollution FROM DBdata WHERE ((State = 'Minnesota' AND City = 'Rochester')) AND Value < -4.33)",
 "sqlResult": "{Soil | Industrial | -10.07} || {Soil | Inferior Irrigation | -31.05} || {Soil | Solid Waste | 96.72} || {Air | Light | 77.43} || {Air | Thermal | -2.04}",
 "nlq": "What is the evolution of pollution in Redmond, Oregon of Polluted element and of Type of pollution for which the evolution in Rochester, Minnesota is lower than -4.33? Please, report the corresponding Polluted element, Type of pollution, and evolution of pollution."}]
}
