AA,BB,CC,DD,Value
AA,BB,CC,DD,Value
AAhy,BBrt,CCgn,DDfm,-75.79
AAhy,BBhk,CCgn,DDfm,-45.12
AAhy,BBks,CCgn,DDfm,-88.16
AAnz,Boulder BB,CCgn,DDfm,-13.33
AAnz,BBms,CCgn,DDfm,97.27
AAhy,BBrt,CCgn,DDbc,-28.75
AAhy,BBhk,CCgn,DDbc,53.38
AAhy,BBks,CCgn,DDbc,-15.52
AAnz,Boulder BB,CCgn,DDbc,-22.76
AAnz,BBms,CCgn,DDbc,4.35
AAhy,BBrt,CCgn,DDjy,-70.55
AAhy,BBhk,CCgn,DDjy,86.17
AAhy,BBks,CCgn,DDjy,-3.04
AAnz,Boulder BB,CCgn,DDjy,91.23
AAnz,BBms,CCgn,DDjy,97.2
AAhy,BBrt,CCcr,DDcp,91.6
AAhy,BBhk,CCcr,DDcp,44.67
AAhy,BBks,CCcr,DDcp,87.74
AAnz,Boulder BB,CCcr,DDcp,15.1
AAnz,BBms,CCcr,DDcp,-74.77
AAhy,BBrt,CCcr,DDjs,79.74
AAhy,BBhk,CCcr,DDjs,98.14
AAhy,BBks,CCcr,DDjs,52
AAnz,Boulder BB,CCcr,DDjs,-33.41
AAnz,BBms,CCcr,DDjs,95.61
AAhy,BBrt,CCcr,DDdx,65.73
AAhy,BBhk,CCcr,DDdx,40.11
AAhy,BBks,CCcr,DDdx,48.64
AAnz,Boulder BB,CCcr,DDdx,-51.93
AAnz,BBms,CCcr,DDdx,-72.62
AAhy,BBrt,CCbw,DDnx,-84
AAhy,BBhk,CCbw,DDnx,-76.14
AAhy,BBks,CCbw,DDnx,82.87
AAnz,Boulder BB,CCbw,DDnx,65.34
AAnz,BBms,CCbw,DDnx,-76.52
AAhy,BBrt,CCbw,DDjx,83.65
AAhy,BBhk,CCbw,DDjx,39.61
AAhy,BBks,CCbw,DDjx,64.74
AAnz,Boulder BB,CCbw,DDjx,-36.84
AAnz,BBms,CCbw,DDjx,35.57

