{
"filename": "Evolution_of_pollution_in_percent_set7_4_DB.csv",
"questions": [{"name": "template 1",
 "sql": "SELECT Value FROM DBdata WHERE ((AA = 'AAhy' AND BB = 'BBcn')) AND ((CC = 'CCkr' AND DD = 'DDjs'))",
 "sqlResult": "{-1.36}",
 "nlq": "What is the evolution of DDjs pollution in BBcn, AAhy?"},
{"name": "template 2",
 "sql": "SELECT Value FROM DBdata WHERE ((AA = 'AAvz' AND BB = 'BBfq')) AND ((CC = 'CChv' AND DD = 'DDfm') OR (CC = 'CChv' AND DD = 'DDbv') OR (CC = 'CCkr' AND DD = 'DDjs') OR (CC = 'CCht' AND DD = 'DDjp'))",
 "sqlResult": "{-96.88} || {-31.3} || {-93.46} || {-90.64}",
 "nlq": "What is the evolution of DDfm, DDjs, DDjp, or DDbv pollution in BBfq, AAvz?"},
{"name": "template 3",
 "sql": "SELECT Value FROM DBdata WHERE ((AA = 'AAhy' AND BB = 'BBcn') OR (AA = 'AAvz' AND BB = 'BBhq') OR (AA = 'AAvz' AND BB = 'BBfq')) AND ((CC = 'CCkr' AND DD = 'DDjs'))",
 "sqlResult": "{-1.36} || {-55.37} || {-93.46}",
 "nlq": "What is the evolution of DDjs pollution in BBhq or BBfq, AAvz or BBcn, AAhy?"},
{"name": "template 4",
 "sql": "SELECT max(Value),sum(Value) FROM DBdata WHERE ((AA = 'AAvz' AND BB = 'BBhq') OR (AA = 'AAvz' AND BB = 'BBfq')) AND ((CC = 'CCht' AND DD = 'DDjp'))",
 "sqlResult": "{70.9 | -19.74}",
 "nlq": "What are the maximum and total evolutions of DDjp pollution in BBhq or BBfq, AAvz?"},
{"name": "template 6",
 "sql": "SELECT Value FROM DBdata WHERE ((AA = 'AAhy' AND BB = 'BBcn') OR (AA = 'AAhy' AND BB = 'BBnx') OR (AA = 'AAvz' AND BB = 'BBhq')) AND ((CC = 'CChv' AND DD = 'DDbv') OR (CC = 'CCkr' AND DD = 'DDjs'))",
 "sqlResult": "{-14.29} || {19.59} || {1.53} || {-1.36} || {31.18} || {-55.37}",
 "nlq": "What is the evolution of DDjs or DDbv pollution in BBhq, AAvz or BBcn or BBnx, AAhy?"},
{"name": "template 7",
 "sql": "SELECT min(Value),sum(Value) FROM DBdata WHERE ((AA = 'AAvz' AND BB = 'BBhq')) AND ((CC = 'CChv' AND DD = 'DDfm') OR (CC = 'CChv' AND DD = 'DDbv') OR (CC = 'CCkr' AND DD = 'DDfz') OR (CC = 'CCht' AND DD = 'DDjp') OR (CC = 'CCht' AND DD = 'DDny'))",
 "sqlResult": "{-60.41 | 193.43}",
 "nlq": "What are the minimum and total evolutions of DDfm, DDny, DDjp, DDfz, or DDbv pollution in BBhq, AAvz?"},
{"name": "template 8",
 "sql": "SELECT AA,BB,avg(Value),min(Value) FROM DBdata WHERE ((AA = 'AAhy' AND BB = 'BBcn') OR (AA = 'AAhy' AND BB = 'BBnx') OR (AA = 'AAvz' AND BB = 'BBhq') OR (AA = 'AAvz' AND BB = 'BBfq')) AND ((CC = 'CChv' AND DD = 'DDfm') OR (CC = 'CCkr' AND DD = 'DDfz') OR (CC = 'CCht' AND DD = 'DDjp') OR (CC = 'CCht' AND DD = 'DDny')) GROUP BY AA,BB",
 "sqlResult": "{AAhy | BBcn | 15.29 | -87.42} || {AAhy | BBnx | 18.44 | -89.76} || {AAvz | BBhq | 47.98 | -60.41} || {AAvz | BBfq | -45.09 | -96.88}",
 "nlq": "What are the average and minimum evolutions for each AA and BB, of DDfm, DDny, DDjp, or DDfz pollution in BBhq or BBfq, AAvz or BBcn or BBnx, AAhy? Please, report the corresponding AA and BB."},
{"name": "template 9",
 "sql": "SELECT min(Value) FROM DBdata WHERE ((AA = 'AAhy' AND BB = 'BBcn')) AND (CC IN ('CChv','CCkr','CCht')) GROUP BY CC",
 "sqlResult": "{-16.52} || {-1.36} || {-87.42}",
 "nlq": "What is the minimum evolution of pollution for each CC, of CCht, CCkr, or CChv in BBcn, AAhy?"},
{"name": "template 10",
 "sql": "SELECT CC,avg(Value) FROM DBdata WHERE ((AA = 'AAvz' AND BB = 'BBhq')) AND (CC IN ('CChv','CCkr','CCht')) GROUP BY CC",
 "sqlResult": "{CCht | -26.44} || {CCkr | 21.77} || {CChv | 51.81}",
 "nlq": "What is the average evolution of pollution for each CC, of CCht, CCkr, or CChv in BBhq, AAvz? Please, report the corresponding CC."},
{"name": "template 11",
 "sql": "SELECT CC,AA,BB,sum(Value) FROM DBdata WHERE ((AA = 'AAhy' AND BB = 'BBnx') OR (AA = 'AAvz' AND BB = 'BBfq')) AND (CC IN ('CChv','CCkr','CCht')) GROUP BY CC,AA,BB",
 "sqlResult": "{CCht | AAhy | BBnx | 49.02} || {CCht | AAvz | BBfq | -38.45} || {CCkr | AAhy | BBnx | -58.58} || {CCkr | AAvz | BBfq | -85.69} || {CChv | AAhy | BBnx | 75.93} || {CChv | AAvz | BBfq | -200.25}",
 "nlq": "What is the total evolution of pollution for each CC, AA, and BB, of CCht, CCkr, or CChv in BBnx, AAhy or BBfq, AAvz? Please, report the corresponding CC, AA, and BB."},
{"name": "template 12",
 "sql": "SELECT Value FROM DBdata WHERE ((AA = 'AAvz' AND BB = 'BBfq')) AND (CC IN ('CChv','CCht')) ORDER BY VALUE DESC LIMIT 2",
 "sqlResult": "{52.79} || {-0.6}",
 "nlq": "What are the top 2 evolutions of pollution of CCht or CChv in BBfq, AAvz?"},
{"name": "template 13",
 "sql": "SELECT Value FROM DBdata WHERE ((AA = 'AAvz' AND BB = 'BBfq')) AND (CC IN ('CCkr','CCht')) ORDER BY VALUE ASC",
 "sqlResult": "{-93.46} || {-90.64} || {-0.6} || {7.77} || {52.79}",
 "nlq": "What are the evolutions ordered by increasing values of pollution of CCht or CCkr in BBfq, AAvz?"},
{"name": "template 14",
 "sql": "SELECT CC,DD FROM DBdata WHERE ((AA = 'AAhy' AND BB = 'BBcn')) AND Value > -1.01",
 "sqlResult": "{CChv | DDlv} || {CCkr | DDfz} || {CCht | DDjp} || {CCht | DDny}",
 "nlq": "What are the CC and DD for which the evolution in BBcn, AAhy is greater than -1.01?"},
{"name": "template 15",
 "sql": "SELECT CC,DD,Value FROM DBdata WHERE ((AA = 'AAvz' AND BB = 'BBfq')) AND (CC,DD) IN (SELECT CC,DD FROM DBdata WHERE ((AA = 'AAhy' AND BB = 'BBcn')) AND Value > -1.01)",
 "sqlResult": "{CChv | DDlv | -72.07} || {CCkr | DDfz | 7.77} || {CCht | DDjp | -90.64} || {CCht | DDny | -0.6}",
 "nlq": "What is the evolution of pollution in BBfq, AAvz of CC and of DD for which the evolution in BBcn, AAhy is greater than -1.01? Please, report the corresponding CC, DD, and evolution of pollution."}]
}

