State,City,Polluted element,Type of pollution,Value
State,City,Polluted_element,Type_of_pollution,Value
Massachusetts,Boston,Water,Chemical,-70.15
Massachusetts,Cambridge,Water,Chemical,-76.98
Massachusetts,Lenox,Water,Chemical,-85
Michigan,Detroit,Water,Chemical,70.71
Michigan,Flint,Water,Chemical,68.89
Michigan,Port Huron,Water,Chemical,-67.07
Massachusetts,Boston,Water,Groundwater,95.28
Massachusetts,Cambridge,Water,Groundwater,73.77
Massachusetts,Lenox,Water,Groundwater,-43.03
Michigan,Detroit,Water,Groundwater,-18.94
Michigan,Flint,Water,Groundwater,-73.53
Michigan,Port Huron,Water,Groundwater,67.38
Massachusetts,Boston,Soil,Inferior Irrigation,-67.36
Massachusetts,Cambridge,Soil,Inferior Irrigation,92.53
Massachusetts,Lenox,Soil,Inferior Irrigation,2.86
Michigan,Detroit,Soil,Inferior Irrigation,96.35
Michigan,Flint,Soil,Inferior Irrigation,-22.49
Michigan,Port Huron,Soil,Inferior Irrigation,-54.83
Massachusetts,Boston,Soil,Solid Waste,-11.04
Massachusetts,Cambridge,Soil,Solid Waste,-97.92
Massachusetts,Lenox,Soil,Solid Waste,-2.25
Michigan,Detroit,Soil,Solid Waste,-40.6
Michigan,Flint,Soil,Solid Waste,-69.9
Michigan,Port Huron,Soil,Solid Waste,32.38
Massachusetts,Boston,Soil,Urban Activities,-30.55
Massachusetts,Cambridge,Soil,Urban Activities,33.45
Massachusetts,Lenox,Soil,Urban Activities,-28.59
Michigan,Detroit,Soil,Urban Activities,-69.91
Michigan,Flint,Soil,Urban Activities,62.04
Michigan,Port Huron,Soil,Urban Activities,25.44
