AA,BB,CC,DD,Value
AA,BB,CC,DD,Value
AAps,BBkt,CCwx,DDmw,-70.15
AAps,BBdh,CCwx,DDmw,-76.98
AAps,BBfj,CCwx,DDmw,-85
AAnz,BBqz,CCwx,DDmw,70.71
AAnz,BBgl,CCwx,DDmw,68.89
AAnz,BBwz,CCwx,DDmw,-67.07
AAps,BBkt,CCwx,DDnv,95.28
AAps,BBdh,CCwx,DDnv,73.77
AAps,BBfj,CCwx,DDnv,-43.03
AAnz,BBqz,CCwx,DDnv,-18.94
AAnz,BBgl,CCwx,DDnv,-73.53
AAnz,BBwz,CCwx,DDnv,67.38
AAps,BBkt,CCky,DDhp,-67.36
AAps,BBdh,CCky,DDhp,92.53
AAps,BBfj,CCky,DDhp,2.86
AAnz,BBqz,CCky,DDhp,96.35
AAnz,BBgl,CCky,DDhp,-22.49
AAnz,BBwz,CCky,DDhp,-54.83
AAps,BBkt,CCky,DDhy,-11.04
AAps,BBdh,CCky,DDhy,-97.92
AAps,BBfj,CCky,DDhy,-2.25
AAnz,BBqz,CCky,DDhy,-40.6
AAnz,BBgl,CCky,DDhy,-69.9
AAnz,BBwz,CCky,DDhy,32.38
AAps,BBkt,CCky,DDbf,-30.55
AAps,BBdh,CCky,DDbf,33.45
AAps,BBfj,CCky,DDbf,-28.59
AAnz,BBqz,CCky,DDbf,-69.91
AAnz,BBgl,CCky,DDbf,62.04
AAnz,BBwz,CCky,DDbf,25.44

