{
"filename": "Evolution_of_pollution_in_percent_set2_3_DB.csv",
"questions": [{"name": "template 1",
 "sql": "SELECT Value FROM DBdata WHERE ((State = 'Maryland' AND City = 'Baltimore')) AND ((Polluted_element = 'Air' AND Type_of_pollution = 'Thermal'))",
 "sqlResult": "{5.52}",
 "nlq": "What is the evolution of Thermal pollution in Baltimore, Maryland?"},
{"name": "template 2",
 "sql": "SELECT Value FROM DBdata WHERE ((State = 'Massachusetts' AND City = 'Lenox')) AND ((Polluted_element = 'Soil' AND Type_of_pollution = 'Inorganic Fertilizers') OR (Polluted_element = 'Soil' AND Type_of_pollution = 'Industrial') OR (Polluted_element = 'Air' AND Type_of_pollution = 'Noise') OR (Polluted_element = 'Air' AND Type_of_pollution = 'Light') OR (Polluted_element = 'Air' AND Type_of_pollution = 'Thermal'))",
 "sqlResult": "{-42.26} || {-99.74} || {88.08} || {85.56} || {-0.76}",
 "nlq": "What is the evolution of Industrial, Inorganic Fertilizers, Light, Noise, or Thermal pollution in Lenox, Massachusetts?"},
{"name": "template 3",
 "sql": "SELECT Value FROM DBdata WHERE ((State = 'Illinois' AND City = 'Chicago') OR (State = 'Maryland' AND City = 'Columbia') OR (State = 'Massachusetts' AND City = 'Cambridge')) AND ((Polluted_element = 'Air' AND Type_of_pollution = 'Thermal'))",
 "sqlResult": "{22.98} || {24.63} || {-63.41}",
 "nlq": "What is the evolution of Thermal pollution in Cambridge, Massachusetts or Chicago, Illinois or Columbia, Maryland?"},
{"name": "template 4",
 "sql": "SELECT min(Value),avg(Value) FROM DBdata WHERE ((State = 'Illinois' AND City = 'Chicago') OR (State = 'Maryland' AND City = 'Baltimore') OR (State = 'Maryland' AND City = 'Columbia') OR (State = 'Massachusetts' AND City = 'Cambridge') OR (State = 'Massachusetts' AND City = 'Lenox')) AND ((Polluted_element = 'Air' AND Type_of_pollution = 'Noise'))",
 "sqlResult": "{-55.26 | 36.28}",
 "nlq": "What are the minimum and average evolutions of Noise pollution in Baltimore or Columbia, Maryland or Cambridge or Lenox, Massachusetts or Chicago, Illinois?"},
{"name": "template 6",
 "sql": "SELECT Value FROM DBdata WHERE ((State = 'Illinois' AND City = 'Chicago') OR (State = 'Illinois' AND City = 'Springfield') OR (State = 'Maryland' AND City = 'Baltimore') OR (State = 'Maryland' AND City = 'Columbia') OR (State = 'Massachusetts' AND City = 'Lenox')) AND ((Polluted_element = 'Air' AND Type_of_pollution = 'Noise') OR (Polluted_element = 'Air' AND Type_of_pollution = 'Light'))",
 "sqlResult": "{-18.42} || {-47.11} || {86.92} || {80.06} || {88.08} || {-80.45} || {-72.36} || {-58.38} || {22.39} || {85.56}",
 "nlq": "What is the evolution of Light or Noise pollution in Baltimore or Columbia, Maryland or Chicago or Springfield, Illinois or Lenox, Massachusetts?"},
{"name": "template 7",
 "sql": "SELECT sum(Value),min(Value) FROM DBdata WHERE ((State = 'Illinois' AND City = 'Springfield')) AND ((Polluted_element = 'Soil' AND Type_of_pollution = 'Industrial') OR (Polluted_element = 'Air' AND Type_of_pollution = 'Noise') OR (Polluted_element = 'Air' AND Type_of_pollution = 'Light'))",
 "sqlResult": "{-164.16 | -72.36}",
 "nlq": "What are the total and minimum evolutions of Industrial, Light, or Noise pollution in Springfield, Illinois?"},
{"name": "template 8",
 "sql": "SELECT State,City,min(Value),avg(Value) FROM DBdata WHERE ((State = 'Illinois' AND City = 'Chicago') OR (State = 'Illinois' AND City = 'Springfield')) AND ((Polluted_element = 'Soil' AND Type_of_pollution = 'Inorganic Fertilizers') OR (Polluted_element = 'Soil' AND Type_of_pollution = 'Industrial') OR (Polluted_element = 'Air' AND Type_of_pollution = 'Noise')) GROUP BY State,City",
 "sqlResult": "{Illinois | Chicago | -21.41 | 16.62} || {Illinois | Springfield | -47.11 | -14.35}",
 "nlq": "What are the minimum and average evolutions for each State and City, of Industrial, Inorganic Fertilizers, or Noise pollution in Chicago or Springfield, Illinois? Please, report the corresponding State and City."},
{"name": "template 9",
 "sql": "SELECT min(Value) FROM DBdata WHERE ((State = 'Massachusetts' AND City = 'Lenox')) AND (Polluted_element IN ('Soil','Air')) GROUP BY Polluted_element",
 "sqlResult": "{-0.76} || {-99.74}",
 "nlq": "What is the minimum evolution of pollution for each Polluted element, of Air or Soil in Lenox, Massachusetts?"},
{"name": "template 10",
 "sql": "SELECT Polluted_element,sum(Value) FROM DBdata WHERE ((State = 'Massachusetts' AND City = 'Cambridge')) AND (Polluted_element IN ('Soil','Air')) GROUP BY Polluted_element",
 "sqlResult": "{Air | -137.43} || {Soil | 170.69}",
 "nlq": "What is the total evolution of pollution for each Polluted element, of Air or Soil in Cambridge, Massachusetts? Please, report the corresponding Polluted element."},
{"name": "template 11",
 "sql": "SELECT Polluted_element,State,City,max(Value) FROM DBdata WHERE ((State = 'Illinois' AND City = 'Chicago') OR (State = 'Maryland' AND City = 'Columbia')) AND (Polluted_element IN ('Soil','Air')) GROUP BY Polluted_element,State,City",
 "sqlResult": "{Air | Illinois | Chicago | 22.98} || {Air | Maryland | Columbia | 80.06} || {Soil | Illinois | Chicago | 89.68} || {Soil | Maryland | Columbia | -31.4}",
 "nlq": "What is the maximum evolution of pollution for each Polluted element, State, and City, of Air or Soil in Chicago, Illinois or Columbia, Maryland? Please, report the corresponding Polluted element, State, and City."},
{"name": "template 12",
 "sql": "SELECT Value FROM DBdata WHERE ((State = 'Massachusetts' AND City = 'Lenox')) AND (Polluted_element IN ('Soil','Air')) ORDER BY VALUE ASC LIMIT 2",
 "sqlResult": "{-99.74} || {-42.26}",
 "nlq": "What are the bottom 2 evolutions of pollution of Air or Soil in Lenox, Massachusetts?"},
{"name": "template 13",
 "sql": "SELECT Value FROM DBdata WHERE ((State = 'Maryland' AND City = 'Columbia')) AND (Polluted_element IN ('Soil','Air')) ORDER BY VALUE DESC",
 "sqlResult": "{80.06} || {24.63} || {22.39} || {-31.4} || {-57.01}",
 "nlq": "What are the evolutions ordered by decreasing values of pollution of Air or Soil in Columbia, Maryland?"},
{"name": "template 14",
 "sql": "SELECT Polluted_element,Type_of_pollution FROM DBdata WHERE ((State = 'Massachusetts' AND City = 'Lenox')) AND Value < 3.81",
 "sqlResult": "{Soil | Inorganic Fertilizers} || {Soil | Industrial} || {Air | Thermal}",
 "nlq": "What are the Polluted element and Type of pollution for which the evolution in Lenox, Massachusetts is lower than 3.81?"},
{"name": "template 15",
 "sql": "SELECT Polluted_element,Type_of_pollution,Value FROM DBdata WHERE ((State = 'Illinois' AND City = 'Chicago')) AND (Polluted_element,Type_of_pollution) IN (SELECT Polluted_element,Type_of_pollution FROM DBdata WHERE ((State = 'Massachusetts' AND City = 'Lenox')) AND Value < 3.81)",
 "sqlResult": "{Soil | Inorganic Fertilizers | -21.41} || {Soil | Industrial | 89.68} || {Air | Thermal | 22.98}",
 "nlq": "What is the evolution of pollution in Chicago, Illinois of Polluted element and of Type of pollution for which the evolution in Lenox, Massachusetts is lower than 3.81? Please, report the corresponding Polluted element, Type of pollution, and evolution of pollution."}]
}
