{
"filename": "Evolution_of_pollution_in_percent_set2_5_DB.csv",
"questions": [{"name": "template 1",
 "sql": "SELECT Value FROM DBdata WHERE ((AA = 'AAstv' AND BB = 'BBmns')) AND ((CC = 'CCkty' AND DD = 'DDhpw'))",
 "sqlResult": "{-56.17}",
 "nlq": "What is the evolution of DDhpw pollution in BBmns, AAstv?"},
{"name": "template 2",
 "sql": "SELECT Value FROM DBdata WHERE ((AA = 'AAnsv' AND BB = 'BBcvz')) AND ((CC = 'CCbry' AND DD = 'DDnpz') OR (CC = 'CCbry' AND DD = 'DDltz') OR (CC = 'CCbry' AND DD = 'DDnrx') OR (CC = 'CCbry' AND DD = 'DDfgk') OR (CC = 'CCkty' AND DD = 'DDfkq') OR (CC = 'CCkty' AND DD = 'DDhpw') OR (CC = 'CCkty' AND DD = 'DDjwy') OR (CC = 'CCkty' AND DD = 'DDdhj') OR (CC = 'CCjkr' AND DD = 'DDcnw'))",
 "sqlResult": "{-79.42} || {-50.83} || {-6.51} || {-20.03} || {-14.24} || {64.53} || {45.79} || {67.23} || {14.67}",
 "nlq": "What is the evolution of DDnpz, DDltz, DDfkq, DDhpw, DDcnw, DDnrx, DDjwy, DDfgk, or DDdhj pollution in BBcvz, AAnsv?"},
{"name": "template 3",
 "sql": "SELECT Value FROM DBdata WHERE ((AA = 'AAstv' AND BB = 'Boulder BB') OR (AA = 'AAstv' AND BB = 'BBmns') OR (AA = 'AAnsv' AND BB = 'BBcvz')) AND ((CC = 'CCkty' AND DD = 'DDjwy'))",
 "sqlResult": "{7.12} || {-97.11} || {45.79}",
 "nlq": "What is the evolution of DDjwy pollution in Boulder BB or BBmns, AAstv or BBcvz, AAnsv?"},
{"name": "template 4",
 "sql": "SELECT avg(Value),sum(Value) FROM DBdata WHERE ((AA = 'AAstv' AND BB = 'Boulder BB') OR (AA = 'AAstv' AND BB = 'BBmns') OR (AA = 'AAnsv' AND BB = 'BBdfw') OR (AA = 'AAnsv' AND BB = 'BBgjy') OR (AA = 'AAnsv' AND BB = 'BBcvz')) AND ((CC = 'CCbry' AND DD = 'DDfgk'))",
 "sqlResult": "{-29.54 | -147.69}",
 "nlq": "What are the average and total evolutions of DDfgk pollution in Boulder BB or BBmns, AAstv or BBdfw, BBgjy, or BBcvz, AAnsv?"},
{"name": "template 6",
 "sql": "SELECT Value FROM DBdata WHERE ((AA = 'AAstv' AND BB = 'BBchj') OR (AA = 'AAstv' AND BB = 'BBmns') OR (AA = 'AAnsv' AND BB = 'BBdfw')) AND ((CC = 'CCbry' AND DD = 'DDnrx') OR (CC = 'CCkty' AND DD = 'DDfkq'))",
 "sqlResult": "{5.15} || {-50.02} || {-20.6} || {67.66} || {0.1} || {-10.5}",
 "nlq": "What is the evolution of DDfkq or DDnrx pollution in BBchj or BBmns, AAstv or BBdfw, AAnsv?"},
{"name": "template 7",
 "sql": "SELECT min(Value),avg(Value) FROM DBdata WHERE ((AA = 'AAnsv' AND BB = 'BBcvz')) AND ((CC = 'CCbry' AND DD = 'DDnpz') OR (CC = 'CCbry' AND DD = 'DDnrx') OR (CC = 'CCkty' AND DD = 'DDhpw') OR (CC = 'CCkty' AND DD = 'DDjwy') OR (CC = 'CCkty' AND DD = 'DDdhj'))",
 "sqlResult": "{-79.42 | 18.32}",
 "nlq": "What are the minimum and average evolutions of DDnpz, DDhpw, DDnrx, DDjwy, or DDdhj pollution in BBcvz, AAnsv?"},
{"name": "template 8",
 "sql": "SELECT AA,BB,min(Value),max(Value) FROM DBdata WHERE ((AA = 'AAstv' AND BB = 'Boulder BB') OR (AA = 'AAstv' AND BB = 'BBchj') OR (AA = 'AAstv' AND BB = 'BBmns') OR (AA = 'AAnsv' AND BB = 'BBcvz')) AND ((CC = 'CCbry' AND DD = 'DDfgk') OR (CC = 'CCkty' AND DD = 'DDhpw') OR (CC = 'CCkty' AND DD = 'DDdhj') OR (CC = 'CCjkr' AND DD = 'DDcnw')) GROUP BY AA,BB",
 "sqlResult": "{AAstv | Boulder BB | -66.04 | -6.21} || {AAstv | BBchj | -44.9 | 87.29} || {AAstv | BBmns | -81.38 | 52.22} || {AAnsv | BBcvz | -20.03 | 67.23}",
 "nlq": "What are the minimum and maximum evolutions for each AA and BB, of DDhpw, DDcnw, DDfgk, or DDdhj pollution in Boulder BB, BBchj, or BBmns, AAstv or BBcvz, AAnsv? Please, report the corresponding AA and BB."},
{"name": "template 9",
 "sql": "SELECT min(Value) FROM DBdata WHERE ((AA = 'AAstv' AND BB = 'Boulder BB')) AND (CC IN ('CCbry','CCkty','CCjkr')) GROUP BY CC",
 "sqlResult": "{-67.76} || {-93.62} || {-52.08}",
 "nlq": "What is the minimum evolution of pollution for each CC, of CCjkr, CCkty, or CCbry in Boulder BB, AAstv?"},
{"name": "template 10",
 "sql": "SELECT CC,max(Value) FROM DBdata WHERE ((AA = 'AAnsv' AND BB = 'BBgjy')) AND (CC IN ('CCbry','CCkty','CCjkr')) GROUP BY CC",
 "sqlResult": "{CCjkr | -5.37} || {CCkty | 55.02} || {CCbry | 66.72}",
 "nlq": "What is the maximum evolution of pollution for each CC, of CCjkr, CCkty, or CCbry in BBgjy, AAnsv? Please, report the corresponding CC."},
{"name": "template 11",
 "sql": "SELECT CC,AA,BB,avg(Value) FROM DBdata WHERE ((AA = 'AAstv' AND BB = 'Boulder BB') OR (AA = 'AAstv' AND BB = 'BBchj') OR (AA = 'AAstv' AND BB = 'BBmns')) AND (CC IN ('CCbry','CCkty','CCjkr')) GROUP BY CC,AA,BB",
 "sqlResult": "{CCjkr | AAstv | Boulder BB | -37.94} || {CCjkr | AAstv | BBchj | 28.74} || {CCjkr | AAstv | BBmns | -6.67} || {CCkty | AAstv | Boulder BB | -53.56} || {CCkty | AAstv | BBchj | 8.24} || {CCkty | AAstv | BBmns | -25.24} || {CCbry | AAstv | Boulder BB | -8.24} || {CCbry | AAstv | BBchj | -13.32} || {CCbry | AAstv | BBmns | -30.93}",
 "nlq": "What is the average evolution of pollution for each CC, AA, and BB, of CCjkr, CCkty, or CCbry in Boulder BB, BBchj, or BBmns, AAstv? Please, report the corresponding CC, AA, and BB."},
{"name": "template 12",
 "sql": "SELECT Value FROM DBdata WHERE ((AA = 'AAstv' AND BB = 'BBchj')) AND (CC IN ('CCbry','CCjkr')) ORDER BY VALUE DESC LIMIT 2",
 "sqlResult": "{72.94} || {37.09}",
 "nlq": "What are the top 2 evolutions of pollution of CCjkr or CCbry in BBchj, AAstv?"},
{"name": "template 13",
 "sql": "SELECT Value FROM DBdata WHERE ((AA = 'AAstv' AND BB = 'BBmns')) AND (CC IN ('CCkty','CCjkr')) ORDER BY VALUE ASC",
 "sqlResult": "{-97.11} || {-56.17} || {-20.24} || {0.1} || {6.89} || {52.22}",
 "nlq": "What are the evolutions ordered by increasing values of pollution of CCjkr or CCkty in BBmns, AAstv?"},
{"name": "template 14",
 "sql": "SELECT CC,DD FROM DBdata WHERE ((AA = 'AAnsv' AND BB = 'BBcvz')) AND Value < -8.37",
 "sqlResult": "{CCbry | DDnpz} || {CCbry | DDltz} || {CCbry | DDfgk} || {CCkty | DDfkq}",
 "nlq": "What are the CC and DD for which the evolution in BBcvz, AAnsv is lower than -8.37?"},
{"name": "template 15",
 "sql": "SELECT CC,DD,Value FROM DBdata WHERE ((AA = 'AAstv' AND BB = 'BBchj')) AND (CC,DD) IN (SELECT CC,DD FROM DBdata WHERE ((AA = 'AAnsv' AND BB = 'BBcvz')) AND Value < -8.37)",
 "sqlResult": "{CCbry | DDnpz | 1.06} || {CCbry | DDltz | -96.59} || {CCbry | DDfgk | 37.09} || {CCkty | DDfkq | 67.66}",
 "nlq": "What is the evolution of pollution in BBchj, AAstv of CC and of DD for which the evolution in BBcvz, AAnsv is lower than -8.37? Please, report the corresponding CC, DD, and evolution of pollution."}]
}

