State,City,Polluted element,Type of pollution,Value
State,City,Polluted_element,Type_of_pollution,Value
Nevada,Las Vegas,Water,Chemical,19.07
Nevada,Reno,Water,Chemical,72.34
Oregon,Redmond,Water,Chemical,-29.81
Oregon,Salem,Water,Chemical,-6.1
Nevada,Las Vegas,Water,Groundwater,93.75
Nevada,Reno,Water,Groundwater,23.24
Oregon,Redmond,Water,Groundwater,49.98
Oregon,Salem,Water,Groundwater,23.79
Nevada,Las Vegas,Water,Oxygen-depletion,-16.08
Nevada,Reno,Water,Oxygen-depletion,34.67
Oregon,Redmond,Water,Oxygen-depletion,-72.53
Oregon,Salem,Water,Oxygen-depletion,-79.48
Nevada,Las Vegas,Soil,Inorganic Fertilizers,70.31
Nevada,Reno,Soil,Inorganic Fertilizers,92.59
Oregon,Redmond,Soil,Inorganic Fertilizers,37.45
Oregon,Salem,Soil,Inorganic Fertilizers,-74.98
Nevada,Las Vegas,Soil,Industrial,38.05
Nevada,Reno,Soil,Industrial,89.3
Oregon,Redmond,Soil,Industrial,30.84
Oregon,Salem,Soil,Industrial,62.27
Nevada,Las Vegas,Air,Light,-23.03
Nevada,Reno,Air,Light,4.67
Oregon,Redmond,Air,Light,23.54
Oregon,Salem,Air,Light,-84.3
Nevada,Las Vegas,Air,Thermal,10.78
Nevada,Reno,Air,Thermal,-9.35
Oregon,Redmond,Air,Thermal,-15.74
Oregon,Salem,Air,Thermal,-29.38
