{
"filename": "Evolution_of_pollution_in_percent_set10_2_DB.csv",
"questions": [{"name": "template 1",
 "sql": "SELECT Value FROM DBdata WHERE ((AA = 'AAftw' AND BB = 'BBmrs')) AND ((CC = 'CCdlm' AND DD = 'DDfrx'))",
 "sqlResult": "{37.86}",
 "nlq": "What is the evolution of DDfrx pollution in BBmrs, AAftw?"},
{"name": "template 2",
 "sql": "SELECT Value FROM DBdata WHERE ((AA = 'AAcdy' AND BB = 'Boulder BB')) AND ((CC = 'CCgsx' AND DD = 'DDfgl') OR (CC = 'CCgsx' AND DD = 'DDmsv') OR (CC = 'CCgsx' AND DD = 'DDrsv') OR (CC = 'CCdlm' AND DD = 'DDhlp') OR (CC = 'CCgrz' AND DD = 'DDclp') OR (CC = 'CCgrz' AND DD = 'DDmsx') OR (CC = 'CCgrz' AND DD = 'DDfjy'))",
 "sqlResult": "{-26.21} || {92.63} || {-26.65} || {-24} || {59.91} || {49.76} || {-92.62}",
 "nlq": "What is the evolution of DDfgl, DDmsv, DDhlp, DDmsx, DDclp, DDrsv, or DDfjy pollution in Boulder BB, AAcdy?"},
{"name": "template 3",
 "sql": "SELECT Value FROM DBdata WHERE ((AA = 'AAcdy' AND BB = 'BBhnw') OR (AA = 'AAftw' AND BB = 'BBbhr')) AND ((CC = 'CCgsx' AND DD = 'DDkms'))",
 "sqlResult": "{-25.91} || {-62.67}",
 "nlq": "What is the evolution of DDkms pollution in BBbhr, AAftw or BBhnw, AAcdy?"},
{"name": "template 4",
 "sql": "SELECT min(Value),sum(Value) FROM DBdata WHERE ((AA = 'AAcdy' AND BB = 'BBcvz') OR (AA = 'AAftw' AND BB = 'BBfhk') OR (AA = 'AAftw' AND BB = 'BBbhr') OR (AA = 'AAftw' AND BB = 'BBmrs')) AND ((CC = 'CCgrz' AND DD = 'DDmsx'))",
 "sqlResult": "{-96.35 | 20.59}",
 "nlq": "What are the minimum and total evolutions of DDmsx pollution in BBcvz, AAcdy or BBfhk, BBbhr, or BBmrs, AAftw?"},
{"name": "template 6",
 "sql": "SELECT Value FROM DBdata WHERE ((AA = 'AAcdy' AND BB = 'BBhnw') OR (AA = 'AAftw' AND BB = 'BBfhk') OR (AA = 'AAftw' AND BB = 'BBbhr')) AND ((CC = 'CCgsx' AND DD = 'DDrsv') OR (CC = 'CCgsx' AND DD = 'DDkms') OR (CC = 'CCgrz' AND DD = 'DDmsx'))",
 "sqlResult": "{79.39} || {-95.08} || {-88.27} || {-25.91} || {-51.82} || {-62.67} || {54.72} || {32.35} || {62.4}",
 "nlq": "What is the evolution of DDmsx, DDrsv, or DDkms pollution in BBfhk or BBbhr, AAftw or BBhnw, AAcdy?"},
{"name": "template 7",
 "sql": "SELECT max(Value),min(Value) FROM DBdata WHERE ((AA = 'AAcdy' AND BB = 'BBhnw')) AND ((CC = 'CCdlm' AND DD = 'DDfrx') OR (CC = 'CCdlm' AND DD = 'DDhlp') OR (CC = 'CCgrz' AND DD = 'DDclp') OR (CC = 'CCgrz' AND DD = 'DDmsx') OR (CC = 'CCgrz' AND DD = 'DDfjy'))",
 "sqlResult": "{54.72 | -77}",
 "nlq": "What are the maximum and minimum evolutions of DDfrx, DDhlp, DDmsx, DDclp, or DDfjy pollution in BBhnw, AAcdy?"},
{"name": "template 8",
 "sql": "SELECT AA,BB,min(Value),sum(Value) FROM DBdata WHERE ((AA = 'AAcdy' AND BB = 'BBcvz') OR (AA = 'AAcdy' AND BB = 'BBhnw') OR (AA = 'AAftw' AND BB = 'BBfhk') OR (AA = 'AAftw' AND BB = 'BBmrs')) AND ((CC = 'CCgsx' AND DD = 'DDmsv') OR (CC = 'CCgsx' AND DD = 'DDkms')) GROUP BY AA,BB",
 "sqlResult": "{AAcdy | BBcvz | -64.37 | -123.8} || {AAcdy | BBhnw | -25.91 | -14.43} || {AAftw | BBfhk | -93.81 | -145.63} || {AAftw | BBmrs | 1.21 | 81.6}",
 "nlq": "What are the minimum and total evolutions for each AA and BB, of DDmsv or DDkms pollution in BBcvz or BBhnw, AAcdy or BBfhk or BBmrs, AAftw? Please, report the corresponding AA and BB."},
{"name": "template 9",
 "sql": "SELECT min(Value) FROM DBdata WHERE ((AA = 'AAcdy' AND BB = 'Boulder BB')) AND (CC IN ('CCgsx','CCdlm','CCgrz')) GROUP BY CC",
 "sqlResult": "{-92.62} || {-89.22} || {-26.65}",
 "nlq": "What is the minimum evolution of pollution for each CC, of CCgrz, CCdlm, or CCgsx in Boulder BB, AAcdy?"},
{"name": "template 10",
 "sql": "SELECT CC,min(Value) FROM DBdata WHERE ((AA = 'AAftw' AND BB = 'BBmrs')) AND (CC IN ('CCgsx','CCdlm','CCgrz')) GROUP BY CC",
 "sqlResult": "{CCgrz | -96.35} || {CCdlm | 2.2} || {CCgsx | -19.9}",
 "nlq": "What is the minimum evolution of pollution for each CC, of CCgrz, CCdlm, or CCgsx in BBmrs, AAftw? Please, report the corresponding CC."},
{"name": "template 11",
 "sql": "SELECT CC,AA,BB,max(Value) FROM DBdata WHERE ((AA = 'AAcdy' AND BB = 'BBcvz') OR (AA = 'AAftw' AND BB = 'BBbhr') OR (AA = 'AAftw' AND BB = 'BBmrs')) AND (CC IN ('CCgsx','CCdlm','CCgrz')) GROUP BY CC,AA,BB",
 "sqlResult": "{CCgrz | AAcdy | BBcvz | 22.19} || {CCgrz | AAftw | BBbhr | 62.4} || {CCgrz | AAftw | BBmrs | -3.24} || {CCdlm | AAcdy | BBcvz | 37.13} || {CCdlm | AAftw | BBbhr | 19.68} || {CCdlm | AAftw | BBmrs | 37.86} || {CCgsx | AAcdy | BBcvz | -14.29} || {CCgsx | AAftw | BBbhr | 95.28} || {CCgsx | AAftw | BBmrs | 87.5}",
 "nlq": "What is the maximum evolution of pollution for each CC, AA, and BB, of CCgrz, CCdlm, or CCgsx in BBcvz, AAcdy or BBbhr or BBmrs, AAftw? Please, report the corresponding CC, AA, and BB."},
{"name": "template 12",
 "sql": "SELECT Value FROM DBdata WHERE ((AA = 'AAftw' AND BB = 'BBbhr')) AND (CC IN ('CCdlm','CCgrz')) ORDER BY VALUE DESC LIMIT 3",
 "sqlResult": "{62.4} || {19.68} || {-19.57}",
 "nlq": "What are the top 3 evolutions of pollution of CCgrz or CCdlm in BBbhr, AAftw?"},
{"name": "template 13",
 "sql": "SELECT Value FROM DBdata WHERE ((AA = 'AAcdy' AND BB = 'Boulder BB')) AND (CC IN ('CCgsx','CCgrz')) ORDER BY VALUE ASC",
 "sqlResult": "{-92.62} || {-26.65} || {-26.21} || {14.19} || {49.76} || {59.91} || {92.63}",
 "nlq": "What are the evolutions ordered by increasing values of pollution of CCgrz or CCgsx in Boulder BB, AAcdy?"},
{"name": "template 14",
 "sql": "SELECT CC,DD FROM DBdata WHERE ((AA = 'AAftw' AND BB = 'BBmrs')) AND Value < -13.5",
 "sqlResult": "{CCgsx | DDrsv} || {CCgrz | DDmsx}",
 "nlq": "What are the CC and DD for which the evolution in BBmrs, AAftw is lower than -13.5?"},
{"name": "template 15",
 "sql": "SELECT CC,DD,Value FROM DBdata WHERE ((AA = 'AAftw' AND BB = 'BBfhk')) AND (CC,DD) IN (SELECT CC,DD FROM DBdata WHERE ((AA = 'AAftw' AND BB = 'BBmrs')) AND Value < -13.5)",
 "sqlResult": "{CCgsx | DDrsv | -95.08} || {CCgrz | DDmsx | 32.35}",
 "nlq": "What is the evolution of pollution in BBfhk, AAftw of CC and of DD for which the evolution in BBmrs, AAftw is lower than -13.5? Please, report the corresponding CC, DD, and evolution of pollution."}]
}

