{
"filename": "Evolution_of_pollution_in_percent_set1_2_DB.csv",
"questions": [{"name": "template 1",
 "sql": "SELECT Value FROM DBdata WHERE ((AA = 'AAnz' AND BB = 'BBgl')) AND ((CC = 'CCky' AND DD = 'DDhy'))",
 "sqlResult": "{-69.9}",
 "nlq": "What is the evolution of DDhy pollution in BBgl, AAnz?"},
{"name": "template 2",
 "sql": "SELECT Value FROM DBdata WHERE ((AA = 'AAnz' AND BB = 'BBqz')) AND ((CC = 'CCwx' AND DD = 'DDmw') OR (CC = 'CCwx' AND DD = 'DDnv') OR (CC = 'CCky' AND DD = 'DDhp') OR (CC = 'CCky' AND DD = 'DDhy') OR (CC = 'CCky' AND DD = 'DDbf'))",
 "sqlResult": "{70.71} || {-18.94} || {96.35} || {-40.6} || {-69.91}",
 "nlq": "What is the evolution of DDmw, DDnv, DDhp, DDhy, or DDbf pollution in BBqz, AAnz?"},
{"name": "template 3",
 "sql": "SELECT Value FROM DBdata WHERE ((AA = 'AAnz' AND BB = 'BBqz') OR (AA = 'AAnz' AND BB = 'BBwz')) AND ((CC = 'CCky' AND DD = 'DDbf'))",
 "sqlResult": "{-69.91} || {25.44}",
 "nlq": "What is the evolution of DDbf pollution in BBqz or BBwz, AAnz?"},
{"name": "template 4",
 "sql": "SELECT sum(Value),min(Value) FROM DBdata WHERE ((AA = 'AAps' AND BB = 'BBkt') OR (AA = 'AAnz' AND BB = 'BBqz')) AND ((CC = 'CCky' AND DD = 'DDhp'))",
 "sqlResult": "{28.99 | -67.36}",
 "nlq": "What are the total and minimum evolutions of DDhp pollution in BBkt, AAps or BBqz, AAnz?"},
{"name": "template 6",
 "sql": "SELECT Value FROM DBdata WHERE ((AA = 'AAps' AND BB = 'BBkt') OR (AA = 'AAps' AND BB = 'BBdh') OR (AA = 'AAnz' AND BB = 'BBwz')) AND ((CC = 'CCwx' AND DD = 'DDnv') OR (CC = 'CCky' AND DD = 'DDbf'))",
 "sqlResult": "{95.28} || {73.77} || {67.38} || {-30.55} || {33.45} || {25.44}",
 "nlq": "What is the evolution of DDnv or DDbf pollution in BBkt or BBdh, AAps or BBwz, AAnz?"},
{"name": "template 7",
 "sql": "SELECT min(Value),max(Value) FROM DBdata WHERE ((AA = 'AAps' AND BB = 'BBdh')) AND ((CC = 'CCwx' AND DD = 'DDmw') OR (CC = 'CCwx' AND DD = 'DDnv') OR (CC = 'CCky' AND DD = 'DDhy') OR (CC = 'CCky' AND DD = 'DDbf'))",
 "sqlResult": "{-97.92 | 73.77}",
 "nlq": "What are the minimum and maximum evolutions of DDmw, DDnv, DDhy, or DDbf pollution in BBdh, AAps?"},
{"name": "template 8",
 "sql": "SELECT AA,BB,sum(Value),avg(Value) FROM DBdata WHERE ((AA = 'AAps' AND BB = 'BBdh') OR (AA = 'AAps' AND BB = 'BBfj') OR (AA = 'AAnz' AND BB = 'BBwz')) AND ((CC = 'CCwx' AND DD = 'DDmw') OR (CC = 'CCwx' AND DD = 'DDnv') OR (CC = 'CCky' AND DD = 'DDhy') OR (CC = 'CCky' AND DD = 'DDbf')) GROUP BY AA,BB",
 "sqlResult": "{AAps | BBdh | -67.68 | -16.92} || {AAps | BBfj | -158.87 | -39.72} || {AAnz | BBwz | 58.13 | 14.53}",
 "nlq": "What are the total and average evolutions for each AA and BB, of DDmw, DDnv, DDhy, or DDbf pollution in BBdh or BBfj, AAps or BBwz, AAnz? Please, report the corresponding AA and BB."},
{"name": "template 9",
 "sql": "SELECT min(Value) FROM DBdata WHERE ((AA = 'AAnz' AND BB = 'BBgl')) AND (CC IN ('CCwx','CCky')) GROUP BY CC",
 "sqlResult": "{-69.9} || {-73.53}",
 "nlq": "What is the minimum evolution of pollution for each CC, of CCky or CCwx in BBgl, AAnz?"},
{"name": "template 10",
 "sql": "SELECT CC,sum(Value) FROM DBdata WHERE ((AA = 'AAnz' AND BB = 'BBqz')) AND (CC IN ('CCwx','CCky')) GROUP BY CC",
 "sqlResult": "{CCky | -14.16} || {CCwx | 51.77}",
 "nlq": "What is the total evolution of pollution for each CC, of CCky or CCwx in BBqz, AAnz? Please, report the corresponding CC."},
{"name": "template 11",
 "sql": "SELECT CC,AA,BB,sum(Value) FROM DBdata WHERE ((AA = 'AAps' AND BB = 'BBfj') OR (AA = 'AAnz' AND BB = 'BBgl')) AND (CC IN ('CCwx','CCky')) GROUP BY CC,AA,BB",
 "sqlResult": "{CCky | AAps | BBfj | -27.98} || {CCky | AAnz | BBgl | -30.35} || {CCwx | AAps | BBfj | -128.03} || {CCwx | AAnz | BBgl | -4.64}",
 "nlq": "What is the total evolution of pollution for each CC, AA, and BB, of CCky or CCwx in BBgl, AAnz or BBfj, AAps? Please, report the corresponding CC, AA, and BB."},
{"name": "template 12",
 "sql": "SELECT Value FROM DBdata WHERE ((AA = 'AAnz' AND BB = 'BBwz')) AND (CC IN ('CCwx','CCky')) ORDER BY VALUE DESC LIMIT 4",
 "sqlResult": "{67.38} || {32.38} || {25.44} || {-54.83}",
 "nlq": "What are the top 4 evolutions of pollution of CCky or CCwx in BBwz, AAnz?"},
{"name": "template 13",
 "sql": "SELECT Value FROM DBdata WHERE ((AA = 'AAps' AND BB = 'BBfj')) AND (CC IN ('CCwx','CCky')) ORDER BY VALUE DESC",
 "sqlResult": "{2.86} || {-2.25} || {-28.59} || {-43.03} || {-85}",
 "nlq": "What are the evolutions ordered by decreasing values of pollution of CCky or CCwx in BBfj, AAps?"},
{"name": "template 14",
 "sql": "SELECT CC,DD FROM DBdata WHERE ((AA = 'AAnz' AND BB = 'BBqz')) AND Value < -6.97",
 "sqlResult": "{CCwx | DDnv} || {CCky | DDhy} || {CCky | DDbf}",
 "nlq": "What are the CC and DD for which the evolution in BBqz, AAnz is lower than -6.97?"},
{"name": "template 15",
 "sql": "SELECT CC,DD,Value FROM DBdata WHERE ((AA = 'AAnz' AND BB = 'BBgl')) AND (CC,DD) IN (SELECT CC,DD FROM DBdata WHERE ((AA = 'AAnz' AND BB = 'BBqz')) AND Value < -6.97)",
 "sqlResult": "{CCwx | DDnv | -73.53} || {CCky | DDhy | -69.9} || {CCky | DDbf | 62.04}",
 "nlq": "What is the evolution of pollution in BBgl, AAnz of CC and of DD for which the evolution in BBqz, AAnz is lower than -6.97? Please, report the corresponding CC, DD, and evolution of pollution."}]
}

