{
"filename": "Evolution_of_pollution_in_percent_set7_5_DB.csv",
"questions": [{"name": "template 1",
 "sql": "SELECT Value FROM DBdata WHERE ((State = 'Minnesota' AND City = 'Minneapolis')) AND ((Polluted_element = 'Soil' AND Type_of_pollution = 'Industrial'))",
 "sqlResult": "{-26.33}",
 "nlq": "What is the evolution of Industrial pollution in Minneapolis, Minnesota?"},
{"name": "template 2",
 "sql": "SELECT Value FROM DBdata WHERE ((State = 'Michigan' AND City = 'Flint')) AND ((Polluted_element = 'Soil' AND Type_of_pollution = 'Inorganic Fertilizers') OR (Polluted_element = 'Soil' AND Type_of_pollution = 'Industrial') OR (Polluted_element = 'Soil' AND Type_of_pollution = 'Inferior Irrigation') OR (Polluted_element = 'Air' AND Type_of_pollution = 'Noise') OR (Polluted_element = 'Air' AND Type_of_pollution = 'Light') OR (Polluted_element = 'Air' AND Type_of_pollution = 'Thermal'))",
 "sqlResult": "{39.47} || {-92.47} || {76.64} || {-55.77} || {-27.05} || {42.97}",
 "nlq": "What is the evolution of Industrial, Inferior Irrigation, Inorganic Fertilizers, Light, Noise, or Thermal pollution in Flint, Michigan?"},
{"name": "template 3",
 "sql": "SELECT Value FROM DBdata WHERE ((State = 'Massachusetts' AND City = 'Boston') OR (State = 'Massachusetts' AND City = 'Cambridge') OR (State = 'Massachusetts' AND City = 'Lenox') OR (State = 'Michigan' AND City = 'Detroit') OR (State = 'Michigan' AND City = 'Flint') OR (State = 'Minnesota' AND City = 'Minneapolis') OR (State = 'Minnesota' AND City = 'Rochester')) AND ((Polluted_element = 'Soil' AND Type_of_pollution = 'Industrial'))",
 "sqlResult": "{27.3} || {-53.78} || {24.08} || {34.39} || {-92.47} || {-26.33} || {79.81}",
 "nlq": "What is the evolution of Industrial pollution in Boston, Cambridge, or Lenox, Massachusetts or Detroit or Flint, Michigan or Minneapolis or Rochester, Minnesota?"},
{"name": "template 4",
 "sql": "SELECT sum(Value),avg(Value) FROM DBdata WHERE ((State = 'Massachusetts' AND City = 'Boston') OR (State = 'Massachusetts' AND City = 'Lenox') OR (State = 'Michigan' AND City = 'Detroit') OR (State = 'Michigan' AND City = 'Flint') OR (State = 'Minnesota' AND City = 'Rochester')) AND ((Polluted_element = 'Air' AND Type_of_pollution = 'Noise'))",
 "sqlResult": "{17.09 | 3.42}",
 "nlq": "What are the total and average evolutions of Noise pollution in Boston or Lenox, Massachusetts or Detroit or Flint, Michigan or Rochester, Minnesota?"},
{"name": "template 6",
 "sql": "SELECT Value FROM DBdata WHERE ((State = 'Massachusetts' AND City = 'Boston') OR (State = 'Minnesota' AND City = 'Minneapolis')) AND ((Polluted_element = 'Soil' AND Type_of_pollution = 'Inferior Irrigation') OR (Polluted_element = 'Air' AND Type_of_pollution = 'Noise') OR (Polluted_element = 'Air' AND Type_of_pollution = 'Light') OR (Polluted_element = 'Air' AND Type_of_pollution = 'Thermal'))",
 "sqlResult": "{4.9} || {-7.17} || {41.96} || {62.37} || {-25.15} || {-94.37} || {55.44} || {8.88}",
 "nlq": "What is the evolution of Inferior Irrigation, Light, Noise, or Thermal pollution in Boston, Massachusetts or Minneapolis, Minnesota?"},
{"name": "template 7",
 "sql": "SELECT max(Value),min(Value) FROM DBdata WHERE ((State = 'Massachusetts' AND City = 'Cambridge')) AND ((Polluted_element = 'Soil' AND Type_of_pollution = 'Industrial') OR (Polluted_element = 'Air' AND Type_of_pollution = 'Light'))",
 "sqlResult": "{90.57 | -53.78}",
 "nlq": "What are the maximum and minimum evolutions of Industrial or Light pollution in Cambridge, Massachusetts?"},
{"name": "template 8",
 "sql": "SELECT State,City,min(Value),max(Value) FROM DBdata WHERE ((State = 'Michigan' AND City = 'Detroit') OR (State = 'Michigan' AND City = 'Flint')) AND ((Polluted_element = 'Soil' AND Type_of_pollution = 'Industrial') OR (Polluted_element = 'Soil' AND Type_of_pollution = 'Inferior Irrigation') OR (Polluted_element = 'Air' AND Type_of_pollution = 'Noise')) GROUP BY State,City",
 "sqlResult": "{Michigan | Detroit | 34.39 | 69.67} || {Michigan | Flint | -92.47 | 76.64}",
 "nlq": "What are the minimum and maximum evolutions for each State and City, of Industrial, Inferior Irrigation, or Noise pollution in Detroit or Flint, Michigan? Please, report the corresponding State and City."},
{"name": "template 9",
 "sql": "SELECT min(Value) FROM DBdata WHERE ((State = 'Michigan' AND City = 'Flint')) AND (Polluted_element IN ('Soil','Air')) GROUP BY Polluted_element",
 "sqlResult": "{-55.77} || {-92.47}",
 "nlq": "What is the minimum evolution of pollution for each Polluted element, of Air or Soil in Flint, Michigan?"},
{"name": "template 10",
 "sql": "SELECT Polluted_element,avg(Value) FROM DBdata WHERE ((State = 'Minnesota' AND City = 'Rochester')) AND (Polluted_element IN ('Soil','Air')) GROUP BY Polluted_element",
 "sqlResult": "{Air | 37.92} || {Soil | 28.39}",
 "nlq": "What is the average evolution of pollution for each Polluted element, of Air or Soil in Rochester, Minnesota? Please, report the corresponding Polluted element."},
{"name": "template 11",
 "sql": "SELECT Polluted_element,State,City,max(Value) FROM DBdata WHERE ((State = 'Massachusetts' AND City = 'Cambridge') OR (State = 'Michigan' AND City = 'Detroit') OR (State = 'Michigan' AND City = 'Flint')) AND (Polluted_element IN ('Soil','Air')) GROUP BY Polluted_element,State,City",
 "sqlResult": "{Air | Massachusetts | Cambridge | 90.57} || {Air | Michigan | Detroit | 66.14} || {Air | Michigan | Flint | 42.97} || {Soil | Massachusetts | Cambridge | -36.47} || {Soil | Michigan | Detroit | 69.67} || {Soil | Michigan | Flint | 76.64}",
 "nlq": "What is the maximum evolution of pollution for each Polluted element, State, and City, of Air or Soil in Cambridge, Massachusetts or Detroit or Flint, Michigan? Please, report the corresponding Polluted element, State, and City."},
{"name": "template 12",
 "sql": "SELECT Value FROM DBdata WHERE ((State = 'Minnesota' AND City = 'Minneapolis')) AND (Polluted_element IN ('Soil','Air')) ORDER BY VALUE DESC LIMIT 3",
 "sqlResult": "{62.37} || {39.1} || {8.88}",
 "nlq": "What are the top 3 evolutions of pollution of Air or Soil in Minneapolis, Minnesota?"},
{"name": "template 13",
 "sql": "SELECT Value FROM DBdata WHERE ((State = 'Minnesota' AND City = 'Minneapolis')) AND (Polluted_element IN ('Soil','Air')) ORDER BY VALUE ASC",
 "sqlResult": "{-94.37} || {-26.33} || {-7.17} || {8.88} || {39.1} || {62.37}",
 "nlq": "What are the evolutions ordered by increasing values of pollution of Air or Soil in Minneapolis, Minnesota?"},
{"name": "template 14",
 "sql": "SELECT Polluted_element,Type_of_pollution FROM DBdata WHERE ((State = 'Michigan' AND City = 'Detroit')) AND Value > 15.27",
 "sqlResult": "{Soil | Industrial} || {Soil | Inferior Irrigation} || {Air | Noise} || {Air | Light}",
 "nlq": "What are the Polluted element and Type of pollution for which the evolution in Detroit, Michigan is greater than 15.27?"},
{"name": "template 15",
 "sql": "SELECT Polluted_element,Type_of_pollution,Value FROM DBdata WHERE ((State = 'Minnesota' AND City = 'Rochester')) AND (Polluted_element,Type_of_pollution) IN (SELECT Polluted_element,Type_of_pollution FROM DBdata WHERE ((State = 'Michigan' AND City = 'Detroit')) AND Value > 15.27)",
 "sqlResult": "{Soil | Industrial | 79.81} || {Soil | Inferior Irrigation | 30.74} || {Air | Noise | 8.02} || {Air | Light | 68.36}",
 "nlq": "What is the evolution of pollution in Rochester, Minnesota of Polluted element and of Type of pollution for which the evolution in Detroit, Michigan is greater than 15.27? Please, report the corresponding Polluted element, Type of pollution, and evolution of pollution."}]
}
