{
"filename": "Evolution_of_pollution_in_percent_set9_1_DB.csv",
"questions": [{"name": "template 1",
 "sql": "SELECT Value FROM DBdata WHERE ((State = 'Maryland' AND City = 'Aberdeen')) AND ((Polluted_element = 'Soil' AND Type_of_pollution = 'Urban Activities'))",
 "sqlResult": "{62.02}",
 "nlq": "What is the evolution of Urban Activities pollution in Aberdeen, Maryland?"},
{"name": "template 2",
 "sql": "SELECT Value FROM DBdata WHERE ((State = 'Georgia' AND City = 'Columbus')) AND ((Polluted_element = 'Water' AND Type_of_pollution = 'Groundwater') OR (Polluted_element = 'Water' AND Type_of_pollution = 'Oxygen-depletion') OR (Polluted_element = 'Water' AND Type_of_pollution = 'Surface water') OR (Polluted_element = 'Soil' AND Type_of_pollution = 'Industrial') OR (Polluted_element = 'Soil' AND Type_of_pollution = 'Inferior Irrigation') OR (Polluted_element = 'Soil' AND Type_of_pollution = 'Solid Waste') OR (Polluted_element = 'Soil' AND Type_of_pollution = 'Urban Activities') OR (Polluted_element = 'Air' AND Type_of_pollution = 'Noise') OR (Polluted_element = 'Air' AND Type_of_pollution = 'Light'))",
 "sqlResult": "{25.84} || {91.46} || {-0.36} || {-82.06} || {65.37} || {74.96} || {-62.88} || {-46.57} || {-93.67}",
 "nlq": "What is the evolution of Groundwater, Industrial, Inferior Irrigation, Light, Noise, Oxygen-depletion, Solid Waste, Surface water, or Urban Activities pollution in Columbus, Georgia?"},
{"name": "template 3",
 "sql": "SELECT Value FROM DBdata WHERE ((State = 'Georgia' AND City = 'Columbus') OR (State = 'Georgia' AND City = 'Washington') OR (State = 'Illinois' AND City = 'Champaign') OR (State = 'Illinois' AND City = 'Chicago') OR (State = 'Maryland' AND City = 'Baltimore') OR (State = 'Maryland' AND City = 'Columbia')) AND ((Polluted_element = 'Soil' AND Type_of_pollution = 'Industrial'))",
 "sqlResult": "{-82.06} || {-5.77} || {42.63} || {-14.79} || {-77.35} || {-43.35}",
 "nlq": "What is the evolution of Industrial pollution in Baltimore or Columbia, Maryland or Champaign or Chicago, Illinois or Columbus or Washington, Georgia?"},
{"name": "template 4",
 "sql": "SELECT min(Value),max(Value) FROM DBdata WHERE ((State = 'Georgia' AND City = 'Columbus') OR (State = 'Georgia' AND City = 'Washington') OR (State = 'Illinois' AND City = 'Chicago') OR (State = 'Illinois' AND City = 'Springfield') OR (State = 'Maryland' AND City = 'Aberdeen') OR (State = 'Maryland' AND City = 'Baltimore') OR (State = 'Maryland' AND City = 'Columbia')) AND ((Polluted_element = 'Soil' AND Type_of_pollution = 'Solid Waste'))",
 "sqlResult": "{-92.39 | 97.13}",
 "nlq": "What are the minimum and maximum evolutions of Solid Waste pollution in Aberdeen, Baltimore, or Columbia, Maryland or Chicago or Springfield, Illinois or Columbus or Washington, Georgia?"},
{"name": "template 6",
 "sql": "SELECT Value FROM DBdata WHERE ((State = 'Georgia' AND City = 'Columbus') OR (State = 'Georgia' AND City = 'Washington') OR (State = 'Illinois' AND City = 'Chicago') OR (State = 'Maryland' AND City = 'Baltimore')) AND ((Polluted_element = 'Water' AND Type_of_pollution = 'Groundwater') OR (Polluted_element = 'Soil' AND Type_of_pollution = 'Urban Activities') OR (Polluted_element = 'Air' AND Type_of_pollution = 'Light'))",
 "sqlResult": "{25.84} || {85.9} || {96.76} || {-78.84} || {-62.88} || {-91.83} || {36.35} || {10.12} || {-93.67} || {84.23} || {49.27} || {67.22}",
 "nlq": "What is the evolution of Groundwater, Light, or Urban Activities pollution in Baltimore, Maryland or Chicago, Illinois or Columbus or Washington, Georgia?"},
{"name": "template 7",
 "sql": "SELECT min(Value),avg(Value) FROM DBdata WHERE ((State = 'Maryland' AND City = 'Columbia')) AND ((Polluted_element = 'Water' AND Type_of_pollution = 'Groundwater') OR (Polluted_element = 'Water' AND Type_of_pollution = 'Oxygen-depletion') OR (Polluted_element = 'Soil' AND Type_of_pollution = 'Industrial') OR (Polluted_element = 'Soil' AND Type_of_pollution = 'Inferior Irrigation') OR (Polluted_element = 'Soil' AND Type_of_pollution = 'Urban Activities'))",
 "sqlResult": "{-75.41 | -45.32}",
 "nlq": "What are the minimum and average evolutions of Groundwater, Industrial, Inferior Irrigation, Oxygen-depletion, or Urban Activities pollution in Columbia, Maryland?"},
{"name": "template 8",
 "sql": "SELECT State,City,sum(Value),max(Value) FROM DBdata WHERE ((State = 'Maryland' AND City = 'Aberdeen') OR (State = 'Maryland' AND City = 'Baltimore')) AND ((Polluted_element = 'Water' AND Type_of_pollution = 'Groundwater') OR (Polluted_element = 'Water' AND Type_of_pollution = 'Surface water') OR (Polluted_element = 'Soil' AND Type_of_pollution = 'Inferior Irrigation')) GROUP BY State,City",
 "sqlResult": "{Maryland | Aberdeen | -77.67 | 36.07} || {Maryland | Baltimore | -149.93 | -4.35}",
 "nlq": "What are the total and maximum evolutions for each State and City, of Groundwater, Inferior Irrigation, or Surface water pollution in Aberdeen or Baltimore, Maryland? Please, report the corresponding State and City."},
{"name": "template 9",
 "sql": "SELECT min(Value) FROM DBdata WHERE ((State = 'Illinois' AND City = 'Champaign')) AND (Polluted_element IN ('Water','Soil','Air')) GROUP BY Polluted_element",
 "sqlResult": "{-61.08} || {-34.88} || {45.16}",
 "nlq": "What is the minimum evolution of pollution for each Polluted element, of Air, Soil, or Water in Champaign, Illinois?"},
{"name": "template 10",
 "sql": "SELECT Polluted_element,max(Value) FROM DBdata WHERE ((State = 'Illinois' AND City = 'Champaign')) AND (Polluted_element IN ('Water','Soil','Air')) GROUP BY Polluted_element",
 "sqlResult": "{Air | 96.59} || {Soil | 70.63} || {Water | 78.29}",
 "nlq": "What is the maximum evolution of pollution for each Polluted element, of Air, Soil, or Water in Champaign, Illinois? Please, report the corresponding Polluted element."},
{"name": "template 11",
 "sql": "SELECT Polluted_element,State,City,sum(Value) FROM DBdata WHERE ((State = 'Georgia' AND City = 'Washington') OR (State = 'Illinois' AND City = 'Chicago') OR (State = 'Maryland' AND City = 'Baltimore')) AND (Polluted_element IN ('Water','Soil','Air')) GROUP BY Polluted_element,State,City",
 "sqlResult": "{Air | Georgia | Washington | 2.06} || {Air | Illinois | Chicago | -33.26} || {Air | Maryland | Baltimore | -2.83} || {Soil | Georgia | Washington | -157.74} || {Soil | Illinois | Chicago | 189.6} || {Soil | Maryland | Baltimore | -46.42} || {Water | Georgia | Washington | 87.15} || {Water | Illinois | Chicago | 38.31} || {Water | Maryland | Baltimore | -129.5}",
 "nlq": "What is the total evolution of pollution for each Polluted element, State, and City, of Air, Soil, or Water in Baltimore, Maryland or Chicago, Illinois or Washington, Georgia? Please, report the corresponding Polluted element, State, and City."},
{"name": "template 12",
 "sql": "SELECT Value FROM DBdata WHERE ((State = 'Maryland' AND City = 'Columbia')) AND (Polluted_element IN ('Water','Air')) ORDER BY VALUE ASC LIMIT 3",
 "sqlResult": "{-75.41} || {-44.3} || {-33.9}",
 "nlq": "What are the bottom 3 evolutions of pollution of Air or Water in Columbia, Maryland?"},
{"name": "template 13",
 "sql": "SELECT Value FROM DBdata WHERE ((State = 'Maryland' AND City = 'Columbia')) AND (Polluted_element IN ('Water','Air')) ORDER BY VALUE ASC",
 "sqlResult": "{-75.41} || {-44.3} || {-33.9} || {0.3} || {49.15}",
 "nlq": "What are the evolutions ordered by increasing values of pollution of Air or Water in Columbia, Maryland?"},
{"name": "template 14",
 "sql": "SELECT Polluted_element,Type_of_pollution FROM DBdata WHERE ((State = 'Georgia' AND City = 'Washington')) AND Value > 0.71",
 "sqlResult": "{Water | Groundwater} || {Water | Oxygen-depletion} || {Soil | Inferior Irrigation} || {Air | Light}",
 "nlq": "What are the Polluted element and Type of pollution for which the evolution in Washington, Georgia is greater than 0.71?"},
{"name": "template 15",
 "sql": "SELECT Polluted_element,Type_of_pollution,Value FROM DBdata WHERE ((State = 'Maryland' AND City = 'Aberdeen')) AND (Polluted_element,Type_of_pollution) IN (SELECT Polluted_element,Type_of_pollution FROM DBdata WHERE ((State = 'Georgia' AND City = 'Washington')) AND Value > 0.71)",
 "sqlResult": "{Water | Groundwater | 36.07} || {Water | Oxygen-depletion | 13.64} || {Soil | Inferior Irrigation | -75.64} || {Air | Light | -6.16}",
 "nlq": "What is the evolution of pollution in Aberdeen, Maryland of Polluted element and of Type of pollution for which the evolution in Washington, Georgia is greater than 0.71? Please, report the corresponding Polluted element, Type of pollution, and evolution of pollution."}]
}
