{
"filename": "Evolution_of_pollution_in_percent_set1_1_DB.csv",
"questions": [{"name": "template 1",
 "sql": "SELECT Value FROM DBdata WHERE ((AA = 'AAlx' AND BB = 'BBkm')) AND ((CC = 'CCnq' AND DD = 'DDhq'))",
 "sqlResult": "{98.38}",
 "nlq": "What is the evolution of DDhq pollution in BBkm, AAlx?"},
{"name": "template 2",
 "sql": "SELECT Value FROM DBdata WHERE ((AA = 'AAlx' AND BB = 'BBdk')) AND ((CC = 'CCcq' AND DD = 'DDcv') OR (CC = 'CCcq' AND DD = 'DDjw'))",
 "sqlResult": "{-31.93} || {44.74}",
 "nlq": "What is the evolution of DDjw or DDcv pollution in BBdk, AAlx?"},
{"name": "template 3",
 "sql": "SELECT Value FROM DBdata WHERE ((AA = 'AAlx' AND BB = 'BBdk') OR (AA = 'AAlx' AND BB = 'BBkm') OR (AA = 'AAfs' AND BB = 'BBgw') OR (AA = 'AAfs' AND BB = 'BBqy') OR (AA = 'AAfs' AND BB = 'BBrv')) AND ((CC = 'CCcq' AND DD = 'DDly'))",
 "sqlResult": "{43.52} || {30.33} || {86.94} || {-62.76} || {64.19}",
 "nlq": "What is the evolution of DDly pollution in BBgw, BBqy, or BBrv, AAfs or BBdk or BBkm, AAlx?"},
{"name": "template 4",
 "sql": "SELECT max(Value),sum(Value) FROM DBdata WHERE ((AA = 'AAlx' AND BB = 'BBdk') OR (AA = 'AAlx' AND BB = 'BBkm') OR (AA = 'AAfs' AND BB = 'BBqy') OR (AA = 'AAfs' AND BB = 'BBrv')) AND ((CC = 'CCcq' AND DD = 'DDmy'))",
 "sqlResult": "{55.49 | 12.93}",
 "nlq": "What are the maximum and total evolutions of DDmy pollution in BBqy or BBrv, AAfs or BBdk or BBkm, AAlx?"},
{"name": "template 6",
 "sql": "SELECT Value FROM DBdata WHERE ((AA = 'AAlx' AND BB = 'BBdk') OR (AA = 'AAfs' AND BB = 'BBgw') OR (AA = 'AAfs' AND BB = 'BBqy') OR (AA = 'AAfs' AND BB = 'BBrv')) AND ((CC = 'CCnq' AND DD = 'DDhq') OR (CC = 'CCnq' AND DD = 'DDky') OR (CC = 'CCcq' AND DD = 'DDcv') OR (CC = 'CCcq' AND DD = 'DDly'))",
 "sqlResult": "{65.47} || {58.85} || {-95.33} || {33.69} || {57.87} || {-23.99} || {-3.58} || {-57.57} || {-31.93} || {5.94} || {37.4} || {53.97} || {43.52} || {86.94} || {-62.76} || {64.19}",
 "nlq": "What is the evolution of DDhq, DDcv, DDky, or DDly pollution in BBgw, BBqy, or BBrv, AAfs or BBdk, AAlx?"},
{"name": "template 7",
 "sql": "SELECT sum(Value),avg(Value) FROM DBdata WHERE ((AA = 'AAfs' AND BB = 'BBrv')) AND ((CC = 'CCnq' AND DD = 'DDhq') OR (CC = 'CCnq' AND DD = 'DDky') OR (CC = 'CCcq' AND DD = 'DDcv') OR (CC = 'CCcq' AND DD = 'DDjw'))",
 "sqlResult": "{29.63 | 7.41}",
 "nlq": "What are the total and average evolutions of DDhq, DDjw, DDcv, or DDky pollution in BBrv, AAfs?"},
{"name": "template 8",
 "sql": "SELECT AA,BB,min(Value),avg(Value) FROM DBdata WHERE ((AA = 'AAlx' AND BB = 'BBdk') OR (AA = 'AAlx' AND BB = 'BBkm') OR (AA = 'AAfs' AND BB = 'BBgw') OR (AA = 'AAfs' AND BB = 'BBqy') OR (AA = 'AAfs' AND BB = 'BBrv')) AND ((CC = 'CCnq' AND DD = 'DDhq') OR (CC = 'CCcq' AND DD = 'DDmy')) GROUP BY AA,BB",
 "sqlResult": "{AAlx | BBdk | -23.52 | 20.98} || {AAlx | BBkm | 55.49 | 76.94} || {AAfs | BBgw | 19.91 | 39.38} || {AAfs | BBqy | -95.33 | -56.54} || {AAfs | BBrv | -1.29 | 16.2}",
 "nlq": "What are the minimum and average evolutions for each AA and BB, of DDhq or DDmy pollution in BBgw, BBqy, or BBrv, AAfs or BBdk or BBkm, AAlx? Please, report the corresponding AA and BB."},
{"name": "template 9",
 "sql": "SELECT min(Value) FROM DBdata WHERE ((AA = 'AAfs' AND BB = 'BBgw')) AND (CC IN ('CCnq','CCcq')) GROUP BY CC",
 "sqlResult": "{-97.32} || {-23.99}",
 "nlq": "What is the minimum evolution of pollution for each CC, of CCcq or CCnq in BBgw, AAfs?"},
{"name": "template 10",
 "sql": "SELECT CC,sum(Value) FROM DBdata WHERE ((AA = 'AAfs' AND BB = 'BBqy')) AND (CC IN ('CCnq','CCcq')) GROUP BY CC",
 "sqlResult": "{CCcq | 30.83} || {CCnq | -122.09}",
 "nlq": "What is the total evolution of pollution for each CC, of CCcq or CCnq in BBqy, AAfs? Please, report the corresponding CC."},
{"name": "template 11",
 "sql": "SELECT CC,AA,BB,max(Value) FROM DBdata WHERE ((AA = 'AAlx' AND BB = 'BBkm') OR (AA = 'AAfs' AND BB = 'BBgw') OR (AA = 'AAfs' AND BB = 'BBrv')) AND (CC IN ('CCnq','CCcq')) GROUP BY CC,AA,BB",
 "sqlResult": "{CCcq | AAlx | BBkm | 55.49} || {CCcq | AAfs | BBgw | 86.94} || {CCcq | AAfs | BBrv | 64.19} || {CCnq | AAlx | BBkm | 98.38} || {CCnq | AAfs | BBgw | 58.85} || {CCnq | AAfs | BBrv | 33.69}",
 "nlq": "What is the maximum evolution of pollution for each CC, AA, and BB, of CCcq or CCnq in BBgw or BBrv, AAfs or BBkm, AAlx? Please, report the corresponding CC, AA, and BB."},
{"name": "template 12",
 "sql": "SELECT Value FROM DBdata WHERE ((AA = 'AAfs' AND BB = 'BBrv')) AND (CC IN ('CCnq','CCcq')) ORDER BY VALUE ASC LIMIT 2",
 "sqlResult": "{-57.57} || {-46.56}",
 "nlq": "What are the bottom 2 evolutions of pollution of CCcq or CCnq in BBrv, AAfs?"},
{"name": "template 13",
 "sql": "SELECT Value FROM DBdata WHERE ((AA = 'AAfs' AND BB = 'BBgw')) AND (CC IN ('CCnq','CCcq')) ORDER BY VALUE ASC",
 "sqlResult": "{-97.32} || {-23.99} || {-22.78} || {5.94} || {19.91} || {58.85} || {86.94}",
 "nlq": "What are the evolutions ordered by increasing values of pollution of CCcq or CCnq in BBgw, AAfs?"},
{"name": "template 14",
 "sql": "SELECT CC,DD FROM DBdata WHERE ((AA = 'AAfs' AND BB = 'BBrv')) AND Value < 7.6",
 "sqlResult": "{CCnq | DDky} || {CCnq | DDwz} || {CCcq | DDmy} || {CCcq | DDjw}",
 "nlq": "What are the CC and DD for which the evolution in BBrv, AAfs is lower than 7.6?"},
{"name": "template 15",
 "sql": "SELECT CC,DD,Value FROM DBdata WHERE ((AA = 'AAlx' AND BB = 'BBkm')) AND (CC,DD) IN (SELECT CC,DD FROM DBdata WHERE ((AA = 'AAfs' AND BB = 'BBrv')) AND Value < 7.6)",
 "sqlResult": "{CCnq | DDky | -78.41} || {CCnq | DDwz | 56.59} || {CCcq | DDmy | 55.49} || {CCcq | DDjw | -74.89}",
 "nlq": "What is the evolution of pollution in BBkm, AAlx of CC and of DD for which the evolution in BBrv, AAfs is lower than 7.6? Please, report the corresponding CC, DD, and evolution of pollution."}]
}

