{
"filename": "Evolution_of_pollution_in_percent_set9_4_DB.csv",
"questions": [{"name": "template 1",
 "sql": "SELECT Value FROM DBdata WHERE ((State = 'Georgia' AND City = 'Columbus')) AND ((Polluted_element = 'Water' AND Type_of_pollution = 'Groundwater'))",
 "sqlResult": "{-4.2}",
 "nlq": "What is the evolution of Groundwater pollution in Columbus, Georgia?"},
{"name": "template 2",
 "sql": "SELECT Value FROM DBdata WHERE ((State = 'Georgia' AND City = 'Columbus')) AND ((Polluted_element = 'Soil' AND Type_of_pollution = 'Inferior Irrigation') OR (Polluted_element = 'Soil' AND Type_of_pollution = 'Urban Activities'))",
 "sqlResult": "{-35.14} || {-89.09}",
 "nlq": "What is the evolution of Inferior Irrigation or Urban Activities pollution in Columbus, Georgia?"},
{"name": "template 3",
 "sql": "SELECT Value FROM DBdata WHERE ((State = 'Georgia' AND City = 'Columbus') OR (State = 'Illinois' AND City = 'Chicago') OR (State = 'Illinois' AND City = 'Springfield')) AND ((Polluted_element = 'Soil' AND Type_of_pollution = 'Inferior Irrigation'))",
 "sqlResult": "{-35.14} || {-77.67} || {63.25}",
 "nlq": "What is the evolution of Inferior Irrigation pollution in Chicago or Springfield, Illinois or Columbus, Georgia?"},
{"name": "template 4",
 "sql": "SELECT max(Value),min(Value) FROM DBdata WHERE ((State = 'Georgia' AND City = 'Washington') OR (State = 'Illinois' AND City = 'Champaign')) AND ((Polluted_element = 'Water' AND Type_of_pollution = 'Chemical'))",
 "sqlResult": "{99.76 | -20.7}",
 "nlq": "What are the maximum and minimum evolutions of Chemical pollution in Champaign, Illinois or Washington, Georgia?"},
{"name": "template 6",
 "sql": "SELECT Value FROM DBdata WHERE ((State = 'Georgia' AND City = 'Columbus') OR (State = 'Georgia' AND City = 'Washington') OR (State = 'Illinois' AND City = 'Champaign') OR (State = 'Illinois' AND City = 'Chicago') OR (State = 'Illinois' AND City = 'Springfield')) AND ((Polluted_element = 'Soil' AND Type_of_pollution = 'Industrial') OR (Polluted_element = 'Soil' AND Type_of_pollution = 'Solid Waste'))",
 "sqlResult": "{-44.71} || {-51.89} || {-63.78} || {32.14} || {-53.45} || {76.92} || {28.26} || {-32.94} || {4.46} || {-83.84}",
 "nlq": "What is the evolution of Industrial or Solid Waste pollution in Champaign, Chicago, or Springfield, Illinois or Columbus or Washington, Georgia?"},
{"name": "template 7",
 "sql": "SELECT min(Value),sum(Value) FROM DBdata WHERE ((State = 'Illinois' AND City = 'Champaign')) AND ((Polluted_element = 'Water' AND Type_of_pollution = 'Groundwater') OR (Polluted_element = 'Soil' AND Type_of_pollution = 'Industrial'))",
 "sqlResult": "{-63.78 | -11.25}",
 "nlq": "What are the minimum and total evolutions of Groundwater or Industrial pollution in Champaign, Illinois?"},
{"name": "template 8",
 "sql": "SELECT State,City,min(Value),sum(Value) FROM DBdata WHERE ((State = 'Georgia' AND City = 'Columbus') OR (State = 'Georgia' AND City = 'Washington') OR (State = 'Illinois' AND City = 'Springfield')) AND ((Polluted_element = 'Water' AND Type_of_pollution = 'Chemical') OR (Polluted_element = 'Water' AND Type_of_pollution = 'Groundwater') OR (Polluted_element = 'Soil' AND Type_of_pollution = 'Industrial') OR (Polluted_element = 'Soil' AND Type_of_pollution = 'Inferior Irrigation') OR (Polluted_element = 'Soil' AND Type_of_pollution = 'Urban Activities')) GROUP BY State,City",
 "sqlResult": "{Georgia | Columbus | -89.09 | -232.78} || {Georgia | Washington | -51.89 | 129.73} || {Illinois | Springfield | -53.45 | -84.28}",
 "nlq": "What are the minimum and total evolutions for each State and City, of Chemical, Groundwater, Industrial, Inferior Irrigation, or Urban Activities pollution in Columbus or Washington, Georgia or Springfield, Illinois? Please, report the corresponding State and City."},
{"name": "template 9",
 "sql": "SELECT min(Value) FROM DBdata WHERE ((State = 'Illinois' AND City = 'Champaign')) AND (Polluted_element IN ('Water','Soil')) GROUP BY Polluted_element",
 "sqlResult": "{-63.78} || {-20.7}",
 "nlq": "What is the minimum evolution of pollution for each Polluted element, of Soil or Water in Champaign, Illinois?"},
{"name": "template 10",
 "sql": "SELECT Polluted_element,max(Value) FROM DBdata WHERE ((State = 'Illinois' AND City = 'Springfield')) AND (Polluted_element IN ('Water','Soil')) GROUP BY Polluted_element",
 "sqlResult": "{Soil | 63.25} || {Water | -25.39}",
 "nlq": "What is the maximum evolution of pollution for each Polluted element, of Soil or Water in Springfield, Illinois? Please, report the corresponding Polluted element."},
{"name": "template 11",
 "sql": "SELECT Polluted_element,State,City,min(Value) FROM DBdata WHERE ((State = 'Georgia' AND City = 'Columbus') OR (State = 'Illinois' AND City = 'Champaign')) AND (Polluted_element IN ('Water','Soil')) GROUP BY Polluted_element,State,City",
 "sqlResult": "{Soil | Georgia | Columbus | -89.09} || {Soil | Illinois | Champaign | -63.78} || {Water | Georgia | Columbus | -59.64} || {Water | Illinois | Champaign | -20.7}",
 "nlq": "What is the minimum evolution of pollution for each Polluted element, State, and City, of Soil or Water in Champaign, Illinois or Columbus, Georgia? Please, report the corresponding Polluted element, State, and City."},
{"name": "template 12",
 "sql": "SELECT Value FROM DBdata WHERE ((State = 'Illinois' AND City = 'Springfield')) AND (Polluted_element IN ('Water','Soil')) ORDER BY VALUE ASC LIMIT 5",
 "sqlResult": "{-83.84} || {-53.45} || {-40.41} || {-28.28} || {-25.39}",
 "nlq": "What are the bottom 5 evolutions of pollution of Soil or Water in Springfield, Illinois?"},
{"name": "template 13",
 "sql": "SELECT Value FROM DBdata WHERE ((State = 'Illinois' AND City = 'Champaign')) AND (Polluted_element IN ('Water','Soil')) ORDER BY VALUE DESC",
 "sqlResult": "{52.53} || {-2.59} || {-20.7} || {-32.94} || {-37.29} || {-63.78}",
 "nlq": "What are the evolutions ordered by decreasing values of pollution of Soil or Water in Champaign, Illinois?"},
{"name": "template 14",
 "sql": "SELECT Polluted_element,Type_of_pollution FROM DBdata WHERE ((State = 'Illinois' AND City = 'Springfield')) AND Value > -8.27",
 "sqlResult": "{Soil | Inferior Irrigation}",
 "nlq": "What are the Polluted element and Type of pollution for which the evolution in Springfield, Illinois is greater than -8.27?"},
{"name": "template 15",
 "sql": "SELECT Polluted_element,Type_of_pollution,Value FROM DBdata WHERE ((State = 'Illinois' AND City = 'Champaign')) AND (Polluted_element,Type_of_pollution) IN (SELECT Polluted_element,Type_of_pollution FROM DBdata WHERE ((State = 'Illinois' AND City = 'Springfield')) AND Value > -8.27)",
 "sqlResult": "{Soil | Inferior Irrigation | -37.29}",
 "nlq": "What is the evolution of pollution in Champaign, Illinois of Polluted element and of Type of pollution for which the evolution in Springfield, Illinois is greater than -8.27? Please, report the corresponding Polluted element, Type of pollution, and evolution of pollution."}]
}
