State,City,Polluted element,Type of pollution,Value
State,City,Polluted_element,Type_of_pollution,Value
California,Berkeley,Soil,Inferior Irrigation,-0.19
California,Los-Angeles,Soil,Inferior Irrigation,-43.56
Florida,Fort Lauderdale,Soil,Inferior Irrigation,57.82
Florida,Tampa,Soil,Inferior Irrigation,-97.72
California,Berkeley,Soil,Solid Waste,13.7
California,Los-Angeles,Soil,Solid Waste,-88.36
Florida,Fort Lauderdale,Soil,Solid Waste,23.72
Florida,Tampa,Soil,Solid Waste,5.06
California,Berkeley,Air,Light,87.04
California,Los-Angeles,Air,Light,55.12
Florida,Fort Lauderdale,Air,Light,-41.66
Florida,Tampa,Air,Light,26.77
California,Berkeley,Air,Thermal,21.57
California,Los-Angeles,Air,Thermal,-92.46
Florida,Fort Lauderdale,Air,Thermal,-65.02
Florida,Tampa,Air,Thermal,84.79
