{
"filename": "Evolution_of_pollution_in_percent_set1_5_DB.csv",
"questions": [{"name": "template 1",
 "sql": "SELECT Value FROM DBdata WHERE ((State = 'Maryland' AND City = 'Aberdeen')) AND ((Polluted_element = 'Water' AND Type_of_pollution = 'Surface water'))",
 "sqlResult": "{44.14}",
 "nlq": "What is the evolution of Surface water pollution in Aberdeen, Maryland?"},
{"name": "template 2",
 "sql": "SELECT Value FROM DBdata WHERE ((State = 'Maryland' AND City = 'Baltimore')) AND ((Polluted_element = 'Water' AND Type_of_pollution = 'Chemical') OR (Polluted_element = 'Water' AND Type_of_pollution = 'Groundwater') OR (Polluted_element = 'Water' AND Type_of_pollution = 'Oxygen-depletion') OR (Polluted_element = 'Water' AND Type_of_pollution = 'Surface water') OR (Polluted_element = 'Soil' AND Type_of_pollution = 'Industrial') OR (Polluted_element = 'Soil' AND Type_of_pollution = 'Urban Activities') OR (Polluted_element = 'Air' AND Type_of_pollution = 'Light'))",
 "sqlResult": "{-72} || {83.83} || {-88.13} || {-11.34} || {65.39} || {93.19} || {-72.72}",
 "nlq": "What is the evolution of Chemical, Groundwater, Industrial, Light, Oxygen-depletion, Surface water, or Urban Activities pollution in Baltimore, Maryland?"},
{"name": "template 3",
 "sql": "SELECT Value FROM DBdata WHERE ((State = 'Georgia' AND City = 'Albany') OR (State = 'Georgia' AND City = 'Columbus') OR (State = 'Maryland' AND City = 'Aberdeen')) AND ((Polluted_element = 'Air' AND Type_of_pollution = 'Thermal'))",
 "sqlResult": "{87.89} || {78.04} || {19.57}",
 "nlq": "What is the evolution of Thermal pollution in Aberdeen, Maryland or Albany or Columbus, Georgia?"},
{"name": "template 4",
 "sql": "SELECT avg(Value),max(Value) FROM DBdata WHERE ((State = 'Georgia' AND City = 'Albany') OR (State = 'Georgia' AND City = 'Columbus') OR (State = 'Illinois' AND City = 'Champaign') OR (State = 'Illinois' AND City = 'Chicago')) AND ((Polluted_element = 'Air' AND Type_of_pollution = 'Thermal'))",
 "sqlResult": "{22.15 | 87.89}",
 "nlq": "What are the average and maximum evolutions of Thermal pollution in Albany or Columbus, Georgia or Champaign or Chicago, Illinois?"},
{"name": "template 6",
 "sql": "SELECT Value FROM DBdata WHERE ((State = 'Illinois' AND City = 'Chicago') OR (State = 'Maryland' AND City = 'Aberdeen')) AND ((Polluted_element = 'Water' AND Type_of_pollution = 'Oxygen-depletion') OR (Polluted_element = 'Water' AND Type_of_pollution = 'Surface water') OR (Polluted_element = 'Air' AND Type_of_pollution = 'Light') OR (Polluted_element = 'Air' AND Type_of_pollution = 'Thermal'))",
 "sqlResult": "{95.18} || {77.57} || {-44.97} || {44.14} || {26.56} || {-60.62} || {-54.86} || {19.57}",
 "nlq": "What is the evolution of Light, Oxygen-depletion, Surface water, or Thermal pollution in Aberdeen, Maryland or Chicago, Illinois?"},
{"name": "template 7",
 "sql": "SELECT max(Value),avg(Value) FROM DBdata WHERE ((State = 'Maryland' AND City = 'Baltimore')) AND ((Polluted_element = 'Water' AND Type_of_pollution = 'Groundwater') OR (Polluted_element = 'Air' AND Type_of_pollution = 'Noise'))",
 "sqlResult": "{83.83 | 80.74}",
 "nlq": "What are the maximum and average evolutions of Groundwater or Noise pollution in Baltimore, Maryland?"},
{"name": "template 8",
 "sql": "SELECT State,City,sum(Value),avg(Value) FROM DBdata WHERE ((State = 'Georgia' AND City = 'Albany') OR (State = 'Illinois' AND City = 'Champaign') OR (State = 'Maryland' AND City = 'Baltimore')) AND ((Polluted_element = 'Water' AND Type_of_pollution = 'Surface water') OR (Polluted_element = 'Air' AND Type_of_pollution = 'Light')) GROUP BY State,City",
 "sqlResult": "{Georgia | Albany | -74.74 | -37.37} || {Illinois | Champaign | -163.99 | -82} || {Maryland | Baltimore | -84.06 | -42.03}",
 "nlq": "What are the total and average evolutions for each State and City, of Light or Surface water pollution in Albany, Georgia or Baltimore, Maryland or Champaign, Illinois? Please, report the corresponding State and City."},
{"name": "template 9",
 "sql": "SELECT min(Value) FROM DBdata WHERE ((State = 'Maryland' AND City = 'Baltimore')) AND (Polluted_element IN ('Water','Soil','Air')) GROUP BY Polluted_element",
 "sqlResult": "{-97.1} || {58.72} || {-88.13}",
 "nlq": "What is the minimum evolution of pollution for each Polluted element, of Air, Soil, or Water in Baltimore, Maryland?"},
{"name": "template 10",
 "sql": "SELECT Polluted_element,avg(Value) FROM DBdata WHERE ((State = 'Illinois' AND City = 'Chicago')) AND (Polluted_element IN ('Water','Soil','Air')) GROUP BY Polluted_element",
 "sqlResult": "{Air | 18.7} || {Soil | 30.88} || {Water | 48.5}",
 "nlq": "What is the average evolution of pollution for each Polluted element, of Air, Soil, or Water in Chicago, Illinois? Please, report the corresponding Polluted element."},
{"name": "template 11",
 "sql": "SELECT Polluted_element,State,City,avg(Value) FROM DBdata WHERE ((State = 'Georgia' AND City = 'Albany') OR (State = 'Georgia' AND City = 'Columbus')) AND (Polluted_element IN ('Water','Soil','Air')) GROUP BY Polluted_element,State,City",
 "sqlResult": "{Air | Georgia | Albany | 30.48} || {Air | Georgia | Columbus | -24.5} || {Soil | Georgia | Albany | 21.55} || {Soil | Georgia | Columbus | 4.46} || {Water | Georgia | Albany | 1.92} || {Water | Georgia | Columbus | 17.26}",
 "nlq": "What is the average evolution of pollution for each Polluted element, State, and City, of Air, Soil, or Water in Albany or Columbus, Georgia? Please, report the corresponding Polluted element, State, and City."},
{"name": "template 12",
 "sql": "SELECT Value FROM DBdata WHERE ((State = 'Maryland' AND City = 'Aberdeen')) AND (Polluted_element IN ('Water','Air')) ORDER BY VALUE ASC LIMIT 4",
 "sqlResult": "{-60.62} || {-52.96} || {-23.08} || {-12.52}",
 "nlq": "What are the bottom 4 evolutions of pollution of Air or Water in Aberdeen, Maryland?"},
{"name": "template 13",
 "sql": "SELECT Value FROM DBdata WHERE ((State = 'Maryland' AND City = 'Baltimore')) AND (Polluted_element IN ('Water','Soil')) ORDER BY VALUE DESC",
 "sqlResult": "{93.19} || {83.83} || {65.39} || {64.75} || {58.72} || {-11.34} || {-72} || {-88.13}",
 "nlq": "What are the evolutions ordered by decreasing values of pollution of Soil or Water in Baltimore, Maryland?"},
{"name": "template 14",
 "sql": "SELECT Polluted_element,Type_of_pollution FROM DBdata WHERE ((State = 'Georgia' AND City = 'Columbus')) AND Value < 10.21",
 "sqlResult": "{Water | Chemical} || {Water | Surface water} || {Soil | Industrial} || {Soil | Solid Waste} || {Soil | Urban Activities} || {Air | Noise} || {Air | Light}",
 "nlq": "What are the Polluted element and Type of pollution for which the evolution in Columbus, Georgia is lower than 10.21?"},
{"name": "template 15",
 "sql": "SELECT Polluted_element,Type_of_pollution,Value FROM DBdata WHERE ((State = 'Georgia' AND City = 'Albany')) AND (Polluted_element,Type_of_pollution) IN (SELECT Polluted_element,Type_of_pollution FROM DBdata WHERE ((State = 'Georgia' AND City = 'Columbus')) AND Value < 10.21)",
 "sqlResult": "{Water | Chemical | -11.05} || {Water | Surface water | 19.03} || {Soil | Industrial | -57.73} || {Soil | Solid Waste | 67.09} || {Soil | Urban Activities | 52.03} || {Air | Noise | 97.33} || {Air | Light | -93.77}",
 "nlq": "What is the evolution of pollution in Albany, Georgia of Polluted element and of Type of pollution for which the evolution in Columbus, Georgia is lower than 10.21? Please, report the corresponding Polluted element, Type of pollution, and evolution of pollution."}]
}
