State,City,Polluted element,Type of pollution,Value
State,City,Polluted_element,Type_of_pollution,Value
Florida,Fort Lauderdale,Water,Oxygen-depletion,-28.49
Florida,Tampa,Water,Oxygen-depletion,-0.29
Georgia,Albany,Water,Oxygen-depletion,-33.94
Georgia,Columbus,Water,Oxygen-depletion,-14.17
Georgia,Washington,Water,Oxygen-depletion,60.75
Florida,Fort Lauderdale,Water,Surface water,-8.51
Florida,Tampa,Water,Surface water,50.57
Georgia,Albany,Water,Surface water,-48.18
Georgia,Columbus,Water,Surface water,55.34
Georgia,Washington,Water,Surface water,68.36
Florida,Fort Lauderdale,Soil,Inorganic Fertilizers,-75.69
Florida,Tampa,Soil,Inorganic Fertilizers,-10.51
Georgia,Albany,Soil,Inorganic Fertilizers,84.21
Georgia,Columbus,Soil,Inorganic Fertilizers,13.15
Georgia,Washington,Soil,Inorganic Fertilizers,-39.66
Florida,Fort Lauderdale,Soil,Industrial,72.46
Florida,Tampa,Soil,Industrial,-31.24
Georgia,Albany,Soil,Industrial,52.07
Georgia,Columbus,Soil,Industrial,2.56
Georgia,Washington,Soil,Industrial,85.55
Florida,Fort Lauderdale,Soil,Inferior Irrigation,-76.5
Florida,Tampa,Soil,Inferior Irrigation,3.19
Georgia,Albany,Soil,Inferior Irrigation,68.78
Georgia,Columbus,Soil,Inferior Irrigation,92.93
Georgia,Washington,Soil,Inferior Irrigation,-78.61
Florida,Fort Lauderdale,Soil,Solid Waste,-71.76
Florida,Tampa,Soil,Solid Waste,58.67
Georgia,Albany,Soil,Solid Waste,31.58
Georgia,Columbus,Soil,Solid Waste,-88.4
Georgia,Washington,Soil,Solid Waste,-48.65
Florida,Fort Lauderdale,Soil,Urban Activities,-1.67
Florida,Tampa,Soil,Urban Activities,31.8
Georgia,Albany,Soil,Urban Activities,-4.73
Georgia,Columbus,Soil,Urban Activities,-70.32
Georgia,Washington,Soil,Urban Activities,83.05
