{
"filename": "Evolution_of_pollution_in_percent_set1_3_DB.csv",
"questions": [{"name": "template 1",
 "sql": "SELECT Value FROM DBdata WHERE ((AA = 'AAcp' AND BB = 'BBpw')) AND ((CC = 'CCqx' AND DD = 'DDbz'))",
 "sqlResult": "{-48.32}",
 "nlq": "What is the evolution of DDbz pollution in BBpw, AAcp?"},
{"name": "template 2",
 "sql": "SELECT Value FROM DBdata WHERE ((AA = 'AAjz' AND BB = 'BBqy')) AND ((CC = 'CCqx' AND DD = 'DDfl') OR (CC = 'CCqx' AND DD = 'DDkl') OR (CC = 'CCqx' AND DD = 'DDfn') OR (CC = 'CCcq' AND DD = 'DDgh'))",
 "sqlResult": "{-57.4} || {58.23} || {-81.32} || {-9.34}",
 "nlq": "What is the evolution of DDkl, DDfl, DDgh, or DDfn pollution in BBqy, AAjz?"},
{"name": "template 3",
 "sql": "SELECT Value FROM DBdata WHERE ((AA = 'AAjz' AND BB = 'BBjw') OR (AA = 'AAjz' AND BB = 'BBkz') OR (AA = 'AAcp' AND BB = 'BBgt') OR (AA = 'AAcp' AND BB = 'BBnq')) AND ((CC = 'CCcq' AND DD = 'DDgh'))",
 "sqlResult": "{-54.14} || {77.92} || {-43.71} || {-52.62}",
 "nlq": "What is the evolution of DDgh pollution in BBjw or BBkz, AAjz or BBgt or BBnq, AAcp?"},
{"name": "template 4",
 "sql": "SELECT max(Value),min(Value) FROM DBdata WHERE ((AA = 'AAjz' AND BB = 'BBqy') OR (AA = 'AAjz' AND BB = 'BBjw') OR (AA = 'AAjz' AND BB = 'BBkz') OR (AA = 'AAcp' AND BB = 'BBpw') OR (AA = 'AAcp' AND BB = 'BBgt') OR (AA = 'AAcp' AND BB = 'BBnq')) AND ((CC = 'CCqx' AND DD = 'DDkl'))",
 "sqlResult": "{60.13 | -37.19}",
 "nlq": "What are the maximum and minimum evolutions of DDkl pollution in BBqy, BBjw, or BBkz, AAjz or BBpw, BBgt, or BBnq, AAcp?"},
{"name": "template 6",
 "sql": "SELECT Value FROM DBdata WHERE ((AA = 'AAjz' AND BB = 'BBqy') OR (AA = 'AAjz' AND BB = 'BBkz') OR (AA = 'AAcp' AND BB = 'BBpw') OR (AA = 'AAcp' AND BB = 'BBgt') OR (AA = 'AAcp' AND BB = 'BBnq')) AND ((CC = 'CCqx' AND DD = 'DDcs') OR (CC = 'CCcq' AND DD = 'DDqt'))",
 "sqlResult": "{-44.05} || {82.03} || {82.09} || {-77.71} || {40.74} || {57.26} || {-90.44} || {-65.94} || {-96.93} || {14.15}",
 "nlq": "What is the evolution of DDcs or DDqt pollution in BBqy or BBkz, AAjz or BBpw, BBgt, or BBnq, AAcp?"},
{"name": "template 7",
 "sql": "SELECT sum(Value),min(Value) FROM DBdata WHERE ((AA = 'AAjz' AND BB = 'BBqy')) AND ((CC = 'CCqx' AND DD = 'DDbz') OR (CC = 'CCcq' AND DD = 'DDqt'))",
 "sqlResult": "{132.68 | 57.26}",
 "nlq": "What are the total and minimum evolutions of DDbz or DDqt pollution in BBqy, AAjz?"},
{"name": "template 8",
 "sql": "SELECT AA,BB,sum(Value),min(Value) FROM DBdata WHERE ((AA = 'AAjz' AND BB = 'BBqy') OR (AA = 'AAjz' AND BB = 'BBjw') OR (AA = 'AAcp' AND BB = 'BBpw') OR (AA = 'AAcp' AND BB = 'BBgt') OR (AA = 'AAcp' AND BB = 'BBnq')) AND ((CC = 'CCqx' AND DD = 'DDcs') OR (CC = 'CCqx' AND DD = 'DDkl') OR (CC = 'CCqx' AND DD = 'DDbz') OR (CC = 'CCcq' AND DD = 'DDgh')) GROUP BY AA,BB",
 "sqlResult": "{AAjz | BBqy | 80.26 | -44.05} || {AAjz | BBjw | -75.67 | -54.14} || {AAcp | BBpw | 153.76 | -48.32} || {AAcp | BBgt | -191.36 | -77.71} || {AAcp | BBnq | 146.89 | -52.62}",
 "nlq": "What are the total and minimum evolutions for each AA and BB, of DDcs, DDkl, DDgh, or DDbz pollution in BBqy or BBjw, AAjz or BBpw, BBgt, or BBnq, AAcp? Please, report the corresponding AA and BB."},
{"name": "template 9",
 "sql": "SELECT min(Value) FROM DBdata WHERE ((AA = 'AAcp' AND BB = 'BBgt')) AND (CC IN ('CCqx','CCcq')) GROUP BY CC",
 "sqlResult": "{-96.93} || {-77.71}",
 "nlq": "What is the minimum evolution of pollution for each CC, of CCcq or CCqx in BBgt, AAcp?"},
{"name": "template 10",
 "sql": "SELECT CC,sum(Value) FROM DBdata WHERE ((AA = 'AAjz' AND BB = 'BBqy')) AND (CC IN ('CCqx','CCcq')) GROUP BY CC",
 "sqlResult": "{CCcq | 47.92} || {CCqx | -49.12}",
 "nlq": "What is the total evolution of pollution for each CC, of CCcq or CCqx in BBqy, AAjz? Please, report the corresponding CC."},
{"name": "template 11",
 "sql": "SELECT CC,AA,BB,max(Value) FROM DBdata WHERE ((AA = 'AAcp' AND BB = 'BBpw') OR (AA = 'AAcp' AND BB = 'BBgt')) AND (CC IN ('CCqx','CCcq')) GROUP BY CC,AA,BB",
 "sqlResult": "{CCcq | AAcp | BBpw | 68.85} || {CCcq | AAcp | BBgt | -43.71} || {CCqx | AAcp | BBpw | 82.09} || {CCqx | AAcp | BBgt | -32.75}",
 "nlq": "What is the maximum evolution of pollution for each CC, AA, and BB, of CCcq or CCqx in BBpw or BBgt, AAcp? Please, report the corresponding CC, AA, and BB."},
{"name": "template 12",
 "sql": "SELECT Value FROM DBdata WHERE ((AA = 'AAcp' AND BB = 'BBpw')) AND (CC IN ('CCqx','CCcq')) ORDER BY VALUE ASC LIMIT 4",
 "sqlResult": "{-65.94} || {-48.32} || {-46.48} || {51.14}",
 "nlq": "What are the bottom 4 evolutions of pollution of CCcq or CCqx in BBpw, AAcp?"},
{"name": "template 13",
 "sql": "SELECT Value FROM DBdata WHERE ((AA = 'AAjz' AND BB = 'BBqy')) AND (CC IN ('CCqx','CCcq')) ORDER BY VALUE DESC",
 "sqlResult": "{75.42} || {58.23} || {57.26} || {-9.34} || {-44.05} || {-57.4} || {-81.32}",
 "nlq": "What are the evolutions ordered by decreasing values of pollution of CCcq or CCqx in BBqy, AAjz?"},
{"name": "template 14",
 "sql": "SELECT CC,DD FROM DBdata WHERE ((AA = 'AAjz' AND BB = 'BBkz')) AND Value > -6.23",
 "sqlResult": "{CCqx | DDcs} || {CCqx | DDbz} || {CCcq | DDgh}",
 "nlq": "What are the CC and DD for which the evolution in BBkz, AAjz is greater than -6.23?"},
{"name": "template 15",
 "sql": "SELECT CC,DD,Value FROM DBdata WHERE ((AA = 'AAjz' AND BB = 'BBjw')) AND (CC,DD) IN (SELECT CC,DD FROM DBdata WHERE ((AA = 'AAjz' AND BB = 'BBkz')) AND Value > -6.23)",
 "sqlResult": "{CCqx | DDcs | -16.14} || {CCqx | DDbz | 19.95} || {CCcq | DDgh | -54.14}",
 "nlq": "What is the evolution of pollution in BBjw, AAjz of CC and of DD for which the evolution in BBkz, AAjz is greater than -6.23? Please, report the corresponding CC, DD, and evolution of pollution."}]
}

