{
"filename": "Evolution_of_pollution_in_percent_set5_1_DB.csv",
"questions": [{"name": "template 1",
 "sql": "SELECT Value FROM DBdata WHERE ((AA = 'AAmp' AND BB = 'BBbq')) AND ((CC = 'CCfp' AND DD = 'DDdr'))",
 "sqlResult": "{57.82}",
 "nlq": "What is the evolution of DDdr pollution in BBbq, AAmp?"},
{"name": "template 2",
 "sql": "SELECT Value FROM DBdata WHERE ((AA = 'AAfw' AND BB = 'BBly')) AND ((CC = 'CCfp' AND DD = 'DDdr') OR (CC = 'CCfp' AND DD = 'DDkv') OR (CC = 'CCjp' AND DD = 'DDnq') OR (CC = 'CCjp' AND DD = 'DDqv'))",
 "sqlResult": "{-0.19} || {13.7} || {87.04} || {21.57}",
 "nlq": "What is the evolution of DDdr, DDnq, DDkv, or DDqv pollution in BBly, AAfw?"},
{"name": "template 3",
 "sql": "SELECT Value FROM DBdata WHERE ((AA = 'AAfw' AND BB = 'BBly') OR (AA = 'AAmp' AND BB = 'BBbq')) AND ((CC = 'CCfp' AND DD = 'DDkv'))",
 "sqlResult": "{13.7} || {23.72}",
 "nlq": "What is the evolution of DDkv pollution in BBly, AAfw or BBbq, AAmp?"},
{"name": "template 4",
 "sql": "SELECT min(Value),sum(Value) FROM DBdata WHERE ((AA = 'AAfw' AND BB = 'BBly') OR (AA = 'AAfw' AND BB = 'BBgr') OR (AA = 'AAmp' AND BB = 'BBbq') OR (AA = 'AAmp' AND BB = 'BBrt')) AND ((CC = 'CCfp' AND DD = 'DDkv'))",
 "sqlResult": "{-88.36 | -45.88}",
 "nlq": "What are the minimum and total evolutions of DDkv pollution in BBly or BBgr, AAfw or BBbq or BBrt, AAmp?"},
{"name": "template 6",
 "sql": "SELECT Value FROM DBdata WHERE ((AA = 'AAfw' AND BB = 'BBly') OR (AA = 'AAmp' AND BB = 'BBbq') OR (AA = 'AAmp' AND BB = 'BBrt')) AND ((CC = 'CCfp' AND DD = 'DDdr') OR (CC = 'CCfp' AND DD = 'DDkv') OR (CC = 'CCjp' AND DD = 'DDnq') OR (CC = 'CCjp' AND DD = 'DDqv'))",
 "sqlResult": "{-0.19} || {57.82} || {-97.72} || {13.7} || {23.72} || {5.06} || {87.04} || {-41.66} || {26.77} || {21.57} || {-65.02} || {84.79}",
 "nlq": "What is the evolution of DDdr, DDnq, DDkv, or DDqv pollution in BBly, AAfw or BBbq or BBrt, AAmp?"},
{"name": "template 7",
 "sql": "SELECT avg(Value),sum(Value) FROM DBdata WHERE ((AA = 'AAfw' AND BB = 'BBly')) AND ((CC = 'CCfp' AND DD = 'DDkv') OR (CC = 'CCjp' AND DD = 'DDnq') OR (CC = 'CCjp' AND DD = 'DDqv'))",
 "sqlResult": "{40.77 | 122.31}",
 "nlq": "What are the average and total evolutions of DDnq, DDkv, or DDqv pollution in BBly, AAfw?"},
{"name": "template 8",
 "sql": "SELECT AA,BB,sum(Value),min(Value) FROM DBdata WHERE ((AA = 'AAfw' AND BB = 'BBly') OR (AA = 'AAfw' AND BB = 'BBgr') OR (AA = 'AAmp' AND BB = 'BBbq') OR (AA = 'AAmp' AND BB = 'BBrt')) AND ((CC = 'CCfp' AND DD = 'DDdr') OR (CC = 'CCjp' AND DD = 'DDqv')) GROUP BY AA,BB",
 "sqlResult": "{AAfw | BBly | 21.38 | -0.19} || {AAfw | BBgr | -136.02 | -92.46} || {AAmp | BBbq | -7.2 | -65.02} || {AAmp | BBrt | -12.93 | -97.72}",
 "nlq": "What are the total and minimum evolutions for each AA and BB, of DDdr or DDqv pollution in BBly or BBgr, AAfw or BBbq or BBrt, AAmp? Please, report the corresponding AA and BB."},
{"name": "template 9",
 "sql": "SELECT min(Value) FROM DBdata WHERE ((AA = 'AAmp' AND BB = 'BBbq')) AND (CC IN ('CCfp','CCjp')) GROUP BY CC",
 "sqlResult": "{-65.02} || {23.72}",
 "nlq": "What is the minimum evolution of pollution for each CC, of CCjp or CCfp in BBbq, AAmp?"},
{"name": "template 10",
 "sql": "SELECT CC,avg(Value) FROM DBdata WHERE ((AA = 'AAmp' AND BB = 'BBrt')) AND (CC IN ('CCfp','CCjp')) GROUP BY CC",
 "sqlResult": "{CCjp | 55.78} || {CCfp | -46.33}",
 "nlq": "What is the average evolution of pollution for each CC, of CCjp or CCfp in BBrt, AAmp? Please, report the corresponding CC."},
{"name": "template 11",
 "sql": "SELECT CC,AA,BB,sum(Value) FROM DBdata WHERE ((AA = 'AAfw' AND BB = 'BBly') OR (AA = 'AAfw' AND BB = 'BBgr')) AND (CC IN ('CCfp','CCjp')) GROUP BY CC,AA,BB",
 "sqlResult": "{CCjp | AAfw | BBly | 108.61} || {CCjp | AAfw | BBgr | -37.34} || {CCfp | AAfw | BBly | 13.51} || {CCfp | AAfw | BBgr | -131.92}",
 "nlq": "What is the total evolution of pollution for each CC, AA, and BB, of CCjp or CCfp in BBly or BBgr, AAfw? Please, report the corresponding CC, AA, and BB."},
{"name": "template 12",
 "sql": "SELECT Value FROM DBdata WHERE ((AA = 'AAfw' AND BB = 'BBgr')) AND (CC IN ('CCfp','CCjp')) ORDER BY VALUE DESC LIMIT 3",
 "sqlResult": "{55.12} || {-43.56} || {-88.36}",
 "nlq": "What are the top 3 evolutions of pollution of CCjp or CCfp in BBgr, AAfw?"},
{"name": "template 13",
 "sql": "SELECT Value FROM DBdata WHERE ((AA = 'AAfw' AND BB = 'BBly')) AND (CC IN ('CCfp','CCjp')) ORDER BY VALUE DESC",
 "sqlResult": "{87.04} || {21.57} || {13.7} || {-0.19}",
 "nlq": "What are the evolutions ordered by decreasing values of pollution of CCjp or CCfp in BBly, AAfw?"},
{"name": "template 14",
 "sql": "SELECT CC,DD FROM DBdata WHERE ((AA = 'AAfw' AND BB = 'BBgr')) AND Value < -3.34",
 "sqlResult": "{CCfp | DDdr} || {CCfp | DDkv} || {CCjp | DDqv}",
 "nlq": "What are the CC and DD for which the evolution in BBgr, AAfw is lower than -3.34?"},
{"name": "template 15",
 "sql": "SELECT CC,DD,Value FROM DBdata WHERE ((AA = 'AAmp' AND BB = 'BBbq')) AND (CC,DD) IN (SELECT CC,DD FROM DBdata WHERE ((AA = 'AAfw' AND BB = 'BBgr')) AND Value < -3.34)",
 "sqlResult": "{CCfp | DDdr | 57.82} || {CCfp | DDkv | 23.72} || {CCjp | DDqv | -65.02}",
 "nlq": "What is the evolution of pollution in BBbq, AAmp of CC and of DD for which the evolution in BBgr, AAfw is lower than -3.34? Please, report the corresponding CC, DD, and evolution of pollution."}]
}

