AA,BB,CC,DD,Value
AA,BB,CC,DD,Value
AAln,BBxy,CCfs,DDcx,69.19
AAln,BBly,CCfs,DDcx,18.71
AAnw,Boulder BB,CCfs,DDcx,-45.05
AAnw,BBcz,CCfs,DDcx,3.62
AAln,BBxy,CCfs,DDsv,64.09
AAln,BBly,CCfs,DDsv,25.6
AAnw,Boulder BB,CCfs,DDsv,36.99
AAnw,BBcz,CCfs,DDsv,-37.05
AAln,BBxy,CCfs,DDbv,60.28
AAln,BBly,CCfs,DDbv,-39.71
AAnw,Boulder BB,CCfs,DDbv,-45.17
AAnw,BBcz,CCfs,DDbv,-72.14
AAln,BBxy,CCdt,DDcf,24.2
AAln,BBly,CCdt,DDcf,-77.62
AAnw,Boulder BB,CCdt,DDcf,-22.72
AAnw,BBcz,CCdt,DDcf,17.28
AAln,BBxy,CCdt,DDbh,-70.47
AAln,BBly,CCdt,DDbh,88.49
AAnw,Boulder BB,CCdt,DDbh,76.68
AAnw,BBcz,CCdt,DDbh,55.77

