{
"filename": "Evolution_of_pollution_in_percent_set3_1_DB.csv",
"questions": [{"name": "template 1",
 "sql": "SELECT Value FROM DBdata WHERE ((AA = 'AAxz' AND BB = 'BBbv')) AND ((CC = 'CCst' AND DD = 'DDhv'))",
 "sqlResult": "{-17.64}",
 "nlq": "What is the evolution of DDhv pollution in BBbv, AAxz?"},
{"name": "template 2",
 "sql": "SELECT Value FROM DBdata WHERE ((AA = 'AAxz' AND BB = 'BBjs')) AND ((CC = 'CCst' AND DD = 'DDhv') OR (CC = 'CCnp' AND DD = 'DDmp') OR (CC = 'CCnp' AND DD = 'DDln') OR (CC = 'CCgk' AND DD = 'DDnw'))",
 "sqlResult": "{-1.27} || {-34.46} || {-55.61} || {-87.6}",
 "nlq": "What is the evolution of DDhv, DDmp, DDln, or DDnw pollution in BBjs, AAxz?"},
{"name": "template 3",
 "sql": "SELECT Value FROM DBdata WHERE ((AA = 'AAhm' AND BB = 'BBkv') OR (AA = 'AAxz' AND BB = 'BBbv') OR (AA = 'AAfp' AND BB = 'BBcm') OR (AA = 'AAfp' AND BB = 'BBgx')) AND ((CC = 'CCgk' AND DD = 'DDgn'))",
 "sqlResult": "{63.14} || {-59.26} || {-48.8} || {62.53}",
 "nlq": "What is the evolution of DDgn pollution in BBcm or BBgx, AAfp or BBkv, AAhm or BBbv, AAxz?"},
{"name": "template 4",
 "sql": "SELECT avg(Value),min(Value) FROM DBdata WHERE ((AA = 'AAhm' AND BB = 'BBjr') OR (AA = 'AAxz' AND BB = 'BBbv') OR (AA = 'AAfp' AND BB = 'BBcm') OR (AA = 'AAfp' AND BB = 'BBgx')) AND ((CC = 'CCnp' AND DD = 'DDln'))",
 "sqlResult": "{-47.98 | -97.24}",
 "nlq": "What are the average and minimum evolutions of DDln pollution in BBcm or BBgx, AAfp or BBjr, AAhm or BBbv, AAxz?"},
{"name": "template 6",
 "sql": "SELECT Value FROM DBdata WHERE ((AA = 'AAhm' AND BB = 'BBkv') OR (AA = 'AAxz' AND BB = 'BBjs') OR (AA = 'AAfp' AND BB = 'BBcm')) AND ((CC = 'CCst' AND DD = 'DDkq') OR (CC = 'CCnp' AND DD = 'DDmp') OR (CC = 'CCgk' AND DD = 'DDgn'))",
 "sqlResult": "{-34.19} || {30.69} || {66.87} || {72.78} || {-34.46} || {0.57} || {63.14} || {-29.93} || {-48.8}",
 "nlq": "What is the evolution of DDmp, DDgn, or DDkq pollution in BBcm, AAfp or BBjs, AAxz or BBkv, AAhm?"},
{"name": "template 7",
 "sql": "SELECT min(Value),avg(Value) FROM DBdata WHERE ((AA = 'AAxz' AND BB = 'BBjs')) AND ((CC = 'CCnp' AND DD = 'DDln') OR (CC = 'CCnp' AND DD = 'DDkx'))",
 "sqlResult": "{-55.61 | -29.79}",
 "nlq": "What are the minimum and average evolutions of DDln or DDkx pollution in BBjs, AAxz?"},
{"name": "template 8",
 "sql": "SELECT AA,BB,max(Value),min(Value) FROM DBdata WHERE ((AA = 'AAxz' AND BB = 'BBbv') OR (AA = 'AAfp' AND BB = 'BBcm')) AND ((CC = 'CCnp' AND DD = 'DDln') OR (CC = 'CCnp' AND DD = 'DDkx') OR (CC = 'CCgk' AND DD = 'DDgn')) GROUP BY AA,BB",
 "sqlResult": "{AAxz | BBbv | -20.17 | -59.26} || {AAfp | BBcm | -17.5 | -88.43}",
 "nlq": "What are the maximum and minimum evolutions for each AA and BB, of DDln, DDgn, or DDkx pollution in BBcm, AAfp or BBbv, AAxz? Please, report the corresponding AA and BB."},
{"name": "template 9",
 "sql": "SELECT min(Value) FROM DBdata WHERE ((AA = 'AAfp' AND BB = 'BBgx')) AND (CC IN ('CCst','CCnp','CCgk')) GROUP BY CC",
 "sqlResult": "{-74.98} || {-97.24} || {-96.76}",
 "nlq": "What is the minimum evolution of pollution for each CC, of CCgk, CCnp, or CCst in BBgx, AAfp?"},
{"name": "template 10",
 "sql": "SELECT CC,sum(Value) FROM DBdata WHERE ((AA = 'AAfp' AND BB = 'BBgx')) AND (CC IN ('CCst','CCnp','CCgk')) GROUP BY CC",
 "sqlResult": "{CCgk | -12.45} || {CCnp | -144.85} || {CCst | -60.69}",
 "nlq": "What is the total evolution of pollution for each CC, of CCgk, CCnp, or CCst in BBgx, AAfp? Please, report the corresponding CC."},
{"name": "template 11",
 "sql": "SELECT CC,AA,BB,min(Value) FROM DBdata WHERE ((AA = 'AAhm' AND BB = 'BBkv') OR (AA = 'AAxz' AND BB = 'BBjs') OR (AA = 'AAfp' AND BB = 'BBgx')) AND (CC IN ('CCst','CCnp','CCgk')) GROUP BY CC,AA,BB",
 "sqlResult": "{CCgk | AAhm | BBkv | -3.65} || {CCgk | AAxz | BBjs | -87.6} || {CCgk | AAfp | BBgx | -74.98} || {CCnp | AAhm | BBkv | 0.98} || {CCnp | AAxz | BBjs | -55.61} || {CCnp | AAfp | BBgx | -97.24} || {CCst | AAhm | BBkv | -34.19} || {CCst | AAxz | BBjs | -1.27} || {CCst | AAfp | BBgx | -96.76}",
 "nlq": "What is the minimum evolution of pollution for each CC, AA, and BB, of CCgk, CCnp, or CCst in BBgx, AAfp or BBjs, AAxz or BBkv, AAhm? Please, report the corresponding CC, AA, and BB."},
{"name": "template 12",
 "sql": "SELECT Value FROM DBdata WHERE ((AA = 'AAxz' AND BB = 'BBbv')) AND (CC IN ('CCst','CCgk')) ORDER BY VALUE ASC LIMIT 2",
 "sqlResult": "{-59.26} || {-33.88}",
 "nlq": "What are the bottom 2 evolutions of pollution of CCgk or CCst in BBbv, AAxz?"},
{"name": "template 13",
 "sql": "SELECT Value FROM DBdata WHERE ((AA = 'AAfp' AND BB = 'BBgx')) AND (CC IN ('CCst','CCnp')) ORDER BY VALUE DESC",
 "sqlResult": "{36.07} || {-20.37} || {-27.24} || {-96.76} || {-97.24}",
 "nlq": "What are the evolutions ordered by decreasing values of pollution of CCnp or CCst in BBgx, AAfp?"},
{"name": "template 14",
 "sql": "SELECT CC,DD FROM DBdata WHERE ((AA = 'AAxz' AND BB = 'BBbv')) AND Value > -20.58",
 "sqlResult": "{CCst | DDhv} || {CCst | DDkq} || {CCnp | DDmp} || {CCnp | DDln}",
 "nlq": "What are the CC and DD for which the evolution in BBbv, AAxz is greater than -20.58?"},
{"name": "template 15",
 "sql": "SELECT CC,DD,Value FROM DBdata WHERE ((AA = 'AAhm' AND BB = 'BBkv')) AND (CC,DD) IN (SELECT CC,DD FROM DBdata WHERE ((AA = 'AAxz' AND BB = 'BBbv')) AND Value > -20.58)",
 "sqlResult": "{CCst | DDhv | -14.88} || {CCst | DDkq | -34.19} || {CCnp | DDmp | 72.78} || {CCnp | DDln | 19.55}",
 "nlq": "What is the evolution of pollution in BBkv, AAhm of CC and of DD for which the evolution in BBbv, AAxz is greater than -20.58? Please, report the corresponding CC, DD, and evolution of pollution."}]
}

