State,City,Polluted element,Type of pollution,Value
State,City,Polluted_element,Type_of_pollution,Value
Georgia,Albany,Soil,Inorganic Fertilizers,53.04
Georgia,Columbus,Soil,Inorganic Fertilizers,31.17
Georgia,Washington,Soil,Inorganic Fertilizers,43.05
Illinois,Chicago,Soil,Inorganic Fertilizers,-28.27
Illinois,Springfield,Soil,Inorganic Fertilizers,-92.33
Maryland,Aberdeen,Soil,Inorganic Fertilizers,88.83
Maryland,Baltimore,Soil,Inorganic Fertilizers,99.24
Maryland,Columbia,Soil,Inorganic Fertilizers,-14.83
Georgia,Albany,Soil,Industrial,-66.21
Georgia,Columbus,Soil,Industrial,15.52
Georgia,Washington,Soil,Industrial,35.22
Illinois,Chicago,Soil,Industrial,-85.18
Illinois,Springfield,Soil,Industrial,5.13
Maryland,Aberdeen,Soil,Industrial,-75.64
Maryland,Baltimore,Soil,Industrial,25.49
Maryland,Columbia,Soil,Industrial,-81.31
Georgia,Albany,Soil,Inferior Irrigation,23.73
Georgia,Columbus,Soil,Inferior Irrigation,-85.13
Georgia,Washington,Soil,Inferior Irrigation,-87.7
Illinois,Chicago,Soil,Inferior Irrigation,-74.17
Illinois,Springfield,Soil,Inferior Irrigation,-35.13
Maryland,Aberdeen,Soil,Inferior Irrigation,-26.39
Maryland,Baltimore,Soil,Inferior Irrigation,-8.27
Maryland,Columbia,Soil,Inferior Irrigation,1.52
Georgia,Albany,Soil,Solid Waste,40.05
Georgia,Columbus,Soil,Solid Waste,42.7
Georgia,Washington,Soil,Solid Waste,-60.55
Illinois,Chicago,Soil,Solid Waste,23.22
Illinois,Springfield,Soil,Solid Waste,-61.22
Maryland,Aberdeen,Soil,Solid Waste,32.27
Maryland,Baltimore,Soil,Solid Waste,-44.54
Maryland,Columbia,Soil,Solid Waste,91.28
Georgia,Albany,Soil,Urban Activities,67.07
Georgia,Columbus,Soil,Urban Activities,68.57
Georgia,Washington,Soil,Urban Activities,15.78
Illinois,Chicago,Soil,Urban Activities,44.97
Illinois,Springfield,Soil,Urban Activities,-25.36
Maryland,Aberdeen,Soil,Urban Activities,17.11
Maryland,Baltimore,Soil,Urban Activities,40.33
Maryland,Columbia,Soil,Urban Activities,-28.33
Georgia,Albany,Air,Noise,93.42
Georgia,Columbus,Air,Noise,-40.07
Georgia,Washington,Air,Noise,42.09
Illinois,Chicago,Air,Noise,-46.69
Illinois,Springfield,Air,Noise,-55.59
Maryland,Aberdeen,Air,Noise,-27.09
Maryland,Baltimore,Air,Noise,-38.2
Maryland,Columbia,Air,Noise,31.54
Georgia,Albany,Air,Light,2.29
Georgia,Columbus,Air,Light,-48.56
Georgia,Washington,Air,Light,30.03
Illinois,Chicago,Air,Light,-44.27
Illinois,Springfield,Air,Light,-8.38
Maryland,Aberdeen,Air,Light,99.08
Maryland,Baltimore,Air,Light,60.77
Maryland,Columbia,Air,Light,27.86
Georgia,Albany,Air,Thermal,-88.81
Georgia,Columbus,Air,Thermal,-70.35
Georgia,Washington,Air,Thermal,90.89
Illinois,Chicago,Air,Thermal,67.21
Illinois,Springfield,Air,Thermal,-72.69
Maryland,Aberdeen,Air,Thermal,-18.26
Maryland,Baltimore,Air,Thermal,-12.46
Maryland,Columbia,Air,Thermal,-27.36
