State,City,Polluted element,Type of pollution,Value
State,City,Polluted_element,Type_of_pollution,Value
Minnesota,Minneapolis,Water,Groundwater,-91.75
Minnesota,Rochester,Water,Groundwater,16.39
Nevada,Boulder City,Water,Groundwater,49.81
Nevada,Las Vegas,Water,Groundwater,67.72
Nevada,Reno,Water,Groundwater,14.3
Oregon,Portland,Water,Groundwater,59.23
Oregon,Redmond,Water,Groundwater,3.36
Oregon,Salem,Water,Groundwater,28.31
Minnesota,Minneapolis,Water,Oxygen-depletion,-6.97
Minnesota,Rochester,Water,Oxygen-depletion,45.88
Nevada,Boulder City,Water,Oxygen-depletion,-94.05
Nevada,Las Vegas,Water,Oxygen-depletion,-73.74
Nevada,Reno,Water,Oxygen-depletion,-50.51
Oregon,Portland,Water,Oxygen-depletion,-25.45
Oregon,Redmond,Water,Oxygen-depletion,-80.72
Oregon,Salem,Water,Oxygen-depletion,-90.01
Minnesota,Minneapolis,Soil,Inorganic Fertilizers,79.34
Minnesota,Rochester,Soil,Inorganic Fertilizers,33.38
Nevada,Boulder City,Soil,Inorganic Fertilizers,-68.45
Nevada,Las Vegas,Soil,Inorganic Fertilizers,73.24
Nevada,Reno,Soil,Inorganic Fertilizers,35.76
Oregon,Portland,Soil,Inorganic Fertilizers,24.61
Oregon,Redmond,Soil,Inorganic Fertilizers,87.78
Oregon,Salem,Soil,Inorganic Fertilizers,-90.97
Minnesota,Minneapolis,Soil,Industrial,-94.89
Minnesota,Rochester,Soil,Industrial,-91.96
Nevada,Boulder City,Soil,Industrial,-89.4
Nevada,Las Vegas,Soil,Industrial,45.79
Nevada,Reno,Soil,Industrial,99.32
Oregon,Portland,Soil,Industrial,18.49
Oregon,Redmond,Soil,Industrial,-10.07
Oregon,Salem,Soil,Industrial,39.34
Minnesota,Minneapolis,Soil,Inferior Irrigation,-56.77
Minnesota,Rochester,Soil,Inferior Irrigation,-79.66
Nevada,Boulder City,Soil,Inferior Irrigation,-46.39
Nevada,Las Vegas,Soil,Inferior Irrigation,-9.35
Nevada,Reno,Soil,Inferior Irrigation,75.47
Oregon,Portland,Soil,Inferior Irrigation,-64.48
Oregon,Redmond,Soil,Inferior Irrigation,-31.05
Oregon,Salem,Soil,Inferior Irrigation,-1.29
Minnesota,Minneapolis,Soil,Solid Waste,25.12
Minnesota,Rochester,Soil,Solid Waste,-63.66
Nevada,Boulder City,Soil,Solid Waste,-73.76
Nevada,Las Vegas,Soil,Solid Waste,98.86
Nevada,Reno,Soil,Solid Waste,0
Oregon,Portland,Soil,Solid Waste,-41.73
Oregon,Redmond,Soil,Solid Waste,96.72
Oregon,Salem,Soil,Solid Waste,81.72
Minnesota,Minneapolis,Soil,Urban Activities,-9.38
Minnesota,Rochester,Soil,Urban Activities,53.25
Nevada,Boulder City,Soil,Urban Activities,39.1
Nevada,Las Vegas,Soil,Urban Activities,61.81
Nevada,Reno,Soil,Urban Activities,-94.63
Oregon,Portland,Soil,Urban Activities,-11.34
Oregon,Redmond,Soil,Urban Activities,18.11
Oregon,Salem,Soil,Urban Activities,-37.12
Minnesota,Minneapolis,Air,Noise,-20.48
Minnesota,Rochester,Air,Noise,58.83
Nevada,Boulder City,Air,Noise,-56
Nevada,Las Vegas,Air,Noise,69.94
Nevada,Reno,Air,Noise,-70.88
Oregon,Portland,Air,Noise,49.45
Oregon,Redmond,Air,Noise,-80.83
Oregon,Salem,Air,Noise,51.29
Minnesota,Minneapolis,Air,Light,35.63
Minnesota,Rochester,Air,Light,-35.72
Nevada,Boulder City,Air,Light,-9.81
Nevada,Las Vegas,Air,Light,34.89
Nevada,Reno,Air,Light,-59.64
Oregon,Portland,Air,Light,-86.57
Oregon,Redmond,Air,Light,77.43
Oregon,Salem,Air,Light,-50.17
Minnesota,Minneapolis,Air,Thermal,63.79
Minnesota,Rochester,Air,Thermal,-58.32
Nevada,Boulder City,Air,Thermal,45.8
Nevada,Las Vegas,Air,Thermal,-50.22
Nevada,Reno,Air,Thermal,-81.44
Oregon,Portland,Air,Thermal,-21.69
Oregon,Redmond,Air,Thermal,-2.04
Oregon,Salem,Air,Thermal,57.99
