{
"filename": "Evolution_of_pollution_in_percent_set10_2_DB.csv",
"questions": [{"name": "template 1",
 "sql": "SELECT Value FROM DBdata WHERE ((State = 'Oregon' AND City = 'Salem')) AND ((Polluted_element = 'Soil' AND Type_of_pollution = 'Industrial'))",
 "sqlResult": "{37.86}",
 "nlq": "What is the evolution of Industrial pollution in Salem, Oregon?"},
{"name": "template 2",
 "sql": "SELECT Value FROM DBdata WHERE ((State = 'Nevada' AND City = 'Boulder City')) AND ((Polluted_element = 'Water' AND Type_of_pollution = 'Chemical') OR (Polluted_element = 'Water' AND Type_of_pollution = 'Groundwater') OR (Polluted_element = 'Water' AND Type_of_pollution = 'Oxygen-depletion') OR (Polluted_element = 'Soil' AND Type_of_pollution = 'Inferior Irrigation') OR (Polluted_element = 'Air' AND Type_of_pollution = 'Noise') OR (Polluted_element = 'Air' AND Type_of_pollution = 'Light') OR (Polluted_element = 'Air' AND Type_of_pollution = 'Thermal'))",
 "sqlResult": "{-26.21} || {92.63} || {-26.65} || {-24} || {59.91} || {49.76} || {-92.62}",
 "nlq": "What is the evolution of Chemical, Groundwater, Inferior Irrigation, Light, Noise, Oxygen-depletion, or Thermal pollution in Boulder City, Nevada?"},
{"name": "template 3",
 "sql": "SELECT Value FROM DBdata WHERE ((State = 'Nevada' AND City = 'Reno') OR (State = 'Oregon' AND City = 'Redmond')) AND ((Polluted_element = 'Water' AND Type_of_pollution = 'Surface water'))",
 "sqlResult": "{-25.91} || {-62.67}",
 "nlq": "What is the evolution of Surface water pollution in Redmond, Oregon or Reno, Nevada?"},
{"name": "template 4",
 "sql": "SELECT min(Value),sum(Value) FROM DBdata WHERE ((State = 'Nevada' AND City = 'Las Vegas') OR (State = 'Oregon' AND City = 'Portland') OR (State = 'Oregon' AND City = 'Redmond') OR (State = 'Oregon' AND City = 'Salem')) AND ((Polluted_element = 'Air' AND Type_of_pollution = 'Light'))",
 "sqlResult": "{-96.35 | 20.59}",
 "nlq": "What are the minimum and total evolutions of Light pollution in Las Vegas, Nevada or Portland, Redmond, or Salem, Oregon?"},
{"name": "template 6",
 "sql": "SELECT Value FROM DBdata WHERE ((State = 'Nevada' AND City = 'Reno') OR (State = 'Oregon' AND City = 'Portland') OR (State = 'Oregon' AND City = 'Redmond')) AND ((Polluted_element = 'Water' AND Type_of_pollution = 'Oxygen-depletion') OR (Polluted_element = 'Water' AND Type_of_pollution = 'Surface water') OR (Polluted_element = 'Air' AND Type_of_pollution = 'Light'))",
 "sqlResult": "{79.39} || {-95.08} || {-88.27} || {-25.91} || {-51.82} || {-62.67} || {54.72} || {32.35} || {62.4}",
 "nlq": "What is the evolution of Light, Oxygen-depletion, or Surface water pollution in Portland or Redmond, Oregon or Reno, Nevada?"},
{"name": "template 7",
 "sql": "SELECT max(Value),min(Value) FROM DBdata WHERE ((State = 'Nevada' AND City = 'Reno')) AND ((Polluted_element = 'Soil' AND Type_of_pollution = 'Industrial') OR (Polluted_element = 'Soil' AND Type_of_pollution = 'Inferior Irrigation') OR (Polluted_element = 'Air' AND Type_of_pollution = 'Noise') OR (Polluted_element = 'Air' AND Type_of_pollution = 'Light') OR (Polluted_element = 'Air' AND Type_of_pollution = 'Thermal'))",
 "sqlResult": "{54.72 | -77}",
 "nlq": "What are the maximum and minimum evolutions of Industrial, Inferior Irrigation, Light, Noise, or Thermal pollution in Reno, Nevada?"},
{"name": "template 8",
 "sql": "SELECT State,City,min(Value),sum(Value) FROM DBdata WHERE ((State = 'Nevada' AND City = 'Las Vegas') OR (State = 'Nevada' AND City = 'Reno') OR (State = 'Oregon' AND City = 'Portland') OR (State = 'Oregon' AND City = 'Salem')) AND ((Polluted_element = 'Water' AND Type_of_pollution = 'Groundwater') OR (Polluted_element = 'Water' AND Type_of_pollution = 'Surface water')) GROUP BY State,City",
 "sqlResult": "{Nevada | Las Vegas | -64.37 | -123.8} || {Nevada | Reno | -25.91 | -14.43} || {Oregon | Portland | -93.81 | -145.63} || {Oregon | Salem | 1.21 | 81.6}",
 "nlq": "What are the minimum and total evolutions for each State and City, of Groundwater or Surface water pollution in Las Vegas or Reno, Nevada or Portland or Salem, Oregon? Please, report the corresponding State and City."},
{"name": "template 9",
 "sql": "SELECT min(Value) FROM DBdata WHERE ((State = 'Nevada' AND City = 'Boulder City')) AND (Polluted_element IN ('Water','Soil','Air')) GROUP BY Polluted_element",
 "sqlResult": "{-92.62} || {-89.22} || {-26.65}",
 "nlq": "What is the minimum evolution of pollution for each Polluted element, of Air, Soil, or Water in Boulder City, Nevada?"},
{"name": "template 10",
 "sql": "SELECT Polluted_element,min(Value) FROM DBdata WHERE ((State = 'Oregon' AND City = 'Salem')) AND (Polluted_element IN ('Water','Soil','Air')) GROUP BY Polluted_element",
 "sqlResult": "{Air | -96.35} || {Soil | 2.2} || {Water | -19.9}",
 "nlq": "What is the minimum evolution of pollution for each Polluted element, of Air, Soil, or Water in Salem, Oregon? Please, report the corresponding Polluted element."},
{"name": "template 11",
 "sql": "SELECT Polluted_element,State,City,max(Value) FROM DBdata WHERE ((State = 'Nevada' AND City = 'Las Vegas') OR (State = 'Oregon' AND City = 'Redmond') OR (State = 'Oregon' AND City = 'Salem')) AND (Polluted_element IN ('Water','Soil','Air')) GROUP BY Polluted_element,State,City",
 "sqlResult": "{Air | Nevada | Las Vegas | 22.19} || {Air | Oregon | Redmond | 62.4} || {Air | Oregon | Salem | -3.24} || {Soil | Nevada | Las Vegas | 37.13} || {Soil | Oregon | Redmond | 19.68} || {Soil | Oregon | Salem | 37.86} || {Water | Nevada | Las Vegas | -14.29} || {Water | Oregon | Redmond | 95.28} || {Water | Oregon | Salem | 87.5}",
 "nlq": "What is the maximum evolution of pollution for each Polluted element, State, and City, of Air, Soil, or Water in Las Vegas, Nevada or Redmond or Salem, Oregon? Please, report the corresponding Polluted element, State, and City."},
{"name": "template 12",
 "sql": "SELECT Value FROM DBdata WHERE ((State = 'Oregon' AND City = 'Redmond')) AND (Polluted_element IN ('Soil','Air')) ORDER BY VALUE DESC LIMIT 3",
 "sqlResult": "{62.4} || {19.68} || {-19.57}",
 "nlq": "What are the top 3 evolutions of pollution of Air or Soil in Redmond, Oregon?"},
{"name": "template 13",
 "sql": "SELECT Value FROM DBdata WHERE ((State = 'Nevada' AND City = 'Boulder City')) AND (Polluted_element IN ('Water','Air')) ORDER BY VALUE ASC",
 "sqlResult": "{-92.62} || {-26.65} || {-26.21} || {14.19} || {49.76} || {59.91} || {92.63}",
 "nlq": "What are the evolutions ordered by increasing values of pollution of Air or Water in Boulder City, Nevada?"},
{"name": "template 14",
 "sql": "SELECT Polluted_element,Type_of_pollution FROM DBdata WHERE ((State = 'Oregon' AND City = 'Salem')) AND Value < -13.5",
 "sqlResult": "{Water | Oxygen-depletion} || {Air | Light}",
 "nlq": "What are the Polluted element and Type of pollution for which the evolution in Salem, Oregon is lower than -13.5?"},
{"name": "template 15",
 "sql": "SELECT Polluted_element,Type_of_pollution,Value FROM DBdata WHERE ((State = 'Oregon' AND City = 'Portland')) AND (Polluted_element,Type_of_pollution) IN (SELECT Polluted_element,Type_of_pollution FROM DBdata WHERE ((State = 'Oregon' AND City = 'Salem')) AND Value < -13.5)",
 "sqlResult": "{Water | Oxygen-depletion | -95.08} || {Air | Light | 32.35}",
 "nlq": "What is the evolution of pollution in Portland, Oregon of Polluted element and of Type of pollution for which the evolution in Salem, Oregon is lower than -13.5? Please, report the corresponding Polluted element, Type of pollution, and evolution of pollution."}]
}
