State,City,Polluted element,Type of pollution,Value
State,City,Polluted_element,Type_of_pollution,Value
Georgia,Albany,Water,Oxygen-depletion,-40.15
Georgia,Columbus,Water,Oxygen-depletion,36.1
Georgia,Washington,Water,Oxygen-depletion,-53.35
Illinois,Champaign,Water,Oxygen-depletion,-80.57
Illinois,Chicago,Water,Oxygen-depletion,-20.44
Illinois,Springfield,Water,Oxygen-depletion,36.12
Maryland,Aberdeen,Water,Oxygen-depletion,20.71
Maryland,Baltimore,Water,Oxygen-depletion,-54.01
Maryland,Columbia,Water,Oxygen-depletion,-7.21
Georgia,Albany,Water,Surface water,-9.92
Georgia,Columbus,Water,Surface water,61.75
Georgia,Washington,Water,Surface water,-14.02
Illinois,Champaign,Water,Surface water,-9.33
Illinois,Chicago,Water,Surface water,-70.95
Illinois,Springfield,Water,Surface water,-93.66
Maryland,Aberdeen,Water,Surface water,83.74
Maryland,Baltimore,Water,Surface water,26.7
Maryland,Columbia,Water,Surface water,-60.3
Georgia,Albany,Soil,Solid Waste,51.75
Georgia,Columbus,Soil,Solid Waste,-78.54
Georgia,Washington,Soil,Solid Waste,20.91
Illinois,Champaign,Soil,Solid Waste,11.87
Illinois,Chicago,Soil,Solid Waste,-89.61
Illinois,Springfield,Soil,Solid Waste,24
Maryland,Aberdeen,Soil,Solid Waste,5.62
Maryland,Baltimore,Soil,Solid Waste,-7.72
Maryland,Columbia,Soil,Solid Waste,83.8
Georgia,Albany,Soil,Urban Activities,-9.19
Georgia,Columbus,Soil,Urban Activities,27.92
Georgia,Washington,Soil,Urban Activities,-21.53
Illinois,Champaign,Soil,Urban Activities,9.39
Illinois,Chicago,Soil,Urban Activities,-31.8
Illinois,Springfield,Soil,Urban Activities,-0.66
Maryland,Aberdeen,Soil,Urban Activities,14.62
Maryland,Baltimore,Soil,Urban Activities,87.1
Maryland,Columbia,Soil,Urban Activities,-67.88
Georgia,Albany,Air,Noise,7.99
Georgia,Columbus,Air,Noise,-82.65
Georgia,Washington,Air,Noise,60.34
Illinois,Champaign,Air,Noise,-82.91
Illinois,Chicago,Air,Noise,25.36
Illinois,Springfield,Air,Noise,-34
Maryland,Aberdeen,Air,Noise,-95.73
Maryland,Baltimore,Air,Noise,-26.08
Maryland,Columbia,Air,Noise,93.37
Georgia,Albany,Air,Light,-29.86
Georgia,Columbus,Air,Light,29.92
Georgia,Washington,Air,Light,-18.96
Illinois,Champaign,Air,Light,-85.55
Illinois,Chicago,Air,Light,-34.17
Illinois,Springfield,Air,Light,-70.42
Maryland,Aberdeen,Air,Light,-19.09
Maryland,Baltimore,Air,Light,-61.17
Maryland,Columbia,Air,Light,99.57
Georgia,Albany,Air,Thermal,-15.38
Georgia,Columbus,Air,Thermal,-45.53
Georgia,Washington,Air,Thermal,-72.59
Illinois,Champaign,Air,Thermal,-9.11
Illinois,Chicago,Air,Thermal,8.02
Illinois,Springfield,Air,Thermal,-41.04
Maryland,Aberdeen,Air,Thermal,46.49
Maryland,Baltimore,Air,Thermal,35.58
Maryland,Columbia,Air,Thermal,-83.24
