{
"filename": "Evolution_of_pollution_in_percent_set2_2_DB.csv",
"questions": [{"name": "template 1",
 "sql": "SELECT Value FROM DBdata WHERE ((AA = 'AAnwz' AND BB = 'BBjpq')) AND ((CC = 'CCpsx' AND DD = 'DDbkp'))",
 "sqlResult": "{59.9}",
 "nlq": "What is the evolution of DDbkp pollution in BBjpq, AAnwz?"},
{"name": "template 2",
 "sql": "SELECT Value FROM DBdata WHERE ((AA = 'AAnwz' AND BB = 'BBhmp')) AND ((CC = 'CCgtv' AND DD = 'DDgqw') OR (CC = 'CCpsx' AND DD = 'DDbkp') OR (CC = 'CCgmx' AND DD = 'DDmsy') OR (CC = 'CCgmx' AND DD = 'DDdqs'))",
 "sqlResult": "{25.41} || {13.54} || {-8.62} || {81.2}",
 "nlq": "What is the evolution of DDgqw, DDbkp, DDmsy, or DDdqs pollution in BBhmp, AAnwz?"},
{"name": "template 3",
 "sql": "SELECT Value FROM DBdata WHERE ((AA = 'AAdlv' AND BB = 'BBcxz') OR (AA = 'AAdlv' AND BB = 'BBgjq') OR (AA = 'AAckm' AND BB = 'BBcpt') OR (AA = 'AAckm' AND BB = 'BBhvx') OR (AA = 'AAnwz' AND BB = 'BBhmp') OR (AA = 'AAnwz' AND BB = 'BBjpq')) AND ((CC = 'CCgtv' AND DD = 'DDckq'))",
 "sqlResult": "{8.81} || {-45.22} || {-27.56} || {-3.64} || {-11.31} || {93.3}",
 "nlq": "What is the evolution of DDckq pollution in BBhmp or BBjpq, AAnwz or BBcpt or BBhvx, AAckm or BBcxz or BBgjq, AAdlv?"},
{"name": "template 4",
 "sql": "SELECT avg(Value),min(Value) FROM DBdata WHERE ((AA = 'AAdlv' AND BB = 'BBgjq') OR (AA = 'AAnwz' AND BB = 'BBjpq')) AND ((CC = 'CCgmx' AND DD = 'DDdqs'))",
 "sqlResult": "{50.61 | 31.82}",
 "nlq": "What are the average and minimum evolutions of DDdqs pollution in BBjpq, AAnwz or BBgjq, AAdlv?"},
{"name": "template 6",
 "sql": "SELECT Value FROM DBdata WHERE ((AA = 'AAdlv' AND BB = 'BBcxz') OR (AA = 'AAnwz' AND BB = 'BBhmp')) AND ((CC = 'CCpsx' AND DD = 'DDjqw') OR (CC = 'CCpsx' AND DD = 'DDdjp') OR (CC = 'CCgmx' AND DD = 'DDdqs'))",
 "sqlResult": "{-62.97} || {14.61} || {-0.38} || {63.26} || {-51.56} || {81.2}",
 "nlq": "What is the evolution of DDdjp, DDjqw, or DDdqs pollution in BBhmp, AAnwz or BBcxz, AAdlv?"},
{"name": "template 7",
 "sql": "SELECT max(Value),sum(Value) FROM DBdata WHERE ((AA = 'AAnwz' AND BB = 'BBjpq')) AND ((CC = 'CCgtv' AND DD = 'DDgpy') OR (CC = 'CCgtv' AND DD = 'DDjmz') OR (CC = 'CCpsx' AND DD = 'DDdjp') OR (CC = 'CCpsx' AND DD = 'DDgvw') OR (CC = 'CCgmx' AND DD = 'DDmsy'))",
 "sqlResult": "{94.2 | 126.3}",
 "nlq": "What are the maximum and total evolutions of DDgpy, DDdjp, DDmsy, DDjmz, or DDgvw pollution in BBjpq, AAnwz?"},
{"name": "template 8",
 "sql": "SELECT AA,BB,max(Value),avg(Value) FROM DBdata WHERE ((AA = 'AAdlv' AND BB = 'BBgjq') OR (AA = 'AAnwz' AND BB = 'BBjpq')) AND ((CC = 'CCpsx' AND DD = 'DDbkp') OR (CC = 'CCpsx' AND DD = 'DDgvw') OR (CC = 'CCpsx' AND DD = 'DDbgp') OR (CC = 'CCgmx' AND DD = 'DDmsy')) GROUP BY AA,BB",
 "sqlResult": "{AAdlv | BBgjq | 54.81 | 4.89} || {AAnwz | BBjpq | 94.2 | 10.19}",
 "nlq": "What are the maximum and average evolutions for each AA and BB, of DDbkp, DDmsy, DDgvw, or DDbgp pollution in BBjpq, AAnwz or BBgjq, AAdlv? Please, report the corresponding AA and BB."},
{"name": "template 9",
 "sql": "SELECT min(Value) FROM DBdata WHERE ((AA = 'AAckm' AND BB = 'BBcpt')) AND (CC IN ('CCgtv','CCpsx','CCgmx')) GROUP BY CC",
 "sqlResult": "{-12.4} || {-32.59} || {-36.09}",
 "nlq": "What is the minimum evolution of pollution for each CC, of CCgmx, CCpsx, or CCgtv in BBcpt, AAckm?"},
{"name": "template 10",
 "sql": "SELECT CC,avg(Value) FROM DBdata WHERE ((AA = 'AAnwz' AND BB = 'BBjpq')) AND (CC IN ('CCgtv','CCpsx','CCgmx')) GROUP BY CC",
 "sqlResult": "{CCgmx | 81.8} || {CCpsx | 9.96} || {CCgtv | 28.95}",
 "nlq": "What is the average evolution of pollution for each CC, of CCgmx, CCpsx, or CCgtv in BBjpq, AAnwz? Please, report the corresponding CC."},
{"name": "template 11",
 "sql": "SELECT CC,AA,BB,avg(Value) FROM DBdata WHERE ((AA = 'AAdlv' AND BB = 'BBcxz') OR (AA = 'AAnwz' AND BB = 'BBhmp') OR (AA = 'AAnwz' AND BB = 'BBjpq')) AND (CC IN ('CCgtv','CCpsx','CCgmx')) GROUP BY CC,AA,BB",
 "sqlResult": "{CCgmx | AAdlv | BBcxz | -57.06} || {CCgmx | AAnwz | BBhmp | 36.29} || {CCgmx | AAnwz | BBjpq | 81.8} || {CCpsx | AAdlv | BBcxz | 4.53} || {CCpsx | AAnwz | BBhmp | 7.56} || {CCpsx | AAnwz | BBjpq | 9.96} || {CCgtv | AAdlv | BBcxz | -18.52} || {CCgtv | AAnwz | BBhmp | 12.65} || {CCgtv | AAnwz | BBjpq | 28.95}",
 "nlq": "What is the average evolution of pollution for each CC, AA, and BB, of CCgmx, CCpsx, or CCgtv in BBhmp or BBjpq, AAnwz or BBcxz, AAdlv? Please, report the corresponding CC, AA, and BB."},
{"name": "template 12",
 "sql": "SELECT Value FROM DBdata WHERE ((AA = 'AAnwz' AND BB = 'BBhmp')) AND (CC IN ('CCpsx','CCgmx')) ORDER BY VALUE ASC LIMIT 5",
 "sqlResult": "{-40.96} || {-12.64} || {-8.62} || {13.54} || {14.61}",
 "nlq": "What are the bottom 5 evolutions of pollution of CCgmx or CCpsx in BBhmp, AAnwz?"},
{"name": "template 13",
 "sql": "SELECT Value FROM DBdata WHERE ((AA = 'AAckm' AND BB = 'BBhvx')) AND (CC IN ('CCpsx','CCgmx')) ORDER BY VALUE DESC",
 "sqlResult": "{79.7} || {58.12} || {52.77} || {36} || {24.17} || {-23.61} || {-47.26}",
 "nlq": "What are the evolutions ordered by decreasing values of pollution of CCgmx or CCpsx in BBhvx, AAckm?"},
{"name": "template 14",
 "sql": "SELECT CC,DD FROM DBdata WHERE ((AA = 'AAckm' AND BB = 'BBcpt')) AND Value > 10.7",
 "sqlResult": "{CCgtv | DDgpy} || {CCgtv | DDjmz} || {CCpsx | DDdjp} || {CCpsx | DDgvw} || {CCgmx | DDdqs}",
 "nlq": "What are the CC and DD for which the evolution in BBcpt, AAckm is greater than 10.7?"},
{"name": "template 15",
 "sql": "SELECT CC,DD,Value FROM DBdata WHERE ((AA = 'AAnwz' AND BB = 'BBjpq')) AND (CC,DD) IN (SELECT CC,DD FROM DBdata WHERE ((AA = 'AAckm' AND BB = 'BBcpt')) AND Value > 10.7)",
 "sqlResult": "{CCgtv | DDgpy | -6.25} || {CCgtv | DDjmz | 27.89} || {CCpsx | DDdjp | 25.55} || {CCpsx | DDgvw | -15.09} || {CCgmx | DDdqs | 69.4}",
 "nlq": "What is the evolution of pollution in BBjpq, AAnwz of CC and of DD for which the evolution in BBcpt, AAckm is greater than 10.7? Please, report the corresponding CC, DD, and evolution of pollution."}]
}

