{
"filename": "Evolution_of_pollution_in_percent_set7_2_DB.csv",
"questions": [{"name": "template 1",
 "sql": "SELECT Value FROM DBdata WHERE ((State = 'Massachusetts' AND City = 'Lenox')) AND ((Polluted_element = 'Water' AND Type_of_pollution = 'Oxygen-depletion'))",
 "sqlResult": "{-16.11}",
 "nlq": "What is the evolution of Oxygen-depletion pollution in Lenox, Massachusetts?"},
{"name": "template 2",
 "sql": "SELECT Value FROM DBdata WHERE ((State = 'Massachusetts' AND City = 'Cambridge')) AND ((Polluted_element = 'Water' AND Type_of_pollution = 'Chemical') OR (Polluted_element = 'Water' AND Type_of_pollution = 'Groundwater') OR (Polluted_element = 'Water' AND Type_of_pollution = 'Oxygen-depletion') OR (Polluted_element = 'Water' AND Type_of_pollution = 'Surface water') OR (Polluted_element = 'Soil' AND Type_of_pollution = 'Industrial') OR (Polluted_element = 'Soil' AND Type_of_pollution = 'Inferior Irrigation') OR (Polluted_element = 'Soil' AND Type_of_pollution = 'Solid Waste') OR (Polluted_element = 'Soil' AND Type_of_pollution = 'Urban Activities') OR (Polluted_element = 'Air' AND Type_of_pollution = 'Light') OR (Polluted_element = 'Air' AND Type_of_pollution = 'Thermal'))",
 "sqlResult": "{81.52} || {97.26} || {62.22} || {82.17} || {3.97} || {-22.89} || {-46.76} || {-21.15} || {40.3} || {-11.64}",
 "nlq": "What is the evolution of Chemical, Groundwater, Industrial, Inferior Irrigation, Light, Oxygen-depletion, Solid Waste, Surface water, Thermal, or Urban Activities pollution in Cambridge, Massachusetts?"},
{"name": "template 3",
 "sql": "SELECT Value FROM DBdata WHERE ((State = 'Massachusetts' AND City = 'Cambridge') OR (State = 'Massachusetts' AND City = 'Lenox') OR (State = 'Michigan' AND City = 'Detroit')) AND ((Polluted_element = 'Air' AND Type_of_pollution = 'Light'))",
 "sqlResult": "{40.3} || {-70.33} || {92.67}",
 "nlq": "What is the evolution of Light pollution in Cambridge or Lenox, Massachusetts or Detroit, Michigan?"},
{"name": "template 4",
 "sql": "SELECT avg(Value),min(Value) FROM DBdata WHERE ((State = 'Massachusetts' AND City = 'Cambridge') OR (State = 'Michigan' AND City = 'Detroit') OR (State = 'Michigan' AND City = 'Flint')) AND ((Polluted_element = 'Soil' AND Type_of_pollution = 'Industrial'))",
 "sqlResult": "{35.81 | 3.97}",
 "nlq": "What are the average and minimum evolutions of Industrial pollution in Cambridge, Massachusetts or Detroit or Flint, Michigan?"},
{"name": "template 6",
 "sql": "SELECT Value FROM DBdata WHERE ((State = 'Massachusetts' AND City = 'Lenox') OR (State = 'Michigan' AND City = 'Flint')) AND ((Polluted_element = 'Water' AND Type_of_pollution = 'Chemical') OR (Polluted_element = 'Water' AND Type_of_pollution = 'Oxygen-depletion') OR (Polluted_element = 'Air' AND Type_of_pollution = 'Light') OR (Polluted_element = 'Air' AND Type_of_pollution = 'Thermal'))",
 "sqlResult": "{51.87} || {-7.97} || {-16.11} || {-7.5} || {-70.33} || {-72.2} || {59.89} || {-30.2}",
 "nlq": "What is the evolution of Chemical, Light, Oxygen-depletion, or Thermal pollution in Flint, Michigan or Lenox, Massachusetts?"},
{"name": "template 7",
 "sql": "SELECT min(Value),avg(Value) FROM DBdata WHERE ((State = 'Michigan' AND City = 'Flint')) AND ((Polluted_element = 'Water' AND Type_of_pollution = 'Surface water') OR (Polluted_element = 'Soil' AND Type_of_pollution = 'Inferior Irrigation') OR (Polluted_element = 'Soil' AND Type_of_pollution = 'Urban Activities') OR (Polluted_element = 'Air' AND Type_of_pollution = 'Light'))",
 "sqlResult": "{-87.44 | -31.2}",
 "nlq": "What are the minimum and average evolutions of Inferior Irrigation, Light, Surface water, or Urban Activities pollution in Flint, Michigan?"},
{"name": "template 8",
 "sql": "SELECT State,City,avg(Value),sum(Value) FROM DBdata WHERE ((State = 'Massachusetts' AND City = 'Lenox') OR (State = 'Michigan' AND City = 'Detroit') OR (State = 'Michigan' AND City = 'Flint')) AND ((Polluted_element = 'Water' AND Type_of_pollution = 'Chemical') OR (Polluted_element = 'Water' AND Type_of_pollution = 'Groundwater')) GROUP BY State,City",
 "sqlResult": "{Massachusetts | Lenox | 37.1 | 74.21} || {Michigan | Detroit | 44.84 | 89.68} || {Michigan | Flint | 28.48 | 56.95}",
 "nlq": "What are the average and total evolutions for each State and City, of Chemical or Groundwater pollution in Detroit or Flint, Michigan or Lenox, Massachusetts? Please, report the corresponding State and City."},
{"name": "template 9",
 "sql": "SELECT min(Value) FROM DBdata WHERE ((State = 'Massachusetts' AND City = 'Cambridge')) AND (Polluted_element IN ('Water','Soil','Air')) GROUP BY Polluted_element",
 "sqlResult": "{-11.64} || {-46.76} || {62.22}",
 "nlq": "What is the minimum evolution of pollution for each Polluted element, of Air, Soil, or Water in Cambridge, Massachusetts?"},
{"name": "template 10",
 "sql": "SELECT Polluted_element,min(Value) FROM DBdata WHERE ((State = 'Massachusetts' AND City = 'Lenox')) AND (Polluted_element IN ('Water','Soil','Air')) GROUP BY Polluted_element",
 "sqlResult": "{Air | -70.33} || {Soil | 7.98} || {Water | -16.11}",
 "nlq": "What is the minimum evolution of pollution for each Polluted element, of Air, Soil, or Water in Lenox, Massachusetts? Please, report the corresponding Polluted element."},
{"name": "template 11",
 "sql": "SELECT Polluted_element,State,City,avg(Value) FROM DBdata WHERE ((State = 'Massachusetts' AND City = 'Lenox') OR (State = 'Michigan' AND City = 'Detroit')) AND (Polluted_element IN ('Water','Soil','Air')) GROUP BY Polluted_element,State,City",
 "sqlResult": "{Air | Massachusetts | Lenox | -5.22} || {Air | Michigan | Detroit | 71.22} || {Soil | Massachusetts | Lenox | 43.47} || {Soil | Michigan | Detroit | 40.84} || {Water | Massachusetts | Lenox | 27.94} || {Water | Michigan | Detroit | 5.21}",
 "nlq": "What is the average evolution of pollution for each Polluted element, State, and City, of Air, Soil, or Water in Detroit, Michigan or Lenox, Massachusetts? Please, report the corresponding Polluted element, State, and City."},
{"name": "template 12",
 "sql": "SELECT Value FROM DBdata WHERE ((State = 'Michigan' AND City = 'Detroit')) AND (Polluted_element IN ('Water','Soil')) ORDER BY VALUE DESC LIMIT 5",
 "sqlResult": "{65.7} || {65.24} || {54.09} || {36.54} || {24.44}",
 "nlq": "What are the top 5 evolutions of pollution of Soil or Water in Detroit, Michigan?"},
{"name": "template 13",
 "sql": "SELECT Value FROM DBdata WHERE ((State = 'Michigan' AND City = 'Detroit')) AND (Polluted_element IN ('Soil','Air')) ORDER BY VALUE DESC",
 "sqlResult": "{92.67} || {65.7} || {54.09} || {49.76} || {36.54} || {7.05}",
 "nlq": "What are the evolutions ordered by decreasing values of pollution of Air or Soil in Detroit, Michigan?"},
{"name": "template 14",
 "sql": "SELECT Polluted_element,Type_of_pollution FROM DBdata WHERE ((State = 'Massachusetts' AND City = 'Lenox')) AND Value > 21.85",
 "sqlResult": "{Water | Chemical} || {Water | Groundwater} || {Water | Surface water} || {Soil | Industrial} || {Soil | Solid Waste} || {Soil | Urban Activities} || {Air | Thermal}",
 "nlq": "What are the Polluted element and Type of pollution for which the evolution in Lenox, Massachusetts is greater than 21.85?"},
{"name": "template 15",
 "sql": "SELECT Polluted_element,Type_of_pollution,Value FROM DBdata WHERE ((State = 'Michigan' AND City = 'Detroit')) AND (Polluted_element,Type_of_pollution) IN (SELECT Polluted_element,Type_of_pollution FROM DBdata WHERE ((State = 'Massachusetts' AND City = 'Lenox')) AND Value > 21.85)",
 "sqlResult": "{Water | Chemical | 24.44} || {Water | Groundwater | 65.24} || {Water | Surface water | -72.25} || {Soil | Industrial | 7.05} || {Soil | Solid Waste | 54.09} || {Soil | Urban Activities | 65.7} || {Air | Thermal | 49.76}",
 "nlq": "What is the evolution of pollution in Detroit, Michigan of Polluted element and of Type of pollution for which the evolution in Lenox, Massachusetts is greater than 21.85? Please, report the corresponding Polluted element, Type of pollution, and evolution of pollution."}]
}
