State,City,Polluted element,Type of pollution,Value
State,City,Polluted_element,Type_of_pollution,Value
Maryland,Aberdeen,Soil,Inorganic Fertilizers,28.83
Maryland,Baltimore,Soil,Inorganic Fertilizers,-52.02
Maryland,Columbia,Soil,Inorganic Fertilizers,88.39
Massachusetts,Boston,Soil,Inorganic Fertilizers,-99.11
Massachusetts,Cambridge,Soil,Inorganic Fertilizers,-20.98
Massachusetts,Lenox,Soil,Inorganic Fertilizers,17.61
Maryland,Aberdeen,Soil,Industrial,-6.17
Maryland,Baltimore,Soil,Industrial,-71.3
Maryland,Columbia,Soil,Industrial,-95.83
Massachusetts,Boston,Soil,Industrial,-23.63
Massachusetts,Cambridge,Soil,Industrial,35.69
Massachusetts,Lenox,Soil,Industrial,95.42
Maryland,Aberdeen,Soil,Inferior Irrigation,92.11
Maryland,Baltimore,Soil,Inferior Irrigation,86.58
Maryland,Columbia,Soil,Inferior Irrigation,-52.07
Massachusetts,Boston,Soil,Inferior Irrigation,99.27
Massachusetts,Cambridge,Soil,Inferior Irrigation,-59.88
Massachusetts,Lenox,Soil,Inferior Irrigation,0.13
Maryland,Aberdeen,Soil,Solid Waste,64.58
Maryland,Baltimore,Soil,Solid Waste,-77.41
Maryland,Columbia,Soil,Solid Waste,-1.67
Massachusetts,Boston,Soil,Solid Waste,93.5
Massachusetts,Cambridge,Soil,Solid Waste,69.73
Massachusetts,Lenox,Soil,Solid Waste,-28.33
Maryland,Aberdeen,Soil,Urban Activities,62.54
Maryland,Baltimore,Soil,Urban Activities,32.35
Maryland,Columbia,Soil,Urban Activities,44.27
Massachusetts,Boston,Soil,Urban Activities,76.67
Massachusetts,Cambridge,Soil,Urban Activities,79.39
Massachusetts,Lenox,Soil,Urban Activities,-36.09
Maryland,Aberdeen,Air,Noise,-64.23
Maryland,Baltimore,Air,Noise,79.86
Maryland,Columbia,Air,Noise,80.13
Massachusetts,Boston,Air,Noise,-19.59
Massachusetts,Cambridge,Air,Noise,-1.45
Massachusetts,Lenox,Air,Noise,14.46
Maryland,Aberdeen,Air,Light,75.65
Maryland,Baltimore,Air,Light,51
Maryland,Columbia,Air,Light,94.57
Massachusetts,Boston,Air,Light,-51.19
Massachusetts,Cambridge,Air,Light,49.71
Massachusetts,Lenox,Air,Light,7.26
Maryland,Aberdeen,Air,Thermal,-21.04
Maryland,Baltimore,Air,Thermal,82.58
Maryland,Columbia,Air,Thermal,-59.82
Massachusetts,Boston,Air,Thermal,-39.79
Massachusetts,Cambridge,Air,Thermal,5.66
Massachusetts,Lenox,Air,Thermal,82.25
