AA,BB,CC,DD,Value
AA,BB,CC,DD,Value
AAmv,BBgw,CCjp,DDlv,-34.72
AAmv,BBfy,CCjp,DDlv,66.81
AAmv,BBgm,CCjp,DDlv,-94.23
AAjv,BBfg,CCjp,DDlv,-18.09
AAjv,BBtw,CCjp,DDlv,40.66
AAjv,BBls,CCjp,DDlv,14.09
AAmv,BBgw,CCjp,DDmy,-76.07
AAmv,BBfy,CCjp,DDmy,-65.18
AAmv,BBgm,CCjp,DDmy,33.79
AAjv,BBfg,CCjp,DDmy,-72.93
AAjv,BBtw,CCjp,DDmy,-9.28
AAjv,BBls,CCjp,DDmy,-42.22
AAmv,BBgw,CChz,DDfp,75.07
AAmv,BBfy,CChz,DDfp,-0.14
AAmv,BBgm,CChz,DDfp,10.33
AAjv,BBfg,CChz,DDfp,-91.61
AAjv,BBtw,CChz,DDfp,-85.91
AAjv,BBls,CChz,DDfp,44.72
AAmv,BBgw,CChz,DDbg,41.62
AAmv,BBfy,CChz,DDbg,51.84
AAmv,BBgm,CChz,DDbg,-18.38
AAjv,BBfg,CChz,DDbg,19.21
AAjv,BBtw,CChz,DDbg,66.38
AAjv,BBls,CChz,DDbg,-33.63
AAmv,BBgw,CChz,DDjs,65.5
AAmv,BBfy,CChz,DDjs,-47.57
AAmv,BBgm,CChz,DDjs,58.02
AAjv,BBfg,CChz,DDjs,-35.06
AAjv,BBtw,CChz,DDjs,-4.77
AAjv,BBls,CChz,DDjs,-43.16
AAmv,BBgw,CCpv,DDbk,-55.3
AAmv,BBfy,CCpv,DDbk,-41.46
AAmv,BBgm,CCpv,DDbk,-19.69
AAjv,BBfg,CCpv,DDbk,77.37
AAjv,BBtw,CCpv,DDbk,-26.63
AAjv,BBls,CCpv,DDbk,59.74
AAmv,BBgw,CCpv,DDcj,8.3
AAmv,BBfy,CCpv,DDcj,-54.97
AAmv,BBgm,CCpv,DDcj,96.52
AAjv,BBfg,CCpv,DDcj,6.35
AAjv,BBtw,CCpv,DDcj,49.32
AAjv,BBls,CCpv,DDcj,-23.51

