{
"filename": "Evolution_of_pollution_in_percent_set3_3_DB.csv",
"questions": [{"name": "template 1",
 "sql": "SELECT Value FROM DBdata WHERE ((State = 'Maryland' AND City = 'Columbia')) AND ((Polluted_element = 'Air' AND Type_of_pollution = 'Light'))",
 "sqlResult": "{99.57}",
 "nlq": "What is the evolution of Light pollution in Columbia, Maryland?"},
{"name": "template 2",
 "sql": "SELECT Value FROM DBdata WHERE ((State = 'Illinois' AND City = 'Chicago')) AND ((Polluted_element = 'Water' AND Type_of_pollution = 'Oxygen-depletion') OR (Polluted_element = 'Air' AND Type_of_pollution = 'Thermal'))",
 "sqlResult": "{-20.44} || {8.02}",
 "nlq": "What is the evolution of Oxygen-depletion or Thermal pollution in Chicago, Illinois?"},
{"name": "template 3",
 "sql": "SELECT Value FROM DBdata WHERE ((State = 'Georgia' AND City = 'Albany') OR (State = 'Illinois' AND City = 'Chicago') OR (State = 'Maryland' AND City = 'Baltimore')) AND ((Polluted_element = 'Air' AND Type_of_pollution = 'Thermal'))",
 "sqlResult": "{-15.38} || {8.02} || {35.58}",
 "nlq": "What is the evolution of Thermal pollution in Albany, Georgia or Baltimore, Maryland or Chicago, Illinois?"},
{"name": "template 4",
 "sql": "SELECT avg(Value),min(Value) FROM DBdata WHERE ((State = 'Georgia' AND City = 'Albany') OR (State = 'Georgia' AND City = 'Columbus') OR (State = 'Georgia' AND City = 'Washington') OR (State = 'Illinois' AND City = 'Springfield') OR (State = 'Maryland' AND City = 'Aberdeen') OR (State = 'Maryland' AND City = 'Baltimore') OR (State = 'Maryland' AND City = 'Columbia')) AND ((Polluted_element = 'Water' AND Type_of_pollution = 'Oxygen-depletion'))",
 "sqlResult": "{-8.83 | -54.01}",
 "nlq": "What are the average and minimum evolutions of Oxygen-depletion pollution in Aberdeen, Baltimore, or Columbia, Maryland or Albany, Columbus, or Washington, Georgia or Springfield, Illinois?"},
{"name": "template 6",
 "sql": "SELECT Value FROM DBdata WHERE ((State = 'Illinois' AND City = 'Champaign') OR (State = 'Maryland' AND City = 'Baltimore')) AND ((Polluted_element = 'Water' AND Type_of_pollution = 'Oxygen-depletion') OR (Polluted_element = 'Air' AND Type_of_pollution = 'Noise') OR (Polluted_element = 'Air' AND Type_of_pollution = 'Thermal'))",
 "sqlResult": "{-80.57} || {-54.01} || {-82.91} || {-26.08} || {-9.11} || {35.58}",
 "nlq": "What is the evolution of Noise, Oxygen-depletion, or Thermal pollution in Baltimore, Maryland or Champaign, Illinois?"},
{"name": "template 7",
 "sql": "SELECT avg(Value),sum(Value) FROM DBdata WHERE ((State = 'Maryland' AND City = 'Aberdeen')) AND ((Polluted_element = 'Water' AND Type_of_pollution = 'Oxygen-depletion') OR (Polluted_element = 'Soil' AND Type_of_pollution = 'Urban Activities') OR (Polluted_element = 'Air' AND Type_of_pollution = 'Light'))",
 "sqlResult": "{5.41 | 16.24}",
 "nlq": "What are the average and total evolutions of Light, Oxygen-depletion, or Urban Activities pollution in Aberdeen, Maryland?"},
{"name": "template 8",
 "sql": "SELECT State,City,avg(Value),min(Value) FROM DBdata WHERE ((State = 'Georgia' AND City = 'Albany') OR (State = 'Georgia' AND City = 'Washington') OR (State = 'Illinois' AND City = 'Champaign') OR (State = 'Maryland' AND City = 'Columbia')) AND ((Polluted_element = 'Water' AND Type_of_pollution = 'Surface water') OR (Polluted_element = 'Soil' AND Type_of_pollution = 'Solid Waste') OR (Polluted_element = 'Soil' AND Type_of_pollution = 'Urban Activities') OR (Polluted_element = 'Air' AND Type_of_pollution = 'Light') OR (Polluted_element = 'Air' AND Type_of_pollution = 'Thermal')) GROUP BY State,City",
 "sqlResult": "{Georgia | Albany | -2.52 | -29.86} || {Georgia | Washington | -21.24 | -72.59} || {Illinois | Champaign | -16.55 | -85.55} || {Maryland | Columbia | -5.61 | -83.24}",
 "nlq": "What are the average and minimum evolutions for each State and City, of Light, Solid Waste, Surface water, Thermal, or Urban Activities pollution in Albany or Washington, Georgia or Champaign, Illinois or Columbia, Maryland? Please, report the corresponding State and City."},
{"name": "template 9",
 "sql": "SELECT min(Value) FROM DBdata WHERE ((State = 'Maryland' AND City = 'Columbia')) AND (Polluted_element IN ('Water','Soil','Air')) GROUP BY Polluted_element",
 "sqlResult": "{-83.24} || {-67.88} || {-60.3}",
 "nlq": "What is the minimum evolution of pollution for each Polluted element, of Air, Soil, or Water in Columbia, Maryland?"},
{"name": "template 10",
 "sql": "SELECT Polluted_element,avg(Value) FROM DBdata WHERE ((State = 'Maryland' AND City = 'Aberdeen')) AND (Polluted_element IN ('Water','Soil','Air')) GROUP BY Polluted_element",
 "sqlResult": "{Air | -22.78} || {Soil | 10.12} || {Water | 52.22}",
 "nlq": "What is the average evolution of pollution for each Polluted element, of Air, Soil, or Water in Aberdeen, Maryland? Please, report the corresponding Polluted element."},
{"name": "template 11",
 "sql": "SELECT Polluted_element,State,City,max(Value) FROM DBdata WHERE ((State = 'Illinois' AND City = 'Champaign') OR (State = 'Maryland' AND City = 'Aberdeen') OR (State = 'Maryland' AND City = 'Columbia')) AND (Polluted_element IN ('Water','Soil','Air')) GROUP BY Polluted_element,State,City",
 "sqlResult": "{Air | Illinois | Champaign | -9.11} || {Air | Maryland | Aberdeen | 46.49} || {Air | Maryland | Columbia | 99.57} || {Soil | Illinois | Champaign | 11.87} || {Soil | Maryland | Aberdeen | 14.62} || {Soil | Maryland | Columbia | 83.8} || {Water | Illinois | Champaign | -9.33} || {Water | Maryland | Aberdeen | 83.74} || {Water | Maryland | Columbia | -7.21}",
 "nlq": "What is the maximum evolution of pollution for each Polluted element, State, and City, of Air, Soil, or Water in Aberdeen or Columbia, Maryland or Champaign, Illinois? Please, report the corresponding Polluted element, State, and City."},
{"name": "template 12",
 "sql": "SELECT Value FROM DBdata WHERE ((State = 'Maryland' AND City = 'Aberdeen')) AND (Polluted_element IN ('Water','Air')) ORDER BY VALUE ASC LIMIT 2",
 "sqlResult": "{-95.73} || {-19.09}",
 "nlq": "What are the bottom 2 evolutions of pollution of Air or Water in Aberdeen, Maryland?"},
{"name": "template 13",
 "sql": "SELECT Value FROM DBdata WHERE ((State = 'Maryland' AND City = 'Baltimore')) AND (Polluted_element IN ('Water','Air')) ORDER BY VALUE ASC",
 "sqlResult": "{-61.17} || {-54.01} || {-26.08} || {26.7} || {35.58}",
 "nlq": "What are the evolutions ordered by increasing values of pollution of Air or Water in Baltimore, Maryland?"},
{"name": "template 14",
 "sql": "SELECT Polluted_element,Type_of_pollution FROM DBdata WHERE ((State = 'Georgia' AND City = 'Columbus')) AND Value > -11.42",
 "sqlResult": "{Water | Oxygen-depletion} || {Water | Surface water} || {Soil | Urban Activities} || {Air | Light}",
 "nlq": "What are the Polluted element and Type of pollution for which the evolution in Columbus, Georgia is greater than -11.42?"},
{"name": "template 15",
 "sql": "SELECT Polluted_element,Type_of_pollution,Value FROM DBdata WHERE ((State = 'Maryland' AND City = 'Columbia')) AND (Polluted_element,Type_of_pollution) IN (SELECT Polluted_element,Type_of_pollution FROM DBdata WHERE ((State = 'Georgia' AND City = 'Columbus')) AND Value > -11.42)",
 "sqlResult": "{Water | Oxygen-depletion | -7.21} || {Water | Surface water | -60.3} || {Soil | Urban Activities | -67.88} || {Air | Light | 99.57}",
 "nlq": "What is the evolution of pollution in Columbia, Maryland of Polluted element and of Type of pollution for which the evolution in Columbus, Georgia is greater than -11.42? Please, report the corresponding Polluted element, Type of pollution, and evolution of pollution."}]
}
