{
"filename": "Evolution_of_pollution_in_percent_set3_1_DB.csv",
"questions": [{"name": "template 1",
 "sql": "SELECT Value FROM DBdata WHERE ((State = 'Georgia' AND City = 'Washington')) AND ((Polluted_element = 'Water' AND Type_of_pollution = 'Groundwater'))",
 "sqlResult": "{-17.64}",
 "nlq": "What is the evolution of Groundwater pollution in Washington, Georgia?"},
{"name": "template 2",
 "sql": "SELECT Value FROM DBdata WHERE ((State = 'Georgia' AND City = 'Columbus')) AND ((Polluted_element = 'Water' AND Type_of_pollution = 'Groundwater') OR (Polluted_element = 'Soil' AND Type_of_pollution = 'Industrial') OR (Polluted_element = 'Soil' AND Type_of_pollution = 'Inferior Irrigation') OR (Polluted_element = 'Air' AND Type_of_pollution = 'Thermal'))",
 "sqlResult": "{-1.27} || {-34.46} || {-55.61} || {-87.6}",
 "nlq": "What is the evolution of Groundwater, Industrial, Inferior Irrigation, or Thermal pollution in Columbus, Georgia?"},
{"name": "template 3",
 "sql": "SELECT Value FROM DBdata WHERE ((State = 'Florida' AND City = 'Fort Lauderdale') OR (State = 'Georgia' AND City = 'Washington') OR (State = 'Illinois' AND City = 'Champaign') OR (State = 'Illinois' AND City = 'Chicago')) AND ((Polluted_element = 'Air' AND Type_of_pollution = 'Light'))",
 "sqlResult": "{63.14} || {-59.26} || {-48.8} || {62.53}",
 "nlq": "What is the evolution of Light pollution in Champaign or Chicago, Illinois or Fort Lauderdale, Florida or Washington, Georgia?"},
{"name": "template 4",
 "sql": "SELECT avg(Value),min(Value) FROM DBdata WHERE ((State = 'Florida' AND City = 'Tampa') OR (State = 'Georgia' AND City = 'Washington') OR (State = 'Illinois' AND City = 'Champaign') OR (State = 'Illinois' AND City = 'Chicago')) AND ((Polluted_element = 'Soil' AND Type_of_pollution = 'Inferior Irrigation'))",
 "sqlResult": "{-47.98 | -97.24}",
 "nlq": "What are the average and minimum evolutions of Inferior Irrigation pollution in Champaign or Chicago, Illinois or Tampa, Florida or Washington, Georgia?"},
{"name": "template 6",
 "sql": "SELECT Value FROM DBdata WHERE ((State = 'Florida' AND City = 'Fort Lauderdale') OR (State = 'Georgia' AND City = 'Columbus') OR (State = 'Illinois' AND City = 'Champaign')) AND ((Polluted_element = 'Water' AND Type_of_pollution = 'Oxygen-depletion') OR (Polluted_element = 'Soil' AND Type_of_pollution = 'Industrial') OR (Polluted_element = 'Air' AND Type_of_pollution = 'Light'))",
 "sqlResult": "{-34.19} || {30.69} || {66.87} || {72.78} || {-34.46} || {0.57} || {63.14} || {-29.93} || {-48.8}",
 "nlq": "What is the evolution of Industrial, Light, or Oxygen-depletion pollution in Champaign, Illinois or Columbus, Georgia or Fort Lauderdale, Florida?"},
{"name": "template 7",
 "sql": "SELECT min(Value),avg(Value) FROM DBdata WHERE ((State = 'Georgia' AND City = 'Columbus')) AND ((Polluted_element = 'Soil' AND Type_of_pollution = 'Inferior Irrigation') OR (Polluted_element = 'Soil' AND Type_of_pollution = 'Solid Waste'))",
 "sqlResult": "{-55.61 | -29.79}",
 "nlq": "What are the minimum and average evolutions of Inferior Irrigation or Solid Waste pollution in Columbus, Georgia?"},
{"name": "template 8",
 "sql": "SELECT State,City,max(Value),min(Value) FROM DBdata WHERE ((State = 'Georgia' AND City = 'Washington') OR (State = 'Illinois' AND City = 'Champaign')) AND ((Polluted_element = 'Soil' AND Type_of_pollution = 'Inferior Irrigation') OR (Polluted_element = 'Soil' AND Type_of_pollution = 'Solid Waste') OR (Polluted_element = 'Air' AND Type_of_pollution = 'Light')) GROUP BY State,City",
 "sqlResult": "{Georgia | Washington | -20.17 | -59.26} || {Illinois | Champaign | -17.5 | -88.43}",
 "nlq": "What are the maximum and minimum evolutions for each State and City, of Inferior Irrigation, Light, or Solid Waste pollution in Champaign, Illinois or Washington, Georgia? Please, report the corresponding State and City."},
{"name": "template 9",
 "sql": "SELECT min(Value) FROM DBdata WHERE ((State = 'Illinois' AND City = 'Chicago')) AND (Polluted_element IN ('Water','Soil','Air')) GROUP BY Polluted_element",
 "sqlResult": "{-74.98} || {-97.24} || {-96.76}",
 "nlq": "What is the minimum evolution of pollution for each Polluted element, of Air, Soil, or Water in Chicago, Illinois?"},
{"name": "template 10",
 "sql": "SELECT Polluted_element,sum(Value) FROM DBdata WHERE ((State = 'Illinois' AND City = 'Chicago')) AND (Polluted_element IN ('Water','Soil','Air')) GROUP BY Polluted_element",
 "sqlResult": "{Air | -12.45} || {Soil | -144.85} || {Water | -60.69}",
 "nlq": "What is the total evolution of pollution for each Polluted element, of Air, Soil, or Water in Chicago, Illinois? Please, report the corresponding Polluted element."},
{"name": "template 11",
 "sql": "SELECT Polluted_element,State,City,min(Value) FROM DBdata WHERE ((State = 'Florida' AND City = 'Fort Lauderdale') OR (State = 'Georgia' AND City = 'Columbus') OR (State = 'Illinois' AND City = 'Chicago')) AND (Polluted_element IN ('Water','Soil','Air')) GROUP BY Polluted_element,State,City",
 "sqlResult": "{Air | Florida | Fort Lauderdale | -3.65} || {Air | Georgia | Columbus | -87.6} || {Air | Illinois | Chicago | -74.98} || {Soil | Florida | Fort Lauderdale | 0.98} || {Soil | Georgia | Columbus | -55.61} || {Soil | Illinois | Chicago | -97.24} || {Water | Florida | Fort Lauderdale | -34.19} || {Water | Georgia | Columbus | -1.27} || {Water | Illinois | Chicago | -96.76}",
 "nlq": "What is the minimum evolution of pollution for each Polluted element, State, and City, of Air, Soil, or Water in Chicago, Illinois or Columbus, Georgia or Fort Lauderdale, Florida? Please, report the corresponding Polluted element, State, and City."},
{"name": "template 12",
 "sql": "SELECT Value FROM DBdata WHERE ((State = 'Georgia' AND City = 'Washington')) AND (Polluted_element IN ('Water','Air')) ORDER BY VALUE ASC LIMIT 2",
 "sqlResult": "{-59.26} || {-33.88}",
 "nlq": "What are the bottom 2 evolutions of pollution of Air or Water in Washington, Georgia?"},
{"name": "template 13",
 "sql": "SELECT Value FROM DBdata WHERE ((State = 'Illinois' AND City = 'Chicago')) AND (Polluted_element IN ('Water','Soil')) ORDER BY VALUE DESC",
 "sqlResult": "{36.07} || {-20.37} || {-27.24} || {-96.76} || {-97.24}",
 "nlq": "What are the evolutions ordered by decreasing values of pollution of Soil or Water in Chicago, Illinois?"},
{"name": "template 14",
 "sql": "SELECT Polluted_element,Type_of_pollution FROM DBdata WHERE ((State = 'Georgia' AND City = 'Washington')) AND Value > -20.58",
 "sqlResult": "{Water | Groundwater} || {Water | Oxygen-depletion} || {Soil | Industrial} || {Soil | Inferior Irrigation}",
 "nlq": "What are the Polluted element and Type of pollution for which the evolution in Washington, Georgia is greater than -20.58?"},
{"name": "template 15",
 "sql": "SELECT Polluted_element,Type_of_pollution,Value FROM DBdata WHERE ((State = 'Florida' AND City = 'Fort Lauderdale')) AND (Polluted_element,Type_of_pollution) IN (SELECT Polluted_element,Type_of_pollution FROM DBdata WHERE ((State = 'Georgia' AND City = 'Washington')) AND Value > -20.58)",
 "sqlResult": "{Water | Groundwater | -14.88} || {Water | Oxygen-depletion | -34.19} || {Soil | Industrial | 72.78} || {Soil | Inferior Irrigation | 19.55}",
 "nlq": "What is the evolution of pollution in Fort Lauderdale, Florida of Polluted element and of Type of pollution for which the evolution in Washington, Georgia is greater than -20.58? Please, report the corresponding Polluted element, Type of pollution, and evolution of pollution."}]
}
