{
"filename": "Evolution_of_pollution_in_percent_set6_4_DB.csv",
"questions": [{"name": "template 1",
 "sql": "SELECT Value FROM DBdata WHERE ((AA = 'AAlv' AND BB = 'BBmn')) AND ((CC = 'CCgk' AND DD = 'DDgm'))",
 "sqlResult": "{29.86}",
 "nlq": "What is the evolution of DDgm pollution in BBmn, AAlv?"},
{"name": "template 2",
 "sql": "SELECT Value FROM DBdata WHERE ((AA = 'AAkw' AND BB = 'BBdy')) AND ((CC = 'CCxy' AND DD = 'DDbr') OR (CC = 'CCxy' AND DD = 'DDdm') OR (CC = 'CCxy' AND DD = 'DDns') OR (CC = 'CCgk' AND DD = 'DDrw') OR (CC = 'CCgk' AND DD = 'DDhl') OR (CC = 'CCgk' AND DD = 'DDln') OR (CC = 'CCcd' AND DD = 'DDhn') OR (CC = 'CCcd' AND DD = 'DDhz') OR (CC = 'CCcd' AND DD = 'DDfm'))",
 "sqlResult": "{94.58} || {12.27} || {-85.07} || {96.46} || {-70.52} || {73.53} || {36.58} || {-1.7} || {3.35}",
 "nlq": "What is the evolution of DDbr, DDdm, DDrw, DDhl, DDhz, DDhn, DDns, DDfm, or DDln pollution in BBdy, AAkw?"},
{"name": "template 3",
 "sql": "SELECT Value FROM DBdata WHERE ((AA = 'AAkw' AND BB = 'BBdy') OR (AA = 'AAlv' AND BB = 'BBmn') OR (AA = 'AAlv' AND BB = 'BBpx')) AND ((CC = 'CCcd' AND DD = 'DDhn'))",
 "sqlResult": "{36.58} || {44.42} || {24.38}",
 "nlq": "What is the evolution of DDhn pollution in BBmn or BBpx, AAlv or BBdy, AAkw?"},
{"name": "template 4",
 "sql": "SELECT sum(Value),avg(Value) FROM DBdata WHERE ((AA = 'AAkw' AND BB = 'BBdy') OR (AA = 'AAkw' AND BB = 'BBbp') OR (AA = 'AAlv' AND BB = 'BBmn')) AND ((CC = 'CCxy' AND DD = 'DDdm'))",
 "sqlResult": "{-31.52 | -10.51}",
 "nlq": "What are the total and average evolutions of DDdm pollution in BBmn, AAlv or BBdy or BBbp, AAkw?"},
{"name": "template 6",
 "sql": "SELECT Value FROM DBdata WHERE ((AA = 'AAkw' AND BB = 'BBdy') OR (AA = 'AAkw' AND BB = 'BBbp') OR (AA = 'AAlv' AND BB = 'BBmn') OR (AA = 'AAlv' AND BB = 'BBpx')) AND ((CC = 'CCxy' AND DD = 'DDdm') OR (CC = 'CCgk' AND DD = 'DDrw') OR (CC = 'CCcd' AND DD = 'DDfm'))",
 "sqlResult": "{12.27} || {-80.1} || {36.31} || {-85.26} || {96.46} || {64.69} || {-27.58} || {-29.73} || {3.35} || {-73.63} || {-67.87} || {-26.78}",
 "nlq": "What is the evolution of DDdm, DDrw, or DDfm pollution in BBmn or BBpx, AAlv or BBdy or BBbp, AAkw?"},
{"name": "template 7",
 "sql": "SELECT sum(Value),avg(Value) FROM DBdata WHERE ((AA = 'AAlv' AND BB = 'BBmn')) AND ((CC = 'CCgk' AND DD = 'DDhl') OR (CC = 'CCcd' AND DD = 'DDhz') OR (CC = 'CCcd' AND DD = 'DDfm'))",
 "sqlResult": "{-87.58 | -29.19}",
 "nlq": "What are the total and average evolutions of DDhl, DDhz, or DDfm pollution in BBmn, AAlv?"},
{"name": "template 8",
 "sql": "SELECT AA,BB,max(Value),sum(Value) FROM DBdata WHERE ((AA = 'AAkw' AND BB = 'BBdy') OR (AA = 'AAkw' AND BB = 'BBbp') OR (AA = 'AAlv' AND BB = 'BBmn') OR (AA = 'AAlv' AND BB = 'BBpx')) AND ((CC = 'CCxy' AND DD = 'DDbr') OR (CC = 'CCgk' AND DD = 'DDln') OR (CC = 'CCcd' AND DD = 'DDhn')) GROUP BY AA,BB",
 "sqlResult": "{AAkw | BBdy | 94.58 | 204.69} || {AAkw | BBbp | 33.18 | 81.18} || {AAlv | BBmn | 44.42 | 4.66} || {AAlv | BBpx | 24.38 | -19.9}",
 "nlq": "What are the maximum and total evolutions for each AA and BB, of DDbr, DDhn, or DDln pollution in BBmn or BBpx, AAlv or BBdy or BBbp, AAkw? Please, report the corresponding AA and BB."},
{"name": "template 9",
 "sql": "SELECT min(Value) FROM DBdata WHERE ((AA = 'AAkw' AND BB = 'BBbp')) AND (CC IN ('CCxy','CCgk','CCcd')) GROUP BY CC",
 "sqlResult": "{-73.63} || {-16.87} || {-80.1}",
 "nlq": "What is the minimum evolution of pollution for each CC, of CCcd, CCgk, or CCxy in BBbp, AAkw?"},
{"name": "template 10",
 "sql": "SELECT CC,max(Value) FROM DBdata WHERE ((AA = 'AAkw' AND BB = 'BBbp')) AND (CC IN ('CCxy','CCgk','CCcd')) GROUP BY CC",
 "sqlResult": "{CCcd | 44.18} || {CCgk | 91.99} || {CCxy | 23.66}",
 "nlq": "What is the maximum evolution of pollution for each CC, of CCcd, CCgk, or CCxy in BBbp, AAkw? Please, report the corresponding CC."},
{"name": "template 11",
 "sql": "SELECT CC,AA,BB,max(Value) FROM DBdata WHERE ((AA = 'AAlv' AND BB = 'BBmn') OR (AA = 'AAlv' AND BB = 'BBpx')) AND (CC IN ('CCxy','CCgk','CCcd')) GROUP BY CC,AA,BB",
 "sqlResult": "{CCcd | AAlv | BBmn | 44.42} || {CCcd | AAlv | BBpx | 24.38} || {CCgk | AAlv | BBmn | 79.84} || {CCgk | AAlv | BBpx | 84.34} || {CCxy | AAlv | BBmn | 36.31} || {CCxy | AAlv | BBpx | 42.79}",
 "nlq": "What is the maximum evolution of pollution for each CC, AA, and BB, of CCcd, CCgk, or CCxy in BBmn or BBpx, AAlv? Please, report the corresponding CC, AA, and BB."},
{"name": "template 12",
 "sql": "SELECT Value FROM DBdata WHERE ((AA = 'AAkw' AND BB = 'BBbp')) AND (CC IN ('CCgk','CCcd')) ORDER BY VALUE DESC LIMIT 4",
 "sqlResult": "{91.99} || {64.69} || {44.18} || {33.18}",
 "nlq": "What are the top 4 evolutions of pollution of CCcd or CCgk in BBbp, AAkw?"},
{"name": "template 13",
 "sql": "SELECT Value FROM DBdata WHERE ((AA = 'AAlv' AND BB = 'BBpx')) AND (CC IN ('CCgk','CCcd')) ORDER BY VALUE DESC",
 "sqlResult": "{84.34} || {24.38} || {22.24} || {-1.55} || {-26.78} || {-29.73} || {-34.47} || {-36.81}",
 "nlq": "What are the evolutions ordered by decreasing values of pollution of CCcd or CCgk in BBpx, AAlv?"},
{"name": "template 14",
 "sql": "SELECT CC,DD FROM DBdata WHERE ((AA = 'AAlv' AND BB = 'BBpx')) AND Value > 5.28",
 "sqlResult": "{CCxy | DDns} || {CCgk | DDhl} || {CCcd | DDhn} || {CCcd | DDhz}",
 "nlq": "What are the CC and DD for which the evolution in BBpx, AAlv is greater than 5.28?"},
{"name": "template 15",
 "sql": "SELECT CC,DD,Value FROM DBdata WHERE ((AA = 'AAkw' AND BB = 'BBbp')) AND (CC,DD) IN (SELECT CC,DD FROM DBdata WHERE ((AA = 'AAlv' AND BB = 'BBpx')) AND Value > 5.28)",
 "sqlResult": "{CCxy | DDns | -27.47} || {CCgk | DDhl | 0.25} || {CCcd | DDhn | 24.34} || {CCcd | DDhz | 44.18}",
 "nlq": "What is the evolution of pollution in BBbp, AAkw of CC and of DD for which the evolution in BBpx, AAlv is greater than 5.28? Please, report the corresponding CC, DD, and evolution of pollution."}]
}

