{
"filename": "Evolution_of_pollution_in_percent_set9_5_DB.csv",
"questions": [{"name": "template 1",
 "sql": "SELECT Value FROM DBdata WHERE ((AA = 'AApv' AND BB = 'BBjw')) AND ((CC = 'CCcr' AND DD = 'DDnr'))",
 "sqlResult": "{-2.88}",
 "nlq": "What is the evolution of DDnr pollution in BBjw, AApv?"},
{"name": "template 2",
 "sql": "SELECT Value FROM DBdata WHERE ((AA = 'AApv' AND BB = 'BBbq')) AND ((CC = 'CCcr' AND DD = 'DDnr') OR (CC = 'CCcr' AND DD = 'DDnx') OR (CC = 'CChn' AND DD = 'DDfm') OR (CC = 'CChn' AND DD = 'DDcg') OR (CC = 'CChn' AND DD = 'DDfw'))",
 "sqlResult": "{15.25} || {-33.17} || {-34.87} || {18.01} || {75.6}",
 "nlq": "What is the evolution of DDnr, DDcg, DDfm, DDnx, or DDfw pollution in BBbq, AApv?"},
{"name": "template 3",
 "sql": "SELECT Value FROM DBdata WHERE ((AA = 'AApv' AND BB = 'BBbp') OR (AA = 'AApv' AND BB = 'BBbq') OR (AA = 'AApv' AND BB = 'BBjw') OR (AA = 'AAnz' AND BB = 'BBcd')) AND ((CC = 'CChn' AND DD = 'DDfm'))",
 "sqlResult": "{42.67} || {-34.87} || {92.96} || {-36.03}",
 "nlq": "What is the evolution of DDfm pollution in BBbp, BBbq, or BBjw, AApv or BBcd, AAnz?"},
{"name": "template 4",
 "sql": "SELECT min(Value),max(Value) FROM DBdata WHERE ((AA = 'AApv' AND BB = 'BBbp') OR (AA = 'AApv' AND BB = 'BBbq') OR (AA = 'AAnz' AND BB = 'BBcd')) AND ((CC = 'CChn' AND DD = 'DDfm'))",
 "sqlResult": "{-36.03 | 42.67}",
 "nlq": "What are the minimum and maximum evolutions of DDfm pollution in BBbp or BBbq, AApv or BBcd, AAnz?"},
{"name": "template 6",
 "sql": "SELECT Value FROM DBdata WHERE ((AA = 'AApv' AND BB = 'BBbp') OR (AA = 'AAnz' AND BB = 'BBft')) AND ((CC = 'CCcr' AND DD = 'DDnr') OR (CC = 'CCcr' AND DD = 'DDps') OR (CC = 'CCcr' AND DD = 'DDnx') OR (CC = 'CChn' AND DD = 'DDfm'))",
 "sqlResult": "{-11.95} || {-86.16} || {32.43} || {69.54} || {-32.08} || {-21.51} || {42.67} || {8.19}",
 "nlq": "What is the evolution of DDps, DDnr, DDfm, or DDnx pollution in BBbp, AApv or BBft, AAnz?"},
{"name": "template 7",
 "sql": "SELECT max(Value),avg(Value) FROM DBdata WHERE ((AA = 'AApv' AND BB = 'BBbp')) AND ((CC = 'CCcr' AND DD = 'DDpr') OR (CC = 'CCcr' AND DD = 'DDps') OR (CC = 'CChn' AND DD = 'DDcg') OR (CC = 'CChn' AND DD = 'DDfw'))",
 "sqlResult": "{32.43 | -14.2}",
 "nlq": "What are the maximum and average evolutions of DDpr, DDps, DDcg, or DDfw pollution in BBbp, AApv?"},
{"name": "template 8",
 "sql": "SELECT AA,BB,max(Value),min(Value) FROM DBdata WHERE ((AA = 'AApv' AND BB = 'BBbp') OR (AA = 'AApv' AND BB = 'BBbq') OR (AA = 'AApv' AND BB = 'BBjw') OR (AA = 'AAnz' AND BB = 'BBft')) AND ((CC = 'CCcr' AND DD = 'DDnx') OR (CC = 'CChn' AND DD = 'DDfm')) GROUP BY AA,BB",
 "sqlResult": "{AApv | BBbp | 42.67 | -32.08} || {AApv | BBbq | -33.17 | -34.87} || {AApv | BBjw | 92.96 | 17.1} || {AAnz | BBft | 8.19 | -21.51}",
 "nlq": "What are the maximum and minimum evolutions for each AA and BB, of DDfm or DDnx pollution in BBbp, BBbq, or BBjw, AApv or BBft, AAnz? Please, report the corresponding AA and BB."},
{"name": "template 9",
 "sql": "SELECT min(Value) FROM DBdata WHERE ((AA = 'AApv' AND BB = 'BBbq')) AND (CC IN ('CCcr','CChn')) GROUP BY CC",
 "sqlResult": "{-34.87} || {-74.17}",
 "nlq": "What is the minimum evolution of pollution for each CC, of CChn or CCcr in BBbq, AApv?"},
{"name": "template 10",
 "sql": "SELECT CC,avg(Value) FROM DBdata WHERE ((AA = 'AAnz' AND BB = 'BBcd')) AND (CC IN ('CCcr','CChn')) GROUP BY CC",
 "sqlResult": "{CChn | 0.27} || {CCcr | -15.14}",
 "nlq": "What is the average evolution of pollution for each CC, of CChn or CCcr in BBcd, AAnz? Please, report the corresponding CC."},
{"name": "template 11",
 "sql": "SELECT CC,AA,BB,avg(Value) FROM DBdata WHERE ((AA = 'AApv' AND BB = 'BBbq') OR (AA = 'AApv' AND BB = 'BBjw') OR (AA = 'AAnz' AND BB = 'BBcd')) AND (CC IN ('CCcr','CChn')) GROUP BY CC,AA,BB",
 "sqlResult": "{CChn | AApv | BBbq | 19.58} || {CChn | AApv | BBjw | 36.28} || {CChn | AAnz | BBcd | 0.27} || {CCcr | AApv | BBbq | -32.82} || {CCcr | AApv | BBjw | 18.64} || {CCcr | AAnz | BBcd | -15.14}",
 "nlq": "What is the average evolution of pollution for each CC, AA, and BB, of CChn or CCcr in BBbq or BBjw, AApv or BBcd, AAnz? Please, report the corresponding CC, AA, and BB."},
{"name": "template 12",
 "sql": "SELECT Value FROM DBdata WHERE ((AA = 'AAnz' AND BB = 'BBcd')) AND (CC IN ('CCcr','CChn')) ORDER BY VALUE DESC LIMIT 2",
 "sqlResult": "{99.98} || {89.25}",
 "nlq": "What are the top 2 evolutions of pollution of CChn or CCcr in BBcd, AAnz?"},
{"name": "template 13",
 "sql": "SELECT Value FROM DBdata WHERE ((AA = 'AAnz' AND BB = 'BBcd')) AND (CC IN ('CCcr','CChn')) ORDER BY VALUE DESC",
 "sqlResult": "{99.98} || {89.25} || {-14.55} || {-36.03} || {-52.42} || {-71.63} || {-74.37}",
 "nlq": "What are the evolutions ordered by decreasing values of pollution of CChn or CCcr in BBcd, AAnz?"},
{"name": "template 14",
 "sql": "SELECT CC,DD FROM DBdata WHERE ((AA = 'AApv' AND BB = 'BBjw')) AND Value < -2.7",
 "sqlResult": "{CCcr | DDnr} || {CCcr | DDpr} || {CChn | DDcg}",
 "nlq": "What are the CC and DD for which the evolution in BBjw, AApv is lower than -2.7?"},
{"name": "template 15",
 "sql": "SELECT CC,DD,Value FROM DBdata WHERE ((AA = 'AAnz' AND BB = 'BBcd')) AND (CC,DD) IN (SELECT CC,DD FROM DBdata WHERE ((AA = 'AApv' AND BB = 'BBjw')) AND Value < -2.7)",
 "sqlResult": "{CCcr | DDnr | 99.98} || {CCcr | DDpr | -71.63} || {CChn | DDcg | 89.25}",
 "nlq": "What is the evolution of pollution in BBcd, AAnz of CC and of DD for which the evolution in BBjw, AApv is lower than -2.7? Please, report the corresponding CC, DD, and evolution of pollution."}]
}

