AA,BB,CC,DD,Value
AA,BB,CC,DD,Value
AAlx,BBdk,CCnq,DDhq,65.47
AAlx,BBkm,CCnq,DDhq,98.38
AAfs,BBgw,CCnq,DDhq,58.85
AAfs,BBqy,CCnq,DDhq,-95.33
AAfs,BBrv,CCnq,DDhq,33.69
AAlx,BBdk,CCnq,DDky,57.87
AAlx,BBkm,CCnq,DDky,-78.41
AAfs,BBgw,CCnq,DDky,-23.99
AAfs,BBqy,CCnq,DDky,-3.58
AAfs,BBrv,CCnq,DDky,-57.57
AAlx,BBdk,CCnq,DDwz,29.41
AAlx,BBkm,CCnq,DDwz,56.59
AAfs,BBgw,CCnq,DDwz,-22.78
AAfs,BBqy,CCnq,DDwz,-23.18
AAfs,BBrv,CCnq,DDwz,-46.56
AAlx,BBdk,CCcq,DDcv,-31.93
AAlx,BBkm,CCcq,DDcv,10.61
AAfs,BBgw,CCcq,DDcv,5.94
AAfs,BBqy,CCcq,DDcv,37.4
AAfs,BBrv,CCcq,DDcv,53.97
AAlx,BBdk,CCcq,DDmy,-23.52
AAlx,BBkm,CCcq,DDmy,55.49
AAfs,BBgw,CCcq,DDmy,19.91
AAfs,BBqy,CCcq,DDmy,-17.75
AAfs,BBrv,CCcq,DDmy,-1.29
AAlx,BBdk,CCcq,DDjw,44.74
AAlx,BBkm,CCcq,DDjw,-74.89
AAfs,BBgw,CCcq,DDjw,-97.32
AAfs,BBqy,CCcq,DDjw,73.94
AAfs,BBrv,CCcq,DDjw,-0.46
AAlx,BBdk,CCcq,DDly,43.52
AAlx,BBkm,CCcq,DDly,30.33
AAfs,BBgw,CCcq,DDly,86.94
AAfs,BBqy,CCcq,DDly,-62.76
AAfs,BBrv,CCcq,DDly,64.19

