AA,BB,CC,DD,Value
AA,BB,CC,DD,Value
AAfp,BBjq,CCky,DDnv,-59.64
AAfp,BBjy,CCky,DDnv,99.76
AAbd,BBbs,CCky,DDnv,-20.7
AAbd,BBkl,CCky,DDnv,-12.94
AAbd,BBdq,CCky,DDnv,-40.41
AAfp,BBjq,CCky,DDkw,-4.2
AAfp,BBjy,CCky,DDkw,10.67
AAbd,BBbs,CCky,DDkw,52.53
AAbd,BBkl,CCky,DDkw,89.89
AAbd,BBdq,CCky,DDkw,-25.39
AAfp,BBjq,CCgk,DDjx,-44.71
AAfp,BBjy,CCgk,DDjx,-51.89
AAbd,BBbs,CCgk,DDjx,-63.78
AAbd,BBkl,CCgk,DDjx,32.14
AAbd,BBdq,CCgk,DDjx,-53.45
AAfp,BBjq,CCgk,DDjt,-35.14
AAfp,BBjy,CCgk,DDjt,54.61
AAbd,BBbs,CCgk,DDjt,-37.29
AAbd,BBkl,CCgk,DDjt,-77.67
AAbd,BBdq,CCgk,DDjt,63.25
AAfp,BBjq,CCgk,DDhn,76.92
AAfp,BBjy,CCgk,DDhn,28.26
AAbd,BBbs,CCgk,DDhn,-32.94
AAbd,BBkl,CCgk,DDhn,4.46
AAbd,BBdq,CCgk,DDhn,-83.84
AAfp,BBjq,CCgk,DDqt,-89.09
AAfp,BBjy,CCgk,DDqt,16.58
AAbd,BBbs,CCgk,DDqt,-2.59
AAbd,BBkl,CCgk,DDqt,-13.26
AAbd,BBdq,CCgk,DDqt,-28.28

