{
"filename": "Evolution_of_pollution_in_percent_set10_4_DB.csv",
"questions": [{"name": "template 1",
 "sql": "SELECT Value FROM DBdata WHERE ((State = 'Massachusetts' AND City = 'Boston')) AND ((Polluted_element = 'Water' AND Type_of_pollution = 'Chemical'))",
 "sqlResult": "{-65.99}",
 "nlq": "What is the evolution of Chemical pollution in Boston, Massachusetts?"},
{"name": "template 2",
 "sql": "SELECT Value FROM DBdata WHERE ((State = 'Massachusetts' AND City = 'Boston')) AND ((Polluted_element = 'Soil' AND Type_of_pollution = 'Industrial') OR (Polluted_element = 'Soil' AND Type_of_pollution = 'Urban Activities') OR (Polluted_element = 'Air' AND Type_of_pollution = 'Light'))",
 "sqlResult": "{71.32} || {34.85} || {-58.81}",
 "nlq": "What is the evolution of Industrial, Light, or Urban Activities pollution in Boston, Massachusetts?"},
{"name": "template 3",
 "sql": "SELECT Value FROM DBdata WHERE ((State = 'Maryland' AND City = 'Aberdeen') OR (State = 'Massachusetts' AND City = 'Boston') OR (State = 'Massachusetts' AND City = 'Cambridge')) AND ((Polluted_element = 'Soil' AND Type_of_pollution = 'Urban Activities'))",
 "sqlResult": "{-12.84} || {34.85} || {-58.1}",
 "nlq": "What is the evolution of Urban Activities pollution in Aberdeen, Maryland or Boston or Cambridge, Massachusetts?"},
{"name": "template 4",
 "sql": "SELECT min(Value),avg(Value) FROM DBdata WHERE ((State = 'Maryland' AND City = 'Aberdeen') OR (State = 'Maryland' AND City = 'Baltimore') OR (State = 'Massachusetts' AND City = 'Cambridge')) AND ((Polluted_element = 'Water' AND Type_of_pollution = 'Chemical'))",
 "sqlResult": "{-69.5 | 23.1}",
 "nlq": "What are the minimum and average evolutions of Chemical pollution in Aberdeen or Baltimore, Maryland or Cambridge, Massachusetts?"},
{"name": "template 6",
 "sql": "SELECT Value FROM DBdata WHERE ((State = 'Maryland' AND City = 'Aberdeen') OR (State = 'Maryland' AND City = 'Baltimore') OR (State = 'Massachusetts' AND City = 'Boston')) AND ((Polluted_element = 'Water' AND Type_of_pollution = 'Chemical') OR (Polluted_element = 'Water' AND Type_of_pollution = 'Groundwater') OR (Polluted_element = 'Water' AND Type_of_pollution = 'Oxygen-depletion') OR (Polluted_element = 'Soil' AND Type_of_pollution = 'Inorganic Fertilizers'))",
 "sqlResult": "{-69.5} || {96.55} || {-65.99} || {-18.19} || {30.91} || {63.4} || {8.49} || {-57.24} || {53.03} || {-41.67} || {5.21} || {-8.13}",
 "nlq": "What is the evolution of Chemical, Groundwater, Inorganic Fertilizers, or Oxygen-depletion pollution in Aberdeen or Baltimore, Maryland or Boston, Massachusetts?"},
{"name": "template 7",
 "sql": "SELECT sum(Value),max(Value) FROM DBdata WHERE ((State = 'Maryland' AND City = 'Aberdeen')) AND ((Polluted_element = 'Water' AND Type_of_pollution = 'Surface water') OR (Polluted_element = 'Soil' AND Type_of_pollution = 'Urban Activities') OR (Polluted_element = 'Air' AND Type_of_pollution = 'Light'))",
 "sqlResult": "{168.65 | 97.17}",
 "nlq": "What are the total and maximum evolutions of Light, Surface water, or Urban Activities pollution in Aberdeen, Maryland?"},
{"name": "template 8",
 "sql": "SELECT State,City,avg(Value),min(Value) FROM DBdata WHERE ((State = 'Maryland' AND City = 'Aberdeen') OR (State = 'Maryland' AND City = 'Baltimore')) AND ((Polluted_element = 'Soil' AND Type_of_pollution = 'Inorganic Fertilizers') OR (Polluted_element = 'Air' AND Type_of_pollution = 'Light') OR (Polluted_element = 'Air' AND Type_of_pollution = 'Thermal')) GROUP BY State,City",
 "sqlResult": "{Maryland | Aberdeen | 37.3 | -41.67} || {Maryland | Baltimore | 56.57 | 5.21}",
 "nlq": "What are the average and minimum evolutions for each State and City, of Inorganic Fertilizers, Light, or Thermal pollution in Aberdeen or Baltimore, Maryland? Please, report the corresponding State and City."},
{"name": "template 9",
 "sql": "SELECT min(Value) FROM DBdata WHERE ((State = 'Massachusetts' AND City = 'Cambridge')) AND (Polluted_element IN ('Water','Soil','Air')) GROUP BY Polluted_element",
 "sqlResult": "{-96.62} || {-58.1} || {-44.59}",
 "nlq": "What is the minimum evolution of pollution for each Polluted element, of Air, Soil, or Water in Cambridge, Massachusetts?"},
{"name": "template 10",
 "sql": "SELECT Polluted_element,max(Value) FROM DBdata WHERE ((State = 'Maryland' AND City = 'Baltimore')) AND (Polluted_element IN ('Water','Soil','Air')) GROUP BY Polluted_element",
 "sqlResult": "{Air | 89.1} || {Soil | 79.39} || {Water | 96.55}",
 "nlq": "What is the maximum evolution of pollution for each Polluted element, of Air, Soil, or Water in Baltimore, Maryland? Please, report the corresponding Polluted element."},
{"name": "template 11",
 "sql": "SELECT Polluted_element,State,City,min(Value) FROM DBdata WHERE ((State = 'Maryland' AND City = 'Aberdeen') OR (State = 'Massachusetts' AND City = 'Boston')) AND (Polluted_element IN ('Water','Soil','Air')) GROUP BY Polluted_element,State,City",
 "sqlResult": "{Air | Maryland | Aberdeen | 69.26} || {Air | Massachusetts | Boston | -58.81} || {Soil | Maryland | Aberdeen | -41.67} || {Soil | Massachusetts | Boston | -8.13} || {Water | Maryland | Aberdeen | -69.5} || {Water | Massachusetts | Boston | -65.99}",
 "nlq": "What is the minimum evolution of pollution for each Polluted element, State, and City, of Air, Soil, or Water in Aberdeen, Maryland or Boston, Massachusetts? Please, report the corresponding Polluted element, State, and City."},
{"name": "template 12",
 "sql": "SELECT Value FROM DBdata WHERE ((State = 'Massachusetts' AND City = 'Boston')) AND (Polluted_element IN ('Water','Soil')) ORDER BY VALUE DESC LIMIT 5",
 "sqlResult": "{71.32} || {63.4} || {53.03} || {52.51} || {34.85}",
 "nlq": "What are the top 5 evolutions of pollution of Soil or Water in Boston, Massachusetts?"},
{"name": "template 13",
 "sql": "SELECT Value FROM DBdata WHERE ((State = 'Massachusetts' AND City = 'Boston')) AND (Polluted_element IN ('Soil','Air')) ORDER BY VALUE ASC",
 "sqlResult": "{-58.81} || {-8.13} || {-3.77} || {34.85} || {52.51} || {68.84} || {71.32}",
 "nlq": "What are the evolutions ordered by increasing values of pollution of Air or Soil in Boston, Massachusetts?"},
{"name": "template 14",
 "sql": "SELECT Polluted_element,Type_of_pollution FROM DBdata WHERE ((State = 'Massachusetts' AND City = 'Boston')) AND Value > 14.3",
 "sqlResult": "{Water | Groundwater} || {Water | Oxygen-depletion} || {Soil | Industrial} || {Soil | Inferior Irrigation} || {Soil | Urban Activities} || {Air | Thermal}",
 "nlq": "What are the Polluted element and Type of pollution for which the evolution in Boston, Massachusetts is greater than 14.3?"},
{"name": "template 15",
 "sql": "SELECT Polluted_element,Type_of_pollution,Value FROM DBdata WHERE ((State = 'Massachusetts' AND City = 'Cambridge')) AND (Polluted_element,Type_of_pollution) IN (SELECT Polluted_element,Type_of_pollution FROM DBdata WHERE ((State = 'Massachusetts' AND City = 'Boston')) AND Value > 14.3)",
 "sqlResult": "{Water | Groundwater | 99.1} || {Water | Oxygen-depletion | -19.42} || {Soil | Industrial | 96.5} || {Soil | Inferior Irrigation | 59.13} || {Soil | Urban Activities | -58.1} || {Air | Thermal | -96.62}",
 "nlq": "What is the evolution of pollution in Cambridge, Massachusetts of Polluted element and of Type of pollution for which the evolution in Boston, Massachusetts is greater than 14.3? Please, report the corresponding Polluted element, Type of pollution, and evolution of pollution."}]
}
