AA,BB,CC,DD,Value
AA,BB,CC,DD,Value
AAlpy,BBjpt,CCcpz,DDgnx,-93.33
AAlpy,BBgnq,CCcpz,DDgnx,-53.32
AAlpy,BBcxy,CCcpz,DDgnx,-84.88
AAltz,BBbcd,CCcpz,DDgnx,-40.04
AAltz,BBrtx,CCcpz,DDgnx,17.1
AAfst,BBjls,CCcpz,DDgnx,-46.84
AAfst,BBhqt,CCcpz,DDgnx,21.43
AAfst,BBqxz,CCcpz,DDgnx,-17.94
AAlpy,BBjpt,CCcpz,DDpvz,66.09
AAlpy,BBgnq,CCcpz,DDpvz,75.78
AAlpy,BBcxy,CCcpz,DDpvz,-92.38
AAltz,BBbcd,CCcpz,DDpvz,-48.73
AAltz,BBrtx,CCcpz,DDpvz,-81.02
AAfst,BBjls,CCcpz,DDpvz,-93.11
AAfst,BBhqt,CCcpz,DDpvz,-68.05
AAfst,BBqxz,CCcpz,DDpvz,-66.54
AAlpy,BBjpt,CCcpz,DDnrw,24.13
AAlpy,BBgnq,CCcpz,DDnrw,77.13
AAlpy,BBcxy,CCcpz,DDnrw,-4.73
AAltz,BBbcd,CCcpz,DDnrw,-45.06
AAltz,BBrtx,CCcpz,DDnrw,13.96
AAfst,BBjls,CCcpz,DDnrw,-24.92
AAfst,BBhqt,CCcpz,DDnrw,-34.02
AAfst,BBqxz,CCcpz,DDnrw,-84.13
AAlpy,BBjpt,CCcpz,DDbjm,-84.2
AAlpy,BBgnq,CCcpz,DDbjm,-46.45
AAlpy,BBcxy,CCcpz,DDbjm,-60.01
AAltz,BBbcd,CCcpz,DDbjm,-12.58
AAltz,BBrtx,CCcpz,DDbjm,60.76
AAfst,BBjls,CCcpz,DDbjm,40.49
AAfst,BBhqt,CCcpz,DDbjm,92.32
AAfst,BBqxz,CCcpz,DDbjm,59.16
AAlpy,BBjpt,CCdhs,DDdlw,99.05
AAlpy,BBgnq,CCdhs,DDdlw,21.63
AAlpy,BBcxy,CCdhs,DDdlw,-69.38
AAltz,BBbcd,CCdhs,DDdlw,86.39
AAltz,BBrtx,CCdhs,DDdlw,-20.84
AAfst,BBjls,CCdhs,DDdlw,62.12
AAfst,BBhqt,CCdhs,DDdlw,-89.89
AAfst,BBqxz,CCdhs,DDdlw,-63.83
AAlpy,BBjpt,CCdhs,DDclv,17.44
AAlpy,BBgnq,CCdhs,DDclv,-67.01
AAlpy,BBcxy,CCdhs,DDclv,70
AAltz,BBbcd,CCdhs,DDclv,22.38
AAltz,BBrtx,CCdhs,DDclv,18.34
AAfst,BBjls,CCdhs,DDclv,-1.56
AAfst,BBhqt,CCdhs,DDclv,-40.52
AAfst,BBqxz,CCdhs,DDclv,-3.37
AAlpy,BBjpt,CCdhs,DDdmv,-6.12
AAlpy,BBgnq,CCdhs,DDdmv,17.11
AAlpy,BBcxy,CCdhs,DDdmv,-91.55
AAltz,BBbcd,CCdhs,DDdmv,13.21
AAltz,BBrtx,CCdhs,DDdmv,-73.08
AAfst,BBjls,CCdhs,DDdmv,9.81
AAfst,BBhqt,CCdhs,DDdmv,21.92
AAfst,BBqxz,CCdhs,DDdmv,25.14
AAlpy,BBjpt,CCdhs,DDkmx,-3.07
AAlpy,BBgnq,CCdhs,DDkmx,-72.71
AAlpy,BBcxy,CCdhs,DDkmx,-90.5
AAltz,BBbcd,CCdhs,DDkmx,-80.93
AAltz,BBrtx,CCdhs,DDkmx,54.94
AAfst,BBjls,CCdhs,DDkmx,-49.81
AAfst,BBhqt,CCdhs,DDkmx,-97.9
AAfst,BBqxz,CCdhs,DDkmx,-78.6
AAlpy,BBjpt,CCdhs,DDjpy,-17.37
AAlpy,BBgnq,CCdhs,DDjpy,53.27
AAlpy,BBcxy,CCdhs,DDjpy,57.62
AAltz,BBbcd,CCdhs,DDjpy,-80.36
AAltz,BBrtx,CCdhs,DDjpy,-2.97
AAfst,BBjls,CCdhs,DDjpy,21.17
AAfst,BBhqt,CCdhs,DDjpy,30.83
AAfst,BBqxz,CCdhs,DDjpy,-36.88
AAlpy,BBjpt,CCktx,DDgnp,33.73
AAlpy,BBgnq,CCktx,DDgnp,74.32
AAlpy,BBcxy,CCktx,DDgnp,-49.57
AAltz,BBbcd,CCktx,DDgnp,76.45
AAltz,BBrtx,CCktx,DDgnp,38.03
AAfst,BBjls,CCktx,DDgnp,-13.73
AAfst,BBhqt,CCktx,DDgnp,-60.41
AAfst,BBqxz,CCktx,DDgnp,-45.04
AAlpy,BBjpt,CCktx,DDcjw,-40.68
AAlpy,BBgnq,CCktx,DDcjw,46.14
AAlpy,BBcxy,CCktx,DDcjw,-84.47
AAltz,BBbcd,CCktx,DDcjw,-99.67
AAltz,BBrtx,CCktx,DDcjw,24.21
AAfst,BBjls,CCktx,DDcjw,-90.49
AAfst,BBhqt,CCktx,DDcjw,97.69
AAfst,BBqxz,CCktx,DDcjw,97

