{
"filename": "Evolution_of_pollution_in_percent_set5_3_DB.csv",
"questions": [{"name": "template 1",
 "sql": "SELECT Value FROM DBdata WHERE ((State = 'Nevada' AND City = 'Boulder City')) AND ((Polluted_element = 'Water' AND Type_of_pollution = 'Oxygen-depletion'))",
 "sqlResult": "{36.99}",
 "nlq": "What is the evolution of Oxygen-depletion pollution in Boulder City, Nevada?"},
{"name": "template 2",
 "sql": "SELECT Value FROM DBdata WHERE ((State = 'Minnesota' AND City = 'Minneapolis')) AND ((Polluted_element = 'Water' AND Type_of_pollution = 'Groundwater') OR (Polluted_element = 'Soil' AND Type_of_pollution = 'Inferior Irrigation'))",
 "sqlResult": "{69.19} || {24.2}",
 "nlq": "What is the evolution of Groundwater or Inferior Irrigation pollution in Minneapolis, Minnesota?"},
{"name": "template 3",
 "sql": "SELECT Value FROM DBdata WHERE ((State = 'Minnesota' AND City = 'Minneapolis') OR (State = 'Minnesota' AND City = 'Rochester')) AND ((Polluted_element = 'Soil' AND Type_of_pollution = 'Inferior Irrigation'))",
 "sqlResult": "{24.2} || {-77.62}",
 "nlq": "What is the evolution of Inferior Irrigation pollution in Minneapolis or Rochester, Minnesota?"},
{"name": "template 4",
 "sql": "SELECT min(Value),avg(Value) FROM DBdata WHERE ((State = 'Minnesota' AND City = 'Rochester') OR (State = 'Nevada' AND City = 'Boulder City') OR (State = 'Nevada' AND City = 'Las Vegas')) AND ((Polluted_element = 'Soil' AND Type_of_pollution = 'Solid Waste'))",
 "sqlResult": "{55.77 | 73.65}",
 "nlq": "What are the minimum and average evolutions of Solid Waste pollution in Boulder City or Las Vegas, Nevada or Rochester, Minnesota?"},
{"name": "template 6",
 "sql": "SELECT Value FROM DBdata WHERE ((State = 'Minnesota' AND City = 'Minneapolis') OR (State = 'Nevada' AND City = 'Boulder City') OR (State = 'Nevada' AND City = 'Las Vegas')) AND ((Polluted_element = 'Water' AND Type_of_pollution = 'Groundwater') OR (Polluted_element = 'Water' AND Type_of_pollution = 'Oxygen-depletion') OR (Polluted_element = 'Water' AND Type_of_pollution = 'Surface water') OR (Polluted_element = 'Soil' AND Type_of_pollution = 'Solid Waste'))",
 "sqlResult": "{69.19} || {-45.05} || {3.62} || {64.09} || {36.99} || {-37.05} || {60.28} || {-45.17} || {-72.14} || {-70.47} || {76.68} || {55.77}",
 "nlq": "What is the evolution of Groundwater, Oxygen-depletion, Solid Waste, or Surface water pollution in Boulder City or Las Vegas, Nevada or Minneapolis, Minnesota?"},
{"name": "template 7",
 "sql": "SELECT avg(Value),min(Value) FROM DBdata WHERE ((State = 'Minnesota' AND City = 'Minneapolis')) AND ((Polluted_element = 'Water' AND Type_of_pollution = 'Oxygen-depletion') OR (Polluted_element = 'Soil' AND Type_of_pollution = 'Inferior Irrigation'))",
 "sqlResult": "{44.15 | 24.2}",
 "nlq": "What are the average and minimum evolutions of Inferior Irrigation or Oxygen-depletion pollution in Minneapolis, Minnesota?"},
{"name": "template 8",
 "sql": "SELECT State,City,min(Value),max(Value) FROM DBdata WHERE ((State = 'Minnesota' AND City = 'Minneapolis') OR (State = 'Minnesota' AND City = 'Rochester') OR (State = 'Nevada' AND City = 'Boulder City') OR (State = 'Nevada' AND City = 'Las Vegas')) AND ((Polluted_element = 'Water' AND Type_of_pollution = 'Oxygen-depletion') OR (Polluted_element = 'Water' AND Type_of_pollution = 'Surface water') OR (Polluted_element = 'Soil' AND Type_of_pollution = 'Inferior Irrigation')) GROUP BY State,City",
 "sqlResult": "{Minnesota | Minneapolis | 24.2 | 64.09} || {Minnesota | Rochester | -77.62 | 25.6} || {Nevada | Boulder City | -45.17 | 36.99} || {Nevada | Las Vegas | -72.14 | 17.28}",
 "nlq": "What are the minimum and maximum evolutions for each State and City, of Inferior Irrigation, Oxygen-depletion, or Surface water pollution in Boulder City or Las Vegas, Nevada or Minneapolis or Rochester, Minnesota? Please, report the corresponding State and City."},
{"name": "template 9",
 "sql": "SELECT min(Value) FROM DBdata WHERE ((State = 'Nevada' AND City = 'Boulder City')) AND (Polluted_element IN ('Water','Soil')) GROUP BY Polluted_element",
 "sqlResult": "{-22.72} || {-45.17}",
 "nlq": "What is the minimum evolution of pollution for each Polluted element, of Soil or Water in Boulder City, Nevada?"},
{"name": "template 10",
 "sql": "SELECT Polluted_element,max(Value) FROM DBdata WHERE ((State = 'Minnesota' AND City = 'Minneapolis')) AND (Polluted_element IN ('Water','Soil')) GROUP BY Polluted_element",
 "sqlResult": "{Soil | 24.2} || {Water | 69.19}",
 "nlq": "What is the maximum evolution of pollution for each Polluted element, of Soil or Water in Minneapolis, Minnesota? Please, report the corresponding Polluted element."},
{"name": "template 11",
 "sql": "SELECT Polluted_element,State,City,min(Value) FROM DBdata WHERE ((State = 'Minnesota' AND City = 'Rochester') OR (State = 'Nevada' AND City = 'Las Vegas')) AND (Polluted_element IN ('Water','Soil')) GROUP BY Polluted_element,State,City",
 "sqlResult": "{Soil | Minnesota | Rochester | -77.62} || {Soil | Nevada | Las Vegas | 17.28} || {Water | Minnesota | Rochester | -39.71} || {Water | Nevada | Las Vegas | -72.14}",
 "nlq": "What is the minimum evolution of pollution for each Polluted element, State, and City, of Soil or Water in Las Vegas, Nevada or Rochester, Minnesota? Please, report the corresponding Polluted element, State, and City."},
{"name": "template 12",
 "sql": "SELECT Value FROM DBdata WHERE ((State = 'Nevada' AND City = 'Las Vegas')) AND (Polluted_element IN ('Water','Soil')) ORDER BY VALUE ASC LIMIT 4",
 "sqlResult": "{-72.14} || {-37.05} || {3.62} || {17.28}",
 "nlq": "What are the bottom 4 evolutions of pollution of Soil or Water in Las Vegas, Nevada?"},
{"name": "template 13",
 "sql": "SELECT Value FROM DBdata WHERE ((State = 'Minnesota' AND City = 'Minneapolis')) AND (Polluted_element IN ('Water','Soil')) ORDER BY VALUE DESC",
 "sqlResult": "{69.19} || {64.09} || {60.28} || {24.2} || {-70.47}",
 "nlq": "What are the evolutions ordered by decreasing values of pollution of Soil or Water in Minneapolis, Minnesota?"},
{"name": "template 14",
 "sql": "SELECT Polluted_element,Type_of_pollution FROM DBdata WHERE ((State = 'Minnesota' AND City = 'Minneapolis')) AND Value > 6.55",
 "sqlResult": "{Water | Groundwater} || {Water | Oxygen-depletion} || {Water | Surface water} || {Soil | Inferior Irrigation}",
 "nlq": "What are the Polluted element and Type of pollution for which the evolution in Minneapolis, Minnesota is greater than 6.55?"},
{"name": "template 15",
 "sql": "SELECT Polluted_element,Type_of_pollution,Value FROM DBdata WHERE ((State = 'Nevada' AND City = 'Boulder City')) AND (Polluted_element,Type_of_pollution) IN (SELECT Polluted_element,Type_of_pollution FROM DBdata WHERE ((State = 'Minnesota' AND City = 'Minneapolis')) AND Value > 6.55)",
 "sqlResult": "{Water | Groundwater | -45.05} || {Water | Oxygen-depletion | 36.99} || {Water | Surface water | -45.17} || {Soil | Inferior Irrigation | -22.72}",
 "nlq": "What is the evolution of pollution in Boulder City, Nevada of Polluted element and of Type of pollution for which the evolution in Minneapolis, Minnesota is greater than 6.55? Please, report the corresponding Polluted element, Type of pollution, and evolution of pollution."}]
}
