AA,BB,CC,DD,Value
AA,BB,CC,DD,Value
AAfz,BBmx,CCbx,DDln,38.78
AAfz,BBkt,CCbx,DDln,-56.33
AAgw,BBhl,CCbx,DDln,17.7
AAgw,BBdt,CCbx,DDln,0.95
AAcv,BBsz,CCbx,DDln,62.81
AAcv,BBgt,CCbx,DDln,-35.6
AAcv,BBgj,CCbx,DDln,33.14
AAfz,BBmx,CCbx,DDhv,76.55
AAfz,BBkt,CCbx,DDhv,78.65
AAgw,BBhl,CCbx,DDhv,26.65
AAgw,BBdt,CCbx,DDhv,6.1
AAcv,BBsz,CCbx,DDhv,94.25
AAcv,BBgt,CCbx,DDhv,-21.77
AAcv,BBgj,CCbx,DDhv,68.74
AAfz,BBmx,CCbx,DDpw,-15.78
AAfz,BBkt,CCbx,DDpw,57.57
AAgw,BBhl,CCbx,DDpw,95.53
AAgw,BBdt,CCbx,DDpw,-80.43
AAcv,BBsz,CCbx,DDpw,-27.7
AAcv,BBgt,CCbx,DDpw,-23.77
AAcv,BBgj,CCbx,DDpw,10.43
AAfz,BBmx,CCgl,DDxz,41.97
AAfz,BBkt,CCgl,DDxz,-21.08
AAgw,BBhl,CCgl,DDxz,-12.11
AAgw,BBdt,CCgl,DDxz,-60.47
AAcv,BBsz,CCgl,DDxz,88.22
AAcv,BBgt,CCgl,DDxz,-62.28
AAcv,BBgj,CCgl,DDxz,68.85
AAfz,BBmx,CCgl,DDsx,-12.13
AAfz,BBkt,CCgl,DDsx,-46.41
AAgw,BBhl,CCgl,DDsx,-69.48
AAgw,BBdt,CCgl,DDsx,-90.82
AAcv,BBsz,CCgl,DDsx,54.94
AAcv,BBgt,CCgl,DDsx,-80.99
AAcv,BBgj,CCgl,DDsx,-8.48
AAfz,BBmx,CCgl,DDgz,-77.46
AAfz,BBkt,CCgl,DDgz,-56.44
AAgw,BBhl,CCgl,DDgz,8.14
AAgw,BBdt,CCgl,DDgz,33.96
AAcv,BBsz,CCgl,DDgz,-47.02
AAcv,BBgt,CCgl,DDgz,-23.07
AAcv,BBgj,CCgl,DDgz,-51.82

