{
"filename": "Evolution_of_pollution_in_percent_set6_1_DB.csv",
"questions": [{"name": "template 1",
 "sql": "SELECT Value FROM DBdata WHERE ((AA = 'AAdhj' AND BB = 'BBgrx')) AND ((CC = 'CCbjp' AND DD = 'DDjtx'))",
 "sqlResult": "{98.28}",
 "nlq": "What is the evolution of DDjtx pollution in BBgrx, AAdhj?"},
{"name": "template 2",
 "sql": "SELECT Value FROM DBdata WHERE ((AA = 'AAdhj' AND BB = 'BBknt')) AND ((CC = 'CCdwy' AND DD = 'DDcvz') OR (CC = 'CCdwy' AND DD = 'DDfhr') OR (CC = 'CCdwy' AND DD = 'DDbkw') OR (CC = 'CCdwy' AND DD = 'DDqwz') OR (CC = 'CCbjp' AND DD = 'DDglp') OR (CC = 'CCbjp' AND DD = 'DDnpz'))",
 "sqlResult": "{91.49} || {43.98} || {85.05} || {62.71} || {-82.92} || {68.27}",
 "nlq": "What is the evolution of DDfhr, DDcvz, DDglp, DDbkw, DDnpz, or DDqwz pollution in BBknt, AAdhj?"},
{"name": "template 3",
 "sql": "SELECT Value FROM DBdata WHERE ((AA = 'AAhnr' AND BB = 'BBcfr') OR (AA = 'AAhnr' AND BB = 'BBnqs') OR (AA = 'AAhmy' AND BB = 'BBhmw') OR (AA = 'AAdhj' AND BB = 'BBknt')) AND ((CC = 'CCdwy' AND DD = 'DDclx'))",
 "sqlResult": "{69.75} || {30.9} || {-49.96} || {-43.9}",
 "nlq": "What is the evolution of DDclx pollution in BBknt, AAdhj or BBcfr or BBnqs, AAhnr or BBhmw, AAhmy?"},
{"name": "template 4",
 "sql": "SELECT avg(Value),min(Value) FROM DBdata WHERE ((AA = 'AAhnr' AND BB = 'BBcfr') OR (AA = 'AAhnr' AND BB = 'BBnqs') OR (AA = 'AAhmy' AND BB = 'BBlmv') OR (AA = 'AAhmy' AND BB = 'BBklx') OR (AA = 'AAhmy' AND BB = 'BBhmw') OR (AA = 'AAdhj' AND BB = 'BBknt') OR (AA = 'AAdhj' AND BB = 'BBgrx')) AND ((CC = 'CCbjp' AND DD = 'DDjtx'))",
 "sqlResult": "{26.4 | -96.35}",
 "nlq": "What are the average and minimum evolutions of DDjtx pollution in BBlmv, BBklx, or BBhmw, AAhmy or BBknt or BBgrx, AAdhj or BBcfr or BBnqs, AAhnr?"},
{"name": "template 6",
 "sql": "SELECT Value FROM DBdata WHERE ((AA = 'AAhmy' AND BB = 'BBklx') OR (AA = 'AAhmy' AND BB = 'BBhmw')) AND ((CC = 'CCdwy' AND DD = 'DDcvz') OR (CC = 'CCdwy' AND DD = 'DDclx') OR (CC = 'CCdwy' AND DD = 'DDbkw') OR (CC = 'CCbjp' AND DD = 'DDnpz'))",
 "sqlResult": "{-82.1} || {64.01} || {-53.86} || {-49.96} || {87.12} || {-69.57} || {36.75} || {-1.62}",
 "nlq": "What is the evolution of DDclx, DDcvz, DDbkw, or DDnpz pollution in BBklx or BBhmw, AAhmy?"},
{"name": "template 7",
 "sql": "SELECT max(Value),min(Value) FROM DBdata WHERE ((AA = 'AAhmy' AND BB = 'BBklx')) AND ((CC = 'CCdwy' AND DD = 'DDcvz') OR (CC = 'CCdwy' AND DD = 'DDclx') OR (CC = 'CCdwy' AND DD = 'DDbkw') OR (CC = 'CCdwy' AND DD = 'DDqwz') OR (CC = 'CCbjp' AND DD = 'DDglp'))",
 "sqlResult": "{87.12 | -82.1}",
 "nlq": "What are the maximum and minimum evolutions of DDclx, DDcvz, DDglp, DDbkw, or DDqwz pollution in BBklx, AAhmy?"},
{"name": "template 8",
 "sql": "SELECT AA,BB,avg(Value),max(Value) FROM DBdata WHERE ((AA = 'AAhmy' AND BB = 'BBlmv') OR (AA = 'AAhmy' AND BB = 'BBklx') OR (AA = 'AAhmy' AND BB = 'BBhmw') OR (AA = 'AAdhj' AND BB = 'BBknt')) AND ((CC = 'CCdwy' AND DD = 'DDqwz') OR (CC = 'CCbjp' AND DD = 'DDjtx') OR (CC = 'CCbjp' AND DD = 'DDnpz')) GROUP BY AA,BB",
 "sqlResult": "{AAhmy | BBlmv | 36.34 | 67.74} || {AAhmy | BBklx | 58.88 | 98.98} || {AAhmy | BBhmw | -52.34 | -1.62} || {AAdhj | BBknt | 62.67 | 68.27}",
 "nlq": "What are the average and maximum evolutions for each AA and BB, of DDjtx, DDnpz, or DDqwz pollution in BBlmv, BBklx, or BBhmw, AAhmy or BBknt, AAdhj? Please, report the corresponding AA and BB."},
{"name": "template 9",
 "sql": "SELECT min(Value) FROM DBdata WHERE ((AA = 'AAhmy' AND BB = 'BBklx')) AND (CC IN ('CCdwy','CCbjp')) GROUP BY CC",
 "sqlResult": "{-37.68} || {-82.1}",
 "nlq": "What is the minimum evolution of pollution for each CC, of CCbjp or CCdwy in BBklx, AAhmy?"},
{"name": "template 10",
 "sql": "SELECT CC,min(Value) FROM DBdata WHERE ((AA = 'AAdhj' AND BB = 'BBgrx')) AND (CC IN ('CCdwy','CCbjp')) GROUP BY CC",
 "sqlResult": "{CCbjp | 32.56} || {CCdwy | -86.37}",
 "nlq": "What is the minimum evolution of pollution for each CC, of CCbjp or CCdwy in BBgrx, AAdhj? Please, report the corresponding CC."},
{"name": "template 11",
 "sql": "SELECT CC,AA,BB,min(Value) FROM DBdata WHERE ((AA = 'AAhnr' AND BB = 'BBcfr') OR (AA = 'AAhmy' AND BB = 'BBlmv') OR (AA = 'AAdhj' AND BB = 'BBgrx')) AND (CC IN ('CCdwy','CCbjp')) GROUP BY CC,AA,BB",
 "sqlResult": "{CCbjp | AAhnr | BBcfr | -97.47} || {CCbjp | AAhmy | BBlmv | -21.62} || {CCbjp | AAdhj | BBgrx | 32.56} || {CCdwy | AAhnr | BBcfr | -6.25} || {CCdwy | AAhmy | BBlmv | -64.59} || {CCdwy | AAdhj | BBgrx | -86.37}",
 "nlq": "What is the minimum evolution of pollution for each CC, AA, and BB, of CCbjp or CCdwy in BBlmv, AAhmy or BBgrx, AAdhj or BBcfr, AAhnr? Please, report the corresponding CC, AA, and BB."},
{"name": "template 12",
 "sql": "SELECT Value FROM DBdata WHERE ((AA = 'AAhmy' AND BB = 'BBlmv')) AND (CC IN ('CCdwy','CCbjp')) ORDER BY VALUE DESC LIMIT 2",
 "sqlResult": "{68.62} || {67.74}",
 "nlq": "What are the top 2 evolutions of pollution of CCbjp or CCdwy in BBlmv, AAhmy?"},
{"name": "template 13",
 "sql": "SELECT Value FROM DBdata WHERE ((AA = 'AAdhj' AND BB = 'BBknt')) AND (CC IN ('CCdwy','CCbjp')) ORDER BY VALUE DESC",
 "sqlResult": "{91.49} || {85.05} || {68.27} || {62.71} || {57.03} || {43.98} || {-43.9} || {-82.92}",
 "nlq": "What are the evolutions ordered by decreasing values of pollution of CCbjp or CCdwy in BBknt, AAdhj?"},
{"name": "template 14",
 "sql": "SELECT CC,DD FROM DBdata WHERE ((AA = 'AAhmy' AND BB = 'BBhmw')) AND Value > 5.84",
 "sqlResult": "{CCdwy | DDcvz} || {CCdwy | DDfhr}",
 "nlq": "What are the CC and DD for which the evolution in BBhmw, AAhmy is greater than 5.84?"},
{"name": "template 15",
 "sql": "SELECT CC,DD,Value FROM DBdata WHERE ((AA = 'AAhmy' AND BB = 'BBklx')) AND (CC,DD) IN (SELECT CC,DD FROM DBdata WHERE ((AA = 'AAhmy' AND BB = 'BBhmw')) AND Value > 5.84)",
 "sqlResult": "{CCdwy | DDcvz | -82.1} || {CCdwy | DDfhr | -44.4}",
 "nlq": "What is the evolution of pollution in BBklx, AAhmy of CC and of DD for which the evolution in BBhmw, AAhmy is greater than 5.84? Please, report the corresponding CC, DD, and evolution of pollution."}]
}

