{
"filename": "Evolution_of_pollution_in_percent_set5_2_DB.csv",
"questions": [{"name": "template 1",
 "sql": "SELECT Value FROM DBdata WHERE ((State = 'Georgia' AND City = 'Albany')) AND ((Polluted_element = 'Water' AND Type_of_pollution = 'Surface water'))",
 "sqlResult": "{-62.25}",
 "nlq": "What is the evolution of Surface water pollution in Albany, Georgia?"},
{"name": "template 2",
 "sql": "SELECT Value FROM DBdata WHERE ((State = 'Georgia' AND City = 'Washington')) AND ((Polluted_element = 'Water' AND Type_of_pollution = 'Oxygen-depletion') OR (Polluted_element = 'Water' AND Type_of_pollution = 'Surface water') OR (Polluted_element = 'Soil' AND Type_of_pollution = 'Industrial') OR (Polluted_element = 'Soil' AND Type_of_pollution = 'Inferior Irrigation') OR (Polluted_element = 'Soil' AND Type_of_pollution = 'Solid Waste'))",
 "sqlResult": "{-57.22} || {-67.03} || {-1.87} || {-57.05} || {61.11}",
 "nlq": "What is the evolution of Industrial, Inferior Irrigation, Oxygen-depletion, Solid Waste, or Surface water pollution in Washington, Georgia?"},
{"name": "template 3",
 "sql": "SELECT Value FROM DBdata WHERE ((State = 'California' AND City = 'Los-Angeles') OR (State = 'California' AND City = 'Malibu') OR (State = 'California' AND City = 'San Francisco') OR (State = 'Florida' AND City = 'Fort Lauderdale') OR (State = 'Florida' AND City = 'Tampa') OR (State = 'Georgia' AND City = 'Albany') OR (State = 'Georgia' AND City = 'Columbus') OR (State = 'Georgia' AND City = 'Washington')) AND ((Polluted_element = 'Soil' AND Type_of_pollution = 'Inorganic Fertilizers'))",
 "sqlResult": "{54.25} || {2.7} || {-6.7} || {-91.77} || {79.75} || {-70.73} || {-12.93} || {4.94}",
 "nlq": "What is the evolution of Inorganic Fertilizers pollution in Albany, Columbus, or Washington, Georgia or Fort Lauderdale or Tampa, Florida or Los-Angeles, Malibu, or San Francisco, California?"},
{"name": "template 4",
 "sql": "SELECT min(Value),sum(Value) FROM DBdata WHERE ((State = 'California' AND City = 'Los-Angeles') OR (State = 'California' AND City = 'Malibu') OR (State = 'California' AND City = 'San Francisco') OR (State = 'Florida' AND City = 'Fort Lauderdale')) AND ((Polluted_element = 'Soil' AND Type_of_pollution = 'Inorganic Fertilizers'))",
 "sqlResult": "{-91.77 | -41.52}",
 "nlq": "What are the minimum and total evolutions of Inorganic Fertilizers pollution in Fort Lauderdale, Florida or Los-Angeles, Malibu, or San Francisco, California?"},
{"name": "template 6",
 "sql": "SELECT Value FROM DBdata WHERE ((State = 'California' AND City = 'Los-Angeles') OR (State = 'Georgia' AND City = 'Albany') OR (State = 'Georgia' AND City = 'Columbus') OR (State = 'Georgia' AND City = 'Washington')) AND ((Polluted_element = 'Water' AND Type_of_pollution = 'Oxygen-depletion') OR (Polluted_element = 'Soil' AND Type_of_pollution = 'Inorganic Fertilizers') OR (Polluted_element = 'Soil' AND Type_of_pollution = 'Urban Activities'))",
 "sqlResult": "{47.82} || {-32.43} || {-83.55} || {-57.22} || {54.25} || {-70.73} || {-12.93} || {4.94} || {-89.38} || {-69.21} || {-97.62} || {-40.79}",
 "nlq": "What is the evolution of Inorganic Fertilizers, Oxygen-depletion, or Urban Activities pollution in Albany, Columbus, or Washington, Georgia or Los-Angeles, California?"},
{"name": "template 7",
 "sql": "SELECT max(Value),sum(Value) FROM DBdata WHERE ((State = 'California' AND City = 'Los-Angeles')) AND ((Polluted_element = 'Water' AND Type_of_pollution = 'Oxygen-depletion') OR (Polluted_element = 'Soil' AND Type_of_pollution = 'Industrial') OR (Polluted_element = 'Soil' AND Type_of_pollution = 'Solid Waste') OR (Polluted_element = 'Soil' AND Type_of_pollution = 'Urban Activities'))",
 "sqlResult": "{99.28 | 14.25}",
 "nlq": "What are the maximum and total evolutions of Industrial, Oxygen-depletion, Solid Waste, or Urban Activities pollution in Los-Angeles, California?"},
{"name": "template 8",
 "sql": "SELECT State,City,max(Value),min(Value) FROM DBdata WHERE ((State = 'California' AND City = 'San Francisco') OR (State = 'Florida' AND City = 'Tampa') OR (State = 'Georgia' AND City = 'Albany')) AND ((Polluted_element = 'Water' AND Type_of_pollution = 'Surface water') OR (Polluted_element = 'Soil' AND Type_of_pollution = 'Solid Waste') OR (Polluted_element = 'Soil' AND Type_of_pollution = 'Urban Activities')) GROUP BY State,City",
 "sqlResult": "{California | San Francisco | 95.48 | -92.86} || {Florida | Tampa | 42.19 | -17.63} || {Georgia | Albany | -13.29 | -69.21}",
 "nlq": "What are the maximum and minimum evolutions for each State and City, of Solid Waste, Surface water, or Urban Activities pollution in Albany, Georgia or San Francisco, California or Tampa, Florida? Please, report the corresponding State and City."},
{"name": "template 9",
 "sql": "SELECT min(Value) FROM DBdata WHERE ((State = 'California' AND City = 'Malibu')) AND (Polluted_element IN ('Water','Soil')) GROUP BY Polluted_element",
 "sqlResult": "{-88.13} || {-27.93}",
 "nlq": "What is the minimum evolution of pollution for each Polluted element, of Soil or Water in Malibu, California?"},
{"name": "template 10",
 "sql": "SELECT Polluted_element,max(Value) FROM DBdata WHERE ((State = 'Florida' AND City = 'Fort Lauderdale')) AND (Polluted_element IN ('Water','Soil')) GROUP BY Polluted_element",
 "sqlResult": "{Soil | 71.63} || {Water | 84.52}",
 "nlq": "What is the maximum evolution of pollution for each Polluted element, of Soil or Water in Fort Lauderdale, Florida? Please, report the corresponding Polluted element."},
{"name": "template 11",
 "sql": "SELECT Polluted_element,State,City,sum(Value) FROM DBdata WHERE ((State = 'Florida' AND City = 'Fort Lauderdale') OR (State = 'Florida' AND City = 'Tampa') OR (State = 'Georgia' AND City = 'Albany')) AND (Polluted_element IN ('Water','Soil')) GROUP BY Polluted_element,State,City",
 "sqlResult": "{Soil | Florida | Fort Lauderdale | -26.52} || {Soil | Florida | Tampa | 105.05} || {Soil | Georgia | Albany | -257.08} || {Water | Florida | Fort Lauderdale | 112.75} || {Water | Florida | Tampa | -97.16} || {Water | Georgia | Albany | -94.68}",
 "nlq": "What is the total evolution of pollution for each Polluted element, State, and City, of Soil or Water in Albany, Georgia or Fort Lauderdale or Tampa, Florida? Please, report the corresponding Polluted element, State, and City."},
{"name": "template 12",
 "sql": "SELECT Value FROM DBdata WHERE ((State = 'Florida' AND City = 'Fort Lauderdale')) AND (Polluted_element IN ('Water','Soil')) ORDER BY VALUE DESC LIMIT 5",
 "sqlResult": "{84.52} || {71.63} || {59.03} || {28.23} || {-24.1}",
 "nlq": "What are the top 5 evolutions of pollution of Soil or Water in Fort Lauderdale, Florida?"},
{"name": "template 13",
 "sql": "SELECT Value FROM DBdata WHERE ((State = 'California' AND City = 'San Francisco')) AND (Polluted_element IN ('Water','Soil')) ORDER BY VALUE ASC",
 "sqlResult": "{-92.86} || {-70.61} || {-6.7} || {-0.32} || {23.63} || {59.29} || {95.48}",
 "nlq": "What are the evolutions ordered by increasing values of pollution of Soil or Water in San Francisco, California?"},
{"name": "template 14",
 "sql": "SELECT Polluted_element,Type_of_pollution FROM DBdata WHERE ((State = 'Georgia' AND City = 'Albany')) AND Value < -13.55",
 "sqlResult": "{Water | Oxygen-depletion} || {Water | Surface water} || {Soil | Inorganic Fertilizers} || {Soil | Industrial} || {Soil | Inferior Irrigation} || {Soil | Urban Activities}",
 "nlq": "What are the Polluted element and Type of pollution for which the evolution in Albany, Georgia is lower than -13.55?"},
{"name": "template 15",
 "sql": "SELECT Polluted_element,Type_of_pollution,Value FROM DBdata WHERE ((State = 'Florida' AND City = 'Fort Lauderdale')) AND (Polluted_element,Type_of_pollution) IN (SELECT Polluted_element,Type_of_pollution FROM DBdata WHERE ((State = 'Georgia' AND City = 'Albany')) AND Value < -13.55)",
 "sqlResult": "{Water | Oxygen-depletion | 84.52} || {Water | Surface water | 28.23} || {Soil | Inorganic Fertilizers | -91.77} || {Soil | Industrial | 59.03} || {Soil | Inferior Irrigation | -41.31} || {Soil | Urban Activities | -24.1}",
 "nlq": "What is the evolution of pollution in Fort Lauderdale, Florida of Polluted element and of Type of pollution for which the evolution in Albany, Georgia is lower than -13.55? Please, report the corresponding Polluted element, Type of pollution, and evolution of pollution."}]
}
