{
"filename": "Evolution_of_pollution_in_percent_set6_5_DB.csv",
"questions": [{"name": "template 1",
 "sql": "SELECT Value FROM DBdata WHERE ((AA = 'AAltz' AND BB = 'BBbcd')) AND ((CC = 'CCdhs' AND DD = 'DDkmx'))",
 "sqlResult": "{-80.93}",
 "nlq": "What is the evolution of DDkmx pollution in BBbcd, AAltz?"},
{"name": "template 2",
 "sql": "SELECT Value FROM DBdata WHERE ((AA = 'AAltz' AND BB = 'BBbcd')) AND ((CC = 'CCcpz' AND DD = 'DDgnx') OR (CC = 'CCdhs' AND DD = 'DDdmv'))",
 "sqlResult": "{-40.04} || {13.21}",
 "nlq": "What is the evolution of DDgnx or DDdmv pollution in BBbcd, AAltz?"},
{"name": "template 3",
 "sql": "SELECT Value FROM DBdata WHERE ((AA = 'AAlpy' AND BB = 'BBjpt') OR (AA = 'AAlpy' AND BB = 'BBgnq') OR (AA = 'AAlpy' AND BB = 'BBcxy') OR (AA = 'AAltz' AND BB = 'BBbcd') OR (AA = 'AAltz' AND BB = 'BBrtx') OR (AA = 'AAfst' AND BB = 'BBjls') OR (AA = 'AAfst' AND BB = 'BBhqt') OR (AA = 'AAfst' AND BB = 'BBqxz')) AND ((CC = 'CCcpz' AND DD = 'DDbjm'))",
 "sqlResult": "{-84.2} || {-46.45} || {-60.01} || {-12.58} || {60.76} || {40.49} || {92.32} || {59.16}",
 "nlq": "What is the evolution of DDbjm pollution in BBjpt, BBgnq, or BBcxy, AAlpy or BBbcd or BBrtx, AAltz or BBjls, BBhqt, or BBqxz, AAfst?"},
{"name": "template 4",
 "sql": "SELECT sum(Value),avg(Value) FROM DBdata WHERE ((AA = 'AAlpy' AND BB = 'BBgnq') OR (AA = 'AAltz' AND BB = 'BBrtx') OR (AA = 'AAfst' AND BB = 'BBjls')) AND ((CC = 'CCktx' AND DD = 'DDcjw'))",
 "sqlResult": "{-20.14 | -6.71}",
 "nlq": "What are the total and average evolutions of DDcjw pollution in BBgnq, AAlpy or BBjls, AAfst or BBrtx, AAltz?"},
{"name": "template 6",
 "sql": "SELECT Value FROM DBdata WHERE ((AA = 'AAlpy' AND BB = 'BBjpt') OR (AA = 'AAltz' AND BB = 'BBbcd') OR (AA = 'AAfst' AND BB = 'BBjls')) AND ((CC = 'CCdhs' AND DD = 'DDclv') OR (CC = 'CCdhs' AND DD = 'DDkmx'))",
 "sqlResult": "{17.44} || {22.38} || {-1.56} || {-3.07} || {-80.93} || {-49.81}",
 "nlq": "What is the evolution of DDclv or DDkmx pollution in BBjpt, AAlpy or BBbcd, AAltz or BBjls, AAfst?"},
{"name": "template 7",
 "sql": "SELECT avg(Value),sum(Value) FROM DBdata WHERE ((AA = 'AAlpy' AND BB = 'BBgnq')) AND ((CC = 'CCdhs' AND DD = 'DDdlw') OR (CC = 'CCdhs' AND DD = 'DDkmx') OR (CC = 'CCdhs' AND DD = 'DDjpy') OR (CC = 'CCktx' AND DD = 'DDcjw'))",
 "sqlResult": "{12.08 | 48.33}",
 "nlq": "What are the average and total evolutions of DDdlw, DDkmx, DDcjw, or DDjpy pollution in BBgnq, AAlpy?"},
{"name": "template 8",
 "sql": "SELECT AA,BB,max(Value),sum(Value) FROM DBdata WHERE ((AA = 'AAlpy' AND BB = 'BBjpt') OR (AA = 'AAlpy' AND BB = 'BBcxy') OR (AA = 'AAltz' AND BB = 'BBrtx') OR (AA = 'AAfst' AND BB = 'BBjls') OR (AA = 'AAfst' AND BB = 'BBhqt')) AND ((CC = 'CCcpz' AND DD = 'DDnrw') OR (CC = 'CCdhs' AND DD = 'DDkmx')) GROUP BY AA,BB",
 "sqlResult": "{AAlpy | BBjpt | 24.13 | 21.06} || {AAlpy | BBcxy | -4.73 | -95.23} || {AAltz | BBrtx | 54.94 | 68.9} || {AAfst | BBjls | -24.92 | -74.73} || {AAfst | BBhqt | -34.02 | -131.92}",
 "nlq": "What are the maximum and total evolutions for each AA and BB, of DDnrw or DDkmx pollution in BBjpt or BBcxy, AAlpy or BBjls or BBhqt, AAfst or BBrtx, AAltz? Please, report the corresponding AA and BB."},
{"name": "template 9",
 "sql": "SELECT min(Value) FROM DBdata WHERE ((AA = 'AAlpy' AND BB = 'BBcxy')) AND (CC IN ('CCcpz','CCdhs','CCktx')) GROUP BY CC",
 "sqlResult": "{-84.47} || {-91.55} || {-92.38}",
 "nlq": "What is the minimum evolution of pollution for each CC, of CCktx, CCdhs, or CCcpz in BBcxy, AAlpy?"},
{"name": "template 10",
 "sql": "SELECT CC,max(Value) FROM DBdata WHERE ((AA = 'AAlpy' AND BB = 'BBgnq')) AND (CC IN ('CCcpz','CCdhs','CCktx')) GROUP BY CC",
 "sqlResult": "{CCktx | 74.32} || {CCdhs | 53.27} || {CCcpz | 77.13}",
 "nlq": "What is the maximum evolution of pollution for each CC, of CCktx, CCdhs, or CCcpz in BBgnq, AAlpy? Please, report the corresponding CC."},
{"name": "template 11",
 "sql": "SELECT CC,AA,BB,avg(Value) FROM DBdata WHERE ((AA = 'AAlpy' AND BB = 'BBjpt') OR (AA = 'AAfst' AND BB = 'BBqxz')) AND (CC IN ('CCcpz','CCdhs','CCktx')) GROUP BY CC,AA,BB",
 "sqlResult": "{CCktx | AAlpy | BBjpt | -3.48} || {CCktx | AAfst | BBqxz | 25.98} || {CCdhs | AAlpy | BBjpt | 17.99} || {CCdhs | AAfst | BBqxz | -31.51} || {CCcpz | AAlpy | BBjpt | -21.83} || {CCcpz | AAfst | BBqxz | -27.36}",
 "nlq": "What is the average evolution of pollution for each CC, AA, and BB, of CCktx, CCdhs, or CCcpz in BBjpt, AAlpy or BBqxz, AAfst? Please, report the corresponding CC, AA, and BB."},
{"name": "template 12",
 "sql": "SELECT Value FROM DBdata WHERE ((AA = 'AAlpy' AND BB = 'BBjpt')) AND (CC IN ('CCdhs','CCktx')) ORDER BY VALUE ASC LIMIT 4",
 "sqlResult": "{-40.68} || {-17.37} || {-6.12} || {-3.07}",
 "nlq": "What are the bottom 4 evolutions of pollution of CCktx or CCdhs in BBjpt, AAlpy?"},
{"name": "template 13",
 "sql": "SELECT Value FROM DBdata WHERE ((AA = 'AAlpy' AND BB = 'BBcxy')) AND (CC IN ('CCdhs','CCktx')) ORDER BY VALUE ASC",
 "sqlResult": "{-91.55} || {-90.5} || {-84.47} || {-69.38} || {-49.57} || {57.62} || {70}",
 "nlq": "What are the evolutions ordered by increasing values of pollution of CCktx or CCdhs in BBcxy, AAlpy?"},
{"name": "template 14",
 "sql": "SELECT CC,DD FROM DBdata WHERE ((AA = 'AAlpy' AND BB = 'BBjpt')) AND Value < -12.12",
 "sqlResult": "{CCcpz | DDgnx} || {CCcpz | DDbjm} || {CCdhs | DDjpy} || {CCktx | DDcjw}",
 "nlq": "What are the CC and DD for which the evolution in BBjpt, AAlpy is lower than -12.12?"},
{"name": "template 15",
 "sql": "SELECT CC,DD,Value FROM DBdata WHERE ((AA = 'AAlpy' AND BB = 'BBgnq')) AND (CC,DD) IN (SELECT CC,DD FROM DBdata WHERE ((AA = 'AAlpy' AND BB = 'BBjpt')) AND Value < -12.12)",
 "sqlResult": "{CCcpz | DDgnx | -53.32} || {CCcpz | DDbjm | -46.45} || {CCdhs | DDjpy | 53.27} || {CCktx | DDcjw | 46.14}",
 "nlq": "What is the evolution of pollution in BBgnq, AAlpy of CC and of DD for which the evolution in BBjpt, AAlpy is lower than -12.12? Please, report the corresponding CC, DD, and evolution of pollution."}]
}

