{
"filename": "Evolution_of_pollution_in_percent_set9_3_DB.csv",
"questions": [{"name": "template 1",
 "sql": "SELECT Value FROM DBdata WHERE ((State = 'Nevada' AND City = 'Las Vegas')) AND ((Polluted_element = 'Soil' AND Type_of_pollution = 'Solid Waste'))",
 "sqlResult": "{-52.91}",
 "nlq": "What is the evolution of Solid Waste pollution in Las Vegas, Nevada?"},
{"name": "template 2",
 "sql": "SELECT Value FROM DBdata WHERE ((State = 'Nevada' AND City = 'Boulder City')) AND ((Polluted_element = 'Water' AND Type_of_pollution = 'Chemical') OR (Polluted_element = 'Water' AND Type_of_pollution = 'Groundwater') OR (Polluted_element = 'Water' AND Type_of_pollution = 'Surface water') OR (Polluted_element = 'Soil' AND Type_of_pollution = 'Inferior Irrigation') OR (Polluted_element = 'Soil' AND Type_of_pollution = 'Solid Waste') OR (Polluted_element = 'Soil' AND Type_of_pollution = 'Urban Activities') OR (Polluted_element = 'Air' AND Type_of_pollution = 'Noise') OR (Polluted_element = 'Air' AND Type_of_pollution = 'Light') OR (Polluted_element = 'Air' AND Type_of_pollution = 'Thermal'))",
 "sqlResult": "{40.35} || {31.13} || {-57.98} || {22.59} || {40.3} || {25.51} || {-56.26} || {42.88} || {-66.64}",
 "nlq": "What is the evolution of Chemical, Groundwater, Inferior Irrigation, Light, Noise, Solid Waste, Surface water, Thermal, or Urban Activities pollution in Boulder City, Nevada?"},
{"name": "template 3",
 "sql": "SELECT Value FROM DBdata WHERE ((State = 'Nevada' AND City = 'Boulder City') OR (State = 'Nevada' AND City = 'Las Vegas') OR (State = 'Oregon' AND City = 'Portland') OR (State = 'Oregon' AND City = 'Redmond')) AND ((Polluted_element = 'Soil' AND Type_of_pollution = 'Solid Waste'))",
 "sqlResult": "{40.3} || {-52.91} || {73.17} || {-27.6}",
 "nlq": "What is the evolution of Solid Waste pollution in Boulder City or Las Vegas, Nevada or Portland or Redmond, Oregon?"},
{"name": "template 4",
 "sql": "SELECT sum(Value),max(Value) FROM DBdata WHERE ((State = 'Minnesota' AND City = 'Minneapolis') OR (State = 'Minnesota' AND City = 'Rochester') OR (State = 'Oregon' AND City = 'Redmond') OR (State = 'Oregon' AND City = 'Salem')) AND ((Polluted_element = 'Water' AND Type_of_pollution = 'Oxygen-depletion'))",
 "sqlResult": "{-233.57 | 11.3}",
 "nlq": "What are the total and maximum evolutions of Oxygen-depletion pollution in Minneapolis or Rochester, Minnesota or Redmond or Salem, Oregon?"},
{"name": "template 6",
 "sql": "SELECT Value FROM DBdata WHERE ((State = 'Minnesota' AND City = 'Rochester') OR (State = 'Nevada' AND City = 'Reno') OR (State = 'Oregon' AND City = 'Redmond') OR (State = 'Oregon' AND City = 'Salem')) AND ((Polluted_element = 'Water' AND Type_of_pollution = 'Groundwater') OR (Polluted_element = 'Soil' AND Type_of_pollution = 'Inferior Irrigation') OR (Polluted_element = 'Air' AND Type_of_pollution = 'Thermal'))",
 "sqlResult": "{-38.22} || {-32.15} || {90.61} || {-91.35} || {-68.89} || {-81.41} || {-12.64} || {42.11} || {-79.57} || {-77.18} || {-17.7} || {-24.02}",
 "nlq": "What is the evolution of Groundwater, Inferior Irrigation, or Thermal pollution in Redmond or Salem, Oregon or Reno, Nevada or Rochester, Minnesota?"},
{"name": "template 7",
 "sql": "SELECT sum(Value),avg(Value) FROM DBdata WHERE ((State = 'Nevada' AND City = 'Boulder City')) AND ((Polluted_element = 'Water' AND Type_of_pollution = 'Chemical') OR (Polluted_element = 'Water' AND Type_of_pollution = 'Groundwater') OR (Polluted_element = 'Water' AND Type_of_pollution = 'Oxygen-depletion') OR (Polluted_element = 'Air' AND Type_of_pollution = 'Light'))",
 "sqlResult": "{95.13 | 23.78}",
 "nlq": "What are the total and average evolutions of Chemical, Groundwater, Light, or Oxygen-depletion pollution in Boulder City, Nevada?"},
{"name": "template 8",
 "sql": "SELECT State,City,sum(Value),avg(Value) FROM DBdata WHERE ((State = 'Minnesota' AND City = 'Hastings') OR (State = 'Minnesota' AND City = 'Minneapolis') OR (State = 'Nevada' AND City = 'Las Vegas') OR (State = 'Oregon' AND City = 'Portland')) AND ((Polluted_element = 'Water' AND Type_of_pollution = 'Chemical') OR (Polluted_element = 'Water' AND Type_of_pollution = 'Surface water') OR (Polluted_element = 'Soil' AND Type_of_pollution = 'Solid Waste') OR (Polluted_element = 'Air' AND Type_of_pollution = 'Noise') OR (Polluted_element = 'Air' AND Type_of_pollution = 'Light')) GROUP BY State,City",
 "sqlResult": "{Minnesota | Hastings | -95.61 | -19.12} || {Minnesota | Minneapolis | -6.31 | -1.26} || {Nevada | Las Vegas | 185.14 | 37.03} || {Oregon | Portland | 46.92 | 9.38}",
 "nlq": "What are the total and average evolutions for each State and City, of Chemical, Light, Noise, Solid Waste, or Surface water pollution in Hastings or Minneapolis, Minnesota or Las Vegas, Nevada or Portland, Oregon? Please, report the corresponding State and City."},
{"name": "template 9",
 "sql": "SELECT min(Value) FROM DBdata WHERE ((State = 'Oregon' AND City = 'Redmond')) AND (Polluted_element IN ('Water','Soil','Air')) GROUP BY Polluted_element",
 "sqlResult": "{-88.03} || {-27.6} || {-92.78}",
 "nlq": "What is the minimum evolution of pollution for each Polluted element, of Air, Soil, or Water in Redmond, Oregon?"},
{"name": "template 10",
 "sql": "SELECT Polluted_element,avg(Value) FROM DBdata WHERE ((State = 'Oregon' AND City = 'Salem')) AND (Polluted_element IN ('Water','Soil','Air')) GROUP BY Polluted_element",
 "sqlResult": "{Air | -50.08} || {Soil | 26.44} || {Water | -30.02}",
 "nlq": "What is the average evolution of pollution for each Polluted element, of Air, Soil, or Water in Salem, Oregon? Please, report the corresponding Polluted element."},
{"name": "template 11",
 "sql": "SELECT Polluted_element,State,City,min(Value) FROM DBdata WHERE ((State = 'Nevada' AND City = 'Boulder City') OR (State = 'Oregon' AND City = 'Redmond')) AND (Polluted_element IN ('Water','Soil','Air')) GROUP BY Polluted_element,State,City",
 "sqlResult": "{Air | Nevada | Boulder City | -66.64} || {Air | Oregon | Redmond | -88.03} || {Soil | Nevada | Boulder City | 22.59} || {Soil | Oregon | Redmond | -27.6} || {Water | Nevada | Boulder City | -57.98} || {Water | Oregon | Redmond | -92.78}",
 "nlq": "What is the minimum evolution of pollution for each Polluted element, State, and City, of Air, Soil, or Water in Boulder City, Nevada or Redmond, Oregon? Please, report the corresponding Polluted element, State, and City."},
{"name": "template 12",
 "sql": "SELECT Value FROM DBdata WHERE ((State = 'Oregon' AND City = 'Portland')) AND (Polluted_element IN ('Soil','Air')) ORDER BY VALUE ASC LIMIT 2",
 "sqlResult": "{-73.89} || {-68.68}",
 "nlq": "What are the bottom 2 evolutions of pollution of Air or Soil in Portland, Oregon?"},
{"name": "template 13",
 "sql": "SELECT Value FROM DBdata WHERE ((State = 'Oregon' AND City = 'Salem')) AND (Polluted_element IN ('Water','Air')) ORDER BY VALUE DESC",
 "sqlResult": "{29.62} || {24.69} || {-24.02} || {-50.86} || {-75.35} || {-83.06} || {-91.35}",
 "nlq": "What are the evolutions ordered by decreasing values of pollution of Air or Water in Salem, Oregon?"},
{"name": "template 14",
 "sql": "SELECT Polluted_element,Type_of_pollution FROM DBdata WHERE ((State = 'Minnesota' AND City = 'Minneapolis')) AND Value < -7.27",
 "sqlResult": "{Water | Chemical} || {Water | Groundwater} || {Water | Surface water} || {Soil | Inferior Irrigation} || {Air | Thermal}",
 "nlq": "What are the Polluted element and Type of pollution for which the evolution in Minneapolis, Minnesota is lower than -7.27?"},
{"name": "template 15",
 "sql": "SELECT Polluted_element,Type_of_pollution,Value FROM DBdata WHERE ((State = 'Minnesota' AND City = 'Rochester')) AND (Polluted_element,Type_of_pollution) IN (SELECT Polluted_element,Type_of_pollution FROM DBdata WHERE ((State = 'Minnesota' AND City = 'Minneapolis')) AND Value < -7.27)",
 "sqlResult": "{Water | Chemical | 19.14} || {Water | Groundwater | -38.22} || {Water | Surface water | -90.14} || {Soil | Inferior Irrigation | -68.89} || {Air | Thermal | -79.57}",
 "nlq": "What is the evolution of pollution in Rochester, Minnesota of Polluted element and of Type of pollution for which the evolution in Minneapolis, Minnesota is lower than -7.27? Please, report the corresponding Polluted element, Type of pollution, and evolution of pollution."}]
}
