{
"filename": "Evolution_of_pollution_in_percent_set8_5_DB.csv",
"questions": [{"name": "template 1",
 "sql": "SELECT Value FROM DBdata WHERE ((AA = 'AAbqt' AND BB = 'BBdks')) AND ((CC = 'CCgyz' AND DD = 'DDjwx'))",
 "sqlResult": "{-80.94}",
 "nlq": "What is the evolution of DDjwx pollution in BBdks, AAbqt?"},
{"name": "template 2",
 "sql": "SELECT Value FROM DBdata WHERE ((AA = 'AAjlp' AND BB = 'BBdnt')) AND ((CC = 'CCgkw' AND DD = 'DDbhj') OR (CC = 'CCgyz' AND DD = 'DDjwx'))",
 "sqlResult": "{29.31} || {-51.91}",
 "nlq": "What is the evolution of DDjwx or DDbhj pollution in BBdnt, AAjlp?"},
{"name": "template 3",
 "sql": "SELECT Value FROM DBdata WHERE ((AA = 'AAjlp' AND BB = 'BBgtz') OR (AA = 'AAjlp' AND BB = 'BBdnt') OR (AA = 'AAgmz' AND BB = 'BBhmn')) AND ((CC = 'CCgkw' AND DD = 'DDcds'))",
 "sqlResult": "{10.17} || {57.11} || {-56.45}",
 "nlq": "What is the evolution of DDcds pollution in BBgtz or BBdnt, AAjlp or BBhmn, AAgmz?"},
{"name": "template 4",
 "sql": "SELECT sum(Value),min(Value) FROM DBdata WHERE ((AA = 'AAbqt' AND BB = 'BBdpz') OR (AA = 'AAbqt' AND BB = 'BBlpz') OR (AA = 'AAbqt' AND BB = 'BBdks') OR (AA = 'AAjlp' AND BB = 'BBgtz') OR (AA = 'AAjlp' AND BB = 'BBdnt') OR (AA = 'AAgmz' AND BB = 'BBfty') OR (AA = 'AAgmz' AND BB = 'BBhmn')) AND ((CC = 'CChjy' AND DD = 'DDgjm'))",
 "sqlResult": "{155.59 | -85.91}",
 "nlq": "What are the total and minimum evolutions of DDgjm pollution in BBdpz, BBlpz, or BBdks, AAbqt or BBfty or BBhmn, AAgmz or BBgtz or BBdnt, AAjlp?"},
{"name": "template 6",
 "sql": "SELECT Value FROM DBdata WHERE ((AA = 'AAbqt' AND BB = 'BBdks') OR (AA = 'AAgmz' AND BB = 'BBhmn')) AND ((CC = 'CCgkw' AND DD = 'DDbtv') OR (CC = 'CChjy' AND DD = 'DDmry') OR (CC = 'CChjy' AND DD = 'DDgjm') OR (CC = 'CChjy' AND DD = 'DDkps'))",
 "sqlResult": "{51.64} || {89.29} || {14.35} || {53.59} || {78.48} || {95.25} || {27.65} || {-60.46}",
 "nlq": "What is the evolution of DDbtv, DDgjm, DDmry, or DDkps pollution in BBdks, AAbqt or BBhmn, AAgmz?"},
{"name": "template 7",
 "sql": "SELECT sum(Value),min(Value) FROM DBdata WHERE ((AA = 'AAbqt' AND BB = 'BBlpz')) AND ((CC = 'CCgkw' AND DD = 'DDbhj') OR (CC = 'CCgyz' AND DD = 'DDjwx') OR (CC = 'CCgyz' AND DD = 'DDdlx'))",
 "sqlResult": "{-52.39 | -49.75}",
 "nlq": "What are the total and minimum evolutions of DDjwx, DDbhj, or DDdlx pollution in BBlpz, AAbqt?"},
{"name": "template 8",
 "sql": "SELECT AA,BB,sum(Value),min(Value) FROM DBdata WHERE ((AA = 'AAbqt' AND BB = 'BBdpz') OR (AA = 'AAbqt' AND BB = 'BBlpz') OR (AA = 'AAjlp' AND BB = 'BBgtz') OR (AA = 'AAjlp' AND BB = 'BBdnt') OR (AA = 'AAgmz' AND BB = 'BBhmn')) AND ((CC = 'CCgkw' AND DD = 'DDcds') OR (CC = 'CChjy' AND DD = 'DDgjm') OR (CC = 'CChjy' AND DD = 'DDkps')) GROUP BY AA,BB",
 "sqlResult": "{AAbqt | BBdpz | -65.91 | -69.95} || {AAbqt | BBlpz | -95.73 | -85.91} || {AAjlp | BBgtz | 21.35 | -38.47} || {AAjlp | BBdnt | 206.41 | 57.11} || {AAgmz | BBhmn | -21.66 | -60.46}",
 "nlq": "What are the total and minimum evolutions for each AA and BB, of DDgjm, DDcds, or DDkps pollution in BBdpz or BBlpz, AAbqt or BBgtz or BBdnt, AAjlp or BBhmn, AAgmz? Please, report the corresponding AA and BB."},
{"name": "template 9",
 "sql": "SELECT min(Value) FROM DBdata WHERE ((AA = 'AAbqt' AND BB = 'BBdks')) AND (CC IN ('CCgkw','CCgyz','CChjy')) GROUP BY CC",
 "sqlResult": "{14.35} || {-80.94} || {-77.94}",
 "nlq": "What is the minimum evolution of pollution for each CC, of CChjy, CCgyz, or CCgkw in BBdks, AAbqt?"},
{"name": "template 10",
 "sql": "SELECT CC,sum(Value) FROM DBdata WHERE ((AA = 'AAgmz' AND BB = 'BBfty')) AND (CC IN ('CCgkw','CCgyz','CChjy')) GROUP BY CC",
 "sqlResult": "{CChjy | 139.05} || {CCgyz | -90.06} || {CCgkw | -98.09}",
 "nlq": "What is the total evolution of pollution for each CC, of CChjy, CCgyz, or CCgkw in BBfty, AAgmz? Please, report the corresponding CC."},
{"name": "template 11",
 "sql": "SELECT CC,AA,BB,avg(Value) FROM DBdata WHERE ((AA = 'AAbqt' AND BB = 'BBdpz') OR (AA = 'AAbqt' AND BB = 'BBdks') OR (AA = 'AAjlp' AND BB = 'BBgtz')) AND (CC IN ('CCgkw','CCgyz','CChjy')) GROUP BY CC,AA,BB",
 "sqlResult": "{CChjy | AAbqt | BBdpz | 14.19} || {CChjy | AAbqt | BBdks | 40.16} || {CChjy | AAjlp | BBgtz | 8.74} || {CCgyz | AAbqt | BBdpz | 66.44} || {CCgyz | AAbqt | BBdks | -23.01} || {CCgyz | AAjlp | BBgtz | -62.32} || {CCgkw | AAbqt | BBdpz | -57.96} || {CCgkw | AAbqt | BBdks | -33.24} || {CCgkw | AAjlp | BBgtz | 40.39}",
 "nlq": "What is the average evolution of pollution for each CC, AA, and BB, of CChjy, CCgyz, or CCgkw in BBdpz or BBdks, AAbqt or BBgtz, AAjlp? Please, report the corresponding CC, AA, and BB."},
{"name": "template 12",
 "sql": "SELECT Value FROM DBdata WHERE ((AA = 'AAgmz' AND BB = 'BBhmn')) AND (CC IN ('CCgkw','CCgyz')) ORDER BY VALUE DESC LIMIT 3",
 "sqlResult": "{89.29} || {58.86} || {-5.54}",
 "nlq": "What are the top 3 evolutions of pollution of CCgyz or CCgkw in BBhmn, AAgmz?"},
{"name": "template 13",
 "sql": "SELECT Value FROM DBdata WHERE ((AA = 'AAbqt' AND BB = 'BBdks')) AND (CC IN ('CCgyz','CChjy')) ORDER BY VALUE DESC",
 "sqlResult": "{78.48} || {34.92} || {27.65} || {14.35} || {-80.94}",
 "nlq": "What are the evolutions ordered by decreasing values of pollution of CChjy or CCgyz in BBdks, AAbqt?"},
{"name": "template 14",
 "sql": "SELECT CC,DD FROM DBdata WHERE ((AA = 'AAjlp' AND BB = 'BBdnt')) AND Value > -1.47",
 "sqlResult": "{CCgkw | DDbtv} || {CCgkw | DDbhj} || {CCgkw | DDcds} || {CChjy | DDgjm} || {CChjy | DDkps}",
 "nlq": "What are the CC and DD for which the evolution in BBdnt, AAjlp is greater than -1.47?"},
{"name": "template 15",
 "sql": "SELECT CC,DD,Value FROM DBdata WHERE ((AA = 'AAbqt' AND BB = 'BBdpz')) AND (CC,DD) IN (SELECT CC,DD FROM DBdata WHERE ((AA = 'AAjlp' AND BB = 'BBdnt')) AND Value > -1.47)",
 "sqlResult": "{CCgkw | DDbtv | -39.53} || {CCgkw | DDbhj | -64.4} || {CCgkw | DDcds | -69.95} || {CChjy | DDgjm | 45.96} || {CChjy | DDkps | -41.92}",
 "nlq": "What is the evolution of pollution in BBdpz, AAbqt of CC and of DD for which the evolution in BBdnt, AAjlp is greater than -1.47? Please, report the corresponding CC, DD, and evolution of pollution."}]
}

