{
"filename": "Evolution_of_pollution_in_percent_set8_2_DB.csv",
"questions": [{"name": "template 1",
 "sql": "SELECT Value FROM DBdata WHERE ((AA = 'AAgj' AND BB = 'BBgq')) AND ((CC = 'CCyz' AND DD = 'DDry'))",
 "sqlResult": "{-85.69}",
 "nlq": "What is the evolution of DDry pollution in BBgq, AAgj?"},
{"name": "template 2",
 "sql": "SELECT Value FROM DBdata WHERE ((AA = 'AAgj' AND BB = 'BBdg')) AND ((CC = 'CCyz' AND DD = 'DDpw') OR (CC = 'CCyz' AND DD = 'DDkt') OR (CC = 'CCbh' AND DD = 'DDkx'))",
 "sqlResult": "{80.09} || {-53.59} || {35.67}",
 "nlq": "What is the evolution of DDpw, DDkx, or DDkt pollution in BBdg, AAgj?"},
{"name": "template 3",
 "sql": "SELECT Value FROM DBdata WHERE ((AA = 'AAfm' AND BB = 'BBrx') OR (AA = 'AAbs' AND BB = 'BBjp') OR (AA = 'AAbs' AND BB = 'BBcp')) AND ((CC = 'CCyz' AND DD = 'DDqr'))",
 "sqlResult": "{84.58} || {-93} || {-68.24}",
 "nlq": "What is the evolution of DDqr pollution in BBrx, AAfm or BBjp or BBcp, AAbs?"},
{"name": "template 4",
 "sql": "SELECT max(Value),avg(Value) FROM DBdata WHERE ((AA = 'AAfm' AND BB = 'BBrx') OR (AA = 'AAfm' AND BB = 'BBlz') OR (AA = 'AAfm' AND BB = 'BBsx') OR (AA = 'AAgj' AND BB = 'BBdg') OR (AA = 'AAgj' AND BB = 'BBgq') OR (AA = 'AAbs' AND BB = 'BBjp') OR (AA = 'AAbs' AND BB = 'BBcp')) AND ((CC = 'CCbh' AND DD = 'DDkx'))",
 "sqlResult": "{59.01 | -3.85}",
 "nlq": "What are the maximum and average evolutions of DDkx pollution in BBrx, BBlz, or BBsx, AAfm or BBjp or BBcp, AAbs or BBdg or BBgq, AAgj?"},
{"name": "template 6",
 "sql": "SELECT Value FROM DBdata WHERE ((AA = 'AAfm' AND BB = 'BBlz') OR (AA = 'AAfm' AND BB = 'BBsx') OR (AA = 'AAgj' AND BB = 'BBdg') OR (AA = 'AAbs' AND BB = 'BBcp')) AND ((CC = 'CCyz' AND DD = 'DDpw') OR (CC = 'CCyz' AND DD = 'DDkt') OR (CC = 'CCyz' AND DD = 'DDqr') OR (CC = 'CCbh' AND DD = 'DDtv'))",
 "sqlResult": "{46.01} || {6.6} || {80.09} || {-39.79} || {17.1} || {46.31} || {-53.59} || {82.71} || {-27.06} || {-35.38} || {-71.83} || {-68.24} || {-91.76} || {-98.29} || {-16} || {60.04}",
 "nlq": "What is the evolution of DDpw, DDkt, DDtv, or DDqr pollution in BBlz or BBsx, AAfm or BBdg, AAgj or BBcp, AAbs?"},
{"name": "template 7",
 "sql": "SELECT sum(Value),avg(Value) FROM DBdata WHERE ((AA = 'AAfm' AND BB = 'BBrx')) AND ((CC = 'CCyz' AND DD = 'DDpw') OR (CC = 'CCyz' AND DD = 'DDqr') OR (CC = 'CCbh' AND DD = 'DDkx') OR (CC = 'CCbh' AND DD = 'DDtv'))",
 "sqlResult": "{1.04 | 0.26}",
 "nlq": "What are the total and average evolutions of DDpw, DDkx, DDtv, or DDqr pollution in BBrx, AAfm?"},
{"name": "template 8",
 "sql": "SELECT AA,BB,max(Value),min(Value) FROM DBdata WHERE ((AA = 'AAfm' AND BB = 'BBrx') OR (AA = 'AAfm' AND BB = 'BBlz') OR (AA = 'AAfm' AND BB = 'BBsx') OR (AA = 'AAgj' AND BB = 'BBdg') OR (AA = 'AAgj' AND BB = 'BBgq')) AND ((CC = 'CCyz' AND DD = 'DDpw') OR (CC = 'CCyz' AND DD = 'DDny')) GROUP BY AA,BB",
 "sqlResult": "{AAfm | BBrx | 99.92 | 76.65} || {AAfm | BBlz | 46.01 | -99.32} || {AAfm | BBsx | 82 | 6.6} || {AAgj | BBdg | 80.09 | -53.46} || {AAgj | BBgq | 67.41 | 27.9}",
 "nlq": "What are the maximum and minimum evolutions for each AA and BB, of DDny or DDpw pollution in BBrx, BBlz, or BBsx, AAfm or BBdg or BBgq, AAgj? Please, report the corresponding AA and BB."},
{"name": "template 9",
 "sql": "SELECT min(Value) FROM DBdata WHERE ((AA = 'AAfm' AND BB = 'BBlz')) AND (CC IN ('CCyz','CCbh')) GROUP BY CC",
 "sqlResult": "{-91.76} || {-99.32}",
 "nlq": "What is the minimum evolution of pollution for each CC, of CCbh or CCyz in BBlz, AAfm?"},
{"name": "template 10",
 "sql": "SELECT CC,max(Value) FROM DBdata WHERE ((AA = 'AAfm' AND BB = 'BBrx')) AND (CC IN ('CCyz','CCbh')) GROUP BY CC",
 "sqlResult": "{CCbh | -87} || {CCyz | 99.92}",
 "nlq": "What is the maximum evolution of pollution for each CC, of CCbh or CCyz in BBrx, AAfm? Please, report the corresponding CC."},
{"name": "template 11",
 "sql": "SELECT CC,AA,BB,min(Value) FROM DBdata WHERE ((AA = 'AAfm' AND BB = 'BBrx') OR (AA = 'AAfm' AND BB = 'BBsx') OR (AA = 'AAgj' AND BB = 'BBdg')) AND (CC IN ('CCyz','CCbh')) GROUP BY CC,AA,BB",
 "sqlResult": "{CCbh | AAfm | BBrx | -96.46} || {CCbh | AAfm | BBsx | -98.29} || {CCbh | AAgj | BBdg | -16} || {CCyz | AAfm | BBrx | -21.93} || {CCyz | AAfm | BBsx | -90.46} || {CCyz | AAgj | BBdg | -71.83}",
 "nlq": "What is the minimum evolution of pollution for each CC, AA, and BB, of CCbh or CCyz in BBrx or BBsx, AAfm or BBdg, AAgj? Please, report the corresponding CC, AA, and BB."},
{"name": "template 12",
 "sql": "SELECT Value FROM DBdata WHERE ((AA = 'AAfm' AND BB = 'BBsx')) AND (CC IN ('CCyz','CCbh')) ORDER BY VALUE ASC LIMIT 4",
 "sqlResult": "{-98.29} || {-90.46} || {-35.38} || {3.09}",
 "nlq": "What are the bottom 4 evolutions of pollution of CCbh or CCyz in BBsx, AAfm?"},
{"name": "template 13",
 "sql": "SELECT Value FROM DBdata WHERE ((AA = 'AAbs' AND BB = 'BBjp')) AND (CC IN ('CCyz','CCbh')) ORDER BY VALUE DESC",
 "sqlResult": "{69.17} || {63} || {24.38} || {-10.32} || {-22.97} || {-93} || {-94.9}",
 "nlq": "What are the evolutions ordered by decreasing values of pollution of CCbh or CCyz in BBjp, AAbs?"},
{"name": "template 14",
 "sql": "SELECT CC,DD FROM DBdata WHERE ((AA = 'AAfm' AND BB = 'BBrx')) AND Value > 0.39",
 "sqlResult": "{CCyz | DDpw} || {CCyz | DDny} || {CCyz | DDry} || {CCyz | DDqr}",
 "nlq": "What are the CC and DD for which the evolution in BBrx, AAfm is greater than 0.39?"},
{"name": "template 15",
 "sql": "SELECT CC,DD,Value FROM DBdata WHERE ((AA = 'AAbs' AND BB = 'BBcp')) AND (CC,DD) IN (SELECT CC,DD FROM DBdata WHERE ((AA = 'AAfm' AND BB = 'BBrx')) AND Value > 0.39)",
 "sqlResult": "{CCyz | DDpw | -39.79} || {CCyz | DDny | 1.92} || {CCyz | DDry | 54.01} || {CCyz | DDqr | -68.24}",
 "nlq": "What is the evolution of pollution in BBcp, AAbs of CC and of DD for which the evolution in BBrx, AAfm is greater than 0.39? Please, report the corresponding CC, DD, and evolution of pollution."}]
}

