State,City,Polluted element,Type of pollution,Value
State,City,Polluted_element,Type_of_pollution,Value
Florida,Fort Lauderdale,Water,Chemical,94.58
Florida,Tampa,Water,Chemical,23.66
Georgia,Albany,Water,Chemical,-59.71
Georgia,Columbus,Water,Chemical,-7.47
Florida,Fort Lauderdale,Water,Groundwater,12.27
Florida,Tampa,Water,Groundwater,-80.1
Georgia,Albany,Water,Groundwater,36.31
Georgia,Columbus,Water,Groundwater,-85.26
Florida,Fort Lauderdale,Water,Oxygen-depletion,-85.07
Florida,Tampa,Water,Oxygen-depletion,-27.47
Georgia,Albany,Water,Oxygen-depletion,-86.59
Georgia,Columbus,Water,Oxygen-depletion,42.79
Florida,Fort Lauderdale,Soil,Inorganic Fertilizers,73.35
Florida,Tampa,Soil,Inorganic Fertilizers,-16.87
Georgia,Albany,Soil,Inorganic Fertilizers,29.86
Georgia,Columbus,Soil,Inorganic Fertilizers,-1.55
Florida,Fort Lauderdale,Soil,Industrial,96.46
Florida,Tampa,Soil,Industrial,64.69
Georgia,Albany,Soil,Industrial,-27.58
Georgia,Columbus,Soil,Industrial,-29.73
Florida,Fort Lauderdale,Soil,Inferior Irrigation,-70.52
Florida,Tampa,Soil,Inferior Irrigation,0.25
Georgia,Albany,Soil,Inferior Irrigation,79.84
Georgia,Columbus,Soil,Inferior Irrigation,84.34
Florida,Fort Lauderdale,Soil,Solid Waste,97.21
Florida,Tampa,Soil,Solid Waste,91.99
Georgia,Albany,Soil,Solid Waste,-2.52
Georgia,Columbus,Soil,Solid Waste,-34.47
Florida,Fort Lauderdale,Soil,Urban Activities,73.53
Florida,Tampa,Soil,Urban Activities,33.18
Georgia,Albany,Soil,Urban Activities,19.95
Georgia,Columbus,Soil,Urban Activities,-36.81
Florida,Fort Lauderdale,Air,Noise,36.58
Florida,Tampa,Air,Noise,24.34
Georgia,Albany,Air,Noise,44.42
Georgia,Columbus,Air,Noise,24.38
Florida,Fort Lauderdale,Air,Light,-1.7
Florida,Tampa,Air,Light,44.18
Georgia,Albany,Air,Light,-99.55
Georgia,Columbus,Air,Light,22.24
Florida,Fort Lauderdale,Air,Thermal,3.35
Florida,Tampa,Air,Thermal,-73.63
Georgia,Albany,Air,Thermal,-67.87
Georgia,Columbus,Air,Thermal,-26.78
