{
"filename": "Evolution_of_pollution_in_percent_set10_1_DB.csv",
"questions": [{"name": "template 1",
 "sql": "SELECT Value FROM DBdata WHERE ((AA = 'AAgq' AND BB = 'BBdw')) AND ((CC = 'CChy' AND DD = 'DDkq'))",
 "sqlResult": "{-44.12}",
 "nlq": "What is the evolution of DDkq pollution in BBdw, AAgq?"},
{"name": "template 2",
 "sql": "SELECT Value FROM DBdata WHERE ((AA = 'AAgq' AND BB = 'BBdm')) AND ((CC = 'CCfk' AND DD = 'DDmr') OR (CC = 'CCfk' AND DD = 'DDnr') OR (CC = 'CChy' AND DD = 'DDkq'))",
 "sqlResult": "{8.34} || {-92.05} || {-0.9}",
 "nlq": "What is the evolution of DDmr, DDnr, or DDkq pollution in BBdm, AAgq?"},
{"name": "template 3",
 "sql": "SELECT Value FROM DBdata WHERE ((AA = 'AAgq' AND BB = 'BBdw') OR (AA = 'AAgq' AND BB = 'BBdm') OR (AA = 'AAtw' AND BB = 'BBlq') OR (AA = 'AAtw' AND BB = 'BBgj')) AND ((CC = 'CCfk' AND DD = 'DDnr'))",
 "sqlResult": "{-56.57} || {-92.05} || {19.49} || {-75.16}",
 "nlq": "What is the evolution of DDnr pollution in BBdw or BBdm, AAgq or BBlq or BBgj, AAtw?"},
{"name": "template 4",
 "sql": "SELECT max(Value),avg(Value) FROM DBdata WHERE ((AA = 'AAxz' AND BB = 'BBcn') OR (AA = 'AAxz' AND BB = 'BBcl')) AND ((CC = 'CChy' AND DD = 'DDkq'))",
 "sqlResult": "{97.22 | 77.68}",
 "nlq": "What are the maximum and average evolutions of DDkq pollution in BBcn or BBcl, AAxz?"},
{"name": "template 6",
 "sql": "SELECT Value FROM DBdata WHERE ((AA = 'AAxz' AND BB = 'BBcn') OR (AA = 'AAxz' AND BB = 'BBcl') OR (AA = 'AAtw' AND BB = 'BBrt')) AND ((CC = 'CCfk' AND DD = 'DDms') OR (CC = 'CCfk' AND DD = 'DDnr') OR (CC = 'CChy' AND DD = 'DDkq') OR (CC = 'CChy' AND DD = 'DDkl'))",
 "sqlResult": "{72.96} || {-64.14} || {-61.57} || {-94.57} || {65.76} || {-26.72} || {58.14} || {97.22} || {-31.78} || {97.43} || {32.49} || {8.43}",
 "nlq": "What is the evolution of DDnr, DDms, DDkl, or DDkq pollution in BBcn or BBcl, AAxz or BBrt, AAtw?"},
{"name": "template 7",
 "sql": "SELECT sum(Value),min(Value) FROM DBdata WHERE ((AA = 'AAtw' AND BB = 'BBlq')) AND ((CC = 'CCfk' AND DD = 'DDms') OR (CC = 'CCfk' AND DD = 'DDmr') OR (CC = 'CCfk' AND DD = 'DDnr') OR (CC = 'CChy' AND DD = 'DDkl'))",
 "sqlResult": "{-31.98 | -54.26}",
 "nlq": "What are the total and minimum evolutions of DDmr, DDnr, DDms, or DDkl pollution in BBlq, AAtw?"},
{"name": "template 8",
 "sql": "SELECT AA,BB,min(Value),avg(Value) FROM DBdata WHERE ((AA = 'AAgq' AND BB = 'BBdw') OR (AA = 'AAxz' AND BB = 'BBcn') OR (AA = 'AAtw' AND BB = 'BBlq') OR (AA = 'AAtw' AND BB = 'BBrt')) AND ((CC = 'CCfk' AND DD = 'DDms') OR (CC = 'CCfk' AND DD = 'DDmr') OR (CC = 'CCfk' AND DD = 'DDnr') OR (CC = 'CChy' AND DD = 'DDkl')) GROUP BY AA,BB",
 "sqlResult": "{AAgq | BBdw | -56.57 | 22.7} || {AAxz | BBcn | -94.57 | 41.73} || {AAtw | BBlq | -54.26 | -7.99} || {AAtw | BBrt | -61.57 | -18.43}",
 "nlq": "What are the minimum and average evolutions for each AA and BB, of DDmr, DDnr, DDms, or DDkl pollution in BBdw, AAgq or BBcn, AAxz or BBlq or BBrt, AAtw? Please, report the corresponding AA and BB."},
{"name": "template 9",
 "sql": "SELECT min(Value) FROM DBdata WHERE ((AA = 'AAgq' AND BB = 'BBdm')) AND (CC IN ('CCfk','CChy')) GROUP BY CC",
 "sqlResult": "{-15.9} || {-92.05}",
 "nlq": "What is the minimum evolution of pollution for each CC, of CChy or CCfk in BBdm, AAgq?"},
{"name": "template 10",
 "sql": "SELECT CC,sum(Value) FROM DBdata WHERE ((AA = 'AAtw' AND BB = 'BBgj')) AND (CC IN ('CCfk','CChy')) GROUP BY CC",
 "sqlResult": "{CChy | -71.7} || {CCfk | -94.08}",
 "nlq": "What is the total evolution of pollution for each CC, of CChy or CCfk in BBgj, AAtw? Please, report the corresponding CC."},
{"name": "template 11",
 "sql": "SELECT CC,AA,BB,max(Value) FROM DBdata WHERE ((AA = 'AAxz' AND BB = 'BBcn') OR (AA = 'AAxz' AND BB = 'BBcl')) AND (CC IN ('CCfk','CChy')) GROUP BY CC,AA,BB",
 "sqlResult": "{CChy | AAxz | BBcn | 97.43} || {CChy | AAxz | BBcl | 97.22} || {CCfk | AAxz | BBcn | 91.08} || {CCfk | AAxz | BBcl | 65.76}",
 "nlq": "What is the maximum evolution of pollution for each CC, AA, and BB, of CChy or CCfk in BBcn or BBcl, AAxz? Please, report the corresponding CC, AA, and BB."},
{"name": "template 12",
 "sql": "SELECT Value FROM DBdata WHERE ((AA = 'AAtw' AND BB = 'BBrt')) AND (CC IN ('CCfk','CChy')) ORDER BY VALUE ASC LIMIT 2",
 "sqlResult": "{-61.57} || {-31.78}",
 "nlq": "What are the bottom 2 evolutions of pollution of CChy or CCfk in BBrt, AAtw?"},
{"name": "template 13",
 "sql": "SELECT Value FROM DBdata WHERE ((AA = 'AAtw' AND BB = 'BBlq')) AND (CC IN ('CCfk','CChy')) ORDER BY VALUE ASC",
 "sqlResult": "{-54.26} || {-29.08} || {-16.63} || {19.49} || {31.87}",
 "nlq": "What are the evolutions ordered by increasing values of pollution of CChy or CCfk in BBlq, AAtw?"},
{"name": "template 14",
 "sql": "SELECT CC,DD FROM DBdata WHERE ((AA = 'AAgq' AND BB = 'BBdw')) AND Value > -1.12",
 "sqlResult": "{CCfk | DDms} || {CCfk | DDmr} || {CChy | DDkl}",
 "nlq": "What are the CC and DD for which the evolution in BBdw, AAgq is greater than -1.12?"},
{"name": "template 15",
 "sql": "SELECT CC,DD,Value FROM DBdata WHERE ((AA = 'AAgq' AND BB = 'BBdm')) AND (CC,DD) IN (SELECT CC,DD FROM DBdata WHERE ((AA = 'AAgq' AND BB = 'BBdw')) AND Value > -1.12)",
 "sqlResult": "{CCfk | DDms | 42.46} || {CCfk | DDmr | 8.34} || {CChy | DDkl | -15.9}",
 "nlq": "What is the evolution of pollution in BBdm, AAgq of CC and of DD for which the evolution in BBdw, AAgq is greater than -1.12? Please, report the corresponding CC, DD, and evolution of pollution."}]
}

