{
"filename": "Evolution_of_pollution_in_percent_set8_2_DB.csv",
"questions": [{"name": "template 1",
 "sql": "SELECT Value FROM DBdata WHERE ((State = 'Minnesota' AND City = 'Rochester')) AND ((Polluted_element = 'Soil' AND Type_of_pollution = 'Inferior Irrigation'))",
 "sqlResult": "{-85.69}",
 "nlq": "What is the evolution of Inferior Irrigation pollution in Rochester, Minnesota?"},
{"name": "template 2",
 "sql": "SELECT Value FROM DBdata WHERE ((State = 'Minnesota' AND City = 'Minneapolis')) AND ((Polluted_element = 'Soil' AND Type_of_pollution = 'Inorganic Fertilizers') OR (Polluted_element = 'Soil' AND Type_of_pollution = 'Solid Waste') OR (Polluted_element = 'Air' AND Type_of_pollution = 'Light'))",
 "sqlResult": "{80.09} || {-53.59} || {35.67}",
 "nlq": "What is the evolution of Inorganic Fertilizers, Light, or Solid Waste pollution in Minneapolis, Minnesota?"},
{"name": "template 3",
 "sql": "SELECT Value FROM DBdata WHERE ((State = 'Michigan' AND City = 'Detroit') OR (State = 'Nevada' AND City = 'Las Vegas') OR (State = 'Nevada' AND City = 'Reno')) AND ((Polluted_element = 'Soil' AND Type_of_pollution = 'Urban Activities'))",
 "sqlResult": "{84.58} || {-93} || {-68.24}",
 "nlq": "What is the evolution of Urban Activities pollution in Detroit, Michigan or Las Vegas or Reno, Nevada?"},
{"name": "template 4",
 "sql": "SELECT max(Value),avg(Value) FROM DBdata WHERE ((State = 'Michigan' AND City = 'Detroit') OR (State = 'Michigan' AND City = 'Flint') OR (State = 'Michigan' AND City = 'Port Huron') OR (State = 'Minnesota' AND City = 'Minneapolis') OR (State = 'Minnesota' AND City = 'Rochester') OR (State = 'Nevada' AND City = 'Las Vegas') OR (State = 'Nevada' AND City = 'Reno')) AND ((Polluted_element = 'Air' AND Type_of_pollution = 'Light'))",
 "sqlResult": "{59.01 | -3.85}",
 "nlq": "What are the maximum and average evolutions of Light pollution in Detroit, Flint, or Port Huron, Michigan or Las Vegas or Reno, Nevada or Minneapolis or Rochester, Minnesota?"},
{"name": "template 6",
 "sql": "SELECT Value FROM DBdata WHERE ((State = 'Michigan' AND City = 'Flint') OR (State = 'Michigan' AND City = 'Port Huron') OR (State = 'Minnesota' AND City = 'Minneapolis') OR (State = 'Nevada' AND City = 'Reno')) AND ((Polluted_element = 'Soil' AND Type_of_pollution = 'Inorganic Fertilizers') OR (Polluted_element = 'Soil' AND Type_of_pollution = 'Solid Waste') OR (Polluted_element = 'Soil' AND Type_of_pollution = 'Urban Activities') OR (Polluted_element = 'Air' AND Type_of_pollution = 'Thermal'))",
 "sqlResult": "{46.01} || {6.6} || {80.09} || {-39.79} || {17.1} || {46.31} || {-53.59} || {82.71} || {-27.06} || {-35.38} || {-71.83} || {-68.24} || {-91.76} || {-98.29} || {-16} || {60.04}",
 "nlq": "What is the evolution of Inorganic Fertilizers, Solid Waste, Thermal, or Urban Activities pollution in Flint or Port Huron, Michigan or Minneapolis, Minnesota or Reno, Nevada?"},
{"name": "template 7",
 "sql": "SELECT sum(Value),avg(Value) FROM DBdata WHERE ((State = 'Michigan' AND City = 'Detroit')) AND ((Polluted_element = 'Soil' AND Type_of_pollution = 'Inorganic Fertilizers') OR (Polluted_element = 'Soil' AND Type_of_pollution = 'Urban Activities') OR (Polluted_element = 'Air' AND Type_of_pollution = 'Light') OR (Polluted_element = 'Air' AND Type_of_pollution = 'Thermal'))",
 "sqlResult": "{1.04 | 0.26}",
 "nlq": "What are the total and average evolutions of Inorganic Fertilizers, Light, Thermal, or Urban Activities pollution in Detroit, Michigan?"},
{"name": "template 8",
 "sql": "SELECT State,City,max(Value),min(Value) FROM DBdata WHERE ((State = 'Michigan' AND City = 'Detroit') OR (State = 'Michigan' AND City = 'Flint') OR (State = 'Michigan' AND City = 'Port Huron') OR (State = 'Minnesota' AND City = 'Minneapolis') OR (State = 'Minnesota' AND City = 'Rochester')) AND ((Polluted_element = 'Soil' AND Type_of_pollution = 'Inorganic Fertilizers') OR (Polluted_element = 'Soil' AND Type_of_pollution = 'Industrial')) GROUP BY State,City",
 "sqlResult": "{Michigan | Detroit | 99.92 | 76.65} || {Michigan | Flint | 46.01 | -99.32} || {Michigan | Port Huron | 82 | 6.6} || {Minnesota | Minneapolis | 80.09 | -53.46} || {Minnesota | Rochester | 67.41 | 27.9}",
 "nlq": "What are the maximum and minimum evolutions for each State and City, of Industrial or Inorganic Fertilizers pollution in Detroit, Flint, or Port Huron, Michigan or Minneapolis or Rochester, Minnesota? Please, report the corresponding State and City."},
{"name": "template 9",
 "sql": "SELECT min(Value) FROM DBdata WHERE ((State = 'Michigan' AND City = 'Flint')) AND (Polluted_element IN ('Soil','Air')) GROUP BY Polluted_element",
 "sqlResult": "{-91.76} || {-99.32}",
 "nlq": "What is the minimum evolution of pollution for each Polluted element, of Air or Soil in Flint, Michigan?"},
{"name": "template 10",
 "sql": "SELECT Polluted_element,max(Value) FROM DBdata WHERE ((State = 'Michigan' AND City = 'Detroit')) AND (Polluted_element IN ('Soil','Air')) GROUP BY Polluted_element",
 "sqlResult": "{Air | -87} || {Soil | 99.92}",
 "nlq": "What is the maximum evolution of pollution for each Polluted element, of Air or Soil in Detroit, Michigan? Please, report the corresponding Polluted element."},
{"name": "template 11",
 "sql": "SELECT Polluted_element,State,City,min(Value) FROM DBdata WHERE ((State = 'Michigan' AND City = 'Detroit') OR (State = 'Michigan' AND City = 'Port Huron') OR (State = 'Minnesota' AND City = 'Minneapolis')) AND (Polluted_element IN ('Soil','Air')) GROUP BY Polluted_element,State,City",
 "sqlResult": "{Air | Michigan | Detroit | -96.46} || {Air | Michigan | Port Huron | -98.29} || {Air | Minnesota | Minneapolis | -16} || {Soil | Michigan | Detroit | -21.93} || {Soil | Michigan | Port Huron | -90.46} || {Soil | Minnesota | Minneapolis | -71.83}",
 "nlq": "What is the minimum evolution of pollution for each Polluted element, State, and City, of Air or Soil in Detroit or Port Huron, Michigan or Minneapolis, Minnesota? Please, report the corresponding Polluted element, State, and City."},
{"name": "template 12",
 "sql": "SELECT Value FROM DBdata WHERE ((State = 'Michigan' AND City = 'Port Huron')) AND (Polluted_element IN ('Soil','Air')) ORDER BY VALUE ASC LIMIT 4",
 "sqlResult": "{-98.29} || {-90.46} || {-35.38} || {3.09}",
 "nlq": "What are the bottom 4 evolutions of pollution of Air or Soil in Port Huron, Michigan?"},
{"name": "template 13",
 "sql": "SELECT Value FROM DBdata WHERE ((State = 'Nevada' AND City = 'Las Vegas')) AND (Polluted_element IN ('Soil','Air')) ORDER BY VALUE DESC",
 "sqlResult": "{69.17} || {63} || {24.38} || {-10.32} || {-22.97} || {-93} || {-94.9}",
 "nlq": "What are the evolutions ordered by decreasing values of pollution of Air or Soil in Las Vegas, Nevada?"},
{"name": "template 14",
 "sql": "SELECT Polluted_element,Type_of_pollution FROM DBdata WHERE ((State = 'Michigan' AND City = 'Detroit')) AND Value > 0.39",
 "sqlResult": "{Soil | Inorganic Fertilizers} || {Soil | Industrial} || {Soil | Inferior Irrigation} || {Soil | Urban Activities}",
 "nlq": "What are the Polluted element and Type of pollution for which the evolution in Detroit, Michigan is greater than 0.39?"},
{"name": "template 15",
 "sql": "SELECT Polluted_element,Type_of_pollution,Value FROM DBdata WHERE ((State = 'Nevada' AND City = 'Reno')) AND (Polluted_element,Type_of_pollution) IN (SELECT Polluted_element,Type_of_pollution FROM DBdata WHERE ((State = 'Michigan' AND City = 'Detroit')) AND Value > 0.39)",
 "sqlResult": "{Soil | Inorganic Fertilizers | -39.79} || {Soil | Industrial | 1.92} || {Soil | Inferior Irrigation | 54.01} || {Soil | Urban Activities | -68.24}",
 "nlq": "What is the evolution of pollution in Reno, Nevada of Polluted element and of Type of pollution for which the evolution in Detroit, Michigan is greater than 0.39? Please, report the corresponding Polluted element, Type of pollution, and evolution of pollution."}]
}
