State,City,Polluted element,Type of pollution,Value
State,City,Polluted_element,Type_of_pollution,Value
Minnesota,Hastings,Water,Chemical,94.8
Minnesota,Minneapolis,Water,Chemical,-84.77
Minnesota,Rochester,Water,Chemical,-13.87
Nevada,Boulder City,Water,Chemical,8.91
Nevada,Las Vegas,Water,Chemical,-61.35
Nevada,Reno,Water,Chemical,17.18
Minnesota,Hastings,Water,Groundwater,58.76
Minnesota,Minneapolis,Water,Groundwater,27.27
Minnesota,Rochester,Water,Groundwater,-14.5
Nevada,Boulder City,Water,Groundwater,-49.88
Nevada,Las Vegas,Water,Groundwater,-41.13
Nevada,Reno,Water,Groundwater,93.53
Minnesota,Hastings,Soil,Industrial,62.42
Minnesota,Minneapolis,Soil,Industrial,74.05
Minnesota,Rochester,Soil,Industrial,43.53
Nevada,Boulder City,Soil,Industrial,8.63
Nevada,Las Vegas,Soil,Industrial,-5.04
Nevada,Reno,Soil,Industrial,29.75
Minnesota,Hastings,Soil,Inferior Irrigation,-16.72
Minnesota,Minneapolis,Soil,Inferior Irrigation,36.36
Minnesota,Rochester,Soil,Inferior Irrigation,57.77
Nevada,Boulder City,Soil,Inferior Irrigation,-33.59
Nevada,Las Vegas,Soil,Inferior Irrigation,59.92
Nevada,Reno,Soil,Inferior Irrigation,78.44
Minnesota,Hastings,Soil,Solid Waste,-41.27
Minnesota,Minneapolis,Soil,Solid Waste,70.82
Minnesota,Rochester,Soil,Solid Waste,87.34
Nevada,Boulder City,Soil,Solid Waste,64.06
Nevada,Las Vegas,Soil,Solid Waste,-32.87
Nevada,Reno,Soil,Solid Waste,52.95
Minnesota,Hastings,Air,Light,76.91
Minnesota,Minneapolis,Air,Light,-24.66
Minnesota,Rochester,Air,Light,-86.8
Nevada,Boulder City,Air,Light,-54.44
Nevada,Las Vegas,Air,Light,85.86
Nevada,Reno,Air,Light,90.27
Minnesota,Hastings,Air,Thermal,-90.37
Minnesota,Minneapolis,Air,Thermal,69.7
Minnesota,Rochester,Air,Thermal,73.4
Nevada,Boulder City,Air,Thermal,-8.47
Nevada,Las Vegas,Air,Thermal,55.25
Nevada,Reno,Air,Thermal,-90.06
