{
"filename": "Evolution_of_pollution_in_percent_set9_2_DB.csv",
"questions": [{"name": "template 1",
 "sql": "SELECT Value FROM DBdata WHERE ((State = 'Massachusetts' AND City = 'Boston')) AND ((Polluted_element = 'Soil' AND Type_of_pollution = 'Urban Activities'))",
 "sqlResult": "{37.03}",
 "nlq": "What is the evolution of Urban Activities pollution in Boston, Massachusetts?"},
{"name": "template 2",
 "sql": "SELECT Value FROM DBdata WHERE ((State = 'Maryland' AND City = 'Aberdeen')) AND ((Polluted_element = 'Water' AND Type_of_pollution = 'Surface water') OR (Polluted_element = 'Soil' AND Type_of_pollution = 'Industrial') OR (Polluted_element = 'Soil' AND Type_of_pollution = 'Inferior Irrigation') OR (Polluted_element = 'Soil' AND Type_of_pollution = 'Solid Waste') OR (Polluted_element = 'Air' AND Type_of_pollution = 'Noise') OR (Polluted_element = 'Air' AND Type_of_pollution = 'Thermal'))",
 "sqlResult": "{-83.51} || {49.76} || {81.32} || {-22.38} || {-58.47} || {81.15}",
 "nlq": "What is the evolution of Industrial, Inferior Irrigation, Noise, Solid Waste, Surface water, or Thermal pollution in Aberdeen, Maryland?"},
{"name": "template 3",
 "sql": "SELECT Value FROM DBdata WHERE ((State = 'Maryland' AND City = 'Aberdeen') OR (State = 'Maryland' AND City = 'Baltimore') OR (State = 'Massachusetts' AND City = 'Cambridge') OR (State = 'Massachusetts' AND City = 'Lenox')) AND ((Polluted_element = 'Air' AND Type_of_pollution = 'Thermal'))",
 "sqlResult": "{81.15} || {88} || {-12.85} || {-30.65}",
 "nlq": "What is the evolution of Thermal pollution in Aberdeen or Baltimore, Maryland or Cambridge or Lenox, Massachusetts?"},
{"name": "template 4",
 "sql": "SELECT avg(Value),max(Value) FROM DBdata WHERE ((State = 'Maryland' AND City = 'Baltimore') OR (State = 'Massachusetts' AND City = 'Boston') OR (State = 'Massachusetts' AND City = 'Cambridge')) AND ((Polluted_element = 'Soil' AND Type_of_pollution = 'Urban Activities'))",
 "sqlResult": "{43.27 | 97.78}",
 "nlq": "What are the average and maximum evolutions of Urban Activities pollution in Baltimore, Maryland or Boston or Cambridge, Massachusetts?"},
{"name": "template 6",
 "sql": "SELECT Value FROM DBdata WHERE ((State = 'Maryland' AND City = 'Aberdeen') OR (State = 'Maryland' AND City = 'Baltimore') OR (State = 'Massachusetts' AND City = 'Boston')) AND ((Polluted_element = 'Soil' AND Type_of_pollution = 'Inorganic Fertilizers') OR (Polluted_element = 'Soil' AND Type_of_pollution = 'Industrial'))",
 "sqlResult": "{-33.31} || {89.33} || {94.71} || {49.76} || {35.12} || {47.52}",
 "nlq": "What is the evolution of Industrial or Inorganic Fertilizers pollution in Aberdeen or Baltimore, Maryland or Boston, Massachusetts?"},
{"name": "template 7",
 "sql": "SELECT sum(Value),avg(Value) FROM DBdata WHERE ((State = 'Maryland' AND City = 'Baltimore')) AND ((Polluted_element = 'Soil' AND Type_of_pollution = 'Inorganic Fertilizers') OR (Polluted_element = 'Soil' AND Type_of_pollution = 'Industrial') OR (Polluted_element = 'Air' AND Type_of_pollution = 'Thermal'))",
 "sqlResult": "{212.45 | 70.82}",
 "nlq": "What are the total and average evolutions of Industrial, Inorganic Fertilizers, or Thermal pollution in Baltimore, Maryland?"},
{"name": "template 8",
 "sql": "SELECT State,City,max(Value),sum(Value) FROM DBdata WHERE ((State = 'Maryland' AND City = 'Aberdeen') OR (State = 'Maryland' AND City = 'Baltimore') OR (State = 'Massachusetts' AND City = 'Boston')) AND ((Polluted_element = 'Water' AND Type_of_pollution = 'Oxygen-depletion') OR (Polluted_element = 'Soil' AND Type_of_pollution = 'Inorganic Fertilizers') OR (Polluted_element = 'Soil' AND Type_of_pollution = 'Inferior Irrigation')) GROUP BY State,City",
 "sqlResult": "{Maryland | Aberdeen | 95.65 | 143.66} || {Maryland | Baltimore | 89.33 | 2.22} || {Massachusetts | Boston | 94.71 | 238.84}",
 "nlq": "What are the maximum and total evolutions for each State and City, of Inferior Irrigation, Inorganic Fertilizers, or Oxygen-depletion pollution in Aberdeen or Baltimore, Maryland or Boston, Massachusetts? Please, report the corresponding State and City."},
{"name": "template 9",
 "sql": "SELECT min(Value) FROM DBdata WHERE ((State = 'Maryland' AND City = 'Aberdeen')) AND (Polluted_element IN ('Water','Soil','Air')) GROUP BY Polluted_element",
 "sqlResult": "{-58.47} || {-33.31} || {-83.51}",
 "nlq": "What is the minimum evolution of pollution for each Polluted element, of Air, Soil, or Water in Aberdeen, Maryland?"},
{"name": "template 10",
 "sql": "SELECT Polluted_element,sum(Value) FROM DBdata WHERE ((State = 'Maryland' AND City = 'Baltimore')) AND (Polluted_element IN ('Water','Soil','Air')) GROUP BY Polluted_element",
 "sqlResult": "{Air | 96.55} || {Soil | 197.97} || {Water | -168.71}",
 "nlq": "What is the total evolution of pollution for each Polluted element, of Air, Soil, or Water in Baltimore, Maryland? Please, report the corresponding Polluted element."},
{"name": "template 11",
 "sql": "SELECT Polluted_element,State,City,sum(Value) FROM DBdata WHERE ((State = 'Maryland' AND City = 'Baltimore') OR (State = 'Massachusetts' AND City = 'Boston') OR (State = 'Massachusetts' AND City = 'Cambridge')) AND (Polluted_element IN ('Water','Soil','Air')) GROUP BY Polluted_element,State,City",
 "sqlResult": "{Air | Maryland | Baltimore | 96.55} || {Air | Massachusetts | Boston | -31.6} || {Air | Massachusetts | Cambridge | -1.48} || {Soil | Maryland | Baltimore | 197.97} || {Soil | Massachusetts | Boston | 319.02} || {Soil | Massachusetts | Cambridge | -168.88} || {Water | Maryland | Baltimore | -168.71} || {Water | Massachusetts | Boston | 78.65} || {Water | Massachusetts | Cambridge | 97.94}",
 "nlq": "What is the total evolution of pollution for each Polluted element, State, and City, of Air, Soil, or Water in Baltimore, Maryland or Boston or Cambridge, Massachusetts? Please, report the corresponding Polluted element, State, and City."},
{"name": "template 12",
 "sql": "SELECT Value FROM DBdata WHERE ((State = 'Massachusetts' AND City = 'Cambridge')) AND (Polluted_element IN ('Water','Air')) ORDER BY VALUE ASC LIMIT 3",
 "sqlResult": "{-24.09} || {-12.85} || {28}",
 "nlq": "What are the bottom 3 evolutions of pollution of Air or Water in Cambridge, Massachusetts?"},
{"name": "template 13",
 "sql": "SELECT Value FROM DBdata WHERE ((State = 'Massachusetts' AND City = 'Boston')) AND (Polluted_element IN ('Soil','Air')) ORDER BY VALUE ASC",
 "sqlResult": "{-47.78} || {2.88} || {13.3} || {37.03} || {47.52} || {62.21} || {77.55} || {94.71}",
 "nlq": "What are the evolutions ordered by increasing values of pollution of Air or Soil in Boston, Massachusetts?"},
{"name": "template 14",
 "sql": "SELECT Polluted_element,Type_of_pollution FROM DBdata WHERE ((State = 'Massachusetts' AND City = 'Boston')) AND Value < 15.44",
 "sqlResult": "{Water | Surface water} || {Air | Noise} || {Air | Light} || {Air | Thermal}",
 "nlq": "What are the Polluted element and Type of pollution for which the evolution in Boston, Massachusetts is lower than 15.44?"},
{"name": "template 15",
 "sql": "SELECT Polluted_element,Type_of_pollution,Value FROM DBdata WHERE ((State = 'Massachusetts' AND City = 'Cambridge')) AND (Polluted_element,Type_of_pollution) IN (SELECT Polluted_element,Type_of_pollution FROM DBdata WHERE ((State = 'Massachusetts' AND City = 'Boston')) AND Value < 15.44)",
 "sqlResult": "{Water | Surface water | 28} || {Air | Noise | -24.09} || {Air | Light | 35.46} || {Air | Thermal | -12.85}",
 "nlq": "What is the evolution of pollution in Cambridge, Massachusetts of Polluted element and of Type of pollution for which the evolution in Boston, Massachusetts is lower than 15.44? Please, report the corresponding Polluted element, Type of pollution, and evolution of pollution."}]
}
