State,City,Polluted element,Type of pollution,Value
State,City,Polluted_element,Type_of_pollution,Value
Michigan,Detroit,Water,Groundwater,-39.53
Michigan,Flint,Water,Groundwater,-85.58
Michigan,Port Huron,Water,Groundwater,51.64
Minnesota,Minneapolis,Water,Groundwater,26.02
Minnesota,Rochester,Water,Groundwater,1.62
Nevada,Las Vegas,Water,Groundwater,35.95
Nevada,Reno,Water,Groundwater,89.29
Michigan,Detroit,Water,Oxygen-depletion,-64.4
Michigan,Flint,Water,Oxygen-depletion,-49.75
Michigan,Port Huron,Water,Oxygen-depletion,-77.94
Minnesota,Minneapolis,Water,Oxygen-depletion,84.97
Minnesota,Rochester,Water,Oxygen-depletion,29.31
Nevada,Las Vegas,Water,Oxygen-depletion,-89.27
Nevada,Reno,Water,Oxygen-depletion,58.86
Michigan,Detroit,Water,Surface water,-69.95
Michigan,Flint,Water,Surface water,-37.55
Michigan,Port Huron,Water,Surface water,-73.42
Minnesota,Minneapolis,Water,Surface water,10.17
Minnesota,Rochester,Water,Surface water,57.11
Nevada,Las Vegas,Water,Surface water,-44.77
Nevada,Reno,Water,Surface water,-56.45
Michigan,Detroit,Soil,Inferior Irrigation,68.25
Michigan,Flint,Soil,Inferior Irrigation,-19.02
Michigan,Port Huron,Soil,Inferior Irrigation,-80.94
Minnesota,Minneapolis,Soil,Inferior Irrigation,-80.01
Minnesota,Rochester,Soil,Inferior Irrigation,-51.91
Nevada,Las Vegas,Soil,Inferior Irrigation,3.56
Nevada,Reno,Soil,Inferior Irrigation,-5.54
Michigan,Detroit,Soil,Solid Waste,64.64
Michigan,Flint,Soil,Solid Waste,16.38
Michigan,Port Huron,Soil,Solid Waste,34.92
Minnesota,Minneapolis,Soil,Solid Waste,-44.63
Minnesota,Rochester,Soil,Solid Waste,-22.69
Nevada,Las Vegas,Soil,Solid Waste,-93.62
Nevada,Reno,Soil,Solid Waste,-18.57
Michigan,Detroit,Air,Noise,38.54
Michigan,Flint,Air,Noise,-79.58
Michigan,Port Huron,Air,Noise,14.35
Minnesota,Minneapolis,Air,Noise,15.05
Minnesota,Rochester,Air,Noise,-37.74
Nevada,Las Vegas,Air,Noise,55.33
Nevada,Reno,Air,Noise,53.59
Michigan,Detroit,Air,Light,45.96
Michigan,Flint,Air,Light,-85.91
Michigan,Port Huron,Air,Light,78.48
Minnesota,Minneapolis,Air,Light,-38.47
Minnesota,Rochester,Air,Light,58.15
Nevada,Las Vegas,Air,Light,2.13
Nevada,Reno,Air,Light,95.25
Michigan,Detroit,Air,Thermal,-41.92
Michigan,Flint,Air,Thermal,27.73
Michigan,Port Huron,Air,Thermal,27.65
Minnesota,Minneapolis,Air,Thermal,49.65
Minnesota,Rochester,Air,Thermal,91.15
Nevada,Las Vegas,Air,Thermal,81.59
Nevada,Reno,Air,Thermal,-60.46
