AA,BB,CC,DD,Value
AA,BB,CC,DD,Value
AAkw,BBdy,CCxy,DDbr,94.58
AAkw,BBbp,CCxy,DDbr,23.66
AAlv,BBmn,CCxy,DDbr,-59.71
AAlv,BBpx,CCxy,DDbr,-7.47
AAkw,BBdy,CCxy,DDdm,12.27
AAkw,BBbp,CCxy,DDdm,-80.1
AAlv,BBmn,CCxy,DDdm,36.31
AAlv,BBpx,CCxy,DDdm,-85.26
AAkw,BBdy,CCxy,DDns,-85.07
AAkw,BBbp,CCxy,DDns,-27.47
AAlv,BBmn,CCxy,DDns,-86.59
AAlv,BBpx,CCxy,DDns,42.79
AAkw,BBdy,CCgk,DDgm,73.35
AAkw,BBbp,CCgk,DDgm,-16.87
AAlv,BBmn,CCgk,DDgm,29.86
AAlv,BBpx,CCgk,DDgm,-1.55
AAkw,BBdy,CCgk,DDrw,96.46
AAkw,BBbp,CCgk,DDrw,64.69
AAlv,BBmn,CCgk,DDrw,-27.58
AAlv,BBpx,CCgk,DDrw,-29.73
AAkw,BBdy,CCgk,DDhl,-70.52
AAkw,BBbp,CCgk,DDhl,0.25
AAlv,BBmn,CCgk,DDhl,79.84
AAlv,BBpx,CCgk,DDhl,84.34
AAkw,BBdy,CCgk,DDrz,97.21
AAkw,BBbp,CCgk,DDrz,91.99
AAlv,BBmn,CCgk,DDrz,-2.52
AAlv,BBpx,CCgk,DDrz,-34.47
AAkw,BBdy,CCgk,DDln,73.53
AAkw,BBbp,CCgk,DDln,33.18
AAlv,BBmn,CCgk,DDln,19.95
AAlv,BBpx,CCgk,DDln,-36.81
AAkw,BBdy,CCcd,DDhn,36.58
AAkw,BBbp,CCcd,DDhn,24.34
AAlv,BBmn,CCcd,DDhn,44.42
AAlv,BBpx,CCcd,DDhn,24.38
AAkw,BBdy,CCcd,DDhz,-1.7
AAkw,BBbp,CCcd,DDhz,44.18
AAlv,BBmn,CCcd,DDhz,-99.55
AAlv,BBpx,CCcd,DDhz,22.24
AAkw,BBdy,CCcd,DDfm,3.35
AAkw,BBbp,CCcd,DDfm,-73.63
AAlv,BBmn,CCcd,DDfm,-67.87
AAlv,BBpx,CCcd,DDfm,-26.78

