State,City,Polluted element,Type of pollution,Value
State,City,Polluted_element,Type_of_pollution,Value
Nevada,Boulder City,Water,Chemical,54.15
Nevada,Las Vegas,Water,Chemical,1.06
Nevada,Reno,Water,Chemical,90.93
Oregon,Portland,Water,Chemical,-2.78
Oregon,Redmond,Water,Chemical,-47.16
Oregon,Salem,Water,Chemical,-79.42
Nevada,Boulder City,Water,Groundwater,-52.08
Nevada,Las Vegas,Water,Groundwater,-96.59
Nevada,Reno,Water,Groundwater,-83.24
Oregon,Portland,Water,Groundwater,-28.89
Oregon,Redmond,Water,Groundwater,66.72
Oregon,Salem,Water,Groundwater,-50.83
Nevada,Boulder City,Water,Oxygen-depletion,-28.82
Nevada,Las Vegas,Water,Oxygen-depletion,5.15
Nevada,Reno,Water,Oxygen-depletion,-50.02
Oregon,Portland,Water,Oxygen-depletion,-20.6
Oregon,Redmond,Water,Oxygen-depletion,-29.13
Oregon,Salem,Water,Oxygen-depletion,-6.51
Nevada,Boulder City,Water,Surface water,-6.21
Nevada,Las Vegas,Water,Surface water,37.09
Nevada,Reno,Water,Surface water,-81.38
Oregon,Portland,Water,Surface water,-89.62
Oregon,Redmond,Water,Surface water,49.55
Oregon,Salem,Water,Surface water,-20.03
Nevada,Boulder City,Soil,Industrial,-93.62
Nevada,Las Vegas,Soil,Industrial,67.66
Nevada,Reno,Soil,Industrial,0.1
Oregon,Portland,Soil,Industrial,-10.5
Oregon,Redmond,Soil,Industrial,-54.22
Oregon,Salem,Soil,Industrial,-14.24
Nevada,Boulder City,Soil,Inferior Irrigation,-61.69
Nevada,Las Vegas,Soil,Inferior Irrigation,-44.9
Nevada,Reno,Soil,Inferior Irrigation,-56.17
Oregon,Portland,Soil,Inferior Irrigation,79.97
Oregon,Redmond,Soil,Inferior Irrigation,16.64
Oregon,Salem,Soil,Inferior Irrigation,64.53
Nevada,Boulder City,Soil,Solid Waste,7.12
Nevada,Las Vegas,Soil,Solid Waste,-77.11
Nevada,Reno,Soil,Solid Waste,-97.11
Oregon,Portland,Soil,Solid Waste,-84.89
Oregon,Redmond,Soil,Solid Waste,55.02
Oregon,Salem,Soil,Solid Waste,45.79
Nevada,Boulder City,Soil,Urban Activities,-66.04
Nevada,Las Vegas,Soil,Urban Activities,87.29
Nevada,Reno,Soil,Urban Activities,52.22
Oregon,Portland,Soil,Urban Activities,60.31
Oregon,Redmond,Soil,Urban Activities,-28.39
Oregon,Salem,Soil,Urban Activities,67.23
Nevada,Boulder City,Air,Noise,-8.11
Nevada,Las Vegas,Air,Noise,72.94
Nevada,Reno,Air,Noise,6.89
Oregon,Portland,Air,Noise,23.07
Oregon,Redmond,Air,Noise,-5.37
Oregon,Salem,Air,Noise,14.67
Nevada,Boulder City,Air,Light,-67.76
Nevada,Las Vegas,Air,Light,-15.47
Nevada,Reno,Air,Light,-20.24
Oregon,Portland,Air,Light,28.27
Oregon,Redmond,Air,Light,-18.83
Oregon,Salem,Air,Light,41.33
