AA,BB,CC,DD,Value
AA,BB,CC,DD,Value
AAds,BBnr,CClr,DDpv,49.05
AAds,BBgh,CClr,DDpv,-56.32
AAqr,BBdm,CClr,DDpv,-14.53
AAqr,BBbk,CClr,DDpv,24.75
AAqr,BBbx,CClr,DDpv,6.51
AAds,BBnr,CClr,DDns,84.83
AAds,BBgh,CClr,DDns,39.45
AAqr,BBdm,CClr,DDns,13.54
AAqr,BBbk,CClr,DDns,-20.5
AAqr,BBbx,CClr,DDns,38.59
AAds,BBnr,CClr,DDdl,62.3
AAds,BBgh,CClr,DDdl,-32.04
AAqr,BBdm,CClr,DDdl,91.74
AAqr,BBbk,CClr,DDdl,-15.59
AAqr,BBbx,CClr,DDdl,-43.3
AAds,BBnr,CClr,DDms,67.65
AAds,BBgh,CClr,DDms,-54.36
AAqr,BBdm,CClr,DDms,57.6
AAqr,BBbk,CClr,DDms,84.04
AAqr,BBbx,CClr,DDms,80.99
AAds,BBnr,CCmt,DDcf,44.47
AAds,BBgh,CCmt,DDcf,-70.29
AAqr,BBdm,CCmt,DDcf,-4.26
AAqr,BBbk,CCmt,DDcf,71.89
AAqr,BBbx,CCmt,DDcf,84.54
AAds,BBnr,CCmt,DDtx,3.4
AAds,BBgh,CCmt,DDtx,-51.62
AAqr,BBdm,CCmt,DDtx,39.6
AAqr,BBbk,CCmt,DDtx,59.7
AAqr,BBbx,CCmt,DDtx,-20.56

