{
"filename": "Evolution_of_pollution_in_percent_set10_3_DB.csv",
"questions": [{"name": "template 1",
 "sql": "SELECT Value FROM DBdata WHERE ((AA = 'AAns' AND BB = 'BBny')) AND ((CC = 'CCqz' AND DD = 'DDfh'))",
 "sqlResult": "{92.37}",
 "nlq": "What is the evolution of DDfh pollution in BBny, AAns?"},
{"name": "template 2",
 "sql": "SELECT Value FROM DBdata WHERE ((AA = 'AArx' AND BB = 'BBgm')) AND ((CC = 'CCsx' AND DD = 'DDdz') OR (CC = 'CCsx' AND DD = 'DDvx'))",
 "sqlResult": "{-59.09} || {81.57}",
 "nlq": "What is the evolution of DDdz or DDvx pollution in BBgm, AArx?"},
{"name": "template 3",
 "sql": "SELECT Value FROM DBdata WHERE ((AA = 'AAns' AND BB = 'BBny') OR (AA = 'AAns' AND BB = 'BBnr')) AND ((CC = 'CCsx' AND DD = 'DDtz'))",
 "sqlResult": "{-2.63} || {50.03}",
 "nlq": "What is the evolution of DDtz pollution in BBny or BBnr, AAns?"},
{"name": "template 4",
 "sql": "SELECT max(Value),avg(Value) FROM DBdata WHERE ((AA = 'AAns' AND BB = 'BBny') OR (AA = 'AAns' AND BB = 'BBnr') OR (AA = 'AArx' AND BB = 'BBfm') OR (AA = 'AArx' AND BB = 'BBgm')) AND ((CC = 'CCsx' AND DD = 'DDtz'))",
 "sqlResult": "{91.73 | 35.95}",
 "nlq": "What are the maximum and average evolutions of DDtz pollution in BBny or BBnr, AAns or BBfm or BBgm, AArx?"},
{"name": "template 6",
 "sql": "SELECT Value FROM DBdata WHERE ((AA = 'AAns' AND BB = 'BBny') OR (AA = 'AAns' AND BB = 'BBnr') OR (AA = 'AArx' AND BB = 'BBfm') OR (AA = 'AArx' AND BB = 'BBgm')) AND ((CC = 'CCsx' AND DD = 'DDdz') OR (CC = 'CCqz' AND DD = 'DDpv'))",
 "sqlResult": "{-48.24} || {-15.61} || {1.97} || {-59.09} || {-14.78} || {1.48} || {98.31} || {60.59}",
 "nlq": "What is the evolution of DDdz or DDpv pollution in BBny or BBnr, AAns or BBfm or BBgm, AArx?"},
{"name": "template 7",
 "sql": "SELECT max(Value),sum(Value) FROM DBdata WHERE ((AA = 'AArx' AND BB = 'BBfm')) AND ((CC = 'CCsx' AND DD = 'DDtz') OR (CC = 'CCsx' AND DD = 'DDlp') OR (CC = 'CCsx' AND DD = 'DDvx') OR (CC = 'CCqz' AND DD = 'DDpv') OR (CC = 'CCqz' AND DD = 'DDfh'))",
 "sqlResult": "{98.31 | 170.1}",
 "nlq": "What are the maximum and total evolutions of DDlp, DDtz, DDpv, DDfh, or DDvx pollution in BBfm, AArx?"},
{"name": "template 8",
 "sql": "SELECT AA,BB,min(Value),max(Value) FROM DBdata WHERE ((AA = 'AAns' AND BB = 'BBnr') OR (AA = 'AArx' AND BB = 'BBgm')) AND ((CC = 'CCsx' AND DD = 'DDlp') OR (CC = 'CCsx' AND DD = 'DDdz') OR (CC = 'CCsx' AND DD = 'DDhr') OR (CC = 'CCqz' AND DD = 'DDpv') OR (CC = 'CCqz' AND DD = 'DDfh')) GROUP BY AA,BB",
 "sqlResult": "{AAns | BBnr | -99.55 | 2.87} || {AArx | BBgm | -59.09 | 63.32}",
 "nlq": "What are the minimum and maximum evolutions for each AA and BB, of DDlp, DDdz, DDpv, DDhr, or DDfh pollution in BBgm, AArx or BBnr, AAns? Please, report the corresponding AA and BB."},
{"name": "template 9",
 "sql": "SELECT min(Value) FROM DBdata WHERE ((AA = 'AArx' AND BB = 'BBgm')) AND (CC IN ('CCsx','CCqz')) GROUP BY CC",
 "sqlResult": "{18.94} || {-59.09}",
 "nlq": "What is the minimum evolution of pollution for each CC, of CCqz or CCsx in BBgm, AArx?"},
{"name": "template 10",
 "sql": "SELECT CC,avg(Value) FROM DBdata WHERE ((AA = 'AAns' AND BB = 'BBnr')) AND (CC IN ('CCsx','CCqz')) GROUP BY CC",
 "sqlResult": "{CCqz | -49.03} || {CCsx | -17.72}",
 "nlq": "What is the average evolution of pollution for each CC, of CCqz or CCsx in BBnr, AAns? Please, report the corresponding CC."},
{"name": "template 11",
 "sql": "SELECT CC,AA,BB,max(Value) FROM DBdata WHERE ((AA = 'AAns' AND BB = 'BBny') OR (AA = 'AAns' AND BB = 'BBnr') OR (AA = 'AArx' AND BB = 'BBgm')) AND (CC IN ('CCsx','CCqz')) GROUP BY CC,AA,BB",
 "sqlResult": "{CCqz | AAns | BBny | 92.37} || {CCqz | AAns | BBnr | 1.48} || {CCqz | AArx | BBgm | 60.59} || {CCsx | AAns | BBny | -2.63} || {CCsx | AAns | BBnr | 50.03} || {CCsx | AArx | BBgm | 91.73}",
 "nlq": "What is the maximum evolution of pollution for each CC, AA, and BB, of CCqz or CCsx in BBny or BBnr, AAns or BBgm, AArx? Please, report the corresponding CC, AA, and BB."},
{"name": "template 12",
 "sql": "SELECT Value FROM DBdata WHERE ((AA = 'AAns' AND BB = 'BBny')) AND (CC IN ('CCsx','CCqz')) ORDER BY VALUE DESC LIMIT 3",
 "sqlResult": "{92.37} || {-2.63} || {-9.63}",
 "nlq": "What are the top 3 evolutions of pollution of CCqz or CCsx in BBny, AAns?"},
{"name": "template 13",
 "sql": "SELECT Value FROM DBdata WHERE ((AA = 'AArx' AND BB = 'BBgm')) AND (CC IN ('CCsx','CCqz')) ORDER BY VALUE DESC",
 "sqlResult": "{91.73} || {81.57} || {63.32} || {60.59} || {32.03} || {18.94} || {-59.09}",
 "nlq": "What are the evolutions ordered by decreasing values of pollution of CCqz or CCsx in BBgm, AArx?"},
{"name": "template 14",
 "sql": "SELECT CC,DD FROM DBdata WHERE ((AA = 'AArx' AND BB = 'BBfm')) AND Value > 6.19",
 "sqlResult": "{CCsx | DDlp} || {CCqz | DDpv} || {CCqz | DDfh}",
 "nlq": "What are the CC and DD for which the evolution in BBfm, AArx is greater than 6.19?"},
{"name": "template 15",
 "sql": "SELECT CC,DD,Value FROM DBdata WHERE ((AA = 'AAns' AND BB = 'BBny')) AND (CC,DD) IN (SELECT CC,DD FROM DBdata WHERE ((AA = 'AArx' AND BB = 'BBfm')) AND Value > 6.19)",
 "sqlResult": "{CCsx | DDlp | -23.2} || {CCqz | DDpv | -14.78} || {CCqz | DDfh | 92.37}",
 "nlq": "What is the evolution of pollution in BBny, AAns of CC and of DD for which the evolution in BBfm, AArx is greater than 6.19? Please, report the corresponding CC, DD, and evolution of pollution."}]
}

