AA,BB,CC,DD,Value
AA,BB,CC,DD,Value
AAdlv,BBcxz,CCgtv,DDgpy,24.72
AAdlv,BBgjq,CCgtv,DDgpy,20.24
AAckm,BBcpt,CCgtv,DDgpy,97.75
AAckm,BBhvx,CCgtv,DDgpy,80.84
AAnwz,BBhmp,CCgtv,DDgpy,-62.86
AAnwz,BBjpq,CCgtv,DDgpy,-6.25
AAdlv,BBcxz,CCgtv,DDgqw,-24.14
AAdlv,BBgjq,CCgtv,DDgqw,-67.44
AAckm,BBcpt,CCgtv,DDgqw,-36.09
AAckm,BBhvx,CCgtv,DDgqw,44.6
AAnwz,BBhmp,CCgtv,DDgqw,25.41
AAnwz,BBjpq,CCgtv,DDgqw,0.88
AAdlv,BBcxz,CCgtv,DDjmz,-83.49
AAdlv,BBgjq,CCgtv,DDjmz,-22.63
AAckm,BBcpt,CCgtv,DDjmz,67.69
AAckm,BBhvx,CCgtv,DDjmz,-61.62
AAnwz,BBhmp,CCgtv,DDjmz,99.34
AAnwz,BBjpq,CCgtv,DDjmz,27.89
AAdlv,BBcxz,CCgtv,DDckq,8.81
AAdlv,BBgjq,CCgtv,DDckq,-45.22
AAckm,BBcpt,CCgtv,DDckq,-27.56
AAckm,BBhvx,CCgtv,DDckq,-3.64
AAnwz,BBhmp,CCgtv,DDckq,-11.31
AAnwz,BBjpq,CCgtv,DDckq,93.3
AAdlv,BBcxz,CCpsx,DDjqw,-62.97
AAdlv,BBgjq,CCpsx,DDjqw,38.73
AAckm,BBcpt,CCpsx,DDjqw,-1.9
AAckm,BBhvx,CCpsx,DDjqw,79.7
AAnwz,BBhmp,CCpsx,DDjqw,14.61
AAnwz,BBjpq,CCpsx,DDjqw,77.7
AAdlv,BBcxz,CCpsx,DDbkp,-86.87
AAdlv,BBgjq,CCpsx,DDbkp,54.81
AAckm,BBcpt,CCpsx,DDbkp,-32.59
AAckm,BBhvx,CCpsx,DDbkp,36
AAnwz,BBhmp,CCpsx,DDbkp,13.54
AAnwz,BBjpq,CCpsx,DDbkp,59.9
AAdlv,BBcxz,CCpsx,DDdjp,-0.38
AAdlv,BBgjq,CCpsx,DDdjp,-73.09
AAckm,BBcpt,CCpsx,DDdjp,86.53
AAckm,BBhvx,CCpsx,DDdjp,24.17
AAnwz,BBhmp,CCpsx,DDdjp,63.26
AAnwz,BBjpq,CCpsx,DDdjp,25.55
AAdlv,BBcxz,CCpsx,DDgvw,75.71
AAdlv,BBgjq,CCpsx,DDgvw,-36.68
AAckm,BBcpt,CCpsx,DDgvw,51.94
AAckm,BBhvx,CCpsx,DDgvw,52.77
AAnwz,BBhmp,CCpsx,DDgvw,-12.64
AAnwz,BBjpq,CCpsx,DDgvw,-15.09
AAdlv,BBcxz,CCpsx,DDbgp,97.15
AAdlv,BBgjq,CCpsx,DDbgp,-42.6
AAckm,BBcpt,CCpsx,DDbgp,-21.75
AAckm,BBhvx,CCpsx,DDbgp,-23.61
AAnwz,BBhmp,CCpsx,DDbgp,-40.96
AAnwz,BBjpq,CCpsx,DDbgp,-98.26
AAdlv,BBcxz,CCgmx,DDmsy,-62.55
AAdlv,BBgjq,CCgmx,DDmsy,44.02
AAckm,BBcpt,CCgmx,DDmsy,-12.4
AAckm,BBhvx,CCgmx,DDmsy,-47.26
AAnwz,BBhmp,CCgmx,DDmsy,-8.62
AAnwz,BBjpq,CCgmx,DDmsy,94.2
AAdlv,BBcxz,CCgmx,DDdqs,-51.56
AAdlv,BBgjq,CCgmx,DDdqs,31.82
AAckm,BBcpt,CCgmx,DDdqs,68.15
AAckm,BBhvx,CCgmx,DDdqs,58.12
AAnwz,BBhmp,CCgmx,DDdqs,81.2
AAnwz,BBjpq,CCgmx,DDdqs,69.4

