{
"filename": "Evolution_of_pollution_in_percent_set10_5_DB.csv",
"questions": [{"name": "template 1",
 "sql": "SELECT Value FROM DBdata WHERE ((State = 'Georgia' AND City = 'Washington')) AND ((Polluted_element = 'Soil' AND Type_of_pollution = 'Inferior Irrigation'))",
 "sqlResult": "{-87.7}",
 "nlq": "What is the evolution of Inferior Irrigation pollution in Washington, Georgia?"},
{"name": "template 2",
 "sql": "SELECT Value FROM DBdata WHERE ((State = 'Maryland' AND City = 'Baltimore')) AND ((Polluted_element = 'Soil' AND Type_of_pollution = 'Industrial') OR (Polluted_element = 'Soil' AND Type_of_pollution = 'Urban Activities') OR (Polluted_element = 'Air' AND Type_of_pollution = 'Noise') OR (Polluted_element = 'Air' AND Type_of_pollution = 'Thermal'))",
 "sqlResult": "{25.49} || {40.33} || {-38.2} || {-12.46}",
 "nlq": "What is the evolution of Industrial, Noise, Thermal, or Urban Activities pollution in Baltimore, Maryland?"},
{"name": "template 3",
 "sql": "SELECT Value FROM DBdata WHERE ((State = 'Georgia' AND City = 'Albany') OR (State = 'Illinois' AND City = 'Chicago') OR (State = 'Illinois' AND City = 'Springfield') OR (State = 'Maryland' AND City = 'Aberdeen') OR (State = 'Maryland' AND City = 'Baltimore') OR (State = 'Maryland' AND City = 'Columbia')) AND ((Polluted_element = 'Soil' AND Type_of_pollution = 'Industrial'))",
 "sqlResult": "{-66.21} || {-85.18} || {5.13} || {-75.64} || {25.49} || {-81.31}",
 "nlq": "What is the evolution of Industrial pollution in Aberdeen, Baltimore, or Columbia, Maryland or Albany, Georgia or Chicago or Springfield, Illinois?"},
{"name": "template 4",
 "sql": "SELECT sum(Value),min(Value) FROM DBdata WHERE ((State = 'Georgia' AND City = 'Albany') OR (State = 'Georgia' AND City = 'Columbus') OR (State = 'Illinois' AND City = 'Chicago') OR (State = 'Illinois' AND City = 'Springfield') OR (State = 'Maryland' AND City = 'Aberdeen') OR (State = 'Maryland' AND City = 'Baltimore') OR (State = 'Maryland' AND City = 'Columbia')) AND ((Polluted_element = 'Air' AND Type_of_pollution = 'Thermal'))",
 "sqlResult": "{-222.72 | -88.81}",
 "nlq": "What are the total and minimum evolutions of Thermal pollution in Aberdeen, Baltimore, or Columbia, Maryland or Albany or Columbus, Georgia or Chicago or Springfield, Illinois?"},
{"name": "template 6",
 "sql": "SELECT Value FROM DBdata WHERE ((State = 'Georgia' AND City = 'Albany') OR (State = 'Georgia' AND City = 'Washington') OR (State = 'Maryland' AND City = 'Baltimore') OR (State = 'Maryland' AND City = 'Columbia')) AND ((Polluted_element = 'Air' AND Type_of_pollution = 'Noise') OR (Polluted_element = 'Air' AND Type_of_pollution = 'Light'))",
 "sqlResult": "{93.42} || {42.09} || {-38.2} || {31.54} || {2.29} || {30.03} || {60.77} || {27.86}",
 "nlq": "What is the evolution of Light or Noise pollution in Albany or Washington, Georgia or Baltimore or Columbia, Maryland?"},
{"name": "template 7",
 "sql": "SELECT sum(Value),avg(Value) FROM DBdata WHERE ((State = 'Georgia' AND City = 'Columbus')) AND ((Polluted_element = 'Soil' AND Type_of_pollution = 'Inorganic Fertilizers') OR (Polluted_element = 'Soil' AND Type_of_pollution = 'Industrial') OR (Polluted_element = 'Soil' AND Type_of_pollution = 'Solid Waste'))",
 "sqlResult": "{89.39 | 29.8}",
 "nlq": "What are the total and average evolutions of Industrial, Inorganic Fertilizers, or Solid Waste pollution in Columbus, Georgia?"},
{"name": "template 8",
 "sql": "SELECT State,City,sum(Value),max(Value) FROM DBdata WHERE ((State = 'Illinois' AND City = 'Springfield') OR (State = 'Maryland' AND City = 'Aberdeen')) AND ((Polluted_element = 'Soil' AND Type_of_pollution = 'Inorganic Fertilizers') OR (Polluted_element = 'Soil' AND Type_of_pollution = 'Industrial')) GROUP BY State,City",
 "sqlResult": "{Illinois | Springfield | -87.2 | 5.13} || {Maryland | Aberdeen | 13.19 | 88.83}",
 "nlq": "What are the total and maximum evolutions for each State and City, of Industrial or Inorganic Fertilizers pollution in Aberdeen, Maryland or Springfield, Illinois? Please, report the corresponding State and City."},
{"name": "template 9",
 "sql": "SELECT min(Value) FROM DBdata WHERE ((State = 'Georgia' AND City = 'Columbus')) AND (Polluted_element IN ('Soil','Air')) GROUP BY Polluted_element",
 "sqlResult": "{-70.35} || {-85.13}",
 "nlq": "What is the minimum evolution of pollution for each Polluted element, of Air or Soil in Columbus, Georgia?"},
{"name": "template 10",
 "sql": "SELECT Polluted_element,sum(Value) FROM DBdata WHERE ((State = 'Maryland' AND City = 'Columbia')) AND (Polluted_element IN ('Soil','Air')) GROUP BY Polluted_element",
 "sqlResult": "{Air | 32.04} || {Soil | -31.67}",
 "nlq": "What is the total evolution of pollution for each Polluted element, of Air or Soil in Columbia, Maryland? Please, report the corresponding Polluted element."},
{"name": "template 11",
 "sql": "SELECT Polluted_element,State,City,sum(Value) FROM DBdata WHERE ((State = 'Georgia' AND City = 'Albany') OR (State = 'Maryland' AND City = 'Aberdeen')) AND (Polluted_element IN ('Soil','Air')) GROUP BY Polluted_element,State,City",
 "sqlResult": "{Air | Georgia | Albany | 6.9} || {Air | Maryland | Aberdeen | 53.73} || {Soil | Georgia | Albany | 117.68} || {Soil | Maryland | Aberdeen | 36.18}",
 "nlq": "What is the total evolution of pollution for each Polluted element, State, and City, of Air or Soil in Aberdeen, Maryland or Albany, Georgia? Please, report the corresponding Polluted element, State, and City."},
{"name": "template 12",
 "sql": "SELECT Value FROM DBdata WHERE ((State = 'Maryland' AND City = 'Aberdeen')) AND (Polluted_element IN ('Soil','Air')) ORDER BY VALUE DESC LIMIT 4",
 "sqlResult": "{99.08} || {88.83} || {32.27} || {17.11}",
 "nlq": "What are the top 4 evolutions of pollution of Air or Soil in Aberdeen, Maryland?"},
{"name": "template 13",
 "sql": "SELECT Value FROM DBdata WHERE ((State = 'Georgia' AND City = 'Columbus')) AND (Polluted_element IN ('Soil','Air')) ORDER BY VALUE ASC",
 "sqlResult": "{-85.13} || {-70.35} || {-48.56} || {-40.07} || {15.52} || {31.17} || {42.7} || {68.57}",
 "nlq": "What are the evolutions ordered by increasing values of pollution of Air or Soil in Columbus, Georgia?"},
{"name": "template 14",
 "sql": "SELECT Polluted_element,Type_of_pollution FROM DBdata WHERE ((State = 'Georgia' AND City = 'Columbus')) AND Value < -2.01",
 "sqlResult": "{Soil | Inferior Irrigation} || {Air | Noise} || {Air | Light} || {Air | Thermal}",
 "nlq": "What are the Polluted element and Type of pollution for which the evolution in Columbus, Georgia is lower than -2.01?"},
{"name": "template 15",
 "sql": "SELECT Polluted_element,Type_of_pollution,Value FROM DBdata WHERE ((State = 'Illinois' AND City = 'Springfield')) AND (Polluted_element,Type_of_pollution) IN (SELECT Polluted_element,Type_of_pollution FROM DBdata WHERE ((State = 'Georgia' AND City = 'Columbus')) AND Value < -2.01)",
 "sqlResult": "{Soil | Inferior Irrigation | -35.13} || {Air | Noise | -55.59} || {Air | Light | -8.38} || {Air | Thermal | -72.69}",
 "nlq": "What is the evolution of pollution in Springfield, Illinois of Polluted element and of Type of pollution for which the evolution in Columbus, Georgia is lower than -2.01? Please, report the corresponding Polluted element, Type of pollution, and evolution of pollution."}]
}
