{
"filename": "Evolution_of_pollution_in_percent_set4_1_DB.csv",
"questions": [{"name": "template 1",
 "sql": "SELECT Value FROM DBdata WHERE ((AA = 'AAtv' AND BB = 'BBjr')) AND ((CC = 'CCnr' AND DD = 'DDjx'))",
 "sqlResult": "{-86.8}",
 "nlq": "What is the evolution of DDjx pollution in BBjr, AAtv?"},
{"name": "template 2",
 "sql": "SELECT Value FROM DBdata WHERE ((AA = 'AAtv' AND BB = 'BBcx')) AND ((CC = 'CChj' AND DD = 'DDvz') OR (CC = 'CCmz' AND DD = 'DDvy') OR (CC = 'CCmz' AND DD = 'DDdt') OR (CC = 'CCmz' AND DD = 'DDrw') OR (CC = 'CCnr' AND DD = 'DDjx') OR (CC = 'CCnr' AND DD = 'DDrv'))",
 "sqlResult": "{58.76} || {62.42} || {-16.72} || {-41.27} || {76.91} || {-90.37}",
 "nlq": "What is the evolution of DDvz, DDvy, DDdt, DDjx, DDrw, or DDrv pollution in BBcx, AAtv?"},
{"name": "template 3",
 "sql": "SELECT Value FROM DBdata WHERE ((AA = 'AAtv' AND BB = 'BBjv') OR (AA = 'AAtv' AND BB = 'BBjr') OR (AA = 'AAyz' AND BB = 'Boulder BB') OR (AA = 'AAyz' AND BB = 'BBgn')) AND ((CC = 'CCmz' AND DD = 'DDrw'))",
 "sqlResult": "{70.82} || {87.34} || {64.06} || {52.95}",
 "nlq": "What is the evolution of DDrw pollution in Boulder BB or BBgn, AAyz or BBjv or BBjr, AAtv?"},
{"name": "template 4",
 "sql": "SELECT max(Value),sum(Value) FROM DBdata WHERE ((AA = 'AAyz' AND BB = 'BBjm') OR (AA = 'AAyz' AND BB = 'BBgn')) AND ((CC = 'CCnr' AND DD = 'DDrv'))",
 "sqlResult": "{55.25 | -34.81}",
 "nlq": "What are the maximum and total evolutions of DDrv pollution in BBjm or BBgn, AAyz?"},
{"name": "template 6",
 "sql": "SELECT Value FROM DBdata WHERE ((AA = 'AAtv' AND BB = 'BBjr') OR (AA = 'AAyz' AND BB = 'BBjm')) AND ((CC = 'CCmz' AND DD = 'DDvy') OR (CC = 'CCmz' AND DD = 'DDrw'))",
 "sqlResult": "{43.53} || {-5.04} || {87.34} || {-32.87}",
 "nlq": "What is the evolution of DDvy or DDrw pollution in BBjm, AAyz or BBjr, AAtv?"},
{"name": "template 7",
 "sql": "SELECT max(Value),min(Value) FROM DBdata WHERE ((AA = 'AAtv' AND BB = 'BBjr')) AND ((CC = 'CChj' AND DD = 'DDln') OR (CC = 'CCmz' AND DD = 'DDvy') OR (CC = 'CCmz' AND DD = 'DDrw') OR (CC = 'CCnr' AND DD = 'DDjx') OR (CC = 'CCnr' AND DD = 'DDrv'))",
 "sqlResult": "{87.34 | -86.8}",
 "nlq": "What are the maximum and minimum evolutions of DDln, DDvy, DDjx, DDrw, or DDrv pollution in BBjr, AAtv?"},
{"name": "template 8",
 "sql": "SELECT AA,BB,sum(Value),min(Value) FROM DBdata WHERE ((AA = 'AAtv' AND BB = 'BBjv') OR (AA = 'AAtv' AND BB = 'BBjr') OR (AA = 'AAyz' AND BB = 'Boulder BB') OR (AA = 'AAyz' AND BB = 'BBjm')) AND ((CC = 'CChj' AND DD = 'DDvz') OR (CC = 'CCmz' AND DD = 'DDdt')) GROUP BY AA,BB",
 "sqlResult": "{AAtv | BBjv | 63.63 | 27.27} || {AAtv | BBjr | 43.27 | -14.5} || {AAyz | Boulder BB | -83.47 | -49.88} || {AAyz | BBjm | 18.79 | -41.13}",
 "nlq": "What are the total and minimum evolutions for each AA and BB, of DDvz or DDdt pollution in Boulder BB or BBjm, AAyz or BBjv or BBjr, AAtv? Please, report the corresponding AA and BB."},
{"name": "template 9",
 "sql": "SELECT min(Value) FROM DBdata WHERE ((AA = 'AAyz' AND BB = 'Boulder BB')) AND (CC IN ('CChj','CCmz','CCnr')) GROUP BY CC",
 "sqlResult": "{-54.44} || {-33.59} || {-49.88}",
 "nlq": "What is the minimum evolution of pollution for each CC, of CCnr, CCmz, or CChj in Boulder BB, AAyz?"},
{"name": "template 10",
 "sql": "SELECT CC,sum(Value) FROM DBdata WHERE ((AA = 'AAtv' AND BB = 'BBjv')) AND (CC IN ('CChj','CCmz','CCnr')) GROUP BY CC",
 "sqlResult": "{CCnr | 45.04} || {CCmz | 181.23} || {CChj | -57.5}",
 "nlq": "What is the total evolution of pollution for each CC, of CCnr, CCmz, or CChj in BBjv, AAtv? Please, report the corresponding CC."},
{"name": "template 11",
 "sql": "SELECT CC,AA,BB,sum(Value) FROM DBdata WHERE ((AA = 'AAtv' AND BB = 'BBjv') OR (AA = 'AAyz' AND BB = 'BBgn')) AND (CC IN ('CChj','CCmz','CCnr')) GROUP BY CC,AA,BB",
 "sqlResult": "{CCnr | AAtv | BBjv | 45.04} || {CCnr | AAyz | BBgn | 0.21} || {CCmz | AAtv | BBjv | 181.23} || {CCmz | AAyz | BBgn | 161.14} || {CChj | AAtv | BBjv | -57.5} || {CChj | AAyz | BBgn | 110.71}",
 "nlq": "What is the total evolution of pollution for each CC, AA, and BB, of CCnr, CCmz, or CChj in BBjv, AAtv or BBgn, AAyz? Please, report the corresponding CC, AA, and BB."},
{"name": "template 12",
 "sql": "SELECT Value FROM DBdata WHERE ((AA = 'AAtv' AND BB = 'BBcx')) AND (CC IN ('CChj','CCmz')) ORDER BY VALUE DESC LIMIT 4",
 "sqlResult": "{94.8} || {62.42} || {58.76} || {-16.72}",
 "nlq": "What are the top 4 evolutions of pollution of CCmz or CChj in BBcx, AAtv?"},
{"name": "template 13",
 "sql": "SELECT Value FROM DBdata WHERE ((AA = 'AAtv' AND BB = 'BBcx')) AND (CC IN ('CChj','CCmz')) ORDER BY VALUE ASC",
 "sqlResult": "{-41.27} || {-16.72} || {58.76} || {62.42} || {94.8}",
 "nlq": "What are the evolutions ordered by increasing values of pollution of CCmz or CChj in BBcx, AAtv?"},
{"name": "template 14",
 "sql": "SELECT CC,DD FROM DBdata WHERE ((AA = 'AAyz' AND BB = 'Boulder BB')) AND Value > 17.34",
 "sqlResult": "{CCmz | DDrw}",
 "nlq": "What are the CC and DD for which the evolution in Boulder BB, AAyz is greater than 17.34?"},
{"name": "template 15",
 "sql": "SELECT CC,DD,Value FROM DBdata WHERE ((AA = 'AAyz' AND BB = 'BBjm')) AND (CC,DD) IN (SELECT CC,DD FROM DBdata WHERE ((AA = 'AAyz' AND BB = 'Boulder BB')) AND Value > 17.34)",
 "sqlResult": "{CCmz | DDrw | -32.87}",
 "nlq": "What is the evolution of pollution in BBjm, AAyz of CC and of DD for which the evolution in Boulder BB, AAyz is greater than 17.34? Please, report the corresponding CC, DD, and evolution of pollution."}]
}

