State,City,Polluted element,Type of pollution,Value
State,City,Polluted_element,Type_of_pollution,Value
Maryland,Aberdeen,Water,Chemical,-69.5
Maryland,Baltimore,Water,Chemical,96.55
Massachusetts,Boston,Water,Chemical,-65.99
Massachusetts,Cambridge,Water,Chemical,42.25
Maryland,Aberdeen,Water,Groundwater,-18.19
Maryland,Baltimore,Water,Groundwater,30.91
Massachusetts,Boston,Water,Groundwater,63.4
Massachusetts,Cambridge,Water,Groundwater,99.1
Maryland,Aberdeen,Water,Oxygen-depletion,8.49
Maryland,Baltimore,Water,Oxygen-depletion,-57.24
Massachusetts,Boston,Water,Oxygen-depletion,53.03
Massachusetts,Cambridge,Water,Oxygen-depletion,-19.42
Maryland,Aberdeen,Water,Surface water,97.17
Maryland,Baltimore,Water,Surface water,-74.19
Massachusetts,Boston,Water,Surface water,11.95
Massachusetts,Cambridge,Water,Surface water,-44.59
Maryland,Aberdeen,Soil,Inorganic Fertilizers,-41.67
Maryland,Baltimore,Soil,Inorganic Fertilizers,5.21
Massachusetts,Boston,Soil,Inorganic Fertilizers,-8.13
Massachusetts,Cambridge,Soil,Inorganic Fertilizers,-28.49
Maryland,Aberdeen,Soil,Industrial,46.5
Maryland,Baltimore,Soil,Industrial,-5.27
Massachusetts,Boston,Soil,Industrial,71.32
Massachusetts,Cambridge,Soil,Industrial,96.5
Maryland,Aberdeen,Soil,Inferior Irrigation,14.94
Maryland,Baltimore,Soil,Inferior Irrigation,79.39
Massachusetts,Boston,Soil,Inferior Irrigation,52.51
Massachusetts,Cambridge,Soil,Inferior Irrigation,59.13
Maryland,Aberdeen,Soil,Solid Waste,20.98
Maryland,Baltimore,Soil,Solid Waste,10.45
Massachusetts,Boston,Soil,Solid Waste,-3.77
Massachusetts,Cambridge,Soil,Solid Waste,76.65
Maryland,Aberdeen,Soil,Urban Activities,-12.84
Maryland,Baltimore,Soil,Urban Activities,-85.8
Massachusetts,Boston,Soil,Urban Activities,34.85
Massachusetts,Cambridge,Soil,Urban Activities,-58.1
Maryland,Aberdeen,Air,Light,84.32
Maryland,Baltimore,Air,Light,89.1
Massachusetts,Boston,Air,Light,-58.81
Massachusetts,Cambridge,Air,Light,-80.17
Maryland,Aberdeen,Air,Thermal,69.26
Maryland,Baltimore,Air,Thermal,75.41
Massachusetts,Boston,Air,Thermal,68.84
Massachusetts,Cambridge,Air,Thermal,-96.62
