{
"filename": "Evolution_of_pollution_in_percent_set8_4_DB.csv",
"questions": [{"name": "template 1",
 "sql": "SELECT Value FROM DBdata WHERE ((AA = 'AAmv' AND BB = 'BBgm')) AND ((CC = 'CCjp' AND DD = 'DDlv'))",
 "sqlResult": "{-94.23}",
 "nlq": "What is the evolution of DDlv pollution in BBgm, AAmv?"},
{"name": "template 2",
 "sql": "SELECT Value FROM DBdata WHERE ((AA = 'AAmv' AND BB = 'BBgw')) AND ((CC = 'CCjp' AND DD = 'DDlv') OR (CC = 'CCjp' AND DD = 'DDmy'))",
 "sqlResult": "{-34.72} || {-76.07}",
 "nlq": "What is the evolution of DDlv or DDmy pollution in BBgw, AAmv?"},
{"name": "template 3",
 "sql": "SELECT Value FROM DBdata WHERE ((AA = 'AAmv' AND BB = 'BBgw') OR (AA = 'AAjv' AND BB = 'BBtw') OR (AA = 'AAjv' AND BB = 'BBls')) AND ((CC = 'CCjp' AND DD = 'DDlv'))",
 "sqlResult": "{-34.72} || {40.66} || {14.09}",
 "nlq": "What is the evolution of DDlv pollution in BBgw, AAmv or BBtw or BBls, AAjv?"},
{"name": "template 4",
 "sql": "SELECT sum(Value),max(Value) FROM DBdata WHERE ((AA = 'AAmv' AND BB = 'BBfy') OR (AA = 'AAmv' AND BB = 'BBgm') OR (AA = 'AAjv' AND BB = 'BBtw')) AND ((CC = 'CCpv' AND DD = 'DDcj'))",
 "sqlResult": "{90.87 | 96.52}",
 "nlq": "What are the total and maximum evolutions of DDcj pollution in BBtw, AAjv or BBfy or BBgm, AAmv?"},
{"name": "template 6",
 "sql": "SELECT Value FROM DBdata WHERE ((AA = 'AAmv' AND BB = 'BBfy') OR (AA = 'AAjv' AND BB = 'BBtw')) AND ((CC = 'CCjp' AND DD = 'DDlv') OR (CC = 'CChz' AND DD = 'DDfp') OR (CC = 'CChz' AND DD = 'DDbg'))",
 "sqlResult": "{66.81} || {40.66} || {-0.14} || {-85.91} || {51.84} || {66.38}",
 "nlq": "What is the evolution of DDlv, DDfp, or DDbg pollution in BBtw, AAjv or BBfy, AAmv?"},
{"name": "template 7",
 "sql": "SELECT sum(Value),avg(Value) FROM DBdata WHERE ((AA = 'AAjv' AND BB = 'BBls')) AND ((CC = 'CCjp' AND DD = 'DDlv') OR (CC = 'CChz' AND DD = 'DDfp') OR (CC = 'CChz' AND DD = 'DDjs'))",
 "sqlResult": "{15.65 | 5.22}",
 "nlq": "What are the total and average evolutions of DDlv, DDfp, or DDjs pollution in BBls, AAjv?"},
{"name": "template 8",
 "sql": "SELECT AA,BB,min(Value),avg(Value) FROM DBdata WHERE ((AA = 'AAmv' AND BB = 'BBgw') OR (AA = 'AAjv' AND BB = 'BBls')) AND ((CC = 'CCjp' AND DD = 'DDlv') OR (CC = 'CCjp' AND DD = 'DDmy') OR (CC = 'CChz' AND DD = 'DDfp') OR (CC = 'CChz' AND DD = 'DDjs') OR (CC = 'CCpv' AND DD = 'DDcj')) GROUP BY AA,BB",
 "sqlResult": "{AAmv | BBgw | -76.07 | 7.62} || {AAjv | BBls | -43.16 | -10.02}",
 "nlq": "What are the minimum and average evolutions for each AA and BB, of DDlv, DDfp, DDmy, DDjs, or DDcj pollution in BBgw, AAmv or BBls, AAjv? Please, report the corresponding AA and BB."},
{"name": "template 9",
 "sql": "SELECT min(Value) FROM DBdata WHERE ((AA = 'AAmv' AND BB = 'BBfy')) AND (CC IN ('CCjp','CChz','CCpv')) GROUP BY CC",
 "sqlResult": "{-54.97} || {-47.57} || {-65.18}",
 "nlq": "What is the minimum evolution of pollution for each CC, of CCpv, CChz, or CCjp in BBfy, AAmv?"},
{"name": "template 10",
 "sql": "SELECT CC,max(Value) FROM DBdata WHERE ((AA = 'AAmv' AND BB = 'BBfy')) AND (CC IN ('CCjp','CChz','CCpv')) GROUP BY CC",
 "sqlResult": "{CCpv | -41.46} || {CChz | 51.84} || {CCjp | 66.81}",
 "nlq": "What is the maximum evolution of pollution for each CC, of CCpv, CChz, or CCjp in BBfy, AAmv? Please, report the corresponding CC."},
{"name": "template 11",
 "sql": "SELECT CC,AA,BB,sum(Value) FROM DBdata WHERE ((AA = 'AAmv' AND BB = 'BBgm') OR (AA = 'AAjv' AND BB = 'BBtw') OR (AA = 'AAjv' AND BB = 'BBls')) AND (CC IN ('CCjp','CChz','CCpv')) GROUP BY CC,AA,BB",
 "sqlResult": "{CCpv | AAmv | BBgm | 76.83} || {CCpv | AAjv | BBtw | 22.69} || {CCpv | AAjv | BBls | 36.23} || {CChz | AAmv | BBgm | 49.97} || {CChz | AAjv | BBtw | -24.3} || {CChz | AAjv | BBls | -32.07} || {CCjp | AAmv | BBgm | -60.44} || {CCjp | AAjv | BBtw | 31.38} || {CCjp | AAjv | BBls | -28.13}",
 "nlq": "What is the total evolution of pollution for each CC, AA, and BB, of CCpv, CChz, or CCjp in BBtw or BBls, AAjv or BBgm, AAmv? Please, report the corresponding CC, AA, and BB."},
{"name": "template 12",
 "sql": "SELECT Value FROM DBdata WHERE ((AA = 'AAjv' AND BB = 'BBls')) AND (CC IN ('CCjp','CCpv')) ORDER BY VALUE ASC LIMIT 2",
 "sqlResult": "{-42.22} || {-23.51}",
 "nlq": "What are the bottom 2 evolutions of pollution of CCpv or CCjp in BBls, AAjv?"},
{"name": "template 13",
 "sql": "SELECT Value FROM DBdata WHERE ((AA = 'AAmv' AND BB = 'BBgw')) AND (CC IN ('CCjp','CChz')) ORDER BY VALUE ASC",
 "sqlResult": "{-76.07} || {-34.72} || {41.62} || {65.5} || {75.07}",
 "nlq": "What are the evolutions ordered by increasing values of pollution of CChz or CCjp in BBgw, AAmv?"},
{"name": "template 14",
 "sql": "SELECT CC,DD FROM DBdata WHERE ((AA = 'AAmv' AND BB = 'BBgm')) AND Value > -2.59",
 "sqlResult": "{CCjp | DDmy} || {CChz | DDfp} || {CChz | DDjs} || {CCpv | DDcj}",
 "nlq": "What are the CC and DD for which the evolution in BBgm, AAmv is greater than -2.59?"},
{"name": "template 15",
 "sql": "SELECT CC,DD,Value FROM DBdata WHERE ((AA = 'AAjv' AND BB = 'BBls')) AND (CC,DD) IN (SELECT CC,DD FROM DBdata WHERE ((AA = 'AAmv' AND BB = 'BBgm')) AND Value > -2.59)",
 "sqlResult": "{CCjp | DDmy | -42.22} || {CChz | DDfp | 44.72} || {CChz | DDjs | -43.16} || {CCpv | DDcj | -23.51}",
 "nlq": "What is the evolution of pollution in BBls, AAjv of CC and of DD for which the evolution in BBgm, AAmv is greater than -2.59? Please, report the corresponding CC, DD, and evolution of pollution."}]
}

