State,City,Polluted element,Type of pollution,Value
State,City,Polluted_element,Type_of_pollution,Value
Massachusetts,Cambridge,Water,Chemical,81.52
Massachusetts,Lenox,Water,Chemical,51.87
Michigan,Detroit,Water,Chemical,24.44
Michigan,Flint,Water,Chemical,-7.97
Massachusetts,Cambridge,Water,Groundwater,97.26
Massachusetts,Lenox,Water,Groundwater,22.34
Michigan,Detroit,Water,Groundwater,65.24
Michigan,Flint,Water,Groundwater,64.92
Massachusetts,Cambridge,Water,Oxygen-depletion,62.22
Massachusetts,Lenox,Water,Oxygen-depletion,-16.11
Michigan,Detroit,Water,Oxygen-depletion,3.43
Michigan,Flint,Water,Oxygen-depletion,-7.5
Massachusetts,Cambridge,Water,Surface water,82.17
Massachusetts,Lenox,Water,Surface water,53.65
Michigan,Detroit,Water,Surface water,-72.25
Michigan,Flint,Water,Surface water,-55.58
Massachusetts,Cambridge,Soil,Industrial,3.97
Massachusetts,Lenox,Soil,Industrial,78.17
Michigan,Detroit,Soil,Industrial,7.05
Michigan,Flint,Soil,Industrial,96.4
Massachusetts,Cambridge,Soil,Inferior Irrigation,-22.89
Massachusetts,Lenox,Soil,Inferior Irrigation,7.98
Michigan,Detroit,Soil,Inferior Irrigation,36.54
Michigan,Flint,Soil,Inferior Irrigation,-87.44
Massachusetts,Cambridge,Soil,Solid Waste,-46.76
Massachusetts,Lenox,Soil,Solid Waste,28.18
Michigan,Detroit,Soil,Solid Waste,54.09
Michigan,Flint,Soil,Solid Waste,16.13
Massachusetts,Cambridge,Soil,Urban Activities,-21.15
Massachusetts,Lenox,Soil,Urban Activities,59.56
Michigan,Detroit,Soil,Urban Activities,65.7
Michigan,Flint,Soil,Urban Activities,90.43
Massachusetts,Cambridge,Air,Light,40.3
Massachusetts,Lenox,Air,Light,-70.33
Michigan,Detroit,Air,Light,92.67
Michigan,Flint,Air,Light,-72.2
Massachusetts,Cambridge,Air,Thermal,-11.64
Massachusetts,Lenox,Air,Thermal,59.89
Michigan,Detroit,Air,Thermal,49.76
Michigan,Flint,Air,Thermal,-30.2
