AA,BB,CC,DD,Value
AA,BB,CC,DD,Value
AAstv,Boulder BB,CCbry,DDnpz,54.15
AAstv,BBchj,CCbry,DDnpz,1.06
AAstv,BBmns,CCbry,DDnpz,90.93
AAnsv,BBdfw,CCbry,DDnpz,-2.78
AAnsv,BBgjy,CCbry,DDnpz,-47.16
AAnsv,BBcvz,CCbry,DDnpz,-79.42
AAstv,Boulder BB,CCbry,DDltz,-52.08
AAstv,BBchj,CCbry,DDltz,-96.59
AAstv,BBmns,CCbry,DDltz,-83.24
AAnsv,BBdfw,CCbry,DDltz,-28.89
AAnsv,BBgjy,CCbry,DDltz,66.72
AAnsv,BBcvz,CCbry,DDltz,-50.83
AAstv,Boulder BB,CCbry,DDnrx,-28.82
AAstv,BBchj,CCbry,DDnrx,5.15
AAstv,BBmns,CCbry,DDnrx,-50.02
AAnsv,BBdfw,CCbry,DDnrx,-20.6
AAnsv,BBgjy,CCbry,DDnrx,-29.13
AAnsv,BBcvz,CCbry,DDnrx,-6.51
AAstv,Boulder BB,CCbry,DDfgk,-6.21
AAstv,BBchj,CCbry,DDfgk,37.09
AAstv,BBmns,CCbry,DDfgk,-81.38
AAnsv,BBdfw,CCbry,DDfgk,-89.62
AAnsv,BBgjy,CCbry,DDfgk,49.55
AAnsv,BBcvz,CCbry,DDfgk,-20.03
AAstv,Boulder BB,CCkty,DDfkq,-93.62
AAstv,BBchj,CCkty,DDfkq,67.66
AAstv,BBmns,CCkty,DDfkq,0.1
AAnsv,BBdfw,CCkty,DDfkq,-10.5
AAnsv,BBgjy,CCkty,DDfkq,-54.22
AAnsv,BBcvz,CCkty,DDfkq,-14.24
AAstv,Boulder BB,CCkty,DDhpw,-61.69
AAstv,BBchj,CCkty,DDhpw,-44.9
AAstv,BBmns,CCkty,DDhpw,-56.17
AAnsv,BBdfw,CCkty,DDhpw,79.97
AAnsv,BBgjy,CCkty,DDhpw,16.64
AAnsv,BBcvz,CCkty,DDhpw,64.53
AAstv,Boulder BB,CCkty,DDjwy,7.12
AAstv,BBchj,CCkty,DDjwy,-77.11
AAstv,BBmns,CCkty,DDjwy,-97.11
AAnsv,BBdfw,CCkty,DDjwy,-84.89
AAnsv,BBgjy,CCkty,DDjwy,55.02
AAnsv,BBcvz,CCkty,DDjwy,45.79
AAstv,Boulder BB,CCkty,DDdhj,-66.04
AAstv,BBchj,CCkty,DDdhj,87.29
AAstv,BBmns,CCkty,DDdhj,52.22
AAnsv,BBdfw,CCkty,DDdhj,60.31
AAnsv,BBgjy,CCkty,DDdhj,-28.39
AAnsv,BBcvz,CCkty,DDdhj,67.23
AAstv,Boulder BB,CCjkr,DDcnw,-8.11
AAstv,BBchj,CCjkr,DDcnw,72.94
AAstv,BBmns,CCjkr,DDcnw,6.89
AAnsv,BBdfw,CCjkr,DDcnw,23.07
AAnsv,BBgjy,CCjkr,DDcnw,-5.37
AAnsv,BBcvz,CCjkr,DDcnw,14.67
AAstv,Boulder BB,CCjkr,DDkrz,-67.76
AAstv,BBchj,CCjkr,DDkrz,-15.47
AAstv,BBmns,CCjkr,DDkrz,-20.24
AAnsv,BBdfw,CCjkr,DDkrz,28.27
AAnsv,BBgjy,CCjkr,DDkrz,-18.83
AAnsv,BBcvz,CCjkr,DDkrz,41.33

