AA,BB,CC,DD,Value
AA,BB,CC,DD,Value
AAgty,BBcsv,CCjqv,DDkmp,-91.75
AAgty,BBglp,CCjqv,DDkmp,16.39
AAlpz,Boulder BB,CCjqv,DDkmp,49.81
AAlpz,BBbkw,CCjqv,DDkmp,67.72
AAlpz,BBjqr,CCjqv,DDkmp,14.3
AAcdg,BBdqv,CCjqv,DDkmp,59.23
AAcdg,BBbxy,CCjqv,DDkmp,3.36
AAcdg,BBkwy,CCjqv,DDkmp,28.31
AAgty,BBcsv,CCjqv,DDchw,-6.97
AAgty,BBglp,CCjqv,DDchw,45.88
AAlpz,Boulder BB,CCjqv,DDchw,-94.05
AAlpz,BBbkw,CCjqv,DDchw,-73.74
AAlpz,BBjqr,CCjqv,DDchw,-50.51
AAcdg,BBdqv,CCjqv,DDchw,-25.45
AAcdg,BBbxy,CCjqv,DDchw,-80.72
AAcdg,BBkwy,CCjqv,DDchw,-90.01
AAgty,BBcsv,CCmps,DDcpx,79.34
AAgty,BBglp,CCmps,DDcpx,33.38
AAlpz,Boulder BB,CCmps,DDcpx,-68.45
AAlpz,BBbkw,CCmps,DDcpx,73.24
AAlpz,BBjqr,CCmps,DDcpx,35.76
AAcdg,BBdqv,CCmps,DDcpx,24.61
AAcdg,BBbxy,CCmps,DDcpx,87.78
AAcdg,BBkwy,CCmps,DDcpx,-90.97
AAgty,BBcsv,CCmps,DDbqv,-94.89
AAgty,BBglp,CCmps,DDbqv,-91.96
AAlpz,Boulder BB,CCmps,DDbqv,-89.4
AAlpz,BBbkw,CCmps,DDbqv,45.79
AAlpz,BBjqr,CCmps,DDbqv,99.32
AAcdg,BBdqv,CCmps,DDbqv,18.49
AAcdg,BBbxy,CCmps,DDbqv,-10.07
AAcdg,BBkwy,CCmps,DDbqv,39.34
AAgty,BBcsv,CCmps,DDdlw,-56.77
AAgty,BBglp,CCmps,DDdlw,-79.66
AAlpz,Boulder BB,CCmps,DDdlw,-46.39
AAlpz,BBbkw,CCmps,DDdlw,-9.35
AAlpz,BBjqr,CCmps,DDdlw,75.47
AAcdg,BBdqv,CCmps,DDdlw,-64.48
AAcdg,BBbxy,CCmps,DDdlw,-31.05
AAcdg,BBkwy,CCmps,DDdlw,-1.29
AAgty,BBcsv,CCmps,DDqwx,25.12
AAgty,BBglp,CCmps,DDqwx,-63.66
AAlpz,Boulder BB,CCmps,DDqwx,-73.76
AAlpz,BBbkw,CCmps,DDqwx,98.86
AAlpz,BBjqr,CCmps,DDqwx,0
AAcdg,BBdqv,CCmps,DDqwx,-41.73
AAcdg,BBbxy,CCmps,DDqwx,96.72
AAcdg,BBkwy,CCmps,DDqwx,81.72
AAgty,BBcsv,CCmps,DDchy,-9.38
AAgty,BBglp,CCmps,DDchy,53.25
AAlpz,Boulder BB,CCmps,DDchy,39.1
AAlpz,BBbkw,CCmps,DDchy,61.81
AAlpz,BBjqr,CCmps,DDchy,-94.63
AAcdg,BBdqv,CCmps,DDchy,-11.34
AAcdg,BBbxy,CCmps,DDchy,18.11
AAcdg,BBkwy,CCmps,DDchy,-37.12
AAgty,BBcsv,CCcdt,DDgst,-20.48
AAgty,BBglp,CCcdt,DDgst,58.83
AAlpz,Boulder BB,CCcdt,DDgst,-56
AAlpz,BBbkw,CCcdt,DDgst,69.94
AAlpz,BBjqr,CCcdt,DDgst,-70.88
AAcdg,BBdqv,CCcdt,DDgst,49.45
AAcdg,BBbxy,CCcdt,DDgst,-80.83
AAcdg,BBkwy,CCcdt,DDgst,51.29
AAgty,BBcsv,CCcdt,DDchs,35.63
AAgty,BBglp,CCcdt,DDchs,-35.72
AAlpz,Boulder BB,CCcdt,DDchs,-9.81
AAlpz,BBbkw,CCcdt,DDchs,34.89
AAlpz,BBjqr,CCcdt,DDchs,-59.64
AAcdg,BBdqv,CCcdt,DDchs,-86.57
AAcdg,BBbxy,CCcdt,DDchs,77.43
AAcdg,BBkwy,CCcdt,DDchs,-50.17
AAgty,BBcsv,CCcdt,DDhlp,63.79
AAgty,BBglp,CCcdt,DDhlp,-58.32
AAlpz,Boulder BB,CCcdt,DDhlp,45.8
AAlpz,BBbkw,CCcdt,DDhlp,-50.22
AAlpz,BBjqr,CCcdt,DDhlp,-81.44
AAcdg,BBdqv,CCcdt,DDhlp,-21.69
AAcdg,BBbxy,CCcdt,DDhlp,-2.04
AAcdg,BBkwy,CCcdt,DDhlp,57.99

