{
"filename": "Evolution_of_pollution_in_percent_set6_5_DB.csv",
"questions": [{"name": "template 1",
 "sql": "SELECT Value FROM DBdata WHERE ((State = 'Massachusetts' AND City = 'Cambridge')) AND ((Polluted_element = 'Soil' AND Type_of_pollution = 'Solid Waste'))",
 "sqlResult": "{-80.93}",
 "nlq": "What is the evolution of Solid Waste pollution in Cambridge, Massachusetts?"},
{"name": "template 2",
 "sql": "SELECT Value FROM DBdata WHERE ((State = 'Massachusetts' AND City = 'Cambridge')) AND ((Polluted_element = 'Water' AND Type_of_pollution = 'Chemical') OR (Polluted_element = 'Soil' AND Type_of_pollution = 'Inferior Irrigation'))",
 "sqlResult": "{-40.04} || {13.21}",
 "nlq": "What is the evolution of Chemical or Inferior Irrigation pollution in Cambridge, Massachusetts?"},
{"name": "template 3",
 "sql": "SELECT Value FROM DBdata WHERE ((State = 'Maryland' AND City = 'Aberdeen') OR (State = 'Maryland' AND City = 'Baltimore') OR (State = 'Maryland' AND City = 'Columbia') OR (State = 'Massachusetts' AND City = 'Cambridge') OR (State = 'Massachusetts' AND City = 'Lenox') OR (State = 'Michigan' AND City = 'Detroit') OR (State = 'Michigan' AND City = 'Flint') OR (State = 'Michigan' AND City = 'Port Huron')) AND ((Polluted_element = 'Water' AND Type_of_pollution = 'Surface water'))",
 "sqlResult": "{-84.2} || {-46.45} || {-60.01} || {-12.58} || {60.76} || {40.49} || {92.32} || {59.16}",
 "nlq": "What is the evolution of Surface water pollution in Aberdeen, Baltimore, or Columbia, Maryland or Cambridge or Lenox, Massachusetts or Detroit, Flint, or Port Huron, Michigan?"},
{"name": "template 4",
 "sql": "SELECT sum(Value),avg(Value) FROM DBdata WHERE ((State = 'Maryland' AND City = 'Baltimore') OR (State = 'Massachusetts' AND City = 'Lenox') OR (State = 'Michigan' AND City = 'Detroit')) AND ((Polluted_element = 'Air' AND Type_of_pollution = 'Thermal'))",
 "sqlResult": "{-20.14 | -6.71}",
 "nlq": "What are the total and average evolutions of Thermal pollution in Baltimore, Maryland or Detroit, Michigan or Lenox, Massachusetts?"},
{"name": "template 6",
 "sql": "SELECT Value FROM DBdata WHERE ((State = 'Maryland' AND City = 'Aberdeen') OR (State = 'Massachusetts' AND City = 'Cambridge') OR (State = 'Michigan' AND City = 'Detroit')) AND ((Polluted_element = 'Soil' AND Type_of_pollution = 'Industrial') OR (Polluted_element = 'Soil' AND Type_of_pollution = 'Solid Waste'))",
 "sqlResult": "{17.44} || {22.38} || {-1.56} || {-3.07} || {-80.93} || {-49.81}",
 "nlq": "What is the evolution of Industrial or Solid Waste pollution in Aberdeen, Maryland or Cambridge, Massachusetts or Detroit, Michigan?"},
{"name": "template 7",
 "sql": "SELECT avg(Value),sum(Value) FROM DBdata WHERE ((State = 'Maryland' AND City = 'Baltimore')) AND ((Polluted_element = 'Soil' AND Type_of_pollution = 'Inorganic Fertilizers') OR (Polluted_element = 'Soil' AND Type_of_pollution = 'Solid Waste') OR (Polluted_element = 'Soil' AND Type_of_pollution = 'Urban Activities') OR (Polluted_element = 'Air' AND Type_of_pollution = 'Thermal'))",
 "sqlResult": "{12.08 | 48.33}",
 "nlq": "What are the average and total evolutions of Inorganic Fertilizers, Solid Waste, Thermal, or Urban Activities pollution in Baltimore, Maryland?"},
{"name": "template 8",
 "sql": "SELECT State,City,max(Value),sum(Value) FROM DBdata WHERE ((State = 'Maryland' AND City = 'Aberdeen') OR (State = 'Maryland' AND City = 'Columbia') OR (State = 'Massachusetts' AND City = 'Lenox') OR (State = 'Michigan' AND City = 'Detroit') OR (State = 'Michigan' AND City = 'Flint')) AND ((Polluted_element = 'Water' AND Type_of_pollution = 'Oxygen-depletion') OR (Polluted_element = 'Soil' AND Type_of_pollution = 'Solid Waste')) GROUP BY State,City",
 "sqlResult": "{Maryland | Aberdeen | 24.13 | 21.06} || {Maryland | Columbia | -4.73 | -95.23} || {Massachusetts | Lenox | 54.94 | 68.9} || {Michigan | Detroit | -24.92 | -74.73} || {Michigan | Flint | -34.02 | -131.92}",
 "nlq": "What are the maximum and total evolutions for each State and City, of Oxygen-depletion or Solid Waste pollution in Aberdeen or Columbia, Maryland or Detroit or Flint, Michigan or Lenox, Massachusetts? Please, report the corresponding State and City."},
{"name": "template 9",
 "sql": "SELECT min(Value) FROM DBdata WHERE ((State = 'Maryland' AND City = 'Columbia')) AND (Polluted_element IN ('Water','Soil','Air')) GROUP BY Polluted_element",
 "sqlResult": "{-84.47} || {-91.55} || {-92.38}",
 "nlq": "What is the minimum evolution of pollution for each Polluted element, of Air, Soil, or Water in Columbia, Maryland?"},
{"name": "template 10",
 "sql": "SELECT Polluted_element,max(Value) FROM DBdata WHERE ((State = 'Maryland' AND City = 'Baltimore')) AND (Polluted_element IN ('Water','Soil','Air')) GROUP BY Polluted_element",
 "sqlResult": "{Air | 74.32} || {Soil | 53.27} || {Water | 77.13}",
 "nlq": "What is the maximum evolution of pollution for each Polluted element, of Air, Soil, or Water in Baltimore, Maryland? Please, report the corresponding Polluted element."},
{"name": "template 11",
 "sql": "SELECT Polluted_element,State,City,avg(Value) FROM DBdata WHERE ((State = 'Maryland' AND City = 'Aberdeen') OR (State = 'Michigan' AND City = 'Port Huron')) AND (Polluted_element IN ('Water','Soil','Air')) GROUP BY Polluted_element,State,City",
 "sqlResult": "{Air | Maryland | Aberdeen | -3.48} || {Air | Michigan | Port Huron | 25.98} || {Soil | Maryland | Aberdeen | 17.99} || {Soil | Michigan | Port Huron | -31.51} || {Water | Maryland | Aberdeen | -21.83} || {Water | Michigan | Port Huron | -27.36}",
 "nlq": "What is the average evolution of pollution for each Polluted element, State, and City, of Air, Soil, or Water in Aberdeen, Maryland or Port Huron, Michigan? Please, report the corresponding Polluted element, State, and City."},
{"name": "template 12",
 "sql": "SELECT Value FROM DBdata WHERE ((State = 'Maryland' AND City = 'Aberdeen')) AND (Polluted_element IN ('Soil','Air')) ORDER BY VALUE ASC LIMIT 4",
 "sqlResult": "{-40.68} || {-17.37} || {-6.12} || {-3.07}",
 "nlq": "What are the bottom 4 evolutions of pollution of Air or Soil in Aberdeen, Maryland?"},
{"name": "template 13",
 "sql": "SELECT Value FROM DBdata WHERE ((State = 'Maryland' AND City = 'Columbia')) AND (Polluted_element IN ('Soil','Air')) ORDER BY VALUE ASC",
 "sqlResult": "{-91.55} || {-90.5} || {-84.47} || {-69.38} || {-49.57} || {57.62} || {70}",
 "nlq": "What are the evolutions ordered by increasing values of pollution of Air or Soil in Columbia, Maryland?"},
{"name": "template 14",
 "sql": "SELECT Polluted_element,Type_of_pollution FROM DBdata WHERE ((State = 'Maryland' AND City = 'Aberdeen')) AND Value < -12.12",
 "sqlResult": "{Water | Chemical} || {Water | Surface water} || {Soil | Urban Activities} || {Air | Thermal}",
 "nlq": "What are the Polluted element and Type of pollution for which the evolution in Aberdeen, Maryland is lower than -12.12?"},
{"name": "template 15",
 "sql": "SELECT Polluted_element,Type_of_pollution,Value FROM DBdata WHERE ((State = 'Maryland' AND City = 'Baltimore')) AND (Polluted_element,Type_of_pollution) IN (SELECT Polluted_element,Type_of_pollution FROM DBdata WHERE ((State = 'Maryland' AND City = 'Aberdeen')) AND Value < -12.12)",
 "sqlResult": "{Water | Chemical | -53.32} || {Water | Surface water | -46.45} || {Soil | Urban Activities | 53.27} || {Air | Thermal | 46.14}",
 "nlq": "What is the evolution of pollution in Baltimore, Maryland of Polluted element and of Type of pollution for which the evolution in Aberdeen, Maryland is lower than -12.12? Please, report the corresponding Polluted element, Type of pollution, and evolution of pollution."}]
}
