AA,BB,CC,DD,Value
AA,BB,CC,DD,Value
AAgv,BBfv,CCgm,DDty,-3.6
AAgv,BBvy,CCgm,DDty,61.82
AAhl,BBdp,CCgm,DDty,-51.57
AAhl,BBjn,CCgm,DDty,-2.01
AAqs,BBvx,CCgm,DDty,-16.88
AAqs,BBmt,CCgm,DDty,-8.98
AAgv,BBfv,CCgm,DDgj,78.32
AAgv,BBvy,CCgm,DDgj,63.71
AAhl,BBdp,CCgm,DDgj,24.41
AAhl,BBjn,CCgm,DDgj,-7.99
AAqs,BBvx,CCgm,DDgj,44.67
AAqs,BBmt,CCgm,DDgj,80.23
AAgv,BBfv,CCgm,DDhm,-3.53
AAgv,BBvy,CCgm,DDhm,5.96
AAhl,BBdp,CCgm,DDhm,-52.21
AAhl,BBjn,CCgm,DDhm,-83.14
AAqs,BBvx,CCgm,DDhm,13.42
AAqs,BBmt,CCgm,DDhm,-63.82
AAgv,BBfv,CCgm,DDjp,94.22
AAgv,BBvy,CCgm,DDjp,29.83
AAhl,BBdp,CCgm,DDjp,16.8
AAhl,BBjn,CCgm,DDjp,94.21
AAqs,BBvx,CCgm,DDjp,87.66
AAqs,BBmt,CCgm,DDjp,80.9
AAgv,BBfv,CCxz,DDfy,-98.68
AAgv,BBvy,CCxz,DDfy,68.35
AAhl,BBdp,CCxz,DDfy,12.96
AAhl,BBjn,CCxz,DDfy,52.34
AAqs,BBvx,CCxz,DDfy,2.74
AAqs,BBmt,CCxz,DDfy,99.32
AAgv,BBfv,CCxz,DDks,1.25
AAgv,BBvy,CCxz,DDks,79.08
AAhl,BBdp,CCxz,DDks,49.19
AAhl,BBjn,CCxz,DDks,66.16
AAqs,BBvx,CCxz,DDks,-15.76
AAqs,BBmt,CCxz,DDks,-22.32
AAgv,BBfv,CCxz,DDnt,42.9
AAgv,BBvy,CCxz,DDnt,13.12
AAhl,BBdp,CCxz,DDnt,75.6
AAhl,BBjn,CCxz,DDnt,30.9
AAqs,BBvx,CCxz,DDnt,92.44
AAqs,BBmt,CCxz,DDnt,-22.28

