AA,BB,CC,DD,Value
AA,BB,CC,DD,Value
AAfm,BBlm,CCfk,DDby,-84.7
AAfm,BBns,CCfk,DDby,-35.91
AAfm,BBpv,CCfk,DDby,37.53
AAjs,BBlw,CCfk,DDby,-21.18
AAjs,BBkr,CCfk,DDby,-26.24
AAjs,BBky,CCfk,DDby,25.06
AAfm,BBlm,CCfk,DDrt,-6.82
AAfm,BBns,CCfk,DDrt,34.34
AAfm,BBpv,CCfk,DDrt,39.44
AAjs,BBlw,CCfk,DDrt,87.55
AAjs,BBkr,CCfk,DDrt,-65.47
AAjs,BBky,CCfk,DDrt,-56.04
AAfm,BBlm,CCfk,DDgl,-70.5
AAfm,BBns,CCfk,DDgl,0.18
AAfm,BBpv,CCfk,DDgl,99.82
AAjs,BBlw,CCfk,DDgl,10.45
AAjs,BBkr,CCfk,DDgl,-57.52
AAjs,BBky,CCfk,DDgl,-91.27
AAfm,BBlm,CCfk,DDfs,80.83
AAfm,BBns,CCfk,DDfs,-24.86
AAfm,BBpv,CCfk,DDfs,19.95
AAjs,BBlw,CCfk,DDfs,-45.49
AAjs,BBkr,CCfk,DDfs,-7.5
AAjs,BBky,CCfk,DDfs,-72.24
AAfm,BBlm,CCfk,DDmp,-32.66
AAfm,BBns,CCfk,DDmp,-9.26
AAfm,BBpv,CCfk,DDmp,71.26
AAjs,BBlw,CCfk,DDmp,-41.5
AAjs,BBkr,CCfk,DDmp,-36.1
AAjs,BBky,CCfk,DDmp,-60.38
AAfm,BBlm,CCbd,DDbq,93.83
AAfm,BBns,CCbd,DDbq,-55.41
AAfm,BBpv,CCbd,DDbq,45.03
AAjs,BBlw,CCbd,DDbq,40.24
AAjs,BBkr,CCbd,DDbq,34.6
AAjs,BBky,CCbd,DDbq,-84.98
AAfm,BBlm,CCbd,DDpt,-27.21
AAfm,BBns,CCbd,DDpt,45.81
AAfm,BBpv,CCbd,DDpt,9.51
AAjs,BBlw,CCbd,DDpt,-5.92
AAjs,BBkr,CCbd,DDpt,-52.25
AAjs,BBky,CCbd,DDpt,-48.34
AAfm,BBlm,CCbd,DDft,-81.21
AAfm,BBns,CCbd,DDft,26.03
AAfm,BBpv,CCbd,DDft,-90.67
AAjs,BBlw,CCbd,DDft,-91.16
AAjs,BBkr,CCbd,DDft,-72.42
AAjs,BBky,CCbd,DDft,-70.4

