State,City,Polluted element,Type of pollution,Value
State,City,Polluted_element,Type_of_pollution,Value
Georgia,Columbus,Water,Groundwater,25.84
Georgia,Washington,Water,Groundwater,85.9
Illinois,Champaign,Water,Groundwater,46.62
Illinois,Chicago,Water,Groundwater,96.76
Illinois,Springfield,Water,Groundwater,89
Maryland,Aberdeen,Water,Groundwater,36.07
Maryland,Baltimore,Water,Groundwater,-78.84
Maryland,Columbia,Water,Groundwater,-33.9
Georgia,Columbus,Water,Oxygen-depletion,91.46
Georgia,Washington,Water,Oxygen-depletion,5.25
Illinois,Champaign,Water,Oxygen-depletion,78.29
Illinois,Chicago,Water,Oxygen-depletion,-3.76
Illinois,Springfield,Water,Oxygen-depletion,67.06
Maryland,Aberdeen,Water,Oxygen-depletion,13.64
Maryland,Baltimore,Water,Oxygen-depletion,16.08
Maryland,Columbia,Water,Oxygen-depletion,-75.41
Georgia,Columbus,Water,Surface water,-0.36
Georgia,Washington,Water,Surface water,-4
Illinois,Champaign,Water,Surface water,45.16
Illinois,Chicago,Water,Surface water,-54.69
Illinois,Springfield,Water,Surface water,-80.77
Maryland,Aberdeen,Water,Surface water,-38.1
Maryland,Baltimore,Water,Surface water,-66.74
Maryland,Columbia,Water,Surface water,-44.3
Georgia,Columbus,Soil,Industrial,-82.06
Georgia,Washington,Soil,Industrial,-5.77
Illinois,Champaign,Soil,Industrial,42.63
Illinois,Chicago,Soil,Industrial,-14.79
Illinois,Springfield,Soil,Industrial,63.82
Maryland,Aberdeen,Soil,Industrial,-48.58
Maryland,Baltimore,Soil,Industrial,-77.35
Maryland,Columbia,Soil,Industrial,-43.35
Georgia,Columbus,Soil,Inferior Irrigation,65.37
Georgia,Washington,Soil,Inferior Irrigation,32.25
Illinois,Champaign,Soil,Inferior Irrigation,70.63
Illinois,Chicago,Soil,Inferior Irrigation,70.91
Illinois,Springfield,Soil,Inferior Irrigation,-67.23
Maryland,Aberdeen,Soil,Inferior Irrigation,-75.64
Maryland,Baltimore,Soil,Inferior Irrigation,-4.35
Maryland,Columbia,Soil,Inferior Irrigation,-33.35
Georgia,Columbus,Soil,Solid Waste,74.96
Georgia,Washington,Soil,Solid Waste,-92.39
Illinois,Champaign,Soil,Solid Waste,-34.88
Illinois,Chicago,Soil,Solid Waste,97.13
Illinois,Springfield,Soil,Solid Waste,-74.83
Maryland,Aberdeen,Soil,Solid Waste,-63.15
Maryland,Baltimore,Soil,Solid Waste,25.16
Maryland,Columbia,Soil,Solid Waste,-24.84
Georgia,Columbus,Soil,Urban Activities,-62.88
Georgia,Washington,Soil,Urban Activities,-91.83
Illinois,Champaign,Soil,Urban Activities,58.31
Illinois,Chicago,Soil,Urban Activities,36.35
Illinois,Springfield,Soil,Urban Activities,-56.72
Maryland,Aberdeen,Soil,Urban Activities,62.02
Maryland,Baltimore,Soil,Urban Activities,10.12
Maryland,Columbia,Soil,Urban Activities,-40.6
Georgia,Columbus,Air,Noise,-46.57
Georgia,Washington,Air,Noise,-82.17
Illinois,Champaign,Air,Noise,-61.08
Illinois,Chicago,Air,Noise,-82.53
Illinois,Springfield,Air,Noise,68.3
Maryland,Aberdeen,Air,Noise,97.71
Maryland,Baltimore,Air,Noise,-70.05
Maryland,Columbia,Air,Noise,49.15
Georgia,Columbus,Air,Light,-93.67
Georgia,Washington,Air,Light,84.23
Illinois,Champaign,Air,Light,96.59
Illinois,Chicago,Air,Light,49.27
Illinois,Springfield,Air,Light,49.04
Maryland,Aberdeen,Air,Light,-6.16
Maryland,Baltimore,Air,Light,67.22
Maryland,Columbia,Air,Light,0.3
