State,City,Polluted element,Type of pollution,Value
State,City,Polluted_element,Type_of_pollution,Value
Georgia,Albany,Water,Groundwater,-34.72
Georgia,Columbus,Water,Groundwater,66.81
Georgia,Washington,Water,Groundwater,-94.23
Illinois,Champaign,Water,Groundwater,-18.09
Illinois,Chicago,Water,Groundwater,40.66
Illinois,Springfield,Water,Groundwater,14.09
Georgia,Albany,Water,Oxygen-depletion,-76.07
Georgia,Columbus,Water,Oxygen-depletion,-65.18
Georgia,Washington,Water,Oxygen-depletion,33.79
Illinois,Champaign,Water,Oxygen-depletion,-72.93
Illinois,Chicago,Water,Oxygen-depletion,-9.28
Illinois,Springfield,Water,Oxygen-depletion,-42.22
Georgia,Albany,Soil,Industrial,75.07
Georgia,Columbus,Soil,Industrial,-0.14
Georgia,Washington,Soil,Industrial,10.33
Illinois,Champaign,Soil,Industrial,-91.61
Illinois,Chicago,Soil,Industrial,-85.91
Illinois,Springfield,Soil,Industrial,44.72
Georgia,Albany,Soil,Inferior Irrigation,41.62
Georgia,Columbus,Soil,Inferior Irrigation,51.84
Georgia,Washington,Soil,Inferior Irrigation,-18.38
Illinois,Champaign,Soil,Inferior Irrigation,19.21
Illinois,Chicago,Soil,Inferior Irrigation,66.38
Illinois,Springfield,Soil,Inferior Irrigation,-33.63
Georgia,Albany,Soil,Solid Waste,65.5
Georgia,Columbus,Soil,Solid Waste,-47.57
Georgia,Washington,Soil,Solid Waste,58.02
Illinois,Champaign,Soil,Solid Waste,-35.06
Illinois,Chicago,Soil,Solid Waste,-4.77
Illinois,Springfield,Soil,Solid Waste,-43.16
Georgia,Albany,Air,Light,-55.3
Georgia,Columbus,Air,Light,-41.46
Georgia,Washington,Air,Light,-19.69
Illinois,Champaign,Air,Light,77.37
Illinois,Chicago,Air,Light,-26.63
Illinois,Springfield,Air,Light,59.74
Georgia,Albany,Air,Thermal,8.3
Georgia,Columbus,Air,Thermal,-54.97
Georgia,Washington,Air,Thermal,96.52
Illinois,Champaign,Air,Thermal,6.35
Illinois,Chicago,Air,Thermal,49.32
Illinois,Springfield,Air,Thermal,-23.51
