State,City,Polluted element,Type of pollution,Value
State,City,Polluted_element,Type_of_pollution,Value
Minnesota,Hastings,Water,Groundwater,-75.79
Minnesota,Minneapolis,Water,Groundwater,-45.12
Minnesota,Rochester,Water,Groundwater,-88.16
Nevada,Boulder City,Water,Groundwater,-13.33
Nevada,Las Vegas,Water,Groundwater,97.27
Minnesota,Hastings,Water,Oxygen-depletion,-28.75
Minnesota,Minneapolis,Water,Oxygen-depletion,53.38
Minnesota,Rochester,Water,Oxygen-depletion,-15.52
Nevada,Boulder City,Water,Oxygen-depletion,-22.76
Nevada,Las Vegas,Water,Oxygen-depletion,4.35
Minnesota,Hastings,Water,Surface water,-70.55
Minnesota,Minneapolis,Water,Surface water,86.17
Minnesota,Rochester,Water,Surface water,-3.04
Nevada,Boulder City,Water,Surface water,91.23
Nevada,Las Vegas,Water,Surface water,97.2
Minnesota,Hastings,Soil,Inferior Irrigation,91.6
Minnesota,Minneapolis,Soil,Inferior Irrigation,44.67
Minnesota,Rochester,Soil,Inferior Irrigation,87.74
Nevada,Boulder City,Soil,Inferior Irrigation,15.1
Nevada,Las Vegas,Soil,Inferior Irrigation,-74.77
Minnesota,Hastings,Soil,Solid Waste,79.74
Minnesota,Minneapolis,Soil,Solid Waste,98.14
Minnesota,Rochester,Soil,Solid Waste,52
Nevada,Boulder City,Soil,Solid Waste,-33.41
Nevada,Las Vegas,Soil,Solid Waste,95.61
Minnesota,Hastings,Soil,Urban Activities,65.73
Minnesota,Minneapolis,Soil,Urban Activities,40.11
Minnesota,Rochester,Soil,Urban Activities,48.64
Nevada,Boulder City,Soil,Urban Activities,-51.93
Nevada,Las Vegas,Soil,Urban Activities,-72.62
Minnesota,Hastings,Air,Noise,-84
Minnesota,Minneapolis,Air,Noise,-76.14
Minnesota,Rochester,Air,Noise,82.87
Nevada,Boulder City,Air,Noise,65.34
Nevada,Las Vegas,Air,Noise,-76.52
Minnesota,Hastings,Air,Light,83.65
Minnesota,Minneapolis,Air,Light,39.61
Minnesota,Rochester,Air,Light,64.74
Nevada,Boulder City,Air,Light,-36.84
Nevada,Las Vegas,Air,Light,35.57
