State,City,Polluted element,Type of pollution,Value
State,City,Polluted_element,Type_of_pollution,Value
Massachusetts,Boston,Soil,Inorganic Fertilizers,56.08
Massachusetts,Cambridge,Soil,Inorganic Fertilizers,-36.47
Massachusetts,Lenox,Soil,Inorganic Fertilizers,-23.68
Michigan,Detroit,Soil,Inorganic Fertilizers,-28.19
Michigan,Flint,Soil,Inorganic Fertilizers,39.47
Minnesota,Minneapolis,Soil,Inorganic Fertilizers,39.1
Minnesota,Rochester,Soil,Inorganic Fertilizers,-25.37
Massachusetts,Boston,Soil,Industrial,27.3
Massachusetts,Cambridge,Soil,Industrial,-53.78
Massachusetts,Lenox,Soil,Industrial,24.08
Michigan,Detroit,Soil,Industrial,34.39
Michigan,Flint,Soil,Industrial,-92.47
Minnesota,Minneapolis,Soil,Industrial,-26.33
Minnesota,Rochester,Soil,Industrial,79.81
Massachusetts,Boston,Soil,Inferior Irrigation,4.9
Massachusetts,Cambridge,Soil,Inferior Irrigation,-59.54
Massachusetts,Lenox,Soil,Inferior Irrigation,-40.2
Michigan,Detroit,Soil,Inferior Irrigation,69.67
Michigan,Flint,Soil,Inferior Irrigation,76.64
Minnesota,Minneapolis,Soil,Inferior Irrigation,-7.17
Minnesota,Rochester,Soil,Inferior Irrigation,30.74
Massachusetts,Boston,Air,Noise,41.96
Massachusetts,Cambridge,Air,Noise,50.62
Massachusetts,Lenox,Air,Noise,-38.37
Michigan,Detroit,Air,Noise,61.25
Michigan,Flint,Air,Noise,-55.77
Minnesota,Minneapolis,Air,Noise,62.37
Minnesota,Rochester,Air,Noise,8.02
Massachusetts,Boston,Air,Light,-25.15
Massachusetts,Cambridge,Air,Light,90.57
Massachusetts,Lenox,Air,Light,93.4
Michigan,Detroit,Air,Light,66.14
Michigan,Flint,Air,Light,-27.05
Minnesota,Minneapolis,Air,Light,-94.37
Minnesota,Rochester,Air,Light,68.36
Massachusetts,Boston,Air,Thermal,55.44
Massachusetts,Cambridge,Air,Thermal,43.7
Massachusetts,Lenox,Air,Thermal,68.37
Michigan,Detroit,Air,Thermal,-6.43
Michigan,Flint,Air,Thermal,42.97
Minnesota,Minneapolis,Air,Thermal,8.88
Minnesota,Rochester,Air,Thermal,37.38
