AA,BB,CC,DD,Value
AA,BB,CC,DD,Value
AArwz,BBckm,CCfqs,DDbrw,-11.05
AArwz,BBmtz,CCfqs,DDbrw,-2.57
AAnvy,BBdkm,CCfqs,DDbrw,-92.2
AAnvy,BBght,CCfqs,DDbrw,78.4
AApvx,BBjmy,CCfqs,DDbrw,-12.52
AApvx,BBkvz,CCfqs,DDbrw,-72
AArwz,BBckm,CCfqs,DDfhv,68.44
AArwz,BBmtz,CCfqs,DDfhv,10.98
AAnvy,BBdkm,CCfqs,DDfhv,6.7
AAnvy,BBght,CCfqs,DDfhv,65.37
AApvx,BBjmy,CCfqs,DDfhv,-23.08
AApvx,BBkvz,CCfqs,DDfhv,83.83
AArwz,BBckm,CCfqs,DDfjr,-68.73
AArwz,BBmtz,CCfqs,DDfjr,97.87
AAnvy,BBdkm,CCfqs,DDfjr,-48.89
AAnvy,BBght,CCfqs,DDfjr,95.18
AApvx,BBjmy,CCfqs,DDfjr,77.57
AApvx,BBkvz,CCfqs,DDfjr,-88.13
AArwz,BBckm,CCfqs,DDdlm,19.03
AArwz,BBmtz,CCfqs,DDdlm,-37.23
AAnvy,BBdkm,CCfqs,DDdlm,-68.53
AAnvy,BBght,CCfqs,DDdlm,-44.97
AApvx,BBjmy,CCfqs,DDdlm,44.14
AApvx,BBkvz,CCfqs,DDdlm,-11.34
AArwz,BBckm,CCpvz,DDfgq,-57.73
AArwz,BBmtz,CCpvz,DDfgq,-20.63
AAnvy,BBdkm,CCpvz,DDfgq,-23.77
AAnvy,BBght,CCpvz,DDfgq,85.79
AApvx,BBjmy,CCpvz,DDfgq,9.96
AApvx,BBkvz,CCpvz,DDfgq,65.39
AArwz,BBckm,CCpvz,DDfpw,24.79
AArwz,BBmtz,CCpvz,DDfpw,91
AAnvy,BBdkm,CCpvz,DDfpw,13.25
AAnvy,BBght,CCpvz,DDfpw,-71.62
AApvx,BBjmy,CCpvz,DDfpw,73.29
AApvx,BBkvz,CCpvz,DDfpw,58.72
AArwz,BBckm,CCpvz,DDcfq,67.09
AArwz,BBmtz,CCpvz,DDcfq,-48.5
AAnvy,BBdkm,CCpvz,DDcfq,40.02
AAnvy,BBght,CCpvz,DDcfq,65.87
AApvx,BBjmy,CCpvz,DDcfq,86.09
AApvx,BBkvz,CCpvz,DDcfq,64.75
AArwz,BBckm,CCpvz,DDqvy,52.03
AArwz,BBmtz,CCpvz,DDqvy,-4.02
AAnvy,BBdkm,CCpvz,DDqvy,86.61
AAnvy,BBght,CCpvz,DDqvy,43.47
AApvx,BBjmy,CCpvz,DDqvy,63.22
AApvx,BBkvz,CCpvz,DDqvy,93.19
AArwz,BBckm,CChjt,DDpwz,97.33
AArwz,BBmtz,CChjt,DDpwz,-86.3
AAnvy,BBdkm,CChjt,DDpwz,-20.46
AAnvy,BBght,CChjt,DDpwz,84.4
AApvx,BBjmy,CChjt,DDpwz,-52.96
AApvx,BBkvz,CChjt,DDpwz,77.64
AArwz,BBckm,CChjt,DDgnx,-93.77
AArwz,BBmtz,CChjt,DDgnx,-65.25
AAnvy,BBdkm,CChjt,DDgnx,-95.46
AAnvy,BBght,CChjt,DDgnx,26.56
AApvx,BBjmy,CChjt,DDgnx,-60.62
AApvx,BBkvz,CChjt,DDgnx,-72.72
AArwz,BBckm,CChjt,DDdlw,87.89
AArwz,BBmtz,CChjt,DDdlw,78.04
AAnvy,BBdkm,CChjt,DDdlw,-22.49
AAnvy,BBght,CChjt,DDdlw,-54.86
AApvx,BBjmy,CChjt,DDdlw,19.57
AApvx,BBkvz,CChjt,DDdlw,-97.1

