{
"filename": "Evolution_of_pollution_in_percent_set5_4_DB.csv",
"questions": [{"name": "template 1",
 "sql": "SELECT Value FROM DBdata WHERE ((State = 'Illinois' AND City = 'Champaign')) AND ((Polluted_element = 'Soil' AND Type_of_pollution = 'Urban Activities'))",
 "sqlResult": "{-41.5}",
 "nlq": "What is the evolution of Urban Activities pollution in Champaign, Illinois?"},
{"name": "template 2",
 "sql": "SELECT Value FROM DBdata WHERE ((State = 'Illinois' AND City = 'Champaign')) AND ((Polluted_element = 'Soil' AND Type_of_pollution = 'Inorganic Fertilizers') OR (Polluted_element = 'Air' AND Type_of_pollution = 'Light'))",
 "sqlResult": "{-21.18} || {-5.92}",
 "nlq": "What is the evolution of Inorganic Fertilizers or Light pollution in Champaign, Illinois?"},
{"name": "template 3",
 "sql": "SELECT Value FROM DBdata WHERE ((State = 'Illinois' AND City = 'Champaign') OR (State = 'Illinois' AND City = 'Springfield')) AND ((Polluted_element = 'Soil' AND Type_of_pollution = 'Inorganic Fertilizers'))",
 "sqlResult": "{-21.18} || {25.06}",
 "nlq": "What is the evolution of Inorganic Fertilizers pollution in Champaign or Springfield, Illinois?"},
{"name": "template 4",
 "sql": "SELECT avg(Value),max(Value) FROM DBdata WHERE ((State = 'Georgia' AND City = 'Albany') OR (State = 'Georgia' AND City = 'Columbus') OR (State = 'Georgia' AND City = 'Washington') OR (State = 'Illinois' AND City = 'Champaign') OR (State = 'Illinois' AND City = 'Springfield')) AND ((Polluted_element = 'Soil' AND Type_of_pollution = 'Industrial'))",
 "sqlResult": "{19.69 | 87.55}",
 "nlq": "What are the average and maximum evolutions of Industrial pollution in Albany, Columbus, or Washington, Georgia or Champaign or Springfield, Illinois?"},
{"name": "template 6",
 "sql": "SELECT Value FROM DBdata WHERE ((State = 'Georgia' AND City = 'Albany') OR (State = 'Georgia' AND City = 'Washington') OR (State = 'Illinois' AND City = 'Chicago') OR (State = 'Illinois' AND City = 'Springfield')) AND ((Polluted_element = 'Soil' AND Type_of_pollution = 'Industrial') OR (Polluted_element = 'Soil' AND Type_of_pollution = 'Inferior Irrigation'))",
 "sqlResult": "{-6.82} || {39.44} || {-65.47} || {-56.04} || {-70.5} || {99.82} || {-57.52} || {-91.27}",
 "nlq": "What is the evolution of Industrial or Inferior Irrigation pollution in Albany or Washington, Georgia or Chicago or Springfield, Illinois?"},
{"name": "template 7",
 "sql": "SELECT min(Value),sum(Value) FROM DBdata WHERE ((State = 'Illinois' AND City = 'Chicago')) AND ((Polluted_element = 'Soil' AND Type_of_pollution = 'Solid Waste') OR (Polluted_element = 'Air' AND Type_of_pollution = 'Light') OR (Polluted_element = 'Air' AND Type_of_pollution = 'Thermal'))",
 "sqlResult": "{-72.42 | -132.17}",
 "nlq": "What are the minimum and total evolutions of Light, Solid Waste, or Thermal pollution in Chicago, Illinois?"},
{"name": "template 8",
 "sql": "SELECT State,City,sum(Value),avg(Value) FROM DBdata WHERE ((State = 'Georgia' AND City = 'Columbus') OR (State = 'Illinois' AND City = 'Chicago')) AND ((Polluted_element = 'Soil' AND Type_of_pollution = 'Industrial') OR (Polluted_element = 'Soil' AND Type_of_pollution = 'Inferior Irrigation') OR (Polluted_element = 'Soil' AND Type_of_pollution = 'Solid Waste') OR (Polluted_element = 'Air' AND Type_of_pollution = 'Light') OR (Polluted_element = 'Air' AND Type_of_pollution = 'Thermal')) GROUP BY State,City",
 "sqlResult": "{Georgia | Columbus | 81.5 | 16.3} || {Illinois | Chicago | -255.16 | -51.03}",
 "nlq": "What are the total and average evolutions for each State and City, of Industrial, Inferior Irrigation, Light, Solid Waste, or Thermal pollution in Chicago, Illinois or Columbus, Georgia? Please, report the corresponding State and City."},
{"name": "template 9",
 "sql": "SELECT min(Value) FROM DBdata WHERE ((State = 'Georgia' AND City = 'Albany')) AND (Polluted_element IN ('Soil','Air')) GROUP BY Polluted_element",
 "sqlResult": "{-81.21} || {-84.7}",
 "nlq": "What is the minimum evolution of pollution for each Polluted element, of Air or Soil in Albany, Georgia?"},
{"name": "template 10",
 "sql": "SELECT Polluted_element,avg(Value) FROM DBdata WHERE ((State = 'Georgia' AND City = 'Albany')) AND (Polluted_element IN ('Soil','Air')) GROUP BY Polluted_element",
 "sqlResult": "{Air | -4.86} || {Soil | -22.77}",
 "nlq": "What is the average evolution of pollution for each Polluted element, of Air or Soil in Albany, Georgia? Please, report the corresponding Polluted element."},
{"name": "template 11",
 "sql": "SELECT Polluted_element,State,City,avg(Value) FROM DBdata WHERE ((State = 'Georgia' AND City = 'Washington') OR (State = 'Illinois' AND City = 'Champaign') OR (State = 'Illinois' AND City = 'Chicago')) AND (Polluted_element IN ('Soil','Air')) GROUP BY Polluted_element,State,City",
 "sqlResult": "{Air | Georgia | Washington | -12.04} || {Air | Illinois | Champaign | -18.95} || {Air | Illinois | Chicago | -30.02} || {Soil | Georgia | Washington | 53.6} || {Soil | Illinois | Champaign | -2.03} || {Soil | Illinois | Chicago | -38.57}",
 "nlq": "What is the average evolution of pollution for each Polluted element, State, and City, of Air or Soil in Champaign or Chicago, Illinois or Washington, Georgia? Please, report the corresponding Polluted element, State, and City."},
{"name": "template 12",
 "sql": "SELECT Value FROM DBdata WHERE ((State = 'Georgia' AND City = 'Albany')) AND (Polluted_element IN ('Soil','Air')) ORDER BY VALUE ASC LIMIT 2",
 "sqlResult": "{-84.7} || {-81.21}",
 "nlq": "What are the bottom 2 evolutions of pollution of Air or Soil in Albany, Georgia?"},
{"name": "template 13",
 "sql": "SELECT Value FROM DBdata WHERE ((State = 'Illinois' AND City = 'Chicago')) AND (Polluted_element IN ('Soil','Air')) ORDER BY VALUE DESC",
 "sqlResult": "{34.6} || {-7.5} || {-26.24} || {-36.1} || {-52.25} || {-57.52} || {-65.47} || {-72.42}",
 "nlq": "What are the evolutions ordered by decreasing values of pollution of Air or Soil in Chicago, Illinois?"},
{"name": "template 14",
 "sql": "SELECT Polluted_element,Type_of_pollution FROM DBdata WHERE ((State = 'Georgia' AND City = 'Washington')) AND Value > -15.09",
 "sqlResult": "{Soil | Inorganic Fertilizers} || {Soil | Industrial} || {Soil | Inferior Irrigation} || {Soil | Solid Waste} || {Soil | Urban Activities} || {Air | Noise} || {Air | Light}",
 "nlq": "What are the Polluted element and Type of pollution for which the evolution in Washington, Georgia is greater than -15.09?"},
{"name": "template 15",
 "sql": "SELECT Polluted_element,Type_of_pollution,Value FROM DBdata WHERE ((State = 'Illinois' AND City = 'Chicago')) AND (Polluted_element,Type_of_pollution) IN (SELECT Polluted_element,Type_of_pollution FROM DBdata WHERE ((State = 'Georgia' AND City = 'Washington')) AND Value > -15.09)",
 "sqlResult": "{Soil | Inorganic Fertilizers | -26.24} || {Soil | Industrial | -65.47} || {Soil | Inferior Irrigation | -57.52} || {Soil | Solid Waste | -7.5} || {Soil | Urban Activities | -36.1} || {Air | Noise | 34.6} || {Air | Light | -52.25}",
 "nlq": "What is the evolution of pollution in Chicago, Illinois of Polluted element and of Type of pollution for which the evolution in Washington, Georgia is greater than -15.09? Please, report the corresponding Polluted element, Type of pollution, and evolution of pollution."}]
}
