AA,BB,CC,DD,Value
AA,BB,CC,DD,Value
AAfr,BBmt,CCpt,DDpq,-28.49
AAfr,BBfp,CCpt,DDpq,-0.29
AAcm,BBgn,CCpt,DDpq,-33.94
AAcm,BBmq,CCpt,DDpq,-14.17
AAcm,BBpr,CCpt,DDpq,60.75
AAfr,BBmt,CCpt,DDpy,-8.51
AAfr,BBfp,CCpt,DDpy,50.57
AAcm,BBgn,CCpt,DDpy,-48.18
AAcm,BBmq,CCpt,DDpy,55.34
AAcm,BBpr,CCpt,DDpy,68.36
AAfr,BBmt,CCst,DDnv,-75.69
AAfr,BBfp,CCst,DDnv,-10.51
AAcm,BBgn,CCst,DDnv,84.21
AAcm,BBmq,CCst,DDnv,13.15
AAcm,BBpr,CCst,DDnv,-39.66
AAfr,BBmt,CCst,DDkn,72.46
AAfr,BBfp,CCst,DDkn,-31.24
AAcm,BBgn,CCst,DDkn,52.07
AAcm,BBmq,CCst,DDkn,2.56
AAcm,BBpr,CCst,DDkn,85.55
AAfr,BBmt,CCst,DDcv,-76.5
AAfr,BBfp,CCst,DDcv,3.19
AAcm,BBgn,CCst,DDcv,68.78
AAcm,BBmq,CCst,DDcv,92.93
AAcm,BBpr,CCst,DDcv,-78.61
AAfr,BBmt,CCst,DDkq,-71.76
AAfr,BBfp,CCst,DDkq,58.67
AAcm,BBgn,CCst,DDkq,31.58
AAcm,BBmq,CCst,DDkq,-88.4
AAcm,BBpr,CCst,DDkq,-48.65
AAfr,BBmt,CCst,DDgp,-1.67
AAfr,BBfp,CCst,DDgp,31.8
AAcm,BBgn,CCst,DDgp,-4.73
AAcm,BBmq,CCst,DDgp,-70.32
AAcm,BBpr,CCst,DDgp,83.05

