{
"filename": "Number_of_accidents_set42_1_DB.csv",
"questions": [{"name": "template 1",
 "sql": "SELECT Value FROM DBdata WHERE (Gender IN ('Female')) AND ((Event = 'Traffic' AND Severity = 'Slight'))",
 "sqlResult": "{37}",
 "nlq": "What is the number of Slight Traffic accidents involving Female casualties?"},
{"name": "template 2",
 "sql": "SELECT Value FROM DBdata WHERE (Gender IN ('Male')) AND ((Event = 'Drowning' AND Severity = 'Slight') OR (Event = 'Traffic' AND Severity = 'Serious') OR (Event = 'Traffic' AND Severity = 'Fatal'))",
 "sqlResult": "{99} || {46} || {35}",
 "nlq": "What is the number of Fatal or Serious Traffic or Slight Drowning accidents involving Male casualties?"},
{"name": "template 3",
 "sql": "SELECT Value FROM DBdata WHERE (Gender IN ('Male','Female')) AND ((Event = 'Drowning' AND Severity = 'Serious'))",
 "sqlResult": "{87} || {67}",
 "nlq": "What is the number of Serious Drowning accidents involving Female or Male casualties?"},
{"name": "template 4",
 "sql": "SELECT sum(Value),max(Value) FROM DBdata WHERE (Gender IN ('Male','Female')) AND ((Event = 'Drowning' AND Severity = 'Slight'))",
 "sqlResult": "{110 | 99}",
 "nlq": "What are the total and maximum numbers of Slight Drowning accidents involving Female or Male casualties?"},
{"name": "template 6",
 "sql": "SELECT Value FROM DBdata WHERE (Gender IN ('Male')) AND ((Event = 'Traffic' AND Severity = 'Serious') OR (Event = 'Traffic' AND Severity = 'Fatal'))",
 "sqlResult": "{46} || {35}",
 "nlq": "What is the number of Fatal or Serious Traffic accidents involving Male casualties?"},
{"name": "template 7",
 "sql": "SELECT min(Value),avg(Value) FROM DBdata WHERE (Gender IN ('Female')) AND ((Event = 'Traffic' AND Severity = 'Slight') OR (Event = 'Drowning' AND Severity = 'Slight') OR (Event = 'Traffic' AND Severity = 'Serious') OR (Event = 'Traffic' AND Severity = 'Fatal') OR (Event = 'Drowning' AND Severity = 'Fatal'))",
 "sqlResult": "{11 | 39.2}",
 "nlq": "What are the minimum and average numbers of Fatal or Slight Drowning or Fatal, Serious, or Slight Traffic accidents involving Female casualties?"},
{"name": "template 8",
 "sql": "SELECT Gender,sum(Value),max(Value) FROM DBdata WHERE (Gender IN ('Male')) AND ((Event = 'Traffic' AND Severity = 'Slight') OR (Event = 'Traffic' AND Severity = 'Serious') OR (Event = 'Drowning' AND Severity = 'Serious') OR (Event = 'Traffic' AND Severity = 'Fatal') OR (Event = 'Drowning' AND Severity = 'Fatal')) GROUP BY Gender",
 "sqlResult": "{Male | 301 | 87}",
 "nlq": "What are the total and maximum numbers for each Gender, of Fatal or Serious Drowning or Fatal, Serious, or Slight Traffic accidents involving Male casualties? Please, report the corresponding Gender."},
{"name": "template 9",
 "sql": "SELECT min(Value) FROM DBdata WHERE (Gender IN ('Male')) AND (Event IN ('Traffic','Drowning')) GROUP BY Event",
 "sqlResult": "{75} || {35}",
 "nlq": "What is the minimum number for each Event, of Drowning or Traffic accidents involving Male casualties?"},
{"name": "template 10",
 "sql": "SELECT Event,avg(Value) FROM DBdata WHERE (Gender IN ('Female')) AND (Event IN ('Traffic','Drowning')) GROUP BY Event",
 "sqlResult": "{Drowning | 43.67} || {Traffic | 44}",
 "nlq": "What is the average number for each Event, of Drowning or Traffic accidents involving Female casualties? Please, report the corresponding Event."},
{"name": "template 11",
 "sql": "SELECT Event,Gender,sum(Value) FROM DBdata WHERE (Gender IN ('Male')) AND (Event IN ('Traffic','Drowning')) GROUP BY Event,Gender",
 "sqlResult": "{Drowning | Male | 261} || {Traffic | Male | 139}",
 "nlq": "What is the total number for each Event and Gender, of Drowning or Traffic accidents involving Male casualties? Please, report the corresponding Event and Gender."},
{"name": "template 12",
 "sql": "SELECT Value FROM DBdata WHERE (Gender IN ('Male')) AND (Event IN ('Traffic','Drowning')) ORDER BY VALUE DESC LIMIT 2",
 "sqlResult": "{99} || {87}",
 "nlq": "What are the largest 2 numbers of Drowning or Traffic accidents involving Male casualties?"},
{"name": "template 13",
 "sql": "SELECT Value FROM DBdata WHERE (Gender IN ('Female')) AND (Event IN ('Traffic','Drowning')) ORDER BY VALUE ASC",
 "sqlResult": "{11} || {37} || {40} || {53} || {55} || {67}",
 "nlq": "What are the numbers ordered by increasing values of Drowning or Traffic accidents involving Female casualties?"},
{"name": "template 14",
 "sql": "SELECT Event,Severity FROM DBdata WHERE (Gender IN ('Female')) AND Value > 55.25",
 "sqlResult": "{Drowning | Serious}",
 "nlq": "What are the Event and Severity for which the number of accidents involving Female casualties is greater than 55.25?"},
{"name": "template 15",
 "sql": "SELECT Event,Severity,Value FROM DBdata WHERE (Gender IN ('Male')) AND (Event,Severity) IN (SELECT Event,Severity FROM DBdata WHERE (Gender IN ('Female')) AND Value > 55.25)",
 "sqlResult": "{Drowning | Serious | 87}",
 "nlq": "What is the number of accidents involving Male casualties of Event and of Severity for which the number of accidents involving Female casualties is greater than 55.25? Please, report the corresponding Event, Severity, and number of accidents."}]
}
