{
"filename": "Number_of_accidents_set38_5_DB.csv",
"questions": [{"name": "template 1",
 "sql": "SELECT Value FROM DBdata WHERE (Gender IN ('Male')) AND ((Severity = 'Fatal' AND Event = 'Drowning'))",
 "sqlResult": "{12}",
 "nlq": "What is the number of Fatal Drowning accidents involving Male casualties?"},
{"name": "template 2",
 "sql": "SELECT Value FROM DBdata WHERE (Gender IN ('Female')) AND ((Severity = 'Serious' AND Event = 'Traffic') OR (Severity = 'Serious' AND Event = 'Drowning') OR (Severity = 'Fatal' AND Event = 'Traffic'))",
 "sqlResult": "{84} || {33} || {60}",
 "nlq": "What is the number of Fatal or Serious Traffic or Serious Drowning accidents involving Female casualties?"},
{"name": "template 3",
 "sql": "SELECT Value FROM DBdata WHERE (Gender IN ('Male','Female')) AND ((Severity = 'Fatal' AND Event = 'Fire'))",
 "sqlResult": "{62} || {23}",
 "nlq": "What is the number of Fatal Fire accidents involving Female or Male casualties?"},
{"name": "template 4",
 "sql": "SELECT max(Value),min(Value) FROM DBdata WHERE (Gender IN ('Male')) AND ((Severity = 'Fatal' AND Event = 'Drowning'))",
 "sqlResult": "{12 | 12}",
 "nlq": "What are the maximum and minimum numbers of Fatal Drowning accidents involving Male casualties?"},
{"name": "template 6",
 "sql": "SELECT Value FROM DBdata WHERE (Gender IN ('Male','Female')) AND ((Severity = 'Serious' AND Event = 'Drowning') OR (Severity = 'Fatal' AND Event = 'Fire') OR (Severity = 'Fatal' AND Event = 'Traffic') OR (Severity = 'Fatal' AND Event = 'Drowning'))",
 "sqlResult": "{27} || {33} || {62} || {23} || {73} || {60} || {12} || {76}",
 "nlq": "What is the number of Fatal Fire or Traffic or Fatal or Serious Drowning accidents involving Female or Male casualties?"},
{"name": "template 7",
 "sql": "SELECT avg(Value),max(Value) FROM DBdata WHERE (Gender IN ('Female')) AND ((Severity = 'Serious' AND Event = 'Drowning') OR (Severity = 'Fatal' AND Event = 'Fire') OR (Severity = 'Fatal' AND Event = 'Traffic'))",
 "sqlResult": "{38.67 | 60}",
 "nlq": "What are the average and maximum numbers of Fatal Fire or Traffic or Serious Drowning accidents involving Female casualties?"},
{"name": "template 8",
 "sql": "SELECT Gender,min(Value),avg(Value) FROM DBdata WHERE (Gender IN ('Female')) AND ((Severity = 'Serious' AND Event = 'Drowning') OR (Severity = 'Fatal' AND Event = 'Traffic')) GROUP BY Gender",
 "sqlResult": "{Female | 33 | 46.5}",
 "nlq": "What are the minimum and average numbers for each Gender, of Fatal Traffic or Serious Drowning accidents involving Female casualties? Please, report the corresponding Gender."},
{"name": "template 9",
 "sql": "SELECT min(Value) FROM DBdata WHERE (Gender IN ('Male')) AND (Severity IN ('Serious','Fatal')) GROUP BY Severity",
 "sqlResult": "{12} || {21}",
 "nlq": "What is the minimum number for each Severity, of Fatal or Serious accidents involving Male casualties?"},
{"name": "template 10",
 "sql": "SELECT Severity,min(Value) FROM DBdata WHERE (Gender IN ('Female')) AND (Severity IN ('Serious','Fatal')) GROUP BY Severity",
 "sqlResult": "{Fatal | 23} || {Serious | 16}",
 "nlq": "What is the minimum number for each Severity, of Fatal or Serious accidents involving Female casualties? Please, report the corresponding Severity."},
{"name": "template 11",
 "sql": "SELECT Severity,Gender,max(Value) FROM DBdata WHERE (Gender IN ('Male','Female')) AND (Severity IN ('Serious','Fatal')) GROUP BY Severity,Gender",
 "sqlResult": "{Fatal | Female | 76} || {Fatal | Male | 73} || {Serious | Female | 84} || {Serious | Male | 27}",
 "nlq": "What is the maximum number for each Severity and Gender, of Fatal or Serious accidents involving Female or Male casualties? Please, report the corresponding Severity and Gender."},
{"name": "template 12",
 "sql": "SELECT Value FROM DBdata WHERE (Gender IN ('Female')) AND (Severity IN ('Serious','Fatal')) ORDER BY VALUE DESC LIMIT 5",
 "sqlResult": "{84} || {76} || {60} || {33} || {23}",
 "nlq": "What are the largest 5 numbers of Fatal or Serious accidents involving Female casualties?"},
{"name": "template 13",
 "sql": "SELECT Value FROM DBdata WHERE (Gender IN ('Female')) AND (Severity IN ('Serious','Fatal')) ORDER BY VALUE DESC",
 "sqlResult": "{84} || {76} || {60} || {33} || {23} || {16}",
 "nlq": "What are the numbers ordered by decreasing values of Fatal or Serious accidents involving Female casualties?"},
{"name": "template 14",
 "sql": "SELECT Severity,Event FROM DBdata WHERE (Gender IN ('Male')) AND Value < 42.42",
 "sqlResult": "{Serious | Fire} || {Serious | Traffic} || {Serious | Drowning} || {Fatal | Drowning}",
 "nlq": "What are the Severity and Event for which the number of accidents involving Male casualties is lower than 42.42?"},
{"name": "template 15",
 "sql": "SELECT Severity,Event,Value FROM DBdata WHERE (Gender IN ('Female')) AND (Severity,Event) IN (SELECT Severity,Event FROM DBdata WHERE (Gender IN ('Male')) AND Value < 42.42)",
 "sqlResult": "{Serious | Fire | 16} || {Serious | Traffic | 84} || {Serious | Drowning | 33} || {Fatal | Drowning | 76}",
 "nlq": "What is the number of accidents involving Female casualties of Severity and of Event for which the number of accidents involving Male casualties is lower than 42.42? Please, report the corresponding Severity, Event, and number of accidents."}]
}
