{
"filename": "Number_of_accidents_set48_1_DB.csv",
"questions": [{"name": "template 1",
 "sql": "SELECT Value FROM DBdata WHERE (AA IN ('AAgy')) AND ((BB = 'BBcy' AND CC = 'CCwx'))",
 "sqlResult": "{92}",
 "nlq": "What is the number of CCwx BBcy accidents involving AAgy casualties?"},
{"name": "template 2",
 "sql": "SELECT Value FROM DBdata WHERE (AA IN ('AAvz')) AND ((BB = 'BBkz' AND CC = 'CCwx'))",
 "sqlResult": "{76}",
 "nlq": "What is the number of CCwx BBkz accidents involving AAvz casualties?"},
{"name": "template 3",
 "sql": "SELECT Value FROM DBdata WHERE (AA IN ('AAvz','AAgy')) AND ((BB = 'BBkz' AND CC = 'CCwx'))",
 "sqlResult": "{76} || {28}",
 "nlq": "What is the number of CCwx BBkz accidents involving AAgy or AAvz casualties?"},
{"name": "template 4",
 "sql": "SELECT sum(Value),min(Value) FROM DBdata WHERE (AA IN ('AAvz')) AND ((BB = 'BBcy' AND CC = 'CCwx'))",
 "sqlResult": "{89 | 89}",
 "nlq": "What are the total and minimum numbers of CCwx BBcy accidents involving AAvz casualties?"},
{"name": "template 6",
 "sql": "SELECT Value FROM DBdata WHERE (AA IN ('AAvz','AAgy')) AND ((BB = 'BBcy' AND CC = 'CCwx') OR (BB = 'BBkz' AND CC = 'CCwx'))",
 "sqlResult": "{89} || {92} || {76} || {28}",
 "nlq": "What is the number of CCwx BBcy or BBkz accidents involving AAgy or AAvz casualties?"},
{"name": "template 7",
 "sql": "SELECT sum(Value),avg(Value) FROM DBdata WHERE (AA IN ('AAvz')) AND ((BB = 'BBcy' AND CC = 'CCwx'))",
 "sqlResult": "{89 | 89}",
 "nlq": "What are the total and average numbers of CCwx BBcy accidents involving AAvz casualties?"},
{"name": "template 8",
 "sql": "SELECT AA,sum(Value),avg(Value) FROM DBdata WHERE (AA IN ('AAvz','AAgy')) AND ((BB = 'BBcy' AND CC = 'CCwx') OR (BB = 'BBkz' AND CC = 'CCwx')) GROUP BY AA",
 "sqlResult": "{AAgy | 120 | 60} || {AAvz | 165 | 82.5}",
 "nlq": "What are the total and average numbers for each AA, of CCwx BBcy or BBkz accidents involving AAgy or AAvz casualties? Please, report the corresponding AA."},
{"name": "template 9",
 "sql": "SELECT min(Value) FROM DBdata WHERE (AA IN ('AAgy')) AND (BB IN ('BBcy','BBkz')) GROUP BY BB",
 "sqlResult": "{92} || {28}",
 "nlq": "What is the minimum number for each BB, of BBcy or BBkz accidents involving AAgy casualties?"},
{"name": "template 10",
 "sql": "SELECT BB,sum(Value) FROM DBdata WHERE (AA IN ('AAgy')) AND (BB IN ('BBcy','BBkz')) GROUP BY BB",
 "sqlResult": "{BBcy | 92} || {BBkz | 28}",
 "nlq": "What is the total number for each BB, of BBcy or BBkz accidents involving AAgy casualties? Please, report the corresponding BB."},
{"name": "template 11",
 "sql": "SELECT BB,AA,avg(Value) FROM DBdata WHERE (AA IN ('AAvz','AAgy')) AND (BB IN ('BBcy','BBkz')) GROUP BY BB,AA",
 "sqlResult": "{BBcy | AAgy | 92} || {BBcy | AAvz | 89} || {BBkz | AAgy | 28} || {BBkz | AAvz | 76}",
 "nlq": "What is the average number for each BB and AA, of BBcy or BBkz accidents involving AAgy or AAvz casualties? Please, report the corresponding BB and AA."},
{"name": "template 12",
 "sql": "SELECT Value FROM DBdata WHERE (AA IN ('AAgy')) AND (BB IN ('BBcy','BBkz')) ORDER BY VALUE ASC LIMIT 2",
 "sqlResult": "{28} || {92}",
 "nlq": "What are the smallest 2 numbers of BBcy or BBkz accidents involving AAgy casualties?"},
{"name": "template 13",
 "sql": "SELECT Value FROM DBdata WHERE (AA IN ('AAvz')) AND (BB IN ('BBcy','BBkz')) ORDER BY VALUE ASC",
 "sqlResult": "{76} || {89}",
 "nlq": "What are the numbers ordered by increasing values of BBcy or BBkz accidents involving AAvz casualties?"},
{"name": "template 14",
 "sql": "SELECT BB,CC FROM DBdata WHERE (AA IN ('AAgy')) AND Value < 71.25",
 "sqlResult": "{BBkz | CCwx}",
 "nlq": "What are the BB and CC for which the number of accidents involving AAgy casualties is lower than 71.25?"},
{"name": "template 15",
 "sql": "SELECT BB,CC,Value FROM DBdata WHERE (AA IN ('AAvz')) AND (BB,CC) IN (SELECT BB,CC FROM DBdata WHERE (AA IN ('AAgy')) AND Value < 71.25)",
 "sqlResult": "{BBkz | CCwx | 76}",
 "nlq": "What is the number of accidents involving AAvz casualties of BB and of CC for which the number of accidents involving AAgy casualties is lower than 71.25? Please, report the corresponding BB, CC, and number of accidents."}]
}

