{
"filename": "Number_of_accidents_set1_3_DB.csv",
"questions": [{"name": "template 1",
 "sql": "SELECT Value FROM DBdata WHERE (Gender IN ('Male')) AND (Event IN ('Drowning'))",
 "sqlResult": "{71}",
 "nlq": "What is the number of Drowning accidents involving Male casualties?"},
{"name": "template 2",
 "sql": "SELECT Value FROM DBdata WHERE (Gender IN ('Female')) AND (Event IN ('Traffic','Drowning'))",
 "sqlResult": "{20} || {32}",
 "nlq": "What is the number of Drowning or Traffic accidents involving Female casualties?"},
{"name": "template 3",
 "sql": "SELECT Value FROM DBdata WHERE (Gender IN ('Male','Female')) AND (Event IN ('Traffic'))",
 "sqlResult": "{72} || {20}",
 "nlq": "What is the number of Traffic accidents involving Female or Male casualties?"},
{"name": "template 4",
 "sql": "SELECT max(Value),avg(Value) FROM DBdata WHERE (Gender IN ('Male','Female')) AND (Event IN ('Drowning'))",
 "sqlResult": "{71 | 51.5}",
 "nlq": "What are the maximum and average numbers of Drowning accidents involving Female or Male casualties?"},
{"name": "template 6",
 "sql": "SELECT Value FROM DBdata WHERE (Gender IN ('Male','Female')) AND (Event IN ('Drowning'))",
 "sqlResult": "{71} || {32}",
 "nlq": "What is the number of Drowning accidents involving Female or Male casualties?"},
{"name": "template 7",
 "sql": "SELECT max(Value),avg(Value) FROM DBdata WHERE (Gender IN ('Female')) AND (Event IN ('Traffic'))",
 "sqlResult": "{20 | 20}",
 "nlq": "What are the maximum and average numbers of Traffic accidents involving Female casualties?"},
{"name": "template 8",
 "sql": "SELECT Gender,sum(Value),min(Value) FROM DBdata WHERE (Gender IN ('Male')) AND (Event IN ('Drowning')) GROUP BY Gender",
 "sqlResult": "{Male | 71 | 71}",
 "nlq": "What are the total and minimum numbers for each Gender, of Drowning accidents involving Male casualties? Please, report the corresponding Gender."},
{"name": "template 9",
 "sql": "SELECT min(Value) FROM DBdata WHERE (Gender IN ('Female')) AND (Event IN ('Traffic','Drowning')) GROUP BY Event",
 "sqlResult": "{32} || {20}",
 "nlq": "What is the minimum number for each Event, of Drowning or Traffic accidents involving Female casualties?"},
{"name": "template 10",
 "sql": "SELECT Event,avg(Value) FROM DBdata WHERE (Gender IN ('Female')) AND (Event IN ('Traffic','Drowning')) GROUP BY Event",
 "sqlResult": "{Drowning | 32} || {Traffic | 20}",
 "nlq": "What is the average number for each Event, of Drowning or Traffic accidents involving Female casualties? Please, report the corresponding Event."},
{"name": "template 11",
 "sql": "SELECT Event,Gender,max(Value) FROM DBdata WHERE (Gender IN ('Male','Female')) AND (Event IN ('Traffic','Drowning')) GROUP BY Event,Gender",
 "sqlResult": "{Drowning | Female | 32} || {Drowning | Male | 71} || {Traffic | Female | 20} || {Traffic | Male | 72}",
 "nlq": "What is the maximum number for each Event and Gender, of Drowning or Traffic accidents involving Female or Male casualties? Please, report the corresponding Event and Gender."},
{"name": "template 12",
 "sql": "SELECT Value FROM DBdata WHERE (Gender IN ('Male')) AND (Event IN ('Traffic','Drowning')) ORDER BY VALUE DESC LIMIT 2",
 "sqlResult": "{72} || {71}",
 "nlq": "What are the largest 2 numbers of Drowning or Traffic accidents involving Male casualties?"},
{"name": "template 13",
 "sql": "SELECT Value FROM DBdata WHERE (Gender IN ('Male')) AND (Event IN ('Traffic','Drowning')) ORDER BY VALUE DESC",
 "sqlResult": "{72} || {71}",
 "nlq": "What are the numbers ordered by decreasing values of Drowning or Traffic accidents involving Male casualties?"},
{"name": "template 14",
 "sql": "SELECT Event FROM DBdata WHERE (Gender IN ('Female')) AND Value < 48.75",
 "sqlResult": "{Traffic} || {Drowning}",
 "nlq": "What is the Event for which the number of accidents involving Female casualties is lower than 48.75?"},
{"name": "template 15",
 "sql": "SELECT Event,Value FROM DBdata WHERE (Gender IN ('Male')) AND (Event) IN (SELECT Event FROM DBdata WHERE (Gender IN ('Female')) AND Value < 48.75)",
 "sqlResult": "{Traffic | 72} || {Drowning | 71}",
 "nlq": "What is the number of accidents involving Male casualties of Event for which the number of accidents involving Female casualties is lower than 48.75? Please, report the corresponding Event and number of accidents."}]
}
