{
"filename": "Number_of_accidents_set44_2_DB.csv",
"questions": [{"name": "template 1",
 "sql": "SELECT Value FROM DBdata WHERE (Gender IN ('Female')) AND ((Severity = 'Fatal' AND Event = 'Traffic'))",
 "sqlResult": "{100}",
 "nlq": "What is the number of Fatal Traffic accidents involving Female casualties?"},
{"name": "template 2",
 "sql": "SELECT Value FROM DBdata WHERE (Gender IN ('Male')) AND ((Severity = 'Serious' AND Event = 'Fire') OR (Severity = 'Serious' AND Event = 'Traffic') OR (Severity = 'Fatal' AND Event = 'Fire') OR (Severity = 'Fatal' AND Event = 'Traffic'))",
 "sqlResult": "{95} || {22} || {15} || {98}",
 "nlq": "What is the number of Fatal or Serious Fire or Traffic accidents involving Male casualties?"},
{"name": "template 3",
 "sql": "SELECT Value FROM DBdata WHERE (Gender IN ('Male','Female')) AND ((Severity = 'Fatal' AND Event = 'Fire'))",
 "sqlResult": "{15} || {90}",
 "nlq": "What is the number of Fatal Fire accidents involving Female or Male casualties?"},
{"name": "template 4",
 "sql": "SELECT max(Value),sum(Value) FROM DBdata WHERE (Gender IN ('Female')) AND ((Severity = 'Fatal' AND Event = 'Fire'))",
 "sqlResult": "{90 | 90}",
 "nlq": "What are the maximum and total numbers of Fatal Fire accidents involving Female casualties?"},
{"name": "template 6",
 "sql": "SELECT Value FROM DBdata WHERE (Gender IN ('Male')) AND ((Severity = 'Serious' AND Event = 'Traffic') OR (Severity = 'Fatal' AND Event = 'Traffic'))",
 "sqlResult": "{22} || {98}",
 "nlq": "What is the number of Fatal or Serious Traffic accidents involving Male casualties?"},
{"name": "template 7",
 "sql": "SELECT sum(Value),max(Value) FROM DBdata WHERE (Gender IN ('Female')) AND ((Severity = 'Fatal' AND Event = 'Fire') OR (Severity = 'Fatal' AND Event = 'Traffic'))",
 "sqlResult": "{190 | 100}",
 "nlq": "What are the total and maximum numbers of Fatal Fire or Traffic accidents involving Female casualties?"},
{"name": "template 8",
 "sql": "SELECT Gender,sum(Value),avg(Value) FROM DBdata WHERE (Gender IN ('Male','Female')) AND ((Severity = 'Serious' AND Event = 'Fire') OR (Severity = 'Serious' AND Event = 'Traffic') OR (Severity = 'Fatal' AND Event = 'Fire') OR (Severity = 'Fatal' AND Event = 'Traffic')) GROUP BY Gender",
 "sqlResult": "{Female | 255 | 63.75} || {Male | 230 | 57.5}",
 "nlq": "What are the total and average numbers for each Gender, of Fatal or Serious Fire or Traffic accidents involving Female or Male casualties? Please, report the corresponding Gender."},
{"name": "template 9",
 "sql": "SELECT min(Value) FROM DBdata WHERE (Gender IN ('Male')) AND (Severity IN ('Serious','Fatal')) GROUP BY Severity",
 "sqlResult": "{15} || {22}",
 "nlq": "What is the minimum number for each Severity, of Fatal or Serious accidents involving Male casualties?"},
{"name": "template 10",
 "sql": "SELECT Severity,avg(Value) FROM DBdata WHERE (Gender IN ('Female')) AND (Severity IN ('Serious','Fatal')) GROUP BY Severity",
 "sqlResult": "{Fatal | 95} || {Serious | 32.5}",
 "nlq": "What is the average number for each Severity, of Fatal or Serious accidents involving Female casualties? Please, report the corresponding Severity."},
{"name": "template 11",
 "sql": "SELECT Severity,Gender,min(Value) FROM DBdata WHERE (Gender IN ('Female')) AND (Severity IN ('Serious','Fatal')) GROUP BY Severity,Gender",
 "sqlResult": "{Fatal | Female | 90} || {Serious | Female | 28}",
 "nlq": "What is the minimum number for each Severity and Gender, of Fatal or Serious accidents involving Female casualties? Please, report the corresponding Severity and Gender."},
{"name": "template 12",
 "sql": "SELECT Value FROM DBdata WHERE (Gender IN ('Female')) AND (Severity IN ('Serious','Fatal')) ORDER BY VALUE DESC LIMIT 2",
 "sqlResult": "{100} || {90}",
 "nlq": "What are the largest 2 numbers of Fatal or Serious accidents involving Female casualties?"},
{"name": "template 13",
 "sql": "SELECT Value FROM DBdata WHERE (Gender IN ('Female')) AND (Severity IN ('Serious','Fatal')) ORDER BY VALUE ASC",
 "sqlResult": "{28} || {37} || {90} || {100}",
 "nlq": "What are the numbers ordered by increasing values of Fatal or Serious accidents involving Female casualties?"},
{"name": "template 14",
 "sql": "SELECT Severity,Event FROM DBdata WHERE (Gender IN ('Male')) AND Value < 60.62",
 "sqlResult": "{Serious | Traffic} || {Fatal | Fire}",
 "nlq": "What are the Severity and Event for which the number of accidents involving Male casualties is lower than 60.62?"},
{"name": "template 15",
 "sql": "SELECT Severity,Event,Value FROM DBdata WHERE (Gender IN ('Female')) AND (Severity,Event) IN (SELECT Severity,Event FROM DBdata WHERE (Gender IN ('Male')) AND Value < 60.62)",
 "sqlResult": "{Serious | Traffic | 37} || {Fatal | Fire | 90}",
 "nlq": "What is the number of accidents involving Female casualties of Severity and of Event for which the number of accidents involving Male casualties is lower than 60.62? Please, report the corresponding Severity, Event, and number of accidents."}]
}
