{
"filename": "Number_of_accidents_set40_3_DB.csv",
"questions": [{"name": "template 1",
 "sql": "SELECT Value FROM DBdata WHERE (AA IN ('AAmy')) AND ((CC = 'CChk' AND BB = 'BBny'))",
 "sqlResult": "{52}",
 "nlq": "What is the number of CChk BBny accidents involving AAmy casualties?"},
{"name": "template 2",
 "sql": "SELECT Value FROM DBdata WHERE (AA IN ('AAmy')) AND ((CC = 'CChk' AND BB = 'BBjt'))",
 "sqlResult": "{75}",
 "nlq": "What is the number of CChk BBjt accidents involving AAmy casualties?"},
{"name": "template 3",
 "sql": "SELECT Value FROM DBdata WHERE (AA IN ('AAmy')) AND ((CC = 'CChk' AND BB = 'BBjt'))",
 "sqlResult": "{75}",
 "nlq": "What is the number of CChk BBjt accidents involving AAmy casualties?"},
{"name": "template 4",
 "sql": "SELECT sum(Value),avg(Value) FROM DBdata WHERE (AA IN ('AAmy')) AND ((CC = 'CChk' AND BB = 'BBjt'))",
 "sqlResult": "{75 | 75}",
 "nlq": "What are the total and average numbers of CChk BBjt accidents involving AAmy casualties?"},
{"name": "template 6",
 "sql": "SELECT Value FROM DBdata WHERE (AA IN ('AAls')) AND ((CC = 'CChk' AND BB = 'BBjt'))",
 "sqlResult": "{20}",
 "nlq": "What is the number of CChk BBjt accidents involving AAls casualties?"},
{"name": "template 7",
 "sql": "SELECT max(Value),min(Value) FROM DBdata WHERE (AA IN ('AAls')) AND ((CC = 'CChk' AND BB = 'BBny'))",
 "sqlResult": "{65 | 65}",
 "nlq": "What are the maximum and minimum numbers of CChk BBny accidents involving AAls casualties?"},
{"name": "template 8",
 "sql": "SELECT AA,sum(Value),max(Value) FROM DBdata WHERE (AA IN ('AAmy')) AND ((CC = 'CChk' AND BB = 'BBny')) GROUP BY AA",
 "sqlResult": "{AAmy | 52 | 52}",
 "nlq": "What are the total and maximum numbers for each AA, of CChk BBny accidents involving AAmy casualties? Please, report the corresponding AA."},
{"name": "template 9",
 "sql": "SELECT min(Value) FROM DBdata WHERE (AA IN ('AAls')) AND (CC IN ('CChk')) GROUP BY CC",
 "sqlResult": "{20}",
 "nlq": "What is the minimum number for each CC, of CChk accidents involving AAls casualties?"},
{"name": "template 10",
 "sql": "SELECT CC,min(Value) FROM DBdata WHERE (AA IN ('AAmy')) AND (CC IN ('CChk')) GROUP BY CC",
 "sqlResult": "{CChk | 52}",
 "nlq": "What is the minimum number for each CC, of CChk accidents involving AAmy casualties? Please, report the corresponding CC."},
{"name": "template 11",
 "sql": "SELECT CC,AA,avg(Value) FROM DBdata WHERE (AA IN ('AAmy','AAls')) AND (CC IN ('CChk')) GROUP BY CC,AA",
 "sqlResult": "{CChk | AAls | 42.5} || {CChk | AAmy | 63.5}",
 "nlq": "What is the average number for each CC and AA, of CChk accidents involving AAls or AAmy casualties? Please, report the corresponding CC and AA."},
{"name": "template 12",
 "sql": "SELECT Value FROM DBdata WHERE (AA IN ('AAls')) AND (CC IN ('CChk')) ORDER BY VALUE ASC LIMIT 2",
 "sqlResult": "{20} || {65}",
 "nlq": "What are the smallest 2 numbers of CChk accidents involving AAls casualties?"},
{"name": "template 13",
 "sql": "SELECT Value FROM DBdata WHERE (AA IN ('AAmy')) AND (CC IN ('CChk')) ORDER BY VALUE DESC",
 "sqlResult": "{75} || {52}",
 "nlq": "What are the numbers ordered by decreasing values of CChk accidents involving AAmy casualties?"},
{"name": "template 14",
 "sql": "SELECT CC,BB FROM DBdata WHERE (AA IN ('AAmy')) AND Value > 53",
 "sqlResult": "{CChk | BBjt}",
 "nlq": "What are the CC and BB for which the number of accidents involving AAmy casualties is greater than 53?"},
{"name": "template 15",
 "sql": "SELECT CC,BB,Value FROM DBdata WHERE (AA IN ('AAls')) AND (CC,BB) IN (SELECT CC,BB FROM DBdata WHERE (AA IN ('AAmy')) AND Value > 53)",
 "sqlResult": "{CChk | BBjt | 20}",
 "nlq": "What is the number of accidents involving AAls casualties of CC and of BB for which the number of accidents involving AAmy casualties is greater than 53? Please, report the corresponding CC, BB, and number of accidents."}]
}

