{
"filename": "Number_of_accidents_set39_2_DB.csv",
"questions": [{"name": "template 1",
 "sql": "SELECT Value FROM DBdata WHERE (AA IN ('AAfj')) AND ((BB = 'BBkr' AND CC = 'CCvz'))",
 "sqlResult": "{54}",
 "nlq": "What is the number of CCvz BBkr accidents involving AAfj casualties?"},
{"name": "template 2",
 "sql": "SELECT Value FROM DBdata WHERE (AA IN ('AAfj')) AND ((BB = 'BBhv' AND CC = 'CCvz') OR (BB = 'BBkr' AND CC = 'CCvz'))",
 "sqlResult": "{64} || {54}",
 "nlq": "What is the number of CCvz BBkr or BBhv accidents involving AAfj casualties?"},
{"name": "template 3",
 "sql": "SELECT Value FROM DBdata WHERE (AA IN ('AAfj','AAgj')) AND ((BB = 'BBkr' AND CC = 'CCvz'))",
 "sqlResult": "{54} || {56}",
 "nlq": "What is the number of CCvz BBkr accidents involving AAgj or AAfj casualties?"},
{"name": "template 4",
 "sql": "SELECT min(Value),sum(Value) FROM DBdata WHERE (AA IN ('AAfj')) AND ((BB = 'BBhv' AND CC = 'CCvz'))",
 "sqlResult": "{64 | 64}",
 "nlq": "What are the minimum and total numbers of CCvz BBhv accidents involving AAfj casualties?"},
{"name": "template 6",
 "sql": "SELECT Value FROM DBdata WHERE (AA IN ('AAfj')) AND ((BB = 'BBhv' AND CC = 'CCvz') OR (BB = 'BBkr' AND CC = 'CCvz'))",
 "sqlResult": "{64} || {54}",
 "nlq": "What is the number of CCvz BBkr or BBhv accidents involving AAfj casualties?"},
{"name": "template 7",
 "sql": "SELECT max(Value),sum(Value) FROM DBdata WHERE (AA IN ('AAgj')) AND ((BB = 'BBhv' AND CC = 'CCvz'))",
 "sqlResult": "{75 | 75}",
 "nlq": "What are the maximum and total numbers of CCvz BBhv accidents involving AAgj casualties?"},
{"name": "template 8",
 "sql": "SELECT AA,avg(Value),max(Value) FROM DBdata WHERE (AA IN ('AAfj')) AND ((BB = 'BBhv' AND CC = 'CCvz') OR (BB = 'BBkr' AND CC = 'CCvz')) GROUP BY AA",
 "sqlResult": "{AAfj | 59 | 64}",
 "nlq": "What are the average and maximum numbers for each AA, of CCvz BBkr or BBhv accidents involving AAfj casualties? Please, report the corresponding AA."},
{"name": "template 9",
 "sql": "SELECT min(Value) FROM DBdata WHERE (AA IN ('AAfj')) AND (BB IN ('BBhv','BBkr')) GROUP BY BB",
 "sqlResult": "{54} || {64}",
 "nlq": "What is the minimum number for each BB, of BBkr or BBhv accidents involving AAfj casualties?"},
{"name": "template 10",
 "sql": "SELECT BB,max(Value) FROM DBdata WHERE (AA IN ('AAgj')) AND (BB IN ('BBhv','BBkr')) GROUP BY BB",
 "sqlResult": "{BBkr | 56} || {BBhv | 75}",
 "nlq": "What is the maximum number for each BB, of BBkr or BBhv accidents involving AAgj casualties? Please, report the corresponding BB."},
{"name": "template 11",
 "sql": "SELECT BB,AA,max(Value) FROM DBdata WHERE (AA IN ('AAfj')) AND (BB IN ('BBhv','BBkr')) GROUP BY BB,AA",
 "sqlResult": "{BBkr | AAfj | 54} || {BBhv | AAfj | 64}",
 "nlq": "What is the maximum number for each BB and AA, of BBkr or BBhv accidents involving AAfj casualties? Please, report the corresponding BB and AA."},
{"name": "template 12",
 "sql": "SELECT Value FROM DBdata WHERE (AA IN ('AAgj')) AND (BB IN ('BBhv','BBkr')) ORDER BY VALUE DESC LIMIT 2",
 "sqlResult": "{75} || {56}",
 "nlq": "What are the largest 2 numbers of BBkr or BBhv accidents involving AAgj casualties?"},
{"name": "template 13",
 "sql": "SELECT Value FROM DBdata WHERE (AA IN ('AAgj')) AND (BB IN ('BBhv','BBkr')) ORDER BY VALUE ASC",
 "sqlResult": "{56} || {75}",
 "nlq": "What are the numbers ordered by increasing values of BBkr or BBhv accidents involving AAgj casualties?"},
{"name": "template 14",
 "sql": "SELECT BB,CC FROM DBdata WHERE (AA IN ('AAgj')) AND Value > 62.25",
 "sqlResult": "{BBhv | CCvz}",
 "nlq": "What are the BB and CC for which the number of accidents involving AAgj casualties is greater than 62.25?"},
{"name": "template 15",
 "sql": "SELECT BB,CC,Value FROM DBdata WHERE (AA IN ('AAfj')) AND (BB,CC) IN (SELECT BB,CC FROM DBdata WHERE (AA IN ('AAgj')) AND Value > 62.25)",
 "sqlResult": "{BBhv | CCvz | 64}",
 "nlq": "What is the number of accidents involving AAfj casualties of BB and of CC for which the number of accidents involving AAgj casualties is greater than 62.25? Please, report the corresponding BB, CC, and number of accidents."}]
}

