{
"filename": "Number_of_accidents_set42_2_DB.csv",
"questions": [{"name": "template 1",
 "sql": "SELECT Value FROM DBdata WHERE (AA IN ('AAfr')) AND ((BB = 'BBmq' AND CC = 'CCdh'))",
 "sqlResult": "{10}",
 "nlq": "What is the number of CCdh BBmq accidents involving AAfr casualties?"},
{"name": "template 2",
 "sql": "SELECT Value FROM DBdata WHERE (AA IN ('AAfr')) AND ((BB = 'BBnx' AND CC = 'CCdh'))",
 "sqlResult": "{76}",
 "nlq": "What is the number of CCdh BBnx accidents involving AAfr casualties?"},
{"name": "template 3",
 "sql": "SELECT Value FROM DBdata WHERE (AA IN ('AAgy')) AND ((BB = 'BBmq' AND CC = 'CCdh'))",
 "sqlResult": "{73}",
 "nlq": "What is the number of CCdh BBmq accidents involving AAgy casualties?"},
{"name": "template 4",
 "sql": "SELECT sum(Value),min(Value) FROM DBdata WHERE (AA IN ('AAfr')) AND ((BB = 'BBmq' AND CC = 'CCdh'))",
 "sqlResult": "{10 | 10}",
 "nlq": "What are the total and minimum numbers of CCdh BBmq accidents involving AAfr casualties?"},
{"name": "template 6",
 "sql": "SELECT Value FROM DBdata WHERE (AA IN ('AAfr')) AND ((BB = 'BBnx' AND CC = 'CCdh'))",
 "sqlResult": "{76}",
 "nlq": "What is the number of CCdh BBnx accidents involving AAfr casualties?"},
{"name": "template 7",
 "sql": "SELECT avg(Value),sum(Value) FROM DBdata WHERE (AA IN ('AAgy')) AND ((BB = 'BBnx' AND CC = 'CCdh'))",
 "sqlResult": "{82 | 82}",
 "nlq": "What are the average and total numbers of CCdh BBnx accidents involving AAgy casualties?"},
{"name": "template 8",
 "sql": "SELECT AA,avg(Value),sum(Value) FROM DBdata WHERE (AA IN ('AAgy')) AND ((BB = 'BBnx' AND CC = 'CCdh') OR (BB = 'BBmq' AND CC = 'CCdh')) GROUP BY AA",
 "sqlResult": "{AAgy | 77.5 | 155}",
 "nlq": "What are the average and total numbers for each AA, of CCdh BBnx or BBmq accidents involving AAgy casualties? Please, report the corresponding AA."},
{"name": "template 9",
 "sql": "SELECT min(Value) FROM DBdata WHERE (AA IN ('AAfr')) AND (BB IN ('BBnx','BBmq')) GROUP BY BB",
 "sqlResult": "{76} || {10}",
 "nlq": "What is the minimum number for each BB, of BBnx or BBmq accidents involving AAfr casualties?"},
{"name": "template 10",
 "sql": "SELECT BB,max(Value) FROM DBdata WHERE (AA IN ('AAfr')) AND (BB IN ('BBnx','BBmq')) GROUP BY BB",
 "sqlResult": "{BBnx | 76} || {BBmq | 10}",
 "nlq": "What is the maximum number for each BB, of BBnx or BBmq accidents involving AAfr casualties? Please, report the corresponding BB."},
{"name": "template 11",
 "sql": "SELECT BB,AA,min(Value) FROM DBdata WHERE (AA IN ('AAgy','AAfr')) AND (BB IN ('BBnx','BBmq')) GROUP BY BB,AA",
 "sqlResult": "{BBnx | AAfr | 76} || {BBnx | AAgy | 82} || {BBmq | AAfr | 10} || {BBmq | AAgy | 73}",
 "nlq": "What is the minimum number for each BB and AA, of BBnx or BBmq accidents involving AAfr or AAgy casualties? Please, report the corresponding BB and AA."},
{"name": "template 12",
 "sql": "SELECT Value FROM DBdata WHERE (AA IN ('AAgy')) AND (BB IN ('BBnx','BBmq')) ORDER BY VALUE DESC LIMIT 2",
 "sqlResult": "{82} || {73}",
 "nlq": "What are the largest 2 numbers of BBnx or BBmq accidents involving AAgy casualties?"},
{"name": "template 13",
 "sql": "SELECT Value FROM DBdata WHERE (AA IN ('AAgy')) AND (BB IN ('BBnx','BBmq')) ORDER BY VALUE ASC",
 "sqlResult": "{73} || {82}",
 "nlq": "What are the numbers ordered by increasing values of BBnx or BBmq accidents involving AAgy casualties?"},
{"name": "template 14",
 "sql": "SELECT BB,CC FROM DBdata WHERE (AA IN ('AAgy')) AND Value > 60.25",
 "sqlResult": "{BBnx | CCdh} || {BBmq | CCdh}",
 "nlq": "What are the BB and CC for which the number of accidents involving AAgy casualties is greater than 60.25?"},
{"name": "template 15",
 "sql": "SELECT BB,CC,Value FROM DBdata WHERE (AA IN ('AAfr')) AND (BB,CC) IN (SELECT BB,CC FROM DBdata WHERE (AA IN ('AAgy')) AND Value > 60.25)",
 "sqlResult": "{BBnx | CCdh | 76} || {BBmq | CCdh | 10}",
 "nlq": "What is the number of accidents involving AAfr casualties of BB and of CC for which the number of accidents involving AAgy casualties is greater than 60.25? Please, report the corresponding BB, CC, and number of accidents."}]
}

