{
"filename": "Number_of_accidents_set42_3_DB.csv",
"questions": [{"name": "template 1",
 "sql": "SELECT Value FROM DBdata WHERE (Gender IN ('Male')) AND ((Severity = 'Fatal' AND Event = 'Fire'))",
 "sqlResult": "{36}",
 "nlq": "What is the number of Fatal Fire accidents involving Male casualties?"},
{"name": "template 2",
 "sql": "SELECT Value FROM DBdata WHERE (Gender IN ('Male')) AND ((Severity = 'Fatal' AND Event = 'Fire') OR (Severity = 'Fatal' AND Event = 'Traffic'))",
 "sqlResult": "{36} || {63}",
 "nlq": "What is the number of Fatal Fire or Traffic accidents involving Male casualties?"},
{"name": "template 3",
 "sql": "SELECT Value FROM DBdata WHERE (Gender IN ('Male')) AND ((Severity = 'Fatal' AND Event = 'Fire'))",
 "sqlResult": "{36}",
 "nlq": "What is the number of Fatal Fire accidents involving Male casualties?"},
{"name": "template 4",
 "sql": "SELECT avg(Value),sum(Value) FROM DBdata WHERE (Gender IN ('Male')) AND ((Severity = 'Fatal' AND Event = 'Traffic'))",
 "sqlResult": "{63 | 63}",
 "nlq": "What are the average and total numbers of Fatal Traffic accidents involving Male casualties?"},
{"name": "template 6",
 "sql": "SELECT Value FROM DBdata WHERE (Gender IN ('Male','Female')) AND ((Severity = 'Fatal' AND Event = 'Fire') OR (Severity = 'Fatal' AND Event = 'Traffic') OR (Severity = 'Fatal' AND Event = 'Drowning'))",
 "sqlResult": "{36} || {72} || {63} || {23} || {98} || {82}",
 "nlq": "What is the number of Fatal Drowning, Fire, or Traffic accidents involving Female or Male casualties?"},
{"name": "template 7",
 "sql": "SELECT sum(Value),max(Value) FROM DBdata WHERE (Gender IN ('Female')) AND ((Severity = 'Fatal' AND Event = 'Fire') OR (Severity = 'Fatal' AND Event = 'Traffic'))",
 "sqlResult": "{95 | 72}",
 "nlq": "What are the total and maximum numbers of Fatal Fire or Traffic accidents involving Female casualties?"},
{"name": "template 8",
 "sql": "SELECT Gender,min(Value),sum(Value) FROM DBdata WHERE (Gender IN ('Male')) AND ((Severity = 'Fatal' AND Event = 'Fire') OR (Severity = 'Fatal' AND Event = 'Traffic') OR (Severity = 'Fatal' AND Event = 'Drowning')) GROUP BY Gender",
 "sqlResult": "{Male | 36 | 197}",
 "nlq": "What are the minimum and total numbers for each Gender, of Fatal Drowning, Fire, or Traffic accidents involving Male casualties? Please, report the corresponding Gender."},
{"name": "template 9",
 "sql": "SELECT min(Value) FROM DBdata WHERE (Gender IN ('Female')) AND (Severity IN ('Fatal')) GROUP BY Severity",
 "sqlResult": "{23}",
 "nlq": "What is the minimum number for each Severity, of Fatal accidents involving Female casualties?"},
{"name": "template 10",
 "sql": "SELECT Severity,sum(Value) FROM DBdata WHERE (Gender IN ('Female')) AND (Severity IN ('Fatal')) GROUP BY Severity",
 "sqlResult": "{Fatal | 177}",
 "nlq": "What is the total number for each Severity, of Fatal accidents involving Female casualties? Please, report the corresponding Severity."},
{"name": "template 11",
 "sql": "SELECT Severity,Gender,max(Value) FROM DBdata WHERE (Gender IN ('Female')) AND (Severity IN ('Fatal')) GROUP BY Severity,Gender",
 "sqlResult": "{Fatal | Female | 82}",
 "nlq": "What is the maximum number for each Severity and Gender, of Fatal accidents involving Female casualties? Please, report the corresponding Severity and Gender."},
{"name": "template 12",
 "sql": "SELECT Value FROM DBdata WHERE (Gender IN ('Male')) AND (Severity IN ('Fatal')) ORDER BY VALUE ASC LIMIT 2",
 "sqlResult": "{36} || {63}",
 "nlq": "What are the smallest 2 numbers of Fatal accidents involving Male casualties?"},
{"name": "template 13",
 "sql": "SELECT Value FROM DBdata WHERE (Gender IN ('Female')) AND (Severity IN ('Fatal')) ORDER BY VALUE DESC",
 "sqlResult": "{82} || {72} || {23}",
 "nlq": "What are the numbers ordered by decreasing values of Fatal accidents involving Female casualties?"},
{"name": "template 14",
 "sql": "SELECT Severity,Event FROM DBdata WHERE (Gender IN ('Male')) AND Value < 62.33",
 "sqlResult": "{Fatal | Fire}",
 "nlq": "What are the Severity and Event for which the number of accidents involving Male casualties is lower than 62.33?"},
{"name": "template 15",
 "sql": "SELECT Severity,Event,Value FROM DBdata WHERE (Gender IN ('Female')) AND (Severity,Event) IN (SELECT Severity,Event FROM DBdata WHERE (Gender IN ('Male')) AND Value < 62.33)",
 "sqlResult": "{Fatal | Fire | 72}",
 "nlq": "What is the number of accidents involving Female casualties of Severity and of Event for which the number of accidents involving Male casualties is lower than 62.33? Please, report the corresponding Severity, Event, and number of accidents."}]
}
