{
"filename": "Number_of_accidents_set43_5_DB.csv",
"questions": [{"name": "template 1",
 "sql": "SELECT Value FROM DBdata WHERE (AA IN ('AAfq')) AND ((BB = 'BBkv' AND CC = 'CCqw'))",
 "sqlResult": "{35}",
 "nlq": "What is the number of CCqw BBkv accidents involving AAfq casualties?"},
{"name": "template 2",
 "sql": "SELECT Value FROM DBdata WHERE (AA IN ('AAfq')) AND ((BB = 'BBlq' AND CC = 'CCqw') OR (BB = 'BBxz' AND CC = 'CCqw'))",
 "sqlResult": "{40} || {26}",
 "nlq": "What is the number of CCqw BBlq or BBxz accidents involving AAfq casualties?"},
{"name": "template 3",
 "sql": "SELECT Value FROM DBdata WHERE (AA IN ('AAfq','AAhx')) AND ((BB = 'BBxz' AND CC = 'CCqw'))",
 "sqlResult": "{26} || {17}",
 "nlq": "What is the number of CCqw BBxz accidents involving AAhx or AAfq casualties?"},
{"name": "template 4",
 "sql": "SELECT avg(Value),min(Value) FROM DBdata WHERE (AA IN ('AAfq','AAhx')) AND ((BB = 'BBkv' AND CC = 'CCqw'))",
 "sqlResult": "{31.5 | 28}",
 "nlq": "What are the average and minimum numbers of CCqw BBkv accidents involving AAhx or AAfq casualties?"},
{"name": "template 6",
 "sql": "SELECT Value FROM DBdata WHERE (AA IN ('AAhx')) AND ((BB = 'BBlq' AND CC = 'CCqw') OR (BB = 'BBxz' AND CC = 'CCqw') OR (BB = 'BBkv' AND CC = 'CCqw'))",
 "sqlResult": "{87} || {17} || {28}",
 "nlq": "What is the number of CCqw BBkv, BBlq, or BBxz accidents involving AAhx casualties?"},
{"name": "template 7",
 "sql": "SELECT max(Value),sum(Value) FROM DBdata WHERE (AA IN ('AAfq')) AND ((BB = 'BBlq' AND CC = 'CCqw') OR (BB = 'BBxz' AND CC = 'CCqw') OR (BB = 'BBkv' AND CC = 'CCqw'))",
 "sqlResult": "{40 | 101}",
 "nlq": "What are the maximum and total numbers of CCqw BBkv, BBlq, or BBxz accidents involving AAfq casualties?"},
{"name": "template 8",
 "sql": "SELECT AA,sum(Value),min(Value) FROM DBdata WHERE (AA IN ('AAfq','AAhx')) AND ((BB = 'BBlq' AND CC = 'CCqw') OR (BB = 'BBxz' AND CC = 'CCqw')) GROUP BY AA",
 "sqlResult": "{AAhx | 104 | 17} || {AAfq | 66 | 26}",
 "nlq": "What are the total and minimum numbers for each AA, of CCqw BBlq or BBxz accidents involving AAhx or AAfq casualties? Please, report the corresponding AA."},
{"name": "template 9",
 "sql": "SELECT min(Value) FROM DBdata WHERE (AA IN ('AAhx')) AND (BB IN ('BBlq','BBxz','BBkv')) GROUP BY BB",
 "sqlResult": "{28} || {87} || {17}",
 "nlq": "What is the minimum number for each BB, of BBkv, BBlq, or BBxz accidents involving AAhx casualties?"},
{"name": "template 10",
 "sql": "SELECT BB,max(Value) FROM DBdata WHERE (AA IN ('AAfq')) AND (BB IN ('BBlq','BBxz','BBkv')) GROUP BY BB",
 "sqlResult": "{BBkv | 35} || {BBlq | 40} || {BBxz | 26}",
 "nlq": "What is the maximum number for each BB, of BBkv, BBlq, or BBxz accidents involving AAfq casualties? Please, report the corresponding BB."},
{"name": "template 11",
 "sql": "SELECT BB,AA,max(Value) FROM DBdata WHERE (AA IN ('AAfq')) AND (BB IN ('BBlq','BBxz','BBkv')) GROUP BY BB,AA",
 "sqlResult": "{BBkv | AAfq | 35} || {BBlq | AAfq | 40} || {BBxz | AAfq | 26}",
 "nlq": "What is the maximum number for each BB and AA, of BBkv, BBlq, or BBxz accidents involving AAfq casualties? Please, report the corresponding BB and AA."},
{"name": "template 12",
 "sql": "SELECT Value FROM DBdata WHERE (AA IN ('AAhx')) AND (BB IN ('BBlq','BBxz')) ORDER BY VALUE ASC LIMIT 2",
 "sqlResult": "{17} || {87}",
 "nlq": "What are the smallest 2 numbers of BBlq or BBxz accidents involving AAhx casualties?"},
{"name": "template 13",
 "sql": "SELECT Value FROM DBdata WHERE (AA IN ('AAhx')) AND (BB IN ('BBlq','BBxz')) ORDER BY VALUE DESC",
 "sqlResult": "{87} || {17}",
 "nlq": "What are the numbers ordered by decreasing values of BBlq or BBxz accidents involving AAhx casualties?"},
{"name": "template 14",
 "sql": "SELECT BB,CC FROM DBdata WHERE (AA IN ('AAfq')) AND Value > 38.83",
 "sqlResult": "{BBlq | CCqw}",
 "nlq": "What are the BB and CC for which the number of accidents involving AAfq casualties is greater than 38.83?"},
{"name": "template 15",
 "sql": "SELECT BB,CC,Value FROM DBdata WHERE (AA IN ('AAhx')) AND (BB,CC) IN (SELECT BB,CC FROM DBdata WHERE (AA IN ('AAfq')) AND Value > 38.83)",
 "sqlResult": "{BBlq | CCqw | 87}",
 "nlq": "What is the number of accidents involving AAhx casualties of BB and of CC for which the number of accidents involving AAfq casualties is greater than 38.83? Please, report the corresponding BB, CC, and number of accidents."}]
}

