{
"filename": "Number_of_accidents_set38_3_DB.csv",
"questions": [{"name": "template 1",
 "sql": "SELECT Value FROM DBdata WHERE (Gender IN ('Female')) AND ((Severity = 'Fatal' AND Event = 'Traffic'))",
 "sqlResult": "{12}",
 "nlq": "What is the number of Fatal Traffic accidents involving Female casualties?"},
{"name": "template 2",
 "sql": "SELECT Value FROM DBdata WHERE (Gender IN ('Male')) AND ((Severity = 'Slight' AND Event = 'Fire') OR (Severity = 'Slight' AND Event = 'Traffic') OR (Severity = 'Serious' AND Event = 'Fire') OR (Severity = 'Serious' AND Event = 'Traffic') OR (Severity = 'Fatal' AND Event = 'Fire') OR (Severity = 'Fatal' AND Event = 'Traffic'))",
 "sqlResult": "{100} || {93} || {20} || {38} || {86} || {81}",
 "nlq": "What is the number of Fatal, Serious, or Slight Fire or Traffic accidents involving Male casualties?"},
{"name": "template 3",
 "sql": "SELECT Value FROM DBdata WHERE (Gender IN ('Male','Female')) AND ((Severity = 'Serious' AND Event = 'Traffic'))",
 "sqlResult": "{38} || {59}",
 "nlq": "What is the number of Serious Traffic accidents involving Female or Male casualties?"},
{"name": "template 4",
 "sql": "SELECT avg(Value),sum(Value) FROM DBdata WHERE (Gender IN ('Male')) AND ((Severity = 'Slight' AND Event = 'Traffic'))",
 "sqlResult": "{93 | 93}",
 "nlq": "What are the average and total numbers of Slight Traffic accidents involving Male casualties?"},
{"name": "template 6",
 "sql": "SELECT Value FROM DBdata WHERE (Gender IN ('Female')) AND ((Severity = 'Slight' AND Event = 'Fire') OR (Severity = 'Serious' AND Event = 'Traffic'))",
 "sqlResult": "{21} || {59}",
 "nlq": "What is the number of Serious Traffic or Slight Fire accidents involving Female casualties?"},
{"name": "template 7",
 "sql": "SELECT min(Value),avg(Value) FROM DBdata WHERE (Gender IN ('Female')) AND ((Severity = 'Slight' AND Event = 'Fire') OR (Severity = 'Slight' AND Event = 'Traffic') OR (Severity = 'Serious' AND Event = 'Fire') OR (Severity = 'Fatal' AND Event = 'Fire') OR (Severity = 'Fatal' AND Event = 'Traffic'))",
 "sqlResult": "{12 | 41.4}",
 "nlq": "What are the minimum and average numbers of Fatal or Slight Traffic or Fatal, Serious, or Slight Fire accidents involving Female casualties?"},
{"name": "template 8",
 "sql": "SELECT Gender,max(Value),sum(Value) FROM DBdata WHERE (Gender IN ('Female')) AND ((Severity = 'Serious' AND Event = 'Fire') OR (Severity = 'Serious' AND Event = 'Traffic')) GROUP BY Gender",
 "sqlResult": "{Female | 59 | 96}",
 "nlq": "What are the maximum and total numbers for each Gender, of Serious Fire or Traffic accidents involving Female casualties? Please, report the corresponding Gender."},
{"name": "template 9",
 "sql": "SELECT min(Value) FROM DBdata WHERE (Gender IN ('Female')) AND (Severity IN ('Slight','Serious','Fatal')) GROUP BY Severity",
 "sqlResult": "{12} || {37} || {21}",
 "nlq": "What is the minimum number for each Severity, of Fatal, Serious, or Slight accidents involving Female casualties?"},
{"name": "template 10",
 "sql": "SELECT Severity,max(Value) FROM DBdata WHERE (Gender IN ('Female')) AND (Severity IN ('Slight','Serious','Fatal')) GROUP BY Severity",
 "sqlResult": "{Fatal | 63} || {Serious | 59} || {Slight | 74}",
 "nlq": "What is the maximum number for each Severity, of Fatal, Serious, or Slight accidents involving Female casualties? Please, report the corresponding Severity."},
{"name": "template 11",
 "sql": "SELECT Severity,Gender,sum(Value) FROM DBdata WHERE (Gender IN ('Male')) AND (Severity IN ('Slight','Serious','Fatal')) GROUP BY Severity,Gender",
 "sqlResult": "{Fatal | Male | 167} || {Serious | Male | 58} || {Slight | Male | 193}",
 "nlq": "What is the total number for each Severity and Gender, of Fatal, Serious, or Slight accidents involving Male casualties? Please, report the corresponding Severity and Gender."},
{"name": "template 12",
 "sql": "SELECT Value FROM DBdata WHERE (Gender IN ('Male')) AND (Severity IN ('Slight','Serious')) ORDER BY VALUE ASC LIMIT 2",
 "sqlResult": "{20} || {38}",
 "nlq": "What are the smallest 2 numbers of Serious or Slight accidents involving Male casualties?"},
{"name": "template 13",
 "sql": "SELECT Value FROM DBdata WHERE (Gender IN ('Female')) AND (Severity IN ('Slight','Serious')) ORDER BY VALUE ASC",
 "sqlResult": "{21} || {37} || {59} || {74}",
 "nlq": "What are the numbers ordered by increasing values of Serious or Slight accidents involving Female casualties?"},
{"name": "template 14",
 "sql": "SELECT Severity,Event FROM DBdata WHERE (Gender IN ('Female')) AND Value < 57",
 "sqlResult": "{Slight | Fire} || {Serious | Fire} || {Fatal | Traffic}",
 "nlq": "What are the Severity and Event for which the number of accidents involving Female casualties is lower than 57?"},
{"name": "template 15",
 "sql": "SELECT Severity,Event,Value FROM DBdata WHERE (Gender IN ('Male')) AND (Severity,Event) IN (SELECT Severity,Event FROM DBdata WHERE (Gender IN ('Female')) AND Value < 57)",
 "sqlResult": "{Slight | Fire | 100} || {Serious | Fire | 20} || {Fatal | Traffic | 81}",
 "nlq": "What is the number of accidents involving Male casualties of Severity and of Event for which the number of accidents involving Female casualties is lower than 57? Please, report the corresponding Severity, Event, and number of accidents."}]
}
