{
"filename": "Number_of_accidents_set55_5_DB.csv",
"questions": [{"name": "template 1",
 "sql": "SELECT Value FROM DBdata WHERE (Gender IN ('Female')) AND ((Event = 'Traffic' AND Severity = 'Fatal'))",
 "sqlResult": "{73}",
 "nlq": "What is the number of Fatal Traffic accidents involving Female casualties?"},
{"name": "template 2",
 "sql": "SELECT Value FROM DBdata WHERE (Gender IN ('Male')) AND ((Event = 'Traffic' AND Severity = 'Serious') OR (Event = 'Drowning' AND Severity = 'Serious'))",
 "sqlResult": "{45} || {32}",
 "nlq": "What is the number of Serious Drowning or Traffic accidents involving Male casualties?"},
{"name": "template 3",
 "sql": "SELECT Value FROM DBdata WHERE (Gender IN ('Female')) AND ((Event = 'Traffic' AND Severity = 'Serious'))",
 "sqlResult": "{51}",
 "nlq": "What is the number of Serious Traffic accidents involving Female casualties?"},
{"name": "template 4",
 "sql": "SELECT min(Value),max(Value) FROM DBdata WHERE (Gender IN ('Male')) AND ((Event = 'Traffic' AND Severity = 'Fatal'))",
 "sqlResult": "{65 | 65}",
 "nlq": "What are the minimum and maximum numbers of Fatal Traffic accidents involving Male casualties?"},
{"name": "template 5",
 "sql": "SELECT avg(Value) FROM DBdata WHERE (Gender IN ('Male','Female')) AND ((Event = 'Traffic' AND Severity = 'Serious'))",
 "sqlResult": "{48}",
 "nlq": "What is the average number of Serious Traffic accidents involving Female or Male casualties?"},
{"name": "template 6",
 "sql": "SELECT Value FROM DBdata WHERE (Gender IN ('Female')) AND ((Event = 'Traffic' AND Severity = 'Serious') OR (Event = 'Traffic' AND Severity = 'Fatal') OR (Event = 'Drowning' AND Severity = 'Fatal'))",
 "sqlResult": "{51} || {73} || {34}",
 "nlq": "What is the number of Fatal Drowning or Fatal or Serious Traffic accidents involving Female casualties?"},
{"name": "template 7",
 "sql": "SELECT avg(Value),max(Value) FROM DBdata WHERE (Gender IN ('Female')) AND ((Event = 'Traffic' AND Severity = 'Serious') OR (Event = 'Drowning' AND Severity = 'Serious') OR (Event = 'Traffic' AND Severity = 'Fatal') OR (Event = 'Drowning' AND Severity = 'Fatal'))",
 "sqlResult": "{64.5 | 100}",
 "nlq": "What are the average and maximum numbers of Fatal or Serious Drowning or Traffic accidents involving Female casualties?"},
{"name": "template 8",
 "sql": "SELECT Gender,avg(Value),min(Value) FROM DBdata WHERE (Gender IN ('Male','Female')) AND ((Event = 'Traffic' AND Severity = 'Serious') OR (Event = 'Drowning' AND Severity = 'Serious') OR (Event = 'Traffic' AND Severity = 'Fatal') OR (Event = 'Drowning' AND Severity = 'Fatal')) GROUP BY Gender",
 "sqlResult": "{Female | 64.5 | 34} || {Male | 52 | 32}",
 "nlq": "What are the average and minimum numbers for each Gender, of Fatal or Serious Drowning or Traffic accidents involving Female or Male casualties? Please, report the corresponding Gender."},
{"name": "template 9",
 "sql": "SELECT min(Value) FROM DBdata WHERE (Gender IN ('Male')) AND (Event IN ('Traffic','Drowning')) GROUP BY Event",
 "sqlResult": "{32} || {45}",
 "nlq": "What is the minimum number for each Event, of Drowning or Traffic accidents involving Male casualties?"},
{"name": "template 10",
 "sql": "SELECT Event,min(Value) FROM DBdata WHERE (Gender IN ('Male')) AND (Event IN ('Traffic','Drowning')) GROUP BY Event",
 "sqlResult": "{Drowning | 32} || {Traffic | 45}",
 "nlq": "What is the minimum number for each Event, of Drowning or Traffic accidents involving Male casualties? Please, report the corresponding Event."},
{"name": "template 11",
 "sql": "SELECT Event,Gender,min(Value) FROM DBdata WHERE (Gender IN ('Male')) AND (Event IN ('Traffic','Drowning')) GROUP BY Event,Gender",
 "sqlResult": "{Drowning | Male | 32} || {Traffic | Male | 45}",
 "nlq": "What is the minimum number for each Event and Gender, of Drowning or Traffic accidents involving Male casualties? Please, report the corresponding Event and Gender."},
{"name": "template 12",
 "sql": "SELECT Value FROM DBdata WHERE (Gender IN ('Female')) AND (Event IN ('Traffic','Drowning')) ORDER BY VALUE DESC LIMIT 3",
 "sqlResult": "{100} || {73} || {51}",
 "nlq": "What are the largest 3 numbers of Drowning or Traffic accidents involving Female casualties?"},
{"name": "template 13",
 "sql": "SELECT Value FROM DBdata WHERE (Gender IN ('Male')) AND (Event IN ('Traffic','Drowning')) ORDER BY VALUE ASC",
 "sqlResult": "{32} || {45} || {65} || {66}",
 "nlq": "What are the numbers ordered by increasing values of Drowning or Traffic accidents involving Male casualties?"},
{"name": "template 14",
 "sql": "SELECT Event,Severity FROM DBdata WHERE (Gender IN ('Male')) AND Value < 58.25",
 "sqlResult": "{Traffic | Serious} || {Drowning | Serious}",
 "nlq": "What are the Event and Severity for which the number of accidents involving Male casualties is lower than 58.25?"},
{"name": "template 15",
 "sql": "SELECT Event,Severity,Value FROM DBdata WHERE (Gender IN ('Female')) AND (Event,Severity) IN (SELECT Event,Severity FROM DBdata WHERE (Gender IN ('Male')) AND Value < 58.25)",
 "sqlResult": "{Traffic | Serious | 51} || {Drowning | Serious | 100}",
 "nlq": "What is the number of accidents involving Female casualties of Event and of Severity for which the number of accidents involving Male casualties is lower than 58.25? Please, report the corresponding Event, Severity, and number of accidents."}]
}
