{
"filename": "Number_of_accidents_set43_3_DB.csv",
"questions": [{"name": "template 1",
 "sql": "SELECT Value FROM DBdata WHERE (AA IN ('AAgr')) AND ((BB = 'BBln' AND CC = 'CCgj'))",
 "sqlResult": "{95}",
 "nlq": "What is the number of CCgj BBln accidents involving AAgr casualties?"},
{"name": "template 2",
 "sql": "SELECT Value FROM DBdata WHERE (AA IN ('AAgr')) AND ((BB = 'BBln' AND CC = 'CCgj') OR (BB = 'BBgh' AND CC = 'CCgj'))",
 "sqlResult": "{95} || {17}",
 "nlq": "What is the number of CCgj BBgh or BBln accidents involving AAgr casualties?"},
{"name": "template 3",
 "sql": "SELECT Value FROM DBdata WHERE (AA IN ('AAgr','AAbk')) AND ((BB = 'BBln' AND CC = 'CCgj'))",
 "sqlResult": "{95} || {20}",
 "nlq": "What is the number of CCgj BBln accidents involving AAbk or AAgr casualties?"},
{"name": "template 4",
 "sql": "SELECT avg(Value),sum(Value) FROM DBdata WHERE (AA IN ('AAgr','AAbk')) AND ((BB = 'BBln' AND CC = 'CCgj'))",
 "sqlResult": "{57.5 | 115}",
 "nlq": "What are the average and total numbers of CCgj BBln accidents involving AAbk or AAgr casualties?"},
{"name": "template 6",
 "sql": "SELECT Value FROM DBdata WHERE (AA IN ('AAgr','AAbk')) AND ((BB = 'BBln' AND CC = 'CCgj'))",
 "sqlResult": "{95} || {20}",
 "nlq": "What is the number of CCgj BBln accidents involving AAbk or AAgr casualties?"},
{"name": "template 7",
 "sql": "SELECT min(Value),avg(Value) FROM DBdata WHERE (AA IN ('AAgr')) AND ((BB = 'BBln' AND CC = 'CCgj') OR (BB = 'BBgh' AND CC = 'CCgj'))",
 "sqlResult": "{17 | 56}",
 "nlq": "What are the minimum and average numbers of CCgj BBgh or BBln accidents involving AAgr casualties?"},
{"name": "template 8",
 "sql": "SELECT AA,sum(Value),min(Value) FROM DBdata WHERE (AA IN ('AAgr','AAbk')) AND ((BB = 'BBln' AND CC = 'CCgj') OR (BB = 'BBgh' AND CC = 'CCgj')) GROUP BY AA",
 "sqlResult": "{AAbk | 84 | 20} || {AAgr | 112 | 17}",
 "nlq": "What are the total and minimum numbers for each AA, of CCgj BBgh or BBln accidents involving AAbk or AAgr casualties? Please, report the corresponding AA."},
{"name": "template 9",
 "sql": "SELECT min(Value) FROM DBdata WHERE (AA IN ('AAbk')) AND (BB IN ('BBln','BBgh')) GROUP BY BB",
 "sqlResult": "{64} || {20}",
 "nlq": "What is the minimum number for each BB, of BBgh or BBln accidents involving AAbk casualties?"},
{"name": "template 10",
 "sql": "SELECT BB,avg(Value) FROM DBdata WHERE (AA IN ('AAgr')) AND (BB IN ('BBln','BBgh')) GROUP BY BB",
 "sqlResult": "{BBgh | 17} || {BBln | 95}",
 "nlq": "What is the average number for each BB, of BBgh or BBln accidents involving AAgr casualties? Please, report the corresponding BB."},
{"name": "template 11",
 "sql": "SELECT BB,AA,avg(Value) FROM DBdata WHERE (AA IN ('AAgr','AAbk')) AND (BB IN ('BBln','BBgh')) GROUP BY BB,AA",
 "sqlResult": "{BBgh | AAbk | 64} || {BBgh | AAgr | 17} || {BBln | AAbk | 20} || {BBln | AAgr | 95}",
 "nlq": "What is the average number for each BB and AA, of BBgh or BBln accidents involving AAbk or AAgr casualties? Please, report the corresponding BB and AA."},
{"name": "template 12",
 "sql": "SELECT Value FROM DBdata WHERE (AA IN ('AAbk')) AND (BB IN ('BBln','BBgh')) ORDER BY VALUE ASC LIMIT 2",
 "sqlResult": "{20} || {64}",
 "nlq": "What are the smallest 2 numbers of BBgh or BBln accidents involving AAbk casualties?"},
{"name": "template 13",
 "sql": "SELECT Value FROM DBdata WHERE (AA IN ('AAgr')) AND (BB IN ('BBln','BBgh')) ORDER BY VALUE DESC",
 "sqlResult": "{95} || {17}",
 "nlq": "What are the numbers ordered by decreasing values of BBgh or BBln accidents involving AAgr casualties?"},
{"name": "template 14",
 "sql": "SELECT BB,CC FROM DBdata WHERE (AA IN ('AAbk')) AND Value < 49",
 "sqlResult": "{BBln | CCgj}",
 "nlq": "What are the BB and CC for which the number of accidents involving AAbk casualties is lower than 49?"},
{"name": "template 15",
 "sql": "SELECT BB,CC,Value FROM DBdata WHERE (AA IN ('AAgr')) AND (BB,CC) IN (SELECT BB,CC FROM DBdata WHERE (AA IN ('AAbk')) AND Value < 49)",
 "sqlResult": "{BBln | CCgj | 95}",
 "nlq": "What is the number of accidents involving AAgr casualties of BB and of CC for which the number of accidents involving AAbk casualties is lower than 49? Please, report the corresponding BB, CC, and number of accidents."}]
}

