{
"filename": "Number_of_accidents_set56_4_DB.csv",
"questions": [{"name": "template 1",
 "sql": "SELECT Value FROM DBdata WHERE (AA IN ('AAfg')) AND ((BB = 'BBbs' AND CC = 'CCns'))",
 "sqlResult": "{98}",
 "nlq": "What is the number of CCns BBbs accidents involving AAfg casualties?"},
{"name": "template 2",
 "sql": "SELECT Value FROM DBdata WHERE (AA IN ('AAfg')) AND ((BB = 'BBbs' AND CC = 'CCns') OR (BB = 'BBdx' AND CC = 'CCns'))",
 "sqlResult": "{98} || {67}",
 "nlq": "What is the number of CCns BBbs or BBdx accidents involving AAfg casualties?"},
{"name": "template 3",
 "sql": "SELECT Value FROM DBdata WHERE (AA IN ('AAfg')) AND ((BB = 'BBbs' AND CC = 'CCns'))",
 "sqlResult": "{98}",
 "nlq": "What is the number of CCns BBbs accidents involving AAfg casualties?"},
{"name": "template 4",
 "sql": "SELECT max(Value),sum(Value) FROM DBdata WHERE (AA IN ('AAfg')) AND ((BB = 'BBdx' AND CC = 'CCns'))",
 "sqlResult": "{67 | 67}",
 "nlq": "What are the maximum and total numbers of CCns BBdx accidents involving AAfg casualties?"},
{"name": "template 5",
 "sql": "SELECT avg(Value) FROM DBdata WHERE (AA IN ('AAqz','AAfg')) AND ((BB = 'BBbs' AND CC = 'CCns'))",
 "sqlResult": "{90.5}",
 "nlq": "What is the average number of CCns BBbs accidents involving AAfg or AAqz casualties?"},
{"name": "template 6",
 "sql": "SELECT Value FROM DBdata WHERE (AA IN ('AAqz','AAfg')) AND ((BB = 'BBbs' AND CC = 'CCns') OR (BB = 'BBch' AND CC = 'CCns'))",
 "sqlResult": "{83} || {98} || {87} || {88}",
 "nlq": "What is the number of CCns BBch or BBbs accidents involving AAfg or AAqz casualties?"},
{"name": "template 7",
 "sql": "SELECT min(Value),max(Value) FROM DBdata WHERE (AA IN ('AAfg')) AND ((BB = 'BBbs' AND CC = 'CCns') OR (BB = 'BBdx' AND CC = 'CCns') OR (BB = 'BBch' AND CC = 'CCns'))",
 "sqlResult": "{67 | 98}",
 "nlq": "What are the minimum and maximum numbers of CCns BBch, BBbs, or BBdx accidents involving AAfg casualties?"},
{"name": "template 8",
 "sql": "SELECT AA,sum(Value),avg(Value) FROM DBdata WHERE (AA IN ('AAqz','AAfg')) AND ((BB = 'BBbs' AND CC = 'CCns') OR (BB = 'BBch' AND CC = 'CCns')) GROUP BY AA",
 "sqlResult": "{AAfg | 186 | 93} || {AAqz | 170 | 85}",
 "nlq": "What are the total and average numbers for each AA, of CCns BBch or BBbs accidents involving AAfg or AAqz casualties? Please, report the corresponding AA."},
{"name": "template 9",
 "sql": "SELECT min(Value) FROM DBdata WHERE (AA IN ('AAfg')) AND (BB IN ('BBbs','BBdx','BBch')) GROUP BY BB",
 "sqlResult": "{88} || {98} || {67}",
 "nlq": "What is the minimum number for each BB, of BBch, BBbs, or BBdx accidents involving AAfg casualties?"},
{"name": "template 10",
 "sql": "SELECT BB,max(Value) FROM DBdata WHERE (AA IN ('AAqz')) AND (BB IN ('BBbs','BBdx','BBch')) GROUP BY BB",
 "sqlResult": "{BBch | 87} || {BBbs | 83} || {BBdx | 35}",
 "nlq": "What is the maximum number for each BB, of BBch, BBbs, or BBdx accidents involving AAqz casualties? Please, report the corresponding BB."},
{"name": "template 11",
 "sql": "SELECT BB,AA,avg(Value) FROM DBdata WHERE (AA IN ('AAqz','AAfg')) AND (BB IN ('BBbs','BBdx','BBch')) GROUP BY BB,AA",
 "sqlResult": "{BBch | AAfg | 88} || {BBch | AAqz | 87} || {BBbs | AAfg | 98} || {BBbs | AAqz | 83} || {BBdx | AAfg | 67} || {BBdx | AAqz | 35}",
 "nlq": "What is the average number for each BB and AA, of BBch, BBbs, or BBdx accidents involving AAfg or AAqz casualties? Please, report the corresponding BB and AA."},
{"name": "template 12",
 "sql": "SELECT Value FROM DBdata WHERE (AA IN ('AAfg')) AND (BB IN ('BBdx','BBch')) ORDER BY VALUE ASC LIMIT 2",
 "sqlResult": "{67} || {88}",
 "nlq": "What are the smallest 2 numbers of BBch or BBdx accidents involving AAfg casualties?"},
{"name": "template 13",
 "sql": "SELECT Value FROM DBdata WHERE (AA IN ('AAqz')) AND (BB IN ('BBdx','BBch')) ORDER BY VALUE ASC",
 "sqlResult": "{35} || {87}",
 "nlq": "What are the numbers ordered by increasing values of BBch or BBdx accidents involving AAqz casualties?"},
{"name": "template 14",
 "sql": "SELECT BB,CC FROM DBdata WHERE (AA IN ('AAqz')) AND Value > 76.33",
 "sqlResult": "{BBbs | CCns} || {BBch | CCns}",
 "nlq": "What are the BB and CC for which the number of accidents involving AAqz casualties is greater than 76.33?"},
{"name": "template 15",
 "sql": "SELECT BB,CC,Value FROM DBdata WHERE (AA IN ('AAfg')) AND (BB,CC) IN (SELECT BB,CC FROM DBdata WHERE (AA IN ('AAqz')) AND Value > 76.33)",
 "sqlResult": "{BBbs | CCns | 98} || {BBch | CCns | 88}",
 "nlq": "What is the number of accidents involving AAfg casualties of BB and of CC for which the number of accidents involving AAqz casualties is greater than 76.33? Please, report the corresponding BB, CC, and number of accidents."}]
}

