{
"filename": "Number_of_accidents_set42_4_DB.csv",
"questions": [{"name": "template 1",
 "sql": "SELECT Value FROM DBdata WHERE (AA IN ('AAdq')) AND ((CC = 'CCds' AND BB = 'BBvw'))",
 "sqlResult": "{50}",
 "nlq": "What is the number of CCds BBvw accidents involving AAdq casualties?"},
{"name": "template 2",
 "sql": "SELECT Value FROM DBdata WHERE (AA IN ('AAdq')) AND ((CC = 'CCfj' AND BB = 'BBvy') OR (CC = 'CCfj' AND BB = 'BBvw') OR (CC = 'CCds' AND BB = 'BBvy') OR (CC = 'CCds' AND BB = 'BBvw'))",
 "sqlResult": "{43} || {22} || {79} || {50}",
 "nlq": "What is the number of CCds or CCfj BBvw or BBvy accidents involving AAdq casualties?"},
{"name": "template 3",
 "sql": "SELECT Value FROM DBdata WHERE (AA IN ('AAdq')) AND ((CC = 'CCds' AND BB = 'BBvw'))",
 "sqlResult": "{50}",
 "nlq": "What is the number of CCds BBvw accidents involving AAdq casualties?"},
{"name": "template 4",
 "sql": "SELECT sum(Value),max(Value) FROM DBdata WHERE (AA IN ('AAbp','AAdq')) AND ((CC = 'CCds' AND BB = 'BBvw'))",
 "sqlResult": "{102 | 52}",
 "nlq": "What are the total and maximum numbers of CCds BBvw accidents involving AAdq or AAbp casualties?"},
{"name": "template 6",
 "sql": "SELECT Value FROM DBdata WHERE (AA IN ('AAdq')) AND ((CC = 'CCfj' AND BB = 'BBvy') OR (CC = 'CCds' AND BB = 'BBvy') OR (CC = 'CCds' AND BB = 'BBvw'))",
 "sqlResult": "{43} || {79} || {50}",
 "nlq": "What is the number of CCds BBvw or CCds or CCfj BBvy accidents involving AAdq casualties?"},
{"name": "template 7",
 "sql": "SELECT max(Value),sum(Value) FROM DBdata WHERE (AA IN ('AAbp')) AND ((CC = 'CCfj' AND BB = 'BBvy') OR (CC = 'CCds' AND BB = 'BBvy'))",
 "sqlResult": "{90 | 113}",
 "nlq": "What are the maximum and total numbers of CCds or CCfj BBvy accidents involving AAbp casualties?"},
{"name": "template 8",
 "sql": "SELECT AA,avg(Value),sum(Value) FROM DBdata WHERE (AA IN ('AAbp','AAdq')) AND ((CC = 'CCfj' AND BB = 'BBvy') OR (CC = 'CCfj' AND BB = 'BBvw') OR (CC = 'CCds' AND BB = 'BBvy') OR (CC = 'CCds' AND BB = 'BBvw')) GROUP BY AA",
 "sqlResult": "{AAdq | 48.5 | 194} || {AAbp | 66 | 264}",
 "nlq": "What are the average and total numbers for each AA, of CCds or CCfj BBvw or BBvy accidents involving AAdq or AAbp casualties? Please, report the corresponding AA."},
{"name": "template 9",
 "sql": "SELECT min(Value) FROM DBdata WHERE (AA IN ('AAdq')) AND (CC IN ('CCfj','CCds')) GROUP BY CC",
 "sqlResult": "{50} || {22}",
 "nlq": "What is the minimum number for each CC, of CCds or CCfj accidents involving AAdq casualties?"},
{"name": "template 10",
 "sql": "SELECT CC,sum(Value) FROM DBdata WHERE (AA IN ('AAbp')) AND (CC IN ('CCfj','CCds')) GROUP BY CC",
 "sqlResult": "{CCds | 75} || {CCfj | 189}",
 "nlq": "What is the total number for each CC, of CCds or CCfj accidents involving AAbp casualties? Please, report the corresponding CC."},
{"name": "template 11",
 "sql": "SELECT CC,AA,min(Value) FROM DBdata WHERE (AA IN ('AAbp','AAdq')) AND (CC IN ('CCfj','CCds')) GROUP BY CC,AA",
 "sqlResult": "{CCds | AAdq | 50} || {CCds | AAbp | 23} || {CCfj | AAdq | 22} || {CCfj | AAbp | 90}",
 "nlq": "What is the minimum number for each CC and AA, of CCds or CCfj accidents involving AAdq or AAbp casualties? Please, report the corresponding CC and AA."},
{"name": "template 12",
 "sql": "SELECT Value FROM DBdata WHERE (AA IN ('AAdq')) AND (CC IN ('CCfj','CCds')) ORDER BY VALUE DESC LIMIT 3",
 "sqlResult": "{79} || {50} || {43}",
 "nlq": "What are the largest 3 numbers of CCds or CCfj accidents involving AAdq casualties?"},
{"name": "template 13",
 "sql": "SELECT Value FROM DBdata WHERE (AA IN ('AAbp')) AND (CC IN ('CCfj','CCds')) ORDER BY VALUE DESC",
 "sqlResult": "{99} || {90} || {52} || {23}",
 "nlq": "What are the numbers ordered by decreasing values of CCds or CCfj accidents involving AAbp casualties?"},
{"name": "template 14",
 "sql": "SELECT CC,BB FROM DBdata WHERE (AA IN ('AAdq')) AND Value < 57.25",
 "sqlResult": "{CCfj | BBvy} || {CCfj | BBvw} || {CCds | BBvw}",
 "nlq": "What are the CC and BB for which the number of accidents involving AAdq casualties is lower than 57.25?"},
{"name": "template 15",
 "sql": "SELECT CC,BB,Value FROM DBdata WHERE (AA IN ('AAbp')) AND (CC,BB) IN (SELECT CC,BB FROM DBdata WHERE (AA IN ('AAdq')) AND Value < 57.25)",
 "sqlResult": "{CCfj | BBvy | 90} || {CCfj | BBvw | 99} || {CCds | BBvw | 52}",
 "nlq": "What is the number of accidents involving AAbp casualties of CC and of BB for which the number of accidents involving AAdq casualties is lower than 57.25? Please, report the corresponding CC, BB, and number of accidents."}]
}

