{
"filename": "Number_of_accidents_set38_1_DB.csv",
"questions": [{"name": "template 1",
 "sql": "SELECT Value FROM DBdata WHERE (AA IN ('AAbd')) AND ((BB = 'BBnz' AND CC = 'CCnp'))",
 "sqlResult": "{66}",
 "nlq": "What is the number of CCnp BBnz accidents involving AAbd casualties?"},
{"name": "template 2",
 "sql": "SELECT Value FROM DBdata WHERE (AA IN ('AAbn')) AND ((BB = 'BBxy' AND CC = 'CCnp') OR (BB = 'BBnz' AND CC = 'CCnp') OR (BB = 'BBxy' AND CC = 'CCdv') OR (BB = 'BBnz' AND CC = 'CCdv'))",
 "sqlResult": "{65} || {83} || {80} || {25}",
 "nlq": "What is the number of CCdv or CCnp BBnz or BBxy accidents involving AAbn casualties?"},
{"name": "template 3",
 "sql": "SELECT Value FROM DBdata WHERE (AA IN ('AAbn')) AND ((BB = 'BBxy' AND CC = 'CCnp'))",
 "sqlResult": "{65}",
 "nlq": "What is the number of CCnp BBxy accidents involving AAbn casualties?"},
{"name": "template 4",
 "sql": "SELECT sum(Value),avg(Value) FROM DBdata WHERE (AA IN ('AAbd')) AND ((BB = 'BBnz' AND CC = 'CCdv'))",
 "sqlResult": "{40 | 40}",
 "nlq": "What are the total and average numbers of CCdv BBnz accidents involving AAbd casualties?"},
{"name": "template 6",
 "sql": "SELECT Value FROM DBdata WHERE (AA IN ('AAbn')) AND ((BB = 'BBxy' AND CC = 'CCnp') OR (BB = 'BBnz' AND CC = 'CCnp') OR (BB = 'BBxy' AND CC = 'CCdv') OR (BB = 'BBnz' AND CC = 'CCdv'))",
 "sqlResult": "{65} || {83} || {80} || {25}",
 "nlq": "What is the number of CCdv or CCnp BBnz or BBxy accidents involving AAbn casualties?"},
{"name": "template 7",
 "sql": "SELECT sum(Value),avg(Value) FROM DBdata WHERE (AA IN ('AAbn')) AND ((BB = 'BBnz' AND CC = 'CCnp') OR (BB = 'BBxy' AND CC = 'CCdv') OR (BB = 'BBnz' AND CC = 'CCdv'))",
 "sqlResult": "{188 | 62.67}",
 "nlq": "What are the total and average numbers of CCdv BBxy or CCdv or CCnp BBnz accidents involving AAbn casualties?"},
{"name": "template 8",
 "sql": "SELECT AA,avg(Value),sum(Value) FROM DBdata WHERE (AA IN ('AAbd')) AND ((BB = 'BBxy' AND CC = 'CCnp') OR (BB = 'BBnz' AND CC = 'CCnp') OR (BB = 'BBnz' AND CC = 'CCdv')) GROUP BY AA",
 "sqlResult": "{AAbd | 50.67 | 152}",
 "nlq": "What are the average and total numbers for each AA, of CCdv BBnz or CCnp BBnz or BBxy accidents involving AAbd casualties? Please, report the corresponding AA."},
{"name": "template 9",
 "sql": "SELECT min(Value) FROM DBdata WHERE (AA IN ('AAbd')) AND (BB IN ('BBxy','BBnz')) GROUP BY BB",
 "sqlResult": "{40} || {27}",
 "nlq": "What is the minimum number for each BB, of BBnz or BBxy accidents involving AAbd casualties?"},
{"name": "template 10",
 "sql": "SELECT BB,sum(Value) FROM DBdata WHERE (AA IN ('AAbd')) AND (BB IN ('BBxy','BBnz')) GROUP BY BB",
 "sqlResult": "{BBnz | 106} || {BBxy | 73}",
 "nlq": "What is the total number for each BB, of BBnz or BBxy accidents involving AAbd casualties? Please, report the corresponding BB."},
{"name": "template 11",
 "sql": "SELECT BB,AA,sum(Value) FROM DBdata WHERE (AA IN ('AAbn')) AND (BB IN ('BBxy','BBnz')) GROUP BY BB,AA",
 "sqlResult": "{BBnz | AAbn | 108} || {BBxy | AAbn | 145}",
 "nlq": "What is the total number for each BB and AA, of BBnz or BBxy accidents involving AAbn casualties? Please, report the corresponding BB and AA."},
{"name": "template 12",
 "sql": "SELECT Value FROM DBdata WHERE (AA IN ('AAbd')) AND (BB IN ('BBxy','BBnz')) ORDER BY VALUE ASC LIMIT 3",
 "sqlResult": "{27} || {40} || {46}",
 "nlq": "What are the smallest 3 numbers of BBnz or BBxy accidents involving AAbd casualties?"},
{"name": "template 13",
 "sql": "SELECT Value FROM DBdata WHERE (AA IN ('AAbd')) AND (BB IN ('BBxy','BBnz')) ORDER BY VALUE DESC",
 "sqlResult": "{66} || {46} || {40} || {27}",
 "nlq": "What are the numbers ordered by decreasing values of BBnz or BBxy accidents involving AAbd casualties?"},
{"name": "template 14",
 "sql": "SELECT BB,CC FROM DBdata WHERE (AA IN ('AAbd')) AND Value < 54",
 "sqlResult": "{BBxy | CCnp} || {BBxy | CCdv} || {BBnz | CCdv}",
 "nlq": "What are the BB and CC for which the number of accidents involving AAbd casualties is lower than 54?"},
{"name": "template 15",
 "sql": "SELECT BB,CC,Value FROM DBdata WHERE (AA IN ('AAbn')) AND (BB,CC) IN (SELECT BB,CC FROM DBdata WHERE (AA IN ('AAbd')) AND Value < 54)",
 "sqlResult": "{BBxy | CCnp | 65} || {BBxy | CCdv | 80} || {BBnz | CCdv | 25}",
 "nlq": "What is the number of accidents involving AAbn casualties of BB and of CC for which the number of accidents involving AAbd casualties is lower than 54? Please, report the corresponding BB, CC, and number of accidents."}]
}

