{
"filename": "Number_of_accidents_set37_3_DB.csv",
"questions": [{"name": "template 1",
 "sql": "SELECT Value FROM DBdata WHERE (AA IN ('AAgp')) AND ((BB = 'BBct' AND CC = 'CChx'))",
 "sqlResult": "{19}",
 "nlq": "What is the number of CChx BBct accidents involving AAgp casualties?"},
{"name": "template 2",
 "sql": "SELECT Value FROM DBdata WHERE (AA IN ('AAjq')) AND ((BB = 'BBdq' AND CC = 'CCds') OR (BB = 'BBct' AND CC = 'CCds') OR (BB = 'BBbm' AND CC = 'CCds') OR (BB = 'BBdq' AND CC = 'CChx'))",
 "sqlResult": "{62} || {77} || {20} || {98}",
 "nlq": "What is the number of CChx BBdq or CCds BBbm, BBdq, or BBct accidents involving AAjq casualties?"},
{"name": "template 3",
 "sql": "SELECT Value FROM DBdata WHERE (AA IN ('AAjq','AAgp')) AND ((BB = 'BBbm' AND CC = 'CCds'))",
 "sqlResult": "{20} || {60}",
 "nlq": "What is the number of CCds BBbm accidents involving AAgp or AAjq casualties?"},
{"name": "template 4",
 "sql": "SELECT avg(Value),sum(Value) FROM DBdata WHERE (AA IN ('AAjq','AAgp')) AND ((BB = 'BBct' AND CC = 'CChx'))",
 "sqlResult": "{43.5 | 87}",
 "nlq": "What are the average and total numbers of CChx BBct accidents involving AAgp or AAjq casualties?"},
{"name": "template 6",
 "sql": "SELECT Value FROM DBdata WHERE (AA IN ('AAjq','AAgp')) AND ((BB = 'BBct' AND CC = 'CChx') OR (BB = 'BBbm' AND CC = 'CChx'))",
 "sqlResult": "{68} || {19} || {75} || {10}",
 "nlq": "What is the number of CChx BBbm or BBct accidents involving AAgp or AAjq casualties?"},
{"name": "template 7",
 "sql": "SELECT sum(Value),max(Value) FROM DBdata WHERE (AA IN ('AAjq')) AND ((BB = 'BBbm' AND CC = 'CCds') OR (BB = 'BBct' AND CC = 'CChx') OR (BB = 'BBbm' AND CC = 'CChx'))",
 "sqlResult": "{163 | 75}",
 "nlq": "What are the total and maximum numbers of CChx BBct or CChx or CCds BBbm accidents involving AAjq casualties?"},
{"name": "template 8",
 "sql": "SELECT AA,min(Value),max(Value) FROM DBdata WHERE (AA IN ('AAjq','AAgp')) AND ((BB = 'BBct' AND CC = 'CCds') OR (BB = 'BBbm' AND CC = 'CCds')) GROUP BY AA",
 "sqlResult": "{AAgp | 60 | 94} || {AAjq | 20 | 77}",
 "nlq": "What are the minimum and maximum numbers for each AA, of CCds BBbm or BBct accidents involving AAgp or AAjq casualties? Please, report the corresponding AA."},
{"name": "template 9",
 "sql": "SELECT min(Value) FROM DBdata WHERE (AA IN ('AAgp')) AND (BB IN ('BBdq','BBct','BBbm')) GROUP BY BB",
 "sqlResult": "{10} || {73} || {19}",
 "nlq": "What is the minimum number for each BB, of BBbm, BBdq, or BBct accidents involving AAgp casualties?"},
{"name": "template 10",
 "sql": "SELECT BB,sum(Value) FROM DBdata WHERE (AA IN ('AAjq')) AND (BB IN ('BBdq','BBct','BBbm')) GROUP BY BB",
 "sqlResult": "{BBbm | 95} || {BBdq | 160} || {BBct | 145}",
 "nlq": "What is the total number for each BB, of BBbm, BBdq, or BBct accidents involving AAjq casualties? Please, report the corresponding BB."},
{"name": "template 11",
 "sql": "SELECT BB,AA,sum(Value) FROM DBdata WHERE (AA IN ('AAgp')) AND (BB IN ('BBdq','BBct','BBbm')) GROUP BY BB,AA",
 "sqlResult": "{BBbm | AAgp | 70} || {BBdq | AAgp | 160} || {BBct | AAgp | 113}",
 "nlq": "What is the total number for each BB and AA, of BBbm, BBdq, or BBct accidents involving AAgp casualties? Please, report the corresponding BB and AA."},
{"name": "template 12",
 "sql": "SELECT Value FROM DBdata WHERE (AA IN ('AAgp')) AND (BB IN ('BBdq','BBbm')) ORDER BY VALUE ASC LIMIT 2",
 "sqlResult": "{10} || {60}",
 "nlq": "What are the smallest 2 numbers of BBbm or BBdq accidents involving AAgp casualties?"},
{"name": "template 13",
 "sql": "SELECT Value FROM DBdata WHERE (AA IN ('AAjq')) AND (BB IN ('BBdq','BBct')) ORDER BY VALUE DESC",
 "sqlResult": "{98} || {77} || {68} || {62}",
 "nlq": "What are the numbers ordered by decreasing values of BBdq or BBct accidents involving AAjq casualties?"},
{"name": "template 14",
 "sql": "SELECT BB,CC FROM DBdata WHERE (AA IN ('AAjq')) AND Value > 61.92",
 "sqlResult": "{BBdq | CCds} || {BBct | CCds} || {BBdq | CChx} || {BBct | CChx} || {BBbm | CChx}",
 "nlq": "What are the BB and CC for which the number of accidents involving AAjq casualties is greater than 61.92?"},
{"name": "template 15",
 "sql": "SELECT BB,CC,Value FROM DBdata WHERE (AA IN ('AAgp')) AND (BB,CC) IN (SELECT BB,CC FROM DBdata WHERE (AA IN ('AAjq')) AND Value > 61.92)",
 "sqlResult": "{BBdq | CCds | 87} || {BBct | CCds | 94} || {BBdq | CChx | 73} || {BBct | CChx | 19} || {BBbm | CChx | 10}",
 "nlq": "What is the number of accidents involving AAgp casualties of BB and of CC for which the number of accidents involving AAjq casualties is greater than 61.92? Please, report the corresponding BB, CC, and number of accidents."}]
}

