{
"filename": "Number_of_accidents_set1_5_DB.csv",
"questions": [{"name": "template 1",
 "sql": "SELECT Value FROM DBdata WHERE (Gender IN ('Male')) AND (Event IN ('Traffic'))",
 "sqlResult": "{52}",
 "nlq": "What is the number of Traffic accidents involving Male casualties?"},
{"name": "template 2",
 "sql": "SELECT Value FROM DBdata WHERE (Gender IN ('Female')) AND (Event IN ('Fire','Traffic'))",
 "sqlResult": "{13} || {18}",
 "nlq": "What is the number of Fire or Traffic accidents involving Female casualties?"},
{"name": "template 3",
 "sql": "SELECT Value FROM DBdata WHERE (Gender IN ('Male','Female')) AND (Event IN ('Fire'))",
 "sqlResult": "{30} || {13}",
 "nlq": "What is the number of Fire accidents involving Female or Male casualties?"},
{"name": "template 4",
 "sql": "SELECT sum(Value),max(Value) FROM DBdata WHERE (Gender IN ('Male')) AND (Event IN ('Fire'))",
 "sqlResult": "{30 | 30}",
 "nlq": "What are the total and maximum numbers of Fire accidents involving Male casualties?"},
{"name": "template 6",
 "sql": "SELECT Value FROM DBdata WHERE (Gender IN ('Male','Female')) AND (Event IN ('Fire','Traffic'))",
 "sqlResult": "{30} || {13} || {52} || {18}",
 "nlq": "What is the number of Fire or Traffic accidents involving Female or Male casualties?"},
{"name": "template 7",
 "sql": "SELECT max(Value),sum(Value) FROM DBdata WHERE (Gender IN ('Female')) AND (Event IN ('Traffic'))",
 "sqlResult": "{18 | 18}",
 "nlq": "What are the maximum and total numbers of Traffic accidents involving Female casualties?"},
{"name": "template 8",
 "sql": "SELECT Gender,min(Value),sum(Value) FROM DBdata WHERE (Gender IN ('Male','Female')) AND (Event IN ('Fire')) GROUP BY Gender",
 "sqlResult": "{Female | 13 | 13} || {Male | 30 | 30}",
 "nlq": "What are the minimum and total numbers for each Gender, of Fire accidents involving Female or Male casualties? Please, report the corresponding Gender."},
{"name": "template 9",
 "sql": "SELECT min(Value) FROM DBdata WHERE (Gender IN ('Male')) AND (Event IN ('Fire','Traffic')) GROUP BY Event",
 "sqlResult": "{30} || {52}",
 "nlq": "What is the minimum number for each Event, of Fire or Traffic accidents involving Male casualties?"},
{"name": "template 10",
 "sql": "SELECT Event,max(Value) FROM DBdata WHERE (Gender IN ('Male')) AND (Event IN ('Fire','Traffic')) GROUP BY Event",
 "sqlResult": "{Fire | 30} || {Traffic | 52}",
 "nlq": "What is the maximum number for each Event, of Fire or Traffic accidents involving Male casualties? Please, report the corresponding Event."},
{"name": "template 11",
 "sql": "SELECT Event,Gender,avg(Value) FROM DBdata WHERE (Gender IN ('Female')) AND (Event IN ('Fire','Traffic')) GROUP BY Event,Gender",
 "sqlResult": "{Fire | Female | 13} || {Traffic | Female | 18}",
 "nlq": "What is the average number for each Event and Gender, of Fire or Traffic accidents involving Female casualties? Please, report the corresponding Event and Gender."},
{"name": "template 12",
 "sql": "SELECT Value FROM DBdata WHERE (Gender IN ('Female')) AND (Event IN ('Fire','Traffic')) ORDER BY VALUE ASC LIMIT 2",
 "sqlResult": "{13} || {18}",
 "nlq": "What are the smallest 2 numbers of Fire or Traffic accidents involving Female casualties?"},
{"name": "template 13",
 "sql": "SELECT Value FROM DBdata WHERE (Gender IN ('Female')) AND (Event IN ('Fire','Traffic')) ORDER BY VALUE ASC",
 "sqlResult": "{13} || {18}",
 "nlq": "What are the numbers ordered by increasing values of Fire or Traffic accidents involving Female casualties?"},
{"name": "template 14",
 "sql": "SELECT Event FROM DBdata WHERE (Gender IN ('Male')) AND Value > 28.25",
 "sqlResult": "{Fire} || {Traffic}",
 "nlq": "What is the Event for which the number of accidents involving Male casualties is greater than 28.25?"},
{"name": "template 15",
 "sql": "SELECT Event,Value FROM DBdata WHERE (Gender IN ('Female')) AND (Event) IN (SELECT Event FROM DBdata WHERE (Gender IN ('Male')) AND Value > 28.25)",
 "sqlResult": "{Fire | 13} || {Traffic | 18}",
 "nlq": "What is the number of accidents involving Female casualties of Event for which the number of accidents involving Male casualties is greater than 28.25? Please, report the corresponding Event and number of accidents."}]
}
