{
"filename": "Number_of_accidents_set59_2_DB.csv",
"questions": [{"name": "template 1",
 "sql": "SELECT Value FROM DBdata WHERE (Gender IN ('Female')) AND ((Event = 'Traffic' AND Severity = 'Serious'))",
 "sqlResult": "{27}",
 "nlq": "What is the number of Serious Traffic accidents involving Female casualties?"},
{"name": "template 2",
 "sql": "SELECT Value FROM DBdata WHERE (Gender IN ('Female')) AND ((Event = 'Fire' AND Severity = 'Serious') OR (Event = 'Traffic' AND Severity = 'Serious'))",
 "sqlResult": "{68} || {27}",
 "nlq": "What is the number of Serious Fire or Traffic accidents involving Female casualties?"},
{"name": "template 3",
 "sql": "SELECT Value FROM DBdata WHERE (Gender IN ('Male')) AND ((Event = 'Traffic' AND Severity = 'Serious'))",
 "sqlResult": "{28}",
 "nlq": "What is the number of Serious Traffic accidents involving Male casualties?"},
{"name": "template 4",
 "sql": "SELECT sum(Value),max(Value) FROM DBdata WHERE (Gender IN ('Female')) AND ((Event = 'Fire' AND Severity = 'Serious'))",
 "sqlResult": "{68 | 68}",
 "nlq": "What are the total and maximum numbers of Serious Fire accidents involving Female casualties?"},
{"name": "template 5",
 "sql": "SELECT avg(Value) FROM DBdata WHERE (Gender IN ('Male','Female')) AND ((Event = 'Traffic' AND Severity = 'Serious'))",
 "sqlResult": "{27.5}",
 "nlq": "What is the average number of Serious Traffic accidents involving Female or Male casualties?"},
{"name": "template 6",
 "sql": "SELECT Value FROM DBdata WHERE (Gender IN ('Male')) AND ((Event = 'Fire' AND Severity = 'Serious') OR (Event = 'Traffic' AND Severity = 'Serious'))",
 "sqlResult": "{39} || {28}",
 "nlq": "What is the number of Serious Fire or Traffic accidents involving Male casualties?"},
{"name": "template 7",
 "sql": "SELECT avg(Value),sum(Value) FROM DBdata WHERE (Gender IN ('Female')) AND ((Event = 'Fire' AND Severity = 'Serious') OR (Event = 'Traffic' AND Severity = 'Serious'))",
 "sqlResult": "{47.5 | 95}",
 "nlq": "What are the average and total numbers of Serious Fire or Traffic accidents involving Female casualties?"},
{"name": "template 8",
 "sql": "SELECT Gender,avg(Value),min(Value) FROM DBdata WHERE (Gender IN ('Male','Female')) AND ((Event = 'Fire' AND Severity = 'Serious') OR (Event = 'Traffic' AND Severity = 'Serious')) GROUP BY Gender",
 "sqlResult": "{Female | 47.5 | 27} || {Male | 33.5 | 28}",
 "nlq": "What are the average and minimum numbers for each Gender, of Serious Fire or Traffic accidents involving Female or Male casualties? Please, report the corresponding Gender."},
{"name": "template 9",
 "sql": "SELECT min(Value) FROM DBdata WHERE (Gender IN ('Female')) AND (Event IN ('Fire','Traffic')) GROUP BY Event",
 "sqlResult": "{68} || {27}",
 "nlq": "What is the minimum number for each Event, of Fire or Traffic accidents involving Female casualties?"},
{"name": "template 10",
 "sql": "SELECT Event,max(Value) FROM DBdata WHERE (Gender IN ('Male')) AND (Event IN ('Fire','Traffic')) GROUP BY Event",
 "sqlResult": "{Fire | 39} || {Traffic | 28}",
 "nlq": "What is the maximum number for each Event, of Fire or Traffic accidents involving Male casualties? Please, report the corresponding Event."},
{"name": "template 11",
 "sql": "SELECT Event,Gender,max(Value) FROM DBdata WHERE (Gender IN ('Male')) AND (Event IN ('Fire','Traffic')) GROUP BY Event,Gender",
 "sqlResult": "{Fire | Male | 39} || {Traffic | Male | 28}",
 "nlq": "What is the maximum number for each Event and Gender, of Fire or Traffic accidents involving Male casualties? Please, report the corresponding Event and Gender."},
{"name": "template 12",
 "sql": "SELECT Value FROM DBdata WHERE (Gender IN ('Female')) AND (Event IN ('Fire','Traffic')) ORDER BY VALUE DESC LIMIT 2",
 "sqlResult": "{68} || {27}",
 "nlq": "What are the largest 2 numbers of Fire or Traffic accidents involving Female casualties?"},
{"name": "template 13",
 "sql": "SELECT Value FROM DBdata WHERE (Gender IN ('Male')) AND (Event IN ('Fire','Traffic')) ORDER BY VALUE DESC",
 "sqlResult": "{39} || {28}",
 "nlq": "What are the numbers ordered by decreasing values of Fire or Traffic accidents involving Male casualties?"},
{"name": "template 14",
 "sql": "SELECT Event,Severity FROM DBdata WHERE (Gender IN ('Female')) AND Value > 40.5",
 "sqlResult": "{Fire | Serious}",
 "nlq": "What are the Event and Severity for which the number of accidents involving Female casualties is greater than 40.5?"},
{"name": "template 15",
 "sql": "SELECT Event,Severity,Value FROM DBdata WHERE (Gender IN ('Male')) AND (Event,Severity) IN (SELECT Event,Severity FROM DBdata WHERE (Gender IN ('Female')) AND Value > 40.5)",
 "sqlResult": "{Fire | Serious | 39}",
 "nlq": "What is the number of accidents involving Male casualties of Event and of Severity for which the number of accidents involving Female casualties is greater than 40.5? Please, report the corresponding Event, Severity, and number of accidents."}]
}
