{
"filename": "Number_of_accidents_set45_1_DB.csv",
"questions": [{"name": "template 1",
 "sql": "SELECT Value FROM DBdata WHERE (AA IN ('AAlw')) AND ((BB = 'BBfh' AND CC = 'CCbd'))",
 "sqlResult": "{86}",
 "nlq": "What is the number of CCbd BBfh accidents involving AAlw casualties?"},
{"name": "template 2",
 "sql": "SELECT Value FROM DBdata WHERE (AA IN ('AAry')) AND ((BB = 'BBfh' AND CC = 'CCfr') OR (BB = 'BBwx' AND CC = 'CCfr'))",
 "sqlResult": "{94} || {88}",
 "nlq": "What is the number of CCfr BBfh or BBwx accidents involving AAry casualties?"},
{"name": "template 3",
 "sql": "SELECT Value FROM DBdata WHERE (AA IN ('AAry','AAlw')) AND ((BB = 'BBfh' AND CC = 'CCfr'))",
 "sqlResult": "{94} || {38}",
 "nlq": "What is the number of CCfr BBfh accidents involving AAlw or AAry casualties?"},
{"name": "template 4",
 "sql": "SELECT avg(Value),max(Value) FROM DBdata WHERE (AA IN ('AAlw')) AND ((BB = 'BBfh' AND CC = 'CCbd'))",
 "sqlResult": "{86 | 86}",
 "nlq": "What are the average and maximum numbers of CCbd BBfh accidents involving AAlw casualties?"},
{"name": "template 6",
 "sql": "SELECT Value FROM DBdata WHERE (AA IN ('AAry','AAlw')) AND ((BB = 'BBfh' AND CC = 'CCbd') OR (BB = 'BBwx' AND CC = 'CCbd') OR (BB = 'BBfh' AND CC = 'CCfr') OR (BB = 'BBwx' AND CC = 'CCfr'))",
 "sqlResult": "{39} || {86} || {98} || {13} || {94} || {38} || {88} || {56}",
 "nlq": "What is the number of CCfr or CCbd BBfh or BBwx accidents involving AAlw or AAry casualties?"},
{"name": "template 7",
 "sql": "SELECT min(Value),max(Value) FROM DBdata WHERE (AA IN ('AAry')) AND ((BB = 'BBfh' AND CC = 'CCbd') OR (BB = 'BBwx' AND CC = 'CCbd') OR (BB = 'BBfh' AND CC = 'CCfr') OR (BB = 'BBwx' AND CC = 'CCfr'))",
 "sqlResult": "{39 | 98}",
 "nlq": "What are the minimum and maximum numbers of CCfr or CCbd BBfh or BBwx accidents involving AAry casualties?"},
{"name": "template 8",
 "sql": "SELECT AA,max(Value),min(Value) FROM DBdata WHERE (AA IN ('AAry','AAlw')) AND ((BB = 'BBfh' AND CC = 'CCbd') OR (BB = 'BBwx' AND CC = 'CCbd')) GROUP BY AA",
 "sqlResult": "{AAlw | 86 | 13} || {AAry | 98 | 39}",
 "nlq": "What are the maximum and minimum numbers for each AA, of CCbd BBfh or BBwx accidents involving AAlw or AAry casualties? Please, report the corresponding AA."},
{"name": "template 9",
 "sql": "SELECT min(Value) FROM DBdata WHERE (AA IN ('AAlw')) AND (BB IN ('BBfh','BBwx')) GROUP BY BB",
 "sqlResult": "{38} || {13}",
 "nlq": "What is the minimum number for each BB, of BBfh or BBwx accidents involving AAlw casualties?"},
{"name": "template 10",
 "sql": "SELECT BB,min(Value) FROM DBdata WHERE (AA IN ('AAlw')) AND (BB IN ('BBfh','BBwx')) GROUP BY BB",
 "sqlResult": "{BBfh | 38} || {BBwx | 13}",
 "nlq": "What is the minimum number for each BB, of BBfh or BBwx accidents involving AAlw casualties? Please, report the corresponding BB."},
{"name": "template 11",
 "sql": "SELECT BB,AA,max(Value) FROM DBdata WHERE (AA IN ('AAry','AAlw')) AND (BB IN ('BBfh','BBwx')) GROUP BY BB,AA",
 "sqlResult": "{BBfh | AAlw | 86} || {BBfh | AAry | 94} || {BBwx | AAlw | 56} || {BBwx | AAry | 98}",
 "nlq": "What is the maximum number for each BB and AA, of BBfh or BBwx accidents involving AAlw or AAry casualties? Please, report the corresponding BB and AA."},
{"name": "template 12",
 "sql": "SELECT Value FROM DBdata WHERE (AA IN ('AAlw')) AND (BB IN ('BBfh','BBwx')) ORDER BY VALUE ASC LIMIT 2",
 "sqlResult": "{13} || {38}",
 "nlq": "What are the smallest 2 numbers of BBfh or BBwx accidents involving AAlw casualties?"},
{"name": "template 13",
 "sql": "SELECT Value FROM DBdata WHERE (AA IN ('AAry')) AND (BB IN ('BBfh','BBwx')) ORDER BY VALUE DESC",
 "sqlResult": "{98} || {94} || {88} || {39}",
 "nlq": "What are the numbers ordered by decreasing values of BBfh or BBwx accidents involving AAry casualties?"},
{"name": "template 14",
 "sql": "SELECT BB,CC FROM DBdata WHERE (AA IN ('AAry')) AND Value > 64",
 "sqlResult": "{BBwx | CCbd} || {BBfh | CCfr} || {BBwx | CCfr}",
 "nlq": "What are the BB and CC for which the number of accidents involving AAry casualties is greater than 64?"},
{"name": "template 15",
 "sql": "SELECT BB,CC,Value FROM DBdata WHERE (AA IN ('AAlw')) AND (BB,CC) IN (SELECT BB,CC FROM DBdata WHERE (AA IN ('AAry')) AND Value > 64)",
 "sqlResult": "{BBwx | CCbd | 13} || {BBfh | CCfr | 38} || {BBwx | CCfr | 56}",
 "nlq": "What is the number of accidents involving AAlw casualties of BB and of CC for which the number of accidents involving AAry casualties is greater than 64? Please, report the corresponding BB, CC, and number of accidents."}]
}

