{
"filename": "Number_of_accidents_set46_4_DB.csv",
"questions": [{"name": "template 1",
 "sql": "SELECT Value FROM DBdata WHERE (Gender IN ('Male')) AND ((Event = 'Fire' AND Severity = 'Slight'))",
 "sqlResult": "{61}",
 "nlq": "What is the number of Slight Fire accidents involving Male casualties?"},
{"name": "template 2",
 "sql": "SELECT Value FROM DBdata WHERE (Gender IN ('Male')) AND ((Event = 'Fire' AND Severity = 'Slight') OR (Event = 'Fire' AND Severity = 'Serious'))",
 "sqlResult": "{61} || {89}",
 "nlq": "What is the number of Serious or Slight Fire accidents involving Male casualties?"},
{"name": "template 3",
 "sql": "SELECT Value FROM DBdata WHERE (Gender IN ('Female')) AND ((Event = 'Fire' AND Severity = 'Serious'))",
 "sqlResult": "{25}",
 "nlq": "What is the number of Serious Fire accidents involving Female casualties?"},
{"name": "template 4",
 "sql": "SELECT avg(Value),min(Value) FROM DBdata WHERE (Gender IN ('Male')) AND ((Event = 'Traffic' AND Severity = 'Serious'))",
 "sqlResult": "{38 | 38}",
 "nlq": "What are the average and minimum numbers of Serious Traffic accidents involving Male casualties?"},
{"name": "template 6",
 "sql": "SELECT Value FROM DBdata WHERE (Gender IN ('Female')) AND ((Event = 'Fire' AND Severity = 'Slight') OR (Event = 'Traffic' AND Severity = 'Slight'))",
 "sqlResult": "{64} || {43}",
 "nlq": "What is the number of Slight Fire or Traffic accidents involving Female casualties?"},
{"name": "template 7",
 "sql": "SELECT sum(Value),max(Value) FROM DBdata WHERE (Gender IN ('Male')) AND ((Event = 'Traffic' AND Severity = 'Slight') OR (Event = 'Traffic' AND Severity = 'Serious'))",
 "sqlResult": "{95 | 57}",
 "nlq": "What are the total and maximum numbers of Serious or Slight Traffic accidents involving Male casualties?"},
{"name": "template 8",
 "sql": "SELECT Gender,min(Value),max(Value) FROM DBdata WHERE (Gender IN ('Female')) AND ((Event = 'Fire' AND Severity = 'Slight') OR (Event = 'Traffic' AND Severity = 'Slight') OR (Event = 'Fire' AND Severity = 'Serious') OR (Event = 'Traffic' AND Severity = 'Serious')) GROUP BY Gender",
 "sqlResult": "{Female | 22 | 64}",
 "nlq": "What are the minimum and maximum numbers for each Gender, of Serious or Slight Fire or Traffic accidents involving Female casualties? Please, report the corresponding Gender."},
{"name": "template 9",
 "sql": "SELECT min(Value) FROM DBdata WHERE (Gender IN ('Male')) AND (Event IN ('Fire','Traffic')) GROUP BY Event",
 "sqlResult": "{61} || {38}",
 "nlq": "What is the minimum number for each Event, of Fire or Traffic accidents involving Male casualties?"},
{"name": "template 10",
 "sql": "SELECT Event,min(Value) FROM DBdata WHERE (Gender IN ('Male')) AND (Event IN ('Fire','Traffic')) GROUP BY Event",
 "sqlResult": "{Fire | 61} || {Traffic | 38}",
 "nlq": "What is the minimum number for each Event, of Fire or Traffic accidents involving Male casualties? Please, report the corresponding Event."},
{"name": "template 11",
 "sql": "SELECT Event,Gender,avg(Value) FROM DBdata WHERE (Gender IN ('Female')) AND (Event IN ('Fire','Traffic')) GROUP BY Event,Gender",
 "sqlResult": "{Fire | Female | 44.5} || {Traffic | Female | 32.5}",
 "nlq": "What is the average number for each Event and Gender, of Fire or Traffic accidents involving Female casualties? Please, report the corresponding Event and Gender."},
{"name": "template 12",
 "sql": "SELECT Value FROM DBdata WHERE (Gender IN ('Male')) AND (Event IN ('Fire','Traffic')) ORDER BY VALUE ASC LIMIT 2",
 "sqlResult": "{38} || {57}",
 "nlq": "What are the smallest 2 numbers of Fire or Traffic accidents involving Male casualties?"},
{"name": "template 13",
 "sql": "SELECT Value FROM DBdata WHERE (Gender IN ('Male')) AND (Event IN ('Fire','Traffic')) ORDER BY VALUE ASC",
 "sqlResult": "{38} || {57} || {61} || {89}",
 "nlq": "What are the numbers ordered by increasing values of Fire or Traffic accidents involving Male casualties?"},
{"name": "template 14",
 "sql": "SELECT Event,Severity FROM DBdata WHERE (Gender IN ('Female')) AND Value > 49.88",
 "sqlResult": "{Fire | Slight}",
 "nlq": "What are the Event and Severity for which the number of accidents involving Female casualties is greater than 49.88?"},
{"name": "template 15",
 "sql": "SELECT Event,Severity,Value FROM DBdata WHERE (Gender IN ('Male')) AND (Event,Severity) IN (SELECT Event,Severity FROM DBdata WHERE (Gender IN ('Female')) AND Value > 49.88)",
 "sqlResult": "{Fire | Slight | 61}",
 "nlq": "What is the number of accidents involving Male casualties of Event and of Severity for which the number of accidents involving Female casualties is greater than 49.88? Please, report the corresponding Event, Severity, and number of accidents."}]
}
