{
"filename": "Number_of_accidents_set39_2_DB.csv",
"questions": [{"name": "template 1",
 "sql": "SELECT Value FROM DBdata WHERE (Gender IN ('Male')) AND ((Event = 'Drowning' AND Severity = 'Fatal'))",
 "sqlResult": "{54}",
 "nlq": "What is the number of Fatal Drowning accidents involving Male casualties?"},
{"name": "template 2",
 "sql": "SELECT Value FROM DBdata WHERE (Gender IN ('Male')) AND ((Event = 'Traffic' AND Severity = 'Fatal') OR (Event = 'Drowning' AND Severity = 'Fatal'))",
 "sqlResult": "{64} || {54}",
 "nlq": "What is the number of Fatal Drowning or Traffic accidents involving Male casualties?"},
{"name": "template 3",
 "sql": "SELECT Value FROM DBdata WHERE (Gender IN ('Male','Female')) AND ((Event = 'Drowning' AND Severity = 'Fatal'))",
 "sqlResult": "{54} || {56}",
 "nlq": "What is the number of Fatal Drowning accidents involving Female or Male casualties?"},
{"name": "template 4",
 "sql": "SELECT min(Value),sum(Value) FROM DBdata WHERE (Gender IN ('Male')) AND ((Event = 'Traffic' AND Severity = 'Fatal'))",
 "sqlResult": "{64 | 64}",
 "nlq": "What are the minimum and total numbers of Fatal Traffic accidents involving Male casualties?"},
{"name": "template 6",
 "sql": "SELECT Value FROM DBdata WHERE (Gender IN ('Male')) AND ((Event = 'Traffic' AND Severity = 'Fatal') OR (Event = 'Drowning' AND Severity = 'Fatal'))",
 "sqlResult": "{64} || {54}",
 "nlq": "What is the number of Fatal Drowning or Traffic accidents involving Male casualties?"},
{"name": "template 7",
 "sql": "SELECT max(Value),sum(Value) FROM DBdata WHERE (Gender IN ('Female')) AND ((Event = 'Traffic' AND Severity = 'Fatal'))",
 "sqlResult": "{75 | 75}",
 "nlq": "What are the maximum and total numbers of Fatal Traffic accidents involving Female casualties?"},
{"name": "template 8",
 "sql": "SELECT Gender,avg(Value),max(Value) FROM DBdata WHERE (Gender IN ('Male')) AND ((Event = 'Traffic' AND Severity = 'Fatal') OR (Event = 'Drowning' AND Severity = 'Fatal')) GROUP BY Gender",
 "sqlResult": "{Male | 59 | 64}",
 "nlq": "What are the average and maximum numbers for each Gender, of Fatal Drowning or Traffic accidents involving Male casualties? Please, report the corresponding Gender."},
{"name": "template 9",
 "sql": "SELECT min(Value) FROM DBdata WHERE (Gender IN ('Male')) AND (Event IN ('Traffic','Drowning')) GROUP BY Event",
 "sqlResult": "{54} || {64}",
 "nlq": "What is the minimum number for each Event, of Drowning or Traffic accidents involving Male casualties?"},
{"name": "template 10",
 "sql": "SELECT Event,max(Value) FROM DBdata WHERE (Gender IN ('Female')) AND (Event IN ('Traffic','Drowning')) GROUP BY Event",
 "sqlResult": "{Drowning | 56} || {Traffic | 75}",
 "nlq": "What is the maximum number for each Event, of Drowning or Traffic accidents involving Female casualties? Please, report the corresponding Event."},
{"name": "template 11",
 "sql": "SELECT Event,Gender,max(Value) FROM DBdata WHERE (Gender IN ('Male')) AND (Event IN ('Traffic','Drowning')) GROUP BY Event,Gender",
 "sqlResult": "{Drowning | Male | 54} || {Traffic | Male | 64}",
 "nlq": "What is the maximum number for each Event and Gender, of Drowning or Traffic accidents involving Male casualties? Please, report the corresponding Event and Gender."},
{"name": "template 12",
 "sql": "SELECT Value FROM DBdata WHERE (Gender IN ('Female')) AND (Event IN ('Traffic','Drowning')) ORDER BY VALUE DESC LIMIT 2",
 "sqlResult": "{75} || {56}",
 "nlq": "What are the largest 2 numbers of Drowning or Traffic accidents involving Female casualties?"},
{"name": "template 13",
 "sql": "SELECT Value FROM DBdata WHERE (Gender IN ('Female')) AND (Event IN ('Traffic','Drowning')) ORDER BY VALUE ASC",
 "sqlResult": "{56} || {75}",
 "nlq": "What are the numbers ordered by increasing values of Drowning or Traffic accidents involving Female casualties?"},
{"name": "template 14",
 "sql": "SELECT Event,Severity FROM DBdata WHERE (Gender IN ('Female')) AND Value > 62.25",
 "sqlResult": "{Traffic | Fatal}",
 "nlq": "What are the Event and Severity for which the number of accidents involving Female casualties is greater than 62.25?"},
{"name": "template 15",
 "sql": "SELECT Event,Severity,Value FROM DBdata WHERE (Gender IN ('Male')) AND (Event,Severity) IN (SELECT Event,Severity FROM DBdata WHERE (Gender IN ('Female')) AND Value > 62.25)",
 "sqlResult": "{Traffic | Fatal | 64}",
 "nlq": "What is the number of accidents involving Male casualties of Event and of Severity for which the number of accidents involving Female casualties is greater than 62.25? Please, report the corresponding Event, Severity, and number of accidents."}]
}
