{
"filename": "Number_of_accidents_set43_1_DB.csv",
"questions": [{"name": "template 1",
 "sql": "SELECT Value FROM DBdata WHERE (AA IN ('AAlp')) AND ((BB = 'BBkm' AND CC = 'CCck'))",
 "sqlResult": "{68}",
 "nlq": "What is the number of CCck BBkm accidents involving AAlp casualties?"},
{"name": "template 2",
 "sql": "SELECT Value FROM DBdata WHERE (AA IN ('AAfw')) AND ((BB = 'BBdk' AND CC = 'CCck') OR (BB = 'BBkm' AND CC = 'CCck') OR (BB = 'BBtw' AND CC = 'CCck'))",
 "sqlResult": "{26} || {89} || {83}",
 "nlq": "What is the number of CCck BBtw, BBdk, or BBkm accidents involving AAfw casualties?"},
{"name": "template 3",
 "sql": "SELECT Value FROM DBdata WHERE (AA IN ('AAlp')) AND ((BB = 'BBdk' AND CC = 'CCck'))",
 "sqlResult": "{57}",
 "nlq": "What is the number of CCck BBdk accidents involving AAlp casualties?"},
{"name": "template 4",
 "sql": "SELECT min(Value),max(Value) FROM DBdata WHERE (AA IN ('AAfw','AAlp')) AND ((BB = 'BBkm' AND CC = 'CCck'))",
 "sqlResult": "{68 | 89}",
 "nlq": "What are the minimum and maximum numbers of CCck BBkm accidents involving AAlp or AAfw casualties?"},
{"name": "template 6",
 "sql": "SELECT Value FROM DBdata WHERE (AA IN ('AAfw','AAlp')) AND ((BB = 'BBdk' AND CC = 'CCck') OR (BB = 'BBkm' AND CC = 'CCck') OR (BB = 'BBtw' AND CC = 'CCck'))",
 "sqlResult": "{26} || {57} || {89} || {68} || {83} || {70}",
 "nlq": "What is the number of CCck BBtw, BBdk, or BBkm accidents involving AAlp or AAfw casualties?"},
{"name": "template 7",
 "sql": "SELECT min(Value),avg(Value) FROM DBdata WHERE (AA IN ('AAfw')) AND ((BB = 'BBkm' AND CC = 'CCck') OR (BB = 'BBtw' AND CC = 'CCck'))",
 "sqlResult": "{83 | 86}",
 "nlq": "What are the minimum and average numbers of CCck BBtw or BBkm accidents involving AAfw casualties?"},
{"name": "template 8",
 "sql": "SELECT AA,sum(Value),max(Value) FROM DBdata WHERE (AA IN ('AAfw')) AND ((BB = 'BBkm' AND CC = 'CCck') OR (BB = 'BBtw' AND CC = 'CCck')) GROUP BY AA",
 "sqlResult": "{AAfw | 172 | 89}",
 "nlq": "What are the total and maximum numbers for each AA, of CCck BBtw or BBkm accidents involving AAfw casualties? Please, report the corresponding AA."},
{"name": "template 9",
 "sql": "SELECT min(Value) FROM DBdata WHERE (AA IN ('AAfw')) AND (BB IN ('BBdk','BBkm','BBtw')) GROUP BY BB",
 "sqlResult": "{83} || {26} || {89}",
 "nlq": "What is the minimum number for each BB, of BBtw, BBdk, or BBkm accidents involving AAfw casualties?"},
{"name": "template 10",
 "sql": "SELECT BB,min(Value) FROM DBdata WHERE (AA IN ('AAfw')) AND (BB IN ('BBdk','BBkm','BBtw')) GROUP BY BB",
 "sqlResult": "{BBtw | 83} || {BBdk | 26} || {BBkm | 89}",
 "nlq": "What is the minimum number for each BB, of BBtw, BBdk, or BBkm accidents involving AAfw casualties? Please, report the corresponding BB."},
{"name": "template 11",
 "sql": "SELECT BB,AA,min(Value) FROM DBdata WHERE (AA IN ('AAfw')) AND (BB IN ('BBdk','BBkm','BBtw')) GROUP BY BB,AA",
 "sqlResult": "{BBtw | AAfw | 83} || {BBdk | AAfw | 26} || {BBkm | AAfw | 89}",
 "nlq": "What is the minimum number for each BB and AA, of BBtw, BBdk, or BBkm accidents involving AAfw casualties? Please, report the corresponding BB and AA."},
{"name": "template 12",
 "sql": "SELECT Value FROM DBdata WHERE (AA IN ('AAlp')) AND (BB IN ('BBkm','BBtw')) ORDER BY VALUE DESC LIMIT 2",
 "sqlResult": "{70} || {68}",
 "nlq": "What are the largest 2 numbers of BBtw or BBkm accidents involving AAlp casualties?"},
{"name": "template 13",
 "sql": "SELECT Value FROM DBdata WHERE (AA IN ('AAlp')) AND (BB IN ('BBdk','BBtw')) ORDER BY VALUE DESC",
 "sqlResult": "{70} || {57}",
 "nlq": "What are the numbers ordered by decreasing values of BBtw or BBdk accidents involving AAlp casualties?"},
{"name": "template 14",
 "sql": "SELECT BB,CC FROM DBdata WHERE (AA IN ('AAlp')) AND Value > 65.5",
 "sqlResult": "{BBkm | CCck} || {BBtw | CCck}",
 "nlq": "What are the BB and CC for which the number of accidents involving AAlp casualties is greater than 65.5?"},
{"name": "template 15",
 "sql": "SELECT BB,CC,Value FROM DBdata WHERE (AA IN ('AAfw')) AND (BB,CC) IN (SELECT BB,CC FROM DBdata WHERE (AA IN ('AAlp')) AND Value > 65.5)",
 "sqlResult": "{BBkm | CCck | 89} || {BBtw | CCck | 83}",
 "nlq": "What is the number of accidents involving AAfw casualties of BB and of CC for which the number of accidents involving AAlp casualties is greater than 65.5? Please, report the corresponding BB, CC, and number of accidents."}]
}

