{
"filename": "Number_of_accidents_set39_5_DB.csv",
"questions": [{"name": "template 1",
 "sql": "SELECT Value FROM DBdata WHERE (AA IN ('AAbx')) AND ((BB = 'BBrz' AND CC = 'CCfp'))",
 "sqlResult": "{22}",
 "nlq": "What is the number of CCfp BBrz accidents involving AAbx casualties?"},
{"name": "template 2",
 "sql": "SELECT Value FROM DBdata WHERE (AA IN ('AAlp')) AND ((BB = 'BBpw' AND CC = 'CCbh') OR (BB = 'BBrz' AND CC = 'CCbh') OR (BB = 'BBpw' AND CC = 'CCfp') OR (BB = 'BBrz' AND CC = 'CCfp'))",
 "sqlResult": "{99} || {11} || {34} || {18}",
 "nlq": "What is the number of CCfp or CCbh BBrz or BBpw accidents involving AAlp casualties?"},
{"name": "template 3",
 "sql": "SELECT Value FROM DBdata WHERE (AA IN ('AAlp')) AND ((BB = 'BBrz' AND CC = 'CCbh'))",
 "sqlResult": "{11}",
 "nlq": "What is the number of CCbh BBrz accidents involving AAlp casualties?"},
{"name": "template 4",
 "sql": "SELECT max(Value),min(Value) FROM DBdata WHERE (AA IN ('AAlp')) AND ((BB = 'BBpw' AND CC = 'CCfp'))",
 "sqlResult": "{34 | 34}",
 "nlq": "What are the maximum and minimum numbers of CCfp BBpw accidents involving AAlp casualties?"},
{"name": "template 6",
 "sql": "SELECT Value FROM DBdata WHERE (AA IN ('AAlp','AAbx')) AND ((BB = 'BBrz' AND CC = 'CCbh') OR (BB = 'BBrz' AND CC = 'CCfp'))",
 "sqlResult": "{11} || {50} || {18} || {22}",
 "nlq": "What is the number of CCfp or CCbh BBrz accidents involving AAbx or AAlp casualties?"},
{"name": "template 7",
 "sql": "SELECT min(Value),sum(Value) FROM DBdata WHERE (AA IN ('AAlp')) AND ((BB = 'BBpw' AND CC = 'CCbh') OR (BB = 'BBrz' AND CC = 'CCbh'))",
 "sqlResult": "{11 | 110}",
 "nlq": "What are the minimum and total numbers of CCbh BBrz or BBpw accidents involving AAlp casualties?"},
{"name": "template 8",
 "sql": "SELECT AA,sum(Value),min(Value) FROM DBdata WHERE (AA IN ('AAlp')) AND ((BB = 'BBpw' AND CC = 'CCbh') OR (BB = 'BBrz' AND CC = 'CCbh') OR (BB = 'BBpw' AND CC = 'CCfp') OR (BB = 'BBrz' AND CC = 'CCfp')) GROUP BY AA",
 "sqlResult": "{AAlp | 162 | 11}",
 "nlq": "What are the total and minimum numbers for each AA, of CCfp or CCbh BBrz or BBpw accidents involving AAlp casualties? Please, report the corresponding AA."},
{"name": "template 9",
 "sql": "SELECT min(Value) FROM DBdata WHERE (AA IN ('AAlp')) AND (BB IN ('BBpw','BBrz')) GROUP BY BB",
 "sqlResult": "{11} || {34}",
 "nlq": "What is the minimum number for each BB, of BBrz or BBpw accidents involving AAlp casualties?"},
{"name": "template 10",
 "sql": "SELECT BB,max(Value) FROM DBdata WHERE (AA IN ('AAbx')) AND (BB IN ('BBpw','BBrz')) GROUP BY BB",
 "sqlResult": "{BBrz | 50} || {BBpw | 75}",
 "nlq": "What is the maximum number for each BB, of BBrz or BBpw accidents involving AAbx casualties? Please, report the corresponding BB."},
{"name": "template 11",
 "sql": "SELECT BB,AA,avg(Value) FROM DBdata WHERE (AA IN ('AAlp')) AND (BB IN ('BBpw','BBrz')) GROUP BY BB,AA",
 "sqlResult": "{BBrz | AAlp | 14.5} || {BBpw | AAlp | 66.5}",
 "nlq": "What is the average number for each BB and AA, of BBrz or BBpw accidents involving AAlp casualties? Please, report the corresponding BB and AA."},
{"name": "template 12",
 "sql": "SELECT Value FROM DBdata WHERE (AA IN ('AAbx')) AND (BB IN ('BBpw','BBrz')) ORDER BY VALUE DESC LIMIT 3",
 "sqlResult": "{75} || {50} || {43}",
 "nlq": "What are the largest 3 numbers of BBrz or BBpw accidents involving AAbx casualties?"},
{"name": "template 13",
 "sql": "SELECT Value FROM DBdata WHERE (AA IN ('AAlp')) AND (BB IN ('BBpw','BBrz')) ORDER BY VALUE DESC",
 "sqlResult": "{99} || {34} || {18} || {11}",
 "nlq": "What are the numbers ordered by decreasing values of BBrz or BBpw accidents involving AAlp casualties?"},
{"name": "template 14",
 "sql": "SELECT BB,CC FROM DBdata WHERE (AA IN ('AAlp')) AND Value > 44",
 "sqlResult": "{BBpw | CCbh}",
 "nlq": "What are the BB and CC for which the number of accidents involving AAlp casualties is greater than 44?"},
{"name": "template 15",
 "sql": "SELECT BB,CC,Value FROM DBdata WHERE (AA IN ('AAbx')) AND (BB,CC) IN (SELECT BB,CC FROM DBdata WHERE (AA IN ('AAlp')) AND Value > 44)",
 "sqlResult": "{BBpw | CCbh | 43}",
 "nlq": "What is the number of accidents involving AAbx casualties of BB and of CC for which the number of accidents involving AAlp casualties is greater than 44? Please, report the corresponding BB, CC, and number of accidents."}]
}

