{
"filename": "Number_of_accidents_set60_3_DB.csv",
"questions": [{"name": "template 1",
 "sql": "SELECT Value FROM DBdata WHERE (Gender IN ('Male')) AND ((Severity = 'Slight' AND Event = 'Traffic'))",
 "sqlResult": "{23}",
 "nlq": "What is the number of Slight Traffic accidents involving Male casualties?"},
{"name": "template 2",
 "sql": "SELECT Value FROM DBdata WHERE (Gender IN ('Female')) AND ((Severity = 'Slight' AND Event = 'Fire') OR (Severity = 'Slight' AND Event = 'Traffic') OR (Severity = 'Serious' AND Event = 'Traffic') OR (Severity = 'Serious' AND Event = 'Drowning'))",
 "sqlResult": "{44} || {19} || {57} || {36}",
 "nlq": "What is the number of Serious Drowning or Traffic or Slight Fire or Traffic accidents involving Female casualties?"},
{"name": "template 3",
 "sql": "SELECT Value FROM DBdata WHERE (Gender IN ('Male')) AND ((Severity = 'Slight' AND Event = 'Traffic'))",
 "sqlResult": "{23}",
 "nlq": "What is the number of Slight Traffic accidents involving Male casualties?"},
{"name": "template 4",
 "sql": "SELECT min(Value),sum(Value) FROM DBdata WHERE (Gender IN ('Male')) AND ((Severity = 'Serious' AND Event = 'Drowning'))",
 "sqlResult": "{69 | 69}",
 "nlq": "What are the minimum and total numbers of Serious Drowning accidents involving Male casualties?"},
{"name": "template 5",
 "sql": "SELECT avg(Value) FROM DBdata WHERE (Gender IN ('Male','Female')) AND ((Severity = 'Slight' AND Event = 'Drowning'))",
 "sqlResult": "{67}",
 "nlq": "What is the average number of Slight Drowning accidents involving Female or Male casualties?"},
{"name": "template 6",
 "sql": "SELECT Value FROM DBdata WHERE (Gender IN ('Female')) AND ((Severity = 'Slight' AND Event = 'Fire') OR (Severity = 'Serious' AND Event = 'Traffic') OR (Severity = 'Serious' AND Event = 'Drowning'))",
 "sqlResult": "{44} || {57} || {36}",
 "nlq": "What is the number of Serious Drowning or Traffic or Slight Fire accidents involving Female casualties?"},
{"name": "template 7",
 "sql": "SELECT sum(Value),min(Value) FROM DBdata WHERE (Gender IN ('Male')) AND ((Severity = 'Slight' AND Event = 'Traffic') OR (Severity = 'Slight' AND Event = 'Drowning') OR (Severity = 'Serious' AND Event = 'Traffic') OR (Severity = 'Serious' AND Event = 'Drowning'))",
 "sqlResult": "{191 | 23}",
 "nlq": "What are the total and minimum numbers of Serious or Slight Drowning or Traffic accidents involving Male casualties?"},
{"name": "template 8",
 "sql": "SELECT Gender,avg(Value),min(Value) FROM DBdata WHERE (Gender IN ('Male')) AND ((Severity = 'Slight' AND Event = 'Fire') OR (Severity = 'Slight' AND Event = 'Traffic') OR (Severity = 'Slight' AND Event = 'Drowning') OR (Severity = 'Serious' AND Event = 'Fire')) GROUP BY Gender",
 "sqlResult": "{Male | 49 | 23}",
 "nlq": "What are the average and minimum numbers for each Gender, of Serious Fire or Slight Drowning, Fire, or Traffic accidents involving Male casualties? Please, report the corresponding Gender."},
{"name": "template 9",
 "sql": "SELECT min(Value) FROM DBdata WHERE (Gender IN ('Male')) AND (Severity IN ('Slight','Serious')) GROUP BY Severity",
 "sqlResult": "{45} || {23}",
 "nlq": "What is the minimum number for each Severity, of Serious or Slight accidents involving Male casualties?"},
{"name": "template 10",
 "sql": "SELECT Severity,avg(Value) FROM DBdata WHERE (Gender IN ('Male')) AND (Severity IN ('Slight','Serious')) GROUP BY Severity",
 "sqlResult": "{Serious | 53.33} || {Slight | 50}",
 "nlq": "What is the average number for each Severity, of Serious or Slight accidents involving Male casualties? Please, report the corresponding Severity."},
{"name": "template 11",
 "sql": "SELECT Severity,Gender,sum(Value) FROM DBdata WHERE (Gender IN ('Male','Female')) AND (Severity IN ('Slight','Serious')) GROUP BY Severity,Gender",
 "sqlResult": "{Serious | Female | 146} || {Serious | Male | 160} || {Slight | Female | 143} || {Slight | Male | 150}",
 "nlq": "What is the total number for each Severity and Gender, of Serious or Slight accidents involving Female or Male casualties? Please, report the corresponding Severity and Gender."},
{"name": "template 12",
 "sql": "SELECT Value FROM DBdata WHERE (Gender IN ('Male')) AND (Severity IN ('Slight','Serious')) ORDER BY VALUE DESC LIMIT 2",
 "sqlResult": "{73} || {69}",
 "nlq": "What are the largest 2 numbers of Serious or Slight accidents involving Male casualties?"},
{"name": "template 13",
 "sql": "SELECT Value FROM DBdata WHERE (Gender IN ('Female')) AND (Severity IN ('Slight','Serious')) ORDER BY VALUE ASC",
 "sqlResult": "{19} || {36} || {44} || {53} || {57} || {80}",
 "nlq": "What are the numbers ordered by increasing values of Serious or Slight accidents involving Female casualties?"},
{"name": "template 14",
 "sql": "SELECT Severity,Event FROM DBdata WHERE (Gender IN ('Male')) AND Value < 49.92",
 "sqlResult": "{Slight | Traffic} || {Serious | Fire} || {Serious | Traffic}",
 "nlq": "What are the Severity and Event for which the number of accidents involving Male casualties is lower than 49.92?"},
{"name": "template 15",
 "sql": "SELECT Severity,Event,Value FROM DBdata WHERE (Gender IN ('Female')) AND (Severity,Event) IN (SELECT Severity,Event FROM DBdata WHERE (Gender IN ('Male')) AND Value < 49.92)",
 "sqlResult": "{Slight | Traffic | 19} || {Serious | Fire | 53} || {Serious | Traffic | 57}",
 "nlq": "What is the number of accidents involving Female casualties of Severity and of Event for which the number of accidents involving Male casualties is lower than 49.92? Please, report the corresponding Severity, Event, and number of accidents."}]
}
