{
"filename": "Number_of_accidents_set37_4_DB.csv",
"questions": [{"name": "template 1",
 "sql": "SELECT Value FROM DBdata WHERE (AA IN ('AAbz')) AND ((BB = 'BBhv' AND CC = 'CCdh'))",
 "sqlResult": "{24}",
 "nlq": "What is the number of CCdh BBhv accidents involving AAbz casualties?"},
{"name": "template 2",
 "sql": "SELECT Value FROM DBdata WHERE (AA IN ('AAmx')) AND ((BB = 'BBwx' AND CC = 'CCny') OR (BB = 'BBwx' AND CC = 'CCdh') OR (BB = 'BBhv' AND CC = 'CCdh'))",
 "sqlResult": "{37} || {86} || {53}",
 "nlq": "What is the number of CCdh BBhv or CCdh or CCny BBwx accidents involving AAmx casualties?"},
{"name": "template 3",
 "sql": "SELECT Value FROM DBdata WHERE (AA IN ('AAmx')) AND ((BB = 'BBwx' AND CC = 'CCny'))",
 "sqlResult": "{37}",
 "nlq": "What is the number of CCny BBwx accidents involving AAmx casualties?"},
{"name": "template 4",
 "sql": "SELECT max(Value),avg(Value) FROM DBdata WHERE (AA IN ('AAbz')) AND ((BB = 'BBhv' AND CC = 'CCny'))",
 "sqlResult": "{72 | 72}",
 "nlq": "What are the maximum and average numbers of CCny BBhv accidents involving AAbz casualties?"},
{"name": "template 6",
 "sql": "SELECT Value FROM DBdata WHERE (AA IN ('AAbz','AAmx')) AND ((BB = 'BBwx' AND CC = 'CCny') OR (BB = 'BBhv' AND CC = 'CCdh'))",
 "sqlResult": "{77} || {37} || {24} || {53}",
 "nlq": "What is the number of CCdh BBhv or CCny BBwx accidents involving AAmx or AAbz casualties?"},
{"name": "template 7",
 "sql": "SELECT min(Value),avg(Value) FROM DBdata WHERE (AA IN ('AAbz')) AND ((BB = 'BBhv' AND CC = 'CCny') OR (BB = 'BBwx' AND CC = 'CCdh') OR (BB = 'BBhv' AND CC = 'CCdh'))",
 "sqlResult": "{24 | 62.33}",
 "nlq": "What are the minimum and average numbers of CCdh BBwx or CCdh or CCny BBhv accidents involving AAbz casualties?"},
{"name": "template 8",
 "sql": "SELECT AA,min(Value),sum(Value) FROM DBdata WHERE (AA IN ('AAbz','AAmx')) AND ((BB = 'BBwx' AND CC = 'CCdh') OR (BB = 'BBhv' AND CC = 'CCdh')) GROUP BY AA",
 "sqlResult": "{AAmx | 53 | 139} || {AAbz | 24 | 115}",
 "nlq": "What are the minimum and total numbers for each AA, of CCdh BBwx or BBhv accidents involving AAmx or AAbz casualties? Please, report the corresponding AA."},
{"name": "template 9",
 "sql": "SELECT min(Value) FROM DBdata WHERE (AA IN ('AAbz')) AND (BB IN ('BBwx','BBhv')) GROUP BY BB",
 "sqlResult": "{77} || {24}",
 "nlq": "What is the minimum number for each BB, of BBwx or BBhv accidents involving AAbz casualties?"},
{"name": "template 10",
 "sql": "SELECT BB,max(Value) FROM DBdata WHERE (AA IN ('AAmx')) AND (BB IN ('BBwx','BBhv')) GROUP BY BB",
 "sqlResult": "{BBwx | 86} || {BBhv | 95}",
 "nlq": "What is the maximum number for each BB, of BBwx or BBhv accidents involving AAmx casualties? Please, report the corresponding BB."},
{"name": "template 11",
 "sql": "SELECT BB,AA,max(Value) FROM DBdata WHERE (AA IN ('AAmx')) AND (BB IN ('BBwx','BBhv')) GROUP BY BB,AA",
 "sqlResult": "{BBwx | AAmx | 86} || {BBhv | AAmx | 95}",
 "nlq": "What is the maximum number for each BB and AA, of BBwx or BBhv accidents involving AAmx casualties? Please, report the corresponding BB and AA."},
{"name": "template 12",
 "sql": "SELECT Value FROM DBdata WHERE (AA IN ('AAbz')) AND (BB IN ('BBwx','BBhv')) ORDER BY VALUE DESC LIMIT 3",
 "sqlResult": "{91} || {77} || {72}",
 "nlq": "What are the largest 3 numbers of BBwx or BBhv accidents involving AAbz casualties?"},
{"name": "template 13",
 "sql": "SELECT Value FROM DBdata WHERE (AA IN ('AAmx')) AND (BB IN ('BBwx','BBhv')) ORDER BY VALUE DESC",
 "sqlResult": "{95} || {86} || {53} || {37}",
 "nlq": "What are the numbers ordered by decreasing values of BBwx or BBhv accidents involving AAmx casualties?"},
{"name": "template 14",
 "sql": "SELECT BB,CC FROM DBdata WHERE (AA IN ('AAbz')) AND Value < 66.88",
 "sqlResult": "{BBhv | CCdh}",
 "nlq": "What are the BB and CC for which the number of accidents involving AAbz casualties is lower than 66.88?"},
{"name": "template 15",
 "sql": "SELECT BB,CC,Value FROM DBdata WHERE (AA IN ('AAmx')) AND (BB,CC) IN (SELECT BB,CC FROM DBdata WHERE (AA IN ('AAbz')) AND Value < 66.88)",
 "sqlResult": "{BBhv | CCdh | 53}",
 "nlq": "What is the number of accidents involving AAmx casualties of BB and of CC for which the number of accidents involving AAbz casualties is lower than 66.88? Please, report the corresponding BB, CC, and number of accidents."}]
}

