{
"filename": "Number_of_accidents_set38_1_DB.csv",
"questions": [{"name": "template 1",
 "sql": "SELECT Value FROM DBdata WHERE (Gender IN ('Female')) AND ((Event = 'Drowning' AND Severity = 'Slight'))",
 "sqlResult": "{66}",
 "nlq": "What is the number of Slight Drowning accidents involving Female casualties?"},
{"name": "template 2",
 "sql": "SELECT Value FROM DBdata WHERE (Gender IN ('Male')) AND ((Event = 'Traffic' AND Severity = 'Slight') OR (Event = 'Drowning' AND Severity = 'Slight') OR (Event = 'Traffic' AND Severity = 'Serious') OR (Event = 'Drowning' AND Severity = 'Serious'))",
 "sqlResult": "{65} || {83} || {80} || {25}",
 "nlq": "What is the number of Serious or Slight Drowning or Traffic accidents involving Male casualties?"},
{"name": "template 3",
 "sql": "SELECT Value FROM DBdata WHERE (Gender IN ('Male')) AND ((Event = 'Traffic' AND Severity = 'Slight'))",
 "sqlResult": "{65}",
 "nlq": "What is the number of Slight Traffic accidents involving Male casualties?"},
{"name": "template 4",
 "sql": "SELECT sum(Value),avg(Value) FROM DBdata WHERE (Gender IN ('Female')) AND ((Event = 'Drowning' AND Severity = 'Serious'))",
 "sqlResult": "{40 | 40}",
 "nlq": "What are the total and average numbers of Serious Drowning accidents involving Female casualties?"},
{"name": "template 6",
 "sql": "SELECT Value FROM DBdata WHERE (Gender IN ('Male')) AND ((Event = 'Traffic' AND Severity = 'Slight') OR (Event = 'Drowning' AND Severity = 'Slight') OR (Event = 'Traffic' AND Severity = 'Serious') OR (Event = 'Drowning' AND Severity = 'Serious'))",
 "sqlResult": "{65} || {83} || {80} || {25}",
 "nlq": "What is the number of Serious or Slight Drowning or Traffic accidents involving Male casualties?"},
{"name": "template 7",
 "sql": "SELECT sum(Value),avg(Value) FROM DBdata WHERE (Gender IN ('Male')) AND ((Event = 'Drowning' AND Severity = 'Slight') OR (Event = 'Traffic' AND Severity = 'Serious') OR (Event = 'Drowning' AND Severity = 'Serious'))",
 "sqlResult": "{188 | 62.67}",
 "nlq": "What are the total and average numbers of Serious Traffic or Serious or Slight Drowning accidents involving Male casualties?"},
{"name": "template 8",
 "sql": "SELECT Gender,avg(Value),sum(Value) FROM DBdata WHERE (Gender IN ('Female')) AND ((Event = 'Traffic' AND Severity = 'Slight') OR (Event = 'Drowning' AND Severity = 'Slight') OR (Event = 'Drowning' AND Severity = 'Serious')) GROUP BY Gender",
 "sqlResult": "{Female | 50.67 | 152}",
 "nlq": "What are the average and total numbers for each Gender, of Serious Drowning or Slight Drowning or Traffic accidents involving Female casualties? Please, report the corresponding Gender."},
{"name": "template 9",
 "sql": "SELECT min(Value) FROM DBdata WHERE (Gender IN ('Female')) AND (Event IN ('Traffic','Drowning')) GROUP BY Event",
 "sqlResult": "{40} || {27}",
 "nlq": "What is the minimum number for each Event, of Drowning or Traffic accidents involving Female casualties?"},
{"name": "template 10",
 "sql": "SELECT Event,sum(Value) FROM DBdata WHERE (Gender IN ('Female')) AND (Event IN ('Traffic','Drowning')) GROUP BY Event",
 "sqlResult": "{Drowning | 106} || {Traffic | 73}",
 "nlq": "What is the total number for each Event, of Drowning or Traffic accidents involving Female casualties? Please, report the corresponding Event."},
{"name": "template 11",
 "sql": "SELECT Event,Gender,sum(Value) FROM DBdata WHERE (Gender IN ('Male')) AND (Event IN ('Traffic','Drowning')) GROUP BY Event,Gender",
 "sqlResult": "{Drowning | Male | 108} || {Traffic | Male | 145}",
 "nlq": "What is the total number for each Event and Gender, of Drowning or Traffic accidents involving Male casualties? Please, report the corresponding Event and Gender."},
{"name": "template 12",
 "sql": "SELECT Value FROM DBdata WHERE (Gender IN ('Female')) AND (Event IN ('Traffic','Drowning')) ORDER BY VALUE ASC LIMIT 3",
 "sqlResult": "{27} || {40} || {46}",
 "nlq": "What are the smallest 3 numbers of Drowning or Traffic accidents involving Female casualties?"},
{"name": "template 13",
 "sql": "SELECT Value FROM DBdata WHERE (Gender IN ('Female')) AND (Event IN ('Traffic','Drowning')) ORDER BY VALUE DESC",
 "sqlResult": "{66} || {46} || {40} || {27}",
 "nlq": "What are the numbers ordered by decreasing values of Drowning or Traffic accidents involving Female casualties?"},
{"name": "template 14",
 "sql": "SELECT Event,Severity FROM DBdata WHERE (Gender IN ('Female')) AND Value < 54",
 "sqlResult": "{Traffic | Slight} || {Traffic | Serious} || {Drowning | Serious}",
 "nlq": "What are the Event and Severity for which the number of accidents involving Female casualties is lower than 54?"},
{"name": "template 15",
 "sql": "SELECT Event,Severity,Value FROM DBdata WHERE (Gender IN ('Male')) AND (Event,Severity) IN (SELECT Event,Severity FROM DBdata WHERE (Gender IN ('Female')) AND Value < 54)",
 "sqlResult": "{Traffic | Slight | 65} || {Traffic | Serious | 80} || {Drowning | Serious | 25}",
 "nlq": "What is the number of accidents involving Male casualties of Event and of Severity for which the number of accidents involving Female casualties is lower than 54? Please, report the corresponding Event, Severity, and number of accidents."}]
}
