{
"filename": "Number_of_accidents_set42_5_DB.csv",
"questions": [{"name": "template 1",
 "sql": "SELECT Value FROM DBdata WHERE (Gender IN ('Female')) AND ((Severity = 'Serious' AND Event = 'Traffic'))",
 "sqlResult": "{51}",
 "nlq": "What is the number of Serious Traffic accidents involving Female casualties?"},
{"name": "template 2",
 "sql": "SELECT Value FROM DBdata WHERE (Gender IN ('Female')) AND ((Severity = 'Slight' AND Event = 'Traffic') OR (Severity = 'Slight' AND Event = 'Drowning'))",
 "sqlResult": "{97} || {13}",
 "nlq": "What is the number of Slight Drowning or Traffic accidents involving Female casualties?"},
{"name": "template 3",
 "sql": "SELECT Value FROM DBdata WHERE (Gender IN ('Female')) AND ((Severity = 'Serious' AND Event = 'Traffic'))",
 "sqlResult": "{51}",
 "nlq": "What is the number of Serious Traffic accidents involving Female casualties?"},
{"name": "template 4",
 "sql": "SELECT min(Value),max(Value) FROM DBdata WHERE (Gender IN ('Male','Female')) AND ((Severity = 'Slight' AND Event = 'Drowning'))",
 "sqlResult": "{13 | 53}",
 "nlq": "What are the minimum and maximum numbers of Slight Drowning accidents involving Female or Male casualties?"},
{"name": "template 6",
 "sql": "SELECT Value FROM DBdata WHERE (Gender IN ('Male')) AND ((Severity = 'Slight' AND Event = 'Traffic') OR (Severity = 'Slight' AND Event = 'Drowning') OR (Severity = 'Serious' AND Event = 'Drowning'))",
 "sqlResult": "{52} || {53} || {28}",
 "nlq": "What is the number of Serious Drowning or Slight Drowning or Traffic accidents involving Male casualties?"},
{"name": "template 7",
 "sql": "SELECT max(Value),avg(Value) FROM DBdata WHERE (Gender IN ('Female')) AND ((Severity = 'Serious' AND Event = 'Traffic') OR (Severity = 'Serious' AND Event = 'Drowning'))",
 "sqlResult": "{51 | 35}",
 "nlq": "What are the maximum and average numbers of Serious Drowning or Traffic accidents involving Female casualties?"},
{"name": "template 8",
 "sql": "SELECT Gender,max(Value),avg(Value) FROM DBdata WHERE (Gender IN ('Male')) AND ((Severity = 'Slight' AND Event = 'Traffic') OR (Severity = 'Slight' AND Event = 'Drowning')) GROUP BY Gender",
 "sqlResult": "{Male | 53 | 52.5}",
 "nlq": "What are the maximum and average numbers for each Gender, of Slight Drowning or Traffic accidents involving Male casualties? Please, report the corresponding Gender."},
{"name": "template 9",
 "sql": "SELECT min(Value) FROM DBdata WHERE (Gender IN ('Male')) AND (Severity IN ('Slight','Serious')) GROUP BY Severity",
 "sqlResult": "{28} || {52}",
 "nlq": "What is the minimum number for each Severity, of Serious or Slight accidents involving Male casualties?"},
{"name": "template 10",
 "sql": "SELECT Severity,min(Value) FROM DBdata WHERE (Gender IN ('Female')) AND (Severity IN ('Slight','Serious')) GROUP BY Severity",
 "sqlResult": "{Serious | 19} || {Slight | 13}",
 "nlq": "What is the minimum number for each Severity, of Serious or Slight accidents involving Female casualties? Please, report the corresponding Severity."},
{"name": "template 11",
 "sql": "SELECT Severity,Gender,sum(Value) FROM DBdata WHERE (Gender IN ('Female')) AND (Severity IN ('Slight','Serious')) GROUP BY Severity,Gender",
 "sqlResult": "{Serious | Female | 70} || {Slight | Female | 110}",
 "nlq": "What is the total number for each Severity and Gender, of Serious or Slight accidents involving Female casualties? Please, report the corresponding Severity and Gender."},
{"name": "template 12",
 "sql": "SELECT Value FROM DBdata WHERE (Gender IN ('Male')) AND (Severity IN ('Slight','Serious')) ORDER BY VALUE ASC LIMIT 2",
 "sqlResult": "{28} || {39}",
 "nlq": "What are the smallest 2 numbers of Serious or Slight accidents involving Male casualties?"},
{"name": "template 13",
 "sql": "SELECT Value FROM DBdata WHERE (Gender IN ('Male')) AND (Severity IN ('Slight','Serious')) ORDER BY VALUE ASC",
 "sqlResult": "{28} || {39} || {52} || {53}",
 "nlq": "What are the numbers ordered by increasing values of Serious or Slight accidents involving Male casualties?"},
{"name": "template 14",
 "sql": "SELECT Severity,Event FROM DBdata WHERE (Gender IN ('Male')) AND Value < 44",
 "sqlResult": "{Serious | Traffic} || {Serious | Drowning}",
 "nlq": "What are the Severity and Event for which the number of accidents involving Male casualties is lower than 44?"},
{"name": "template 15",
 "sql": "SELECT Severity,Event,Value FROM DBdata WHERE (Gender IN ('Female')) AND (Severity,Event) IN (SELECT Severity,Event FROM DBdata WHERE (Gender IN ('Male')) AND Value < 44)",
 "sqlResult": "{Serious | Traffic | 51} || {Serious | Drowning | 19}",
 "nlq": "What is the number of accidents involving Female casualties of Severity and of Event for which the number of accidents involving Male casualties is lower than 44? Please, report the corresponding Severity, Event, and number of accidents."}]
}
