{
"filename": "Number_of_accidents_set44_2_DB.csv",
"questions": [{"name": "template 1",
 "sql": "SELECT Value FROM DBdata WHERE (AA IN ('AAvw')) AND ((CC = 'CCjp' AND BB = 'BBbt'))",
 "sqlResult": "{100}",
 "nlq": "What is the number of CCjp BBbt accidents involving AAvw casualties?"},
{"name": "template 2",
 "sql": "SELECT Value FROM DBdata WHERE (AA IN ('AAbm')) AND ((CC = 'CCdz' AND BB = 'BBkr') OR (CC = 'CCdz' AND BB = 'BBbt') OR (CC = 'CCjp' AND BB = 'BBkr') OR (CC = 'CCjp' AND BB = 'BBbt'))",
 "sqlResult": "{95} || {22} || {15} || {98}",
 "nlq": "What is the number of CCjp or CCdz BBkr or BBbt accidents involving AAbm casualties?"},
{"name": "template 3",
 "sql": "SELECT Value FROM DBdata WHERE (AA IN ('AAbm','AAvw')) AND ((CC = 'CCjp' AND BB = 'BBkr'))",
 "sqlResult": "{15} || {90}",
 "nlq": "What is the number of CCjp BBkr accidents involving AAvw or AAbm casualties?"},
{"name": "template 4",
 "sql": "SELECT max(Value),sum(Value) FROM DBdata WHERE (AA IN ('AAvw')) AND ((CC = 'CCjp' AND BB = 'BBkr'))",
 "sqlResult": "{90 | 90}",
 "nlq": "What are the maximum and total numbers of CCjp BBkr accidents involving AAvw casualties?"},
{"name": "template 6",
 "sql": "SELECT Value FROM DBdata WHERE (AA IN ('AAbm')) AND ((CC = 'CCdz' AND BB = 'BBbt') OR (CC = 'CCjp' AND BB = 'BBbt'))",
 "sqlResult": "{22} || {98}",
 "nlq": "What is the number of CCjp or CCdz BBbt accidents involving AAbm casualties?"},
{"name": "template 7",
 "sql": "SELECT sum(Value),max(Value) FROM DBdata WHERE (AA IN ('AAvw')) AND ((CC = 'CCjp' AND BB = 'BBkr') OR (CC = 'CCjp' AND BB = 'BBbt'))",
 "sqlResult": "{190 | 100}",
 "nlq": "What are the total and maximum numbers of CCjp BBkr or BBbt accidents involving AAvw casualties?"},
{"name": "template 8",
 "sql": "SELECT AA,sum(Value),avg(Value) FROM DBdata WHERE (AA IN ('AAbm','AAvw')) AND ((CC = 'CCdz' AND BB = 'BBkr') OR (CC = 'CCdz' AND BB = 'BBbt') OR (CC = 'CCjp' AND BB = 'BBkr') OR (CC = 'CCjp' AND BB = 'BBbt')) GROUP BY AA",
 "sqlResult": "{AAvw | 255 | 63.75} || {AAbm | 230 | 57.5}",
 "nlq": "What are the total and average numbers for each AA, of CCjp or CCdz BBkr or BBbt accidents involving AAvw or AAbm casualties? Please, report the corresponding AA."},
{"name": "template 9",
 "sql": "SELECT min(Value) FROM DBdata WHERE (AA IN ('AAbm')) AND (CC IN ('CCdz','CCjp')) GROUP BY CC",
 "sqlResult": "{15} || {22}",
 "nlq": "What is the minimum number for each CC, of CCjp or CCdz accidents involving AAbm casualties?"},
{"name": "template 10",
 "sql": "SELECT CC,avg(Value) FROM DBdata WHERE (AA IN ('AAvw')) AND (CC IN ('CCdz','CCjp')) GROUP BY CC",
 "sqlResult": "{CCjp | 95} || {CCdz | 32.5}",
 "nlq": "What is the average number for each CC, of CCjp or CCdz accidents involving AAvw casualties? Please, report the corresponding CC."},
{"name": "template 11",
 "sql": "SELECT CC,AA,min(Value) FROM DBdata WHERE (AA IN ('AAvw')) AND (CC IN ('CCdz','CCjp')) GROUP BY CC,AA",
 "sqlResult": "{CCjp | AAvw | 90} || {CCdz | AAvw | 28}",
 "nlq": "What is the minimum number for each CC and AA, of CCjp or CCdz accidents involving AAvw casualties? Please, report the corresponding CC and AA."},
{"name": "template 12",
 "sql": "SELECT Value FROM DBdata WHERE (AA IN ('AAvw')) AND (CC IN ('CCdz','CCjp')) ORDER BY VALUE DESC LIMIT 2",
 "sqlResult": "{100} || {90}",
 "nlq": "What are the largest 2 numbers of CCjp or CCdz accidents involving AAvw casualties?"},
{"name": "template 13",
 "sql": "SELECT Value FROM DBdata WHERE (AA IN ('AAvw')) AND (CC IN ('CCdz','CCjp')) ORDER BY VALUE ASC",
 "sqlResult": "{28} || {37} || {90} || {100}",
 "nlq": "What are the numbers ordered by increasing values of CCjp or CCdz accidents involving AAvw casualties?"},
{"name": "template 14",
 "sql": "SELECT CC,BB FROM DBdata WHERE (AA IN ('AAbm')) AND Value < 60.62",
 "sqlResult": "{CCdz | BBbt} || {CCjp | BBkr}",
 "nlq": "What are the CC and BB for which the number of accidents involving AAbm casualties is lower than 60.62?"},
{"name": "template 15",
 "sql": "SELECT CC,BB,Value FROM DBdata WHERE (AA IN ('AAvw')) AND (CC,BB) IN (SELECT CC,BB FROM DBdata WHERE (AA IN ('AAbm')) AND Value < 60.62)",
 "sqlResult": "{CCdz | BBbt | 37} || {CCjp | BBkr | 90}",
 "nlq": "What is the number of accidents involving AAvw casualties of CC and of BB for which the number of accidents involving AAbm casualties is lower than 60.62? Please, report the corresponding CC, BB, and number of accidents."}]
}

