{
"filename": "Number_of_accidents_set42_5_DB.csv",
"questions": [{"name": "template 1",
 "sql": "SELECT Value FROM DBdata WHERE (AA IN ('AAsz')) AND ((CC = 'CCfw' AND BB = 'BBsy'))",
 "sqlResult": "{51}",
 "nlq": "What is the number of CCfw BBsy accidents involving AAsz casualties?"},
{"name": "template 2",
 "sql": "SELECT Value FROM DBdata WHERE (AA IN ('AAsz')) AND ((CC = 'CCky' AND BB = 'BBsy') OR (CC = 'CCky' AND BB = 'BBtx'))",
 "sqlResult": "{97} || {13}",
 "nlq": "What is the number of CCky BBtx or BBsy accidents involving AAsz casualties?"},
{"name": "template 3",
 "sql": "SELECT Value FROM DBdata WHERE (AA IN ('AAsz')) AND ((CC = 'CCfw' AND BB = 'BBsy'))",
 "sqlResult": "{51}",
 "nlq": "What is the number of CCfw BBsy accidents involving AAsz casualties?"},
{"name": "template 4",
 "sql": "SELECT min(Value),max(Value) FROM DBdata WHERE (AA IN ('AAmw','AAsz')) AND ((CC = 'CCky' AND BB = 'BBtx'))",
 "sqlResult": "{13 | 53}",
 "nlq": "What are the minimum and maximum numbers of CCky BBtx accidents involving AAsz or AAmw casualties?"},
{"name": "template 6",
 "sql": "SELECT Value FROM DBdata WHERE (AA IN ('AAmw')) AND ((CC = 'CCky' AND BB = 'BBsy') OR (CC = 'CCky' AND BB = 'BBtx') OR (CC = 'CCfw' AND BB = 'BBtx'))",
 "sqlResult": "{52} || {53} || {28}",
 "nlq": "What is the number of CCfw BBtx or CCky BBtx or BBsy accidents involving AAmw casualties?"},
{"name": "template 7",
 "sql": "SELECT max(Value),avg(Value) FROM DBdata WHERE (AA IN ('AAsz')) AND ((CC = 'CCfw' AND BB = 'BBsy') OR (CC = 'CCfw' AND BB = 'BBtx'))",
 "sqlResult": "{51 | 35}",
 "nlq": "What are the maximum and average numbers of CCfw BBtx or BBsy accidents involving AAsz casualties?"},
{"name": "template 8",
 "sql": "SELECT AA,max(Value),avg(Value) FROM DBdata WHERE (AA IN ('AAmw')) AND ((CC = 'CCky' AND BB = 'BBsy') OR (CC = 'CCky' AND BB = 'BBtx')) GROUP BY AA",
 "sqlResult": "{AAmw | 53 | 52.5}",
 "nlq": "What are the maximum and average numbers for each AA, of CCky BBtx or BBsy accidents involving AAmw casualties? Please, report the corresponding AA."},
{"name": "template 9",
 "sql": "SELECT min(Value) FROM DBdata WHERE (AA IN ('AAmw')) AND (CC IN ('CCky','CCfw')) GROUP BY CC",
 "sqlResult": "{28} || {52}",
 "nlq": "What is the minimum number for each CC, of CCfw or CCky accidents involving AAmw casualties?"},
{"name": "template 10",
 "sql": "SELECT CC,min(Value) FROM DBdata WHERE (AA IN ('AAsz')) AND (CC IN ('CCky','CCfw')) GROUP BY CC",
 "sqlResult": "{CCfw | 19} || {CCky | 13}",
 "nlq": "What is the minimum number for each CC, of CCfw or CCky accidents involving AAsz casualties? Please, report the corresponding CC."},
{"name": "template 11",
 "sql": "SELECT CC,AA,sum(Value) FROM DBdata WHERE (AA IN ('AAsz')) AND (CC IN ('CCky','CCfw')) GROUP BY CC,AA",
 "sqlResult": "{CCfw | AAsz | 70} || {CCky | AAsz | 110}",
 "nlq": "What is the total number for each CC and AA, of CCfw or CCky accidents involving AAsz casualties? Please, report the corresponding CC and AA."},
{"name": "template 12",
 "sql": "SELECT Value FROM DBdata WHERE (AA IN ('AAmw')) AND (CC IN ('CCky','CCfw')) ORDER BY VALUE ASC LIMIT 2",
 "sqlResult": "{28} || {39}",
 "nlq": "What are the smallest 2 numbers of CCfw or CCky accidents involving AAmw casualties?"},
{"name": "template 13",
 "sql": "SELECT Value FROM DBdata WHERE (AA IN ('AAmw')) AND (CC IN ('CCky','CCfw')) ORDER BY VALUE ASC",
 "sqlResult": "{28} || {39} || {52} || {53}",
 "nlq": "What are the numbers ordered by increasing values of CCfw or CCky accidents involving AAmw casualties?"},
{"name": "template 14",
 "sql": "SELECT CC,BB FROM DBdata WHERE (AA IN ('AAmw')) AND Value < 44",
 "sqlResult": "{CCfw | BBsy} || {CCfw | BBtx}",
 "nlq": "What are the CC and BB for which the number of accidents involving AAmw casualties is lower than 44?"},
{"name": "template 15",
 "sql": "SELECT CC,BB,Value FROM DBdata WHERE (AA IN ('AAsz')) AND (CC,BB) IN (SELECT CC,BB FROM DBdata WHERE (AA IN ('AAmw')) AND Value < 44)",
 "sqlResult": "{CCfw | BBsy | 51} || {CCfw | BBtx | 19}",
 "nlq": "What is the number of accidents involving AAsz casualties of CC and of BB for which the number of accidents involving AAmw casualties is lower than 44? Please, report the corresponding CC, BB, and number of accidents."}]
}

