{
"filename": "Number_of_accidents_set39_5_DB.csv",
"questions": [{"name": "template 1",
 "sql": "SELECT Value FROM DBdata WHERE (Gender IN ('Female')) AND ((Event = 'Drowning' AND Severity = 'Serious'))",
 "sqlResult": "{22}",
 "nlq": "What is the number of Serious Drowning accidents involving Female casualties?"},
{"name": "template 2",
 "sql": "SELECT Value FROM DBdata WHERE (Gender IN ('Male')) AND ((Event = 'Traffic' AND Severity = 'Slight') OR (Event = 'Drowning' AND Severity = 'Slight') OR (Event = 'Traffic' AND Severity = 'Serious') OR (Event = 'Drowning' AND Severity = 'Serious'))",
 "sqlResult": "{99} || {11} || {34} || {18}",
 "nlq": "What is the number of Serious or Slight Drowning or Traffic accidents involving Male casualties?"},
{"name": "template 3",
 "sql": "SELECT Value FROM DBdata WHERE (Gender IN ('Male')) AND ((Event = 'Drowning' AND Severity = 'Slight'))",
 "sqlResult": "{11}",
 "nlq": "What is the number of Slight Drowning accidents involving Male casualties?"},
{"name": "template 4",
 "sql": "SELECT max(Value),min(Value) FROM DBdata WHERE (Gender IN ('Male')) AND ((Event = 'Traffic' AND Severity = 'Serious'))",
 "sqlResult": "{34 | 34}",
 "nlq": "What are the maximum and minimum numbers of Serious Traffic accidents involving Male casualties?"},
{"name": "template 6",
 "sql": "SELECT Value FROM DBdata WHERE (Gender IN ('Male','Female')) AND ((Event = 'Drowning' AND Severity = 'Slight') OR (Event = 'Drowning' AND Severity = 'Serious'))",
 "sqlResult": "{11} || {50} || {18} || {22}",
 "nlq": "What is the number of Serious or Slight Drowning accidents involving Female or Male casualties?"},
{"name": "template 7",
 "sql": "SELECT min(Value),sum(Value) FROM DBdata WHERE (Gender IN ('Male')) AND ((Event = 'Traffic' AND Severity = 'Slight') OR (Event = 'Drowning' AND Severity = 'Slight'))",
 "sqlResult": "{11 | 110}",
 "nlq": "What are the minimum and total numbers of Slight Drowning or Traffic accidents involving Male casualties?"},
{"name": "template 8",
 "sql": "SELECT Gender,sum(Value),min(Value) FROM DBdata WHERE (Gender IN ('Male')) AND ((Event = 'Traffic' AND Severity = 'Slight') OR (Event = 'Drowning' AND Severity = 'Slight') OR (Event = 'Traffic' AND Severity = 'Serious') OR (Event = 'Drowning' AND Severity = 'Serious')) GROUP BY Gender",
 "sqlResult": "{Male | 162 | 11}",
 "nlq": "What are the total and minimum numbers for each Gender, of Serious or Slight Drowning or Traffic accidents involving Male casualties? Please, report the corresponding Gender."},
{"name": "template 9",
 "sql": "SELECT min(Value) FROM DBdata WHERE (Gender IN ('Male')) AND (Event IN ('Traffic','Drowning')) GROUP BY Event",
 "sqlResult": "{11} || {34}",
 "nlq": "What is the minimum number for each Event, of Drowning or Traffic accidents involving Male casualties?"},
{"name": "template 10",
 "sql": "SELECT Event,max(Value) FROM DBdata WHERE (Gender IN ('Female')) AND (Event IN ('Traffic','Drowning')) GROUP BY Event",
 "sqlResult": "{Drowning | 50} || {Traffic | 75}",
 "nlq": "What is the maximum number for each Event, of Drowning or Traffic accidents involving Female casualties? Please, report the corresponding Event."},
{"name": "template 11",
 "sql": "SELECT Event,Gender,avg(Value) FROM DBdata WHERE (Gender IN ('Male')) AND (Event IN ('Traffic','Drowning')) GROUP BY Event,Gender",
 "sqlResult": "{Drowning | Male | 14.5} || {Traffic | Male | 66.5}",
 "nlq": "What is the average number for each Event and Gender, of Drowning or Traffic accidents involving Male casualties? Please, report the corresponding Event and Gender."},
{"name": "template 12",
 "sql": "SELECT Value FROM DBdata WHERE (Gender IN ('Female')) AND (Event IN ('Traffic','Drowning')) ORDER BY VALUE DESC LIMIT 3",
 "sqlResult": "{75} || {50} || {43}",
 "nlq": "What are the largest 3 numbers of Drowning or Traffic accidents involving Female casualties?"},
{"name": "template 13",
 "sql": "SELECT Value FROM DBdata WHERE (Gender IN ('Male')) AND (Event IN ('Traffic','Drowning')) ORDER BY VALUE DESC",
 "sqlResult": "{99} || {34} || {18} || {11}",
 "nlq": "What are the numbers ordered by decreasing values of Drowning or Traffic accidents involving Male casualties?"},
{"name": "template 14",
 "sql": "SELECT Event,Severity FROM DBdata WHERE (Gender IN ('Male')) AND Value > 44",
 "sqlResult": "{Traffic | Slight}",
 "nlq": "What are the Event and Severity for which the number of accidents involving Male casualties is greater than 44?"},
{"name": "template 15",
 "sql": "SELECT Event,Severity,Value FROM DBdata WHERE (Gender IN ('Female')) AND (Event,Severity) IN (SELECT Event,Severity FROM DBdata WHERE (Gender IN ('Male')) AND Value > 44)",
 "sqlResult": "{Traffic | Slight | 43}",
 "nlq": "What is the number of accidents involving Female casualties of Event and of Severity for which the number of accidents involving Male casualties is greater than 44? Please, report the corresponding Event, Severity, and number of accidents."}]
}
