{
"filename": "Number_of_accidents_set3_1_DB.csv",
"questions": [{"name": "template 1",
 "sql": "SELECT Value FROM DBdata WHERE (Gender IN ('Female')) AND (Event IN ('Fire'))",
 "sqlResult": "{68}",
 "nlq": "What is the number of Fire accidents involving Female casualties?"},
{"name": "template 2",
 "sql": "SELECT Value FROM DBdata WHERE (Gender IN ('Male')) AND (Event IN ('Fire','Traffic'))",
 "sqlResult": "{73} || {66}",
 "nlq": "What is the number of Fire or Traffic accidents involving Male casualties?"},
{"name": "template 3",
 "sql": "SELECT Value FROM DBdata WHERE (Gender IN ('Male','Female')) AND (Event IN ('Traffic'))",
 "sqlResult": "{66} || {51}",
 "nlq": "What is the number of Traffic accidents involving Female or Male casualties?"},
{"name": "template 4",
 "sql": "SELECT max(Value),avg(Value) FROM DBdata WHERE (Gender IN ('Male','Female')) AND (Event IN ('Fire'))",
 "sqlResult": "{73 | 70.5}",
 "nlq": "What are the maximum and average numbers of Fire accidents involving Female or Male casualties?"},
{"name": "template 6",
 "sql": "SELECT Value FROM DBdata WHERE (Gender IN ('Male','Female')) AND (Event IN ('Fire','Traffic'))",
 "sqlResult": "{73} || {68} || {66} || {51}",
 "nlq": "What is the number of Fire or Traffic accidents involving Female or Male casualties?"},
{"name": "template 7",
 "sql": "SELECT max(Value),avg(Value) FROM DBdata WHERE (Gender IN ('Female')) AND (Event IN ('Fire'))",
 "sqlResult": "{68 | 68}",
 "nlq": "What are the maximum and average numbers of Fire accidents involving Female casualties?"},
{"name": "template 8",
 "sql": "SELECT Gender,sum(Value),max(Value) FROM DBdata WHERE (Gender IN ('Female')) AND (Event IN ('Traffic')) GROUP BY Gender",
 "sqlResult": "{Female | 51 | 51}",
 "nlq": "What are the total and maximum numbers for each Gender, of Traffic accidents involving Female casualties? Please, report the corresponding Gender."},
{"name": "template 9",
 "sql": "SELECT min(Value) FROM DBdata WHERE (Gender IN ('Female')) AND (Event IN ('Fire','Traffic')) GROUP BY Event",
 "sqlResult": "{68} || {51}",
 "nlq": "What is the minimum number for each Event, of Fire or Traffic accidents involving Female casualties?"},
{"name": "template 10",
 "sql": "SELECT Event,min(Value) FROM DBdata WHERE (Gender IN ('Female')) AND (Event IN ('Fire','Traffic')) GROUP BY Event",
 "sqlResult": "{Fire | 68} || {Traffic | 51}",
 "nlq": "What is the minimum number for each Event, of Fire or Traffic accidents involving Female casualties? Please, report the corresponding Event."},
{"name": "template 11",
 "sql": "SELECT Event,Gender,avg(Value) FROM DBdata WHERE (Gender IN ('Male')) AND (Event IN ('Fire','Traffic')) GROUP BY Event,Gender",
 "sqlResult": "{Fire | Male | 73} || {Traffic | Male | 66}",
 "nlq": "What is the average number for each Event and Gender, of Fire or Traffic accidents involving Male casualties? Please, report the corresponding Event and Gender."},
{"name": "template 12",
 "sql": "SELECT Value FROM DBdata WHERE (Gender IN ('Male')) AND (Event IN ('Fire','Traffic')) ORDER BY VALUE ASC LIMIT 2",
 "sqlResult": "{66} || {73}",
 "nlq": "What are the smallest 2 numbers of Fire or Traffic accidents involving Male casualties?"},
{"name": "template 13",
 "sql": "SELECT Value FROM DBdata WHERE (Gender IN ('Male')) AND (Event IN ('Fire','Traffic')) ORDER BY VALUE ASC",
 "sqlResult": "{66} || {73}",
 "nlq": "What are the numbers ordered by increasing values of Fire or Traffic accidents involving Male casualties?"},
{"name": "template 14",
 "sql": "SELECT Event FROM DBdata WHERE (Gender IN ('Female')) AND Value < 64.5",
 "sqlResult": "{Traffic}",
 "nlq": "What is the Event for which the number of accidents involving Female casualties is lower than 64.5?"},
{"name": "template 15",
 "sql": "SELECT Event,Value FROM DBdata WHERE (Gender IN ('Male')) AND (Event) IN (SELECT Event FROM DBdata WHERE (Gender IN ('Female')) AND Value < 64.5)",
 "sqlResult": "{Traffic | 66}",
 "nlq": "What is the number of accidents involving Male casualties of Event for which the number of accidents involving Female casualties is lower than 64.5? Please, report the corresponding Event and number of accidents."}]
}
