{
"filename": "Number_of_accidents_set58_1_DB.csv",
"questions": [{"name": "template 1",
 "sql": "SELECT Value FROM DBdata WHERE (Gender IN ('Male')) AND ((Severity = 'Serious' AND Event = 'Traffic'))",
 "sqlResult": "{68}",
 "nlq": "What is the number of Serious Traffic accidents involving Male casualties?"},
{"name": "template 2",
 "sql": "SELECT Value FROM DBdata WHERE (Gender IN ('Male')) AND ((Severity = 'Serious' AND Event = 'Traffic') OR (Severity = 'Fatal' AND Event = 'Fire') OR (Severity = 'Fatal' AND Event = 'Traffic'))",
 "sqlResult": "{68} || {51} || {54}",
 "nlq": "What is the number of Fatal Fire or Fatal or Serious Traffic accidents involving Male casualties?"},
{"name": "template 3",
 "sql": "SELECT Value FROM DBdata WHERE (Gender IN ('Female')) AND ((Severity = 'Fatal' AND Event = 'Traffic'))",
 "sqlResult": "{59}",
 "nlq": "What is the number of Fatal Traffic accidents involving Female casualties?"},
{"name": "template 4",
 "sql": "SELECT sum(Value),min(Value) FROM DBdata WHERE (Gender IN ('Female')) AND ((Severity = 'Fatal' AND Event = 'Traffic'))",
 "sqlResult": "{59 | 59}",
 "nlq": "What are the total and minimum numbers of Fatal Traffic accidents involving Female casualties?"},
{"name": "template 5",
 "sql": "SELECT avg(Value) FROM DBdata WHERE (Gender IN ('Male','Female')) AND ((Severity = 'Fatal' AND Event = 'Traffic'))",
 "sqlResult": "{56.5}",
 "nlq": "What is the average number of Fatal Traffic accidents involving Female or Male casualties?"},
{"name": "template 6",
 "sql": "SELECT Value FROM DBdata WHERE (Gender IN ('Female')) AND ((Severity = 'Serious' AND Event = 'Fire') OR (Severity = 'Serious' AND Event = 'Traffic') OR (Severity = 'Fatal' AND Event = 'Traffic'))",
 "sqlResult": "{44} || {20} || {59}",
 "nlq": "What is the number of Fatal Traffic or Serious Fire or Traffic accidents involving Female casualties?"},
{"name": "template 7",
 "sql": "SELECT min(Value),max(Value) FROM DBdata WHERE (Gender IN ('Female')) AND ((Severity = 'Serious' AND Event = 'Fire') OR (Severity = 'Serious' AND Event = 'Traffic') OR (Severity = 'Fatal' AND Event = 'Fire') OR (Severity = 'Fatal' AND Event = 'Traffic'))",
 "sqlResult": "{20 | 59}",
 "nlq": "What are the minimum and maximum numbers of Fatal or Serious Fire or Traffic accidents involving Female casualties?"},
{"name": "template 8",
 "sql": "SELECT Gender,min(Value),avg(Value) FROM DBdata WHERE (Gender IN ('Male','Female')) AND ((Severity = 'Serious' AND Event = 'Fire') OR (Severity = 'Serious' AND Event = 'Traffic') OR (Severity = 'Fatal' AND Event = 'Fire') OR (Severity = 'Fatal' AND Event = 'Traffic')) GROUP BY Gender",
 "sqlResult": "{Female | 20 | 43} || {Male | 41 | 53.5}",
 "nlq": "What are the minimum and average numbers for each Gender, of Fatal or Serious Fire or Traffic accidents involving Female or Male casualties? Please, report the corresponding Gender."},
{"name": "template 9",
 "sql": "SELECT min(Value) FROM DBdata WHERE (Gender IN ('Male')) AND (Severity IN ('Serious','Fatal')) GROUP BY Severity",
 "sqlResult": "{51} || {41}",
 "nlq": "What is the minimum number for each Severity, of Fatal or Serious accidents involving Male casualties?"},
{"name": "template 10",
 "sql": "SELECT Severity,avg(Value) FROM DBdata WHERE (Gender IN ('Male')) AND (Severity IN ('Serious','Fatal')) GROUP BY Severity",
 "sqlResult": "{Fatal | 52.5} || {Serious | 54.5}",
 "nlq": "What is the average number for each Severity, of Fatal or Serious accidents involving Male casualties? Please, report the corresponding Severity."},
{"name": "template 11",
 "sql": "SELECT Severity,Gender,max(Value) FROM DBdata WHERE (Gender IN ('Male','Female')) AND (Severity IN ('Serious','Fatal')) GROUP BY Severity,Gender",
 "sqlResult": "{Fatal | Female | 59} || {Fatal | Male | 54} || {Serious | Female | 44} || {Serious | Male | 68}",
 "nlq": "What is the maximum number for each Severity and Gender, of Fatal or Serious accidents involving Female or Male casualties? Please, report the corresponding Severity and Gender."},
{"name": "template 12",
 "sql": "SELECT Value FROM DBdata WHERE (Gender IN ('Male')) AND (Severity IN ('Serious','Fatal')) ORDER BY VALUE ASC LIMIT 3",
 "sqlResult": "{41} || {51} || {54}",
 "nlq": "What are the smallest 3 numbers of Fatal or Serious accidents involving Male casualties?"},
{"name": "template 13",
 "sql": "SELECT Value FROM DBdata WHERE (Gender IN ('Male')) AND (Severity IN ('Serious','Fatal')) ORDER BY VALUE ASC",
 "sqlResult": "{41} || {51} || {54} || {68}",
 "nlq": "What are the numbers ordered by increasing values of Fatal or Serious accidents involving Male casualties?"},
{"name": "template 14",
 "sql": "SELECT Severity,Event FROM DBdata WHERE (Gender IN ('Male')) AND Value > 48.25",
 "sqlResult": "{Serious | Traffic} || {Fatal | Fire} || {Fatal | Traffic}",
 "nlq": "What are the Severity and Event for which the number of accidents involving Male casualties is greater than 48.25?"},
{"name": "template 15",
 "sql": "SELECT Severity,Event,Value FROM DBdata WHERE (Gender IN ('Female')) AND (Severity,Event) IN (SELECT Severity,Event FROM DBdata WHERE (Gender IN ('Male')) AND Value > 48.25)",
 "sqlResult": "{Serious | Traffic | 20} || {Fatal | Fire | 49} || {Fatal | Traffic | 59}",
 "nlq": "What is the number of accidents involving Female casualties of Severity and of Event for which the number of accidents involving Male casualties is greater than 48.25? Please, report the corresponding Severity, Event, and number of accidents."}]
}
