{
"filename": "Number_of_accidents_set42_2_DB.csv",
"questions": [{"name": "template 1",
 "sql": "SELECT Value FROM DBdata WHERE (Gender IN ('Female')) AND ((Event = 'Traffic' AND Severity = 'Serious'))",
 "sqlResult": "{10}",
 "nlq": "What is the number of Serious Traffic accidents involving Female casualties?"},
{"name": "template 2",
 "sql": "SELECT Value FROM DBdata WHERE (Gender IN ('Female')) AND ((Event = 'Fire' AND Severity = 'Serious'))",
 "sqlResult": "{76}",
 "nlq": "What is the number of Serious Fire accidents involving Female casualties?"},
{"name": "template 3",
 "sql": "SELECT Value FROM DBdata WHERE (Gender IN ('Male')) AND ((Event = 'Traffic' AND Severity = 'Serious'))",
 "sqlResult": "{73}",
 "nlq": "What is the number of Serious Traffic accidents involving Male casualties?"},
{"name": "template 4",
 "sql": "SELECT sum(Value),min(Value) FROM DBdata WHERE (Gender IN ('Female')) AND ((Event = 'Traffic' AND Severity = 'Serious'))",
 "sqlResult": "{10 | 10}",
 "nlq": "What are the total and minimum numbers of Serious Traffic accidents involving Female casualties?"},
{"name": "template 6",
 "sql": "SELECT Value FROM DBdata WHERE (Gender IN ('Female')) AND ((Event = 'Fire' AND Severity = 'Serious'))",
 "sqlResult": "{76}",
 "nlq": "What is the number of Serious Fire accidents involving Female casualties?"},
{"name": "template 7",
 "sql": "SELECT avg(Value),sum(Value) FROM DBdata WHERE (Gender IN ('Male')) AND ((Event = 'Fire' AND Severity = 'Serious'))",
 "sqlResult": "{82 | 82}",
 "nlq": "What are the average and total numbers of Serious Fire accidents involving Male casualties?"},
{"name": "template 8",
 "sql": "SELECT Gender,avg(Value),sum(Value) FROM DBdata WHERE (Gender IN ('Male')) AND ((Event = 'Fire' AND Severity = 'Serious') OR (Event = 'Traffic' AND Severity = 'Serious')) GROUP BY Gender",
 "sqlResult": "{Male | 77.5 | 155}",
 "nlq": "What are the average and total numbers for each Gender, of Serious Fire or Traffic accidents involving Male casualties? Please, report the corresponding Gender."},
{"name": "template 9",
 "sql": "SELECT min(Value) FROM DBdata WHERE (Gender IN ('Female')) AND (Event IN ('Fire','Traffic')) GROUP BY Event",
 "sqlResult": "{76} || {10}",
 "nlq": "What is the minimum number for each Event, of Fire or Traffic accidents involving Female casualties?"},
{"name": "template 10",
 "sql": "SELECT Event,max(Value) FROM DBdata WHERE (Gender IN ('Female')) AND (Event IN ('Fire','Traffic')) GROUP BY Event",
 "sqlResult": "{Fire | 76} || {Traffic | 10}",
 "nlq": "What is the maximum number for each Event, of Fire or Traffic accidents involving Female casualties? Please, report the corresponding Event."},
{"name": "template 11",
 "sql": "SELECT Event,Gender,min(Value) FROM DBdata WHERE (Gender IN ('Male','Female')) AND (Event IN ('Fire','Traffic')) GROUP BY Event,Gender",
 "sqlResult": "{Fire | Female | 76} || {Fire | Male | 82} || {Traffic | Female | 10} || {Traffic | Male | 73}",
 "nlq": "What is the minimum number for each Event and Gender, of Fire or Traffic accidents involving Female or Male casualties? Please, report the corresponding Event and Gender."},
{"name": "template 12",
 "sql": "SELECT Value FROM DBdata WHERE (Gender IN ('Male')) AND (Event IN ('Fire','Traffic')) ORDER BY VALUE DESC LIMIT 2",
 "sqlResult": "{82} || {73}",
 "nlq": "What are the largest 2 numbers of Fire or Traffic accidents involving Male casualties?"},
{"name": "template 13",
 "sql": "SELECT Value FROM DBdata WHERE (Gender IN ('Male')) AND (Event IN ('Fire','Traffic')) ORDER BY VALUE ASC",
 "sqlResult": "{73} || {82}",
 "nlq": "What are the numbers ordered by increasing values of Fire or Traffic accidents involving Male casualties?"},
{"name": "template 14",
 "sql": "SELECT Event,Severity FROM DBdata WHERE (Gender IN ('Male')) AND Value > 60.25",
 "sqlResult": "{Fire | Serious} || {Traffic | Serious}",
 "nlq": "What are the Event and Severity for which the number of accidents involving Male casualties is greater than 60.25?"},
{"name": "template 15",
 "sql": "SELECT Event,Severity,Value FROM DBdata WHERE (Gender IN ('Female')) AND (Event,Severity) IN (SELECT Event,Severity FROM DBdata WHERE (Gender IN ('Male')) AND Value > 60.25)",
 "sqlResult": "{Fire | Serious | 76} || {Traffic | Serious | 10}",
 "nlq": "What is the number of accidents involving Female casualties of Event and of Severity for which the number of accidents involving Male casualties is greater than 60.25? Please, report the corresponding Event, Severity, and number of accidents."}]
}
