{
"filename": "Number_of_accidents_set37_2_DB.csv",
"questions": [{"name": "template 1",
 "sql": "SELECT Value FROM DBdata WHERE (Gender IN ('Female')) AND ((Event = 'Traffic' AND Severity = 'Fatal'))",
 "sqlResult": "{16}",
 "nlq": "What is the number of Fatal Traffic accidents involving Female casualties?"},
{"name": "template 2",
 "sql": "SELECT Value FROM DBdata WHERE (Gender IN ('Male')) AND ((Event = 'Fire' AND Severity = 'Slight') OR (Event = 'Traffic' AND Severity = 'Slight') OR (Event = 'Drowning' AND Severity = 'Slight') OR (Event = 'Fire' AND Severity = 'Serious') OR (Event = 'Drowning' AND Severity = 'Serious') OR (Event = 'Fire' AND Severity = 'Fatal') OR (Event = 'Traffic' AND Severity = 'Fatal'))",
 "sqlResult": "{53} || {22} || {100} || {82} || {26} || {13} || {31}",
 "nlq": "What is the number of Fatal or Slight Traffic, Fatal, Serious, or Slight Fire, or Serious or Slight Drowning accidents involving Male casualties?"},
{"name": "template 3",
 "sql": "SELECT Value FROM DBdata WHERE (Gender IN ('Male')) AND ((Event = 'Traffic' AND Severity = 'Serious'))",
 "sqlResult": "{23}",
 "nlq": "What is the number of Serious Traffic accidents involving Male casualties?"},
{"name": "template 4",
 "sql": "SELECT avg(Value),min(Value) FROM DBdata WHERE (Gender IN ('Male','Female')) AND ((Event = 'Drowning' AND Severity = 'Fatal'))",
 "sqlResult": "{33 | 30}",
 "nlq": "What are the average and minimum numbers of Fatal Drowning accidents involving Female or Male casualties?"},
{"name": "template 6",
 "sql": "SELECT Value FROM DBdata WHERE (Gender IN ('Female')) AND ((Event = 'Traffic' AND Severity = 'Slight') OR (Event = 'Traffic' AND Severity = 'Serious'))",
 "sqlResult": "{32} || {98}",
 "nlq": "What is the number of Serious or Slight Traffic accidents involving Female casualties?"},
{"name": "template 7",
 "sql": "SELECT sum(Value),avg(Value) FROM DBdata WHERE (Gender IN ('Male')) AND ((Event = 'Fire' AND Severity = 'Slight') OR (Event = 'Drowning' AND Severity = 'Slight') OR (Event = 'Traffic' AND Severity = 'Serious') OR (Event = 'Drowning' AND Severity = 'Serious'))",
 "sqlResult": "{202 | 50.5}",
 "nlq": "What are the total and average numbers of Serious Drowning or Traffic or Slight Drowning or Fire accidents involving Male casualties?"},
{"name": "template 8",
 "sql": "SELECT Gender,avg(Value),sum(Value) FROM DBdata WHERE (Gender IN ('Male','Female')) AND ((Event = 'Traffic' AND Severity = 'Slight') OR (Event = 'Drowning' AND Severity = 'Slight') OR (Event = 'Traffic' AND Severity = 'Serious') OR (Event = 'Drowning' AND Severity = 'Serious') OR (Event = 'Traffic' AND Severity = 'Fatal')) GROUP BY Gender",
 "sqlResult": "{Female | 46 | 230} || {Male | 40.4 | 202}",
 "nlq": "What are the average and total numbers for each Gender, of Fatal, Serious, or Slight Traffic or Serious or Slight Drowning accidents involving Female or Male casualties? Please, report the corresponding Gender."},
{"name": "template 9",
 "sql": "SELECT min(Value) FROM DBdata WHERE (Gender IN ('Male')) AND (Event IN ('Fire','Traffic','Drowning')) GROUP BY Event",
 "sqlResult": "{26} || {13} || {22}",
 "nlq": "What is the minimum number for each Event, of Drowning, Fire, or Traffic accidents involving Male casualties?"},
{"name": "template 10",
 "sql": "SELECT Event,sum(Value) FROM DBdata WHERE (Gender IN ('Male')) AND (Event IN ('Fire','Traffic','Drowning')) GROUP BY Event",
 "sqlResult": "{Drowning | 156} || {Fire | 148} || {Traffic | 76}",
 "nlq": "What is the total number for each Event, of Drowning, Fire, or Traffic accidents involving Male casualties? Please, report the corresponding Event."},
{"name": "template 11",
 "sql": "SELECT Event,Gender,min(Value) FROM DBdata WHERE (Gender IN ('Male','Female')) AND (Event IN ('Fire','Traffic','Drowning')) GROUP BY Event,Gender",
 "sqlResult": "{Drowning | Female | 24} || {Drowning | Male | 26} || {Fire | Female | 19} || {Fire | Male | 13} || {Traffic | Female | 16} || {Traffic | Male | 22}",
 "nlq": "What is the minimum number for each Event and Gender, of Drowning, Fire, or Traffic accidents involving Female or Male casualties? Please, report the corresponding Event and Gender."},
{"name": "template 12",
 "sql": "SELECT Value FROM DBdata WHERE (Gender IN ('Male')) AND (Event IN ('Fire','Drowning')) ORDER BY VALUE DESC LIMIT 3",
 "sqlResult": "{100} || {82} || {53}",
 "nlq": "What are the largest 3 numbers of Drowning or Fire accidents involving Male casualties?"},
{"name": "template 13",
 "sql": "SELECT Value FROM DBdata WHERE (Gender IN ('Female')) AND (Event IN ('Traffic','Drowning')) ORDER BY VALUE ASC",
 "sqlResult": "{16} || {24} || {32} || {36} || {60} || {98}",
 "nlq": "What are the numbers ordered by increasing values of Drowning or Traffic accidents involving Female casualties?"},
{"name": "template 14",
 "sql": "SELECT Event,Severity FROM DBdata WHERE (Gender IN ('Female')) AND Value < 43.89",
 "sqlResult": "{Fire | Slight} || {Traffic | Slight} || {Drowning | Slight} || {Fire | Serious} || {Traffic | Fatal} || {Drowning | Fatal}",
 "nlq": "What are the Event and Severity for which the number of accidents involving Female casualties is lower than 43.89?"},
{"name": "template 15",
 "sql": "SELECT Event,Severity,Value FROM DBdata WHERE (Gender IN ('Male')) AND (Event,Severity) IN (SELECT Event,Severity FROM DBdata WHERE (Gender IN ('Female')) AND Value < 43.89)",
 "sqlResult": "{Fire | Slight | 53} || {Traffic | Slight | 22} || {Drowning | Slight | 100} || {Fire | Serious | 82} || {Traffic | Fatal | 31} || {Drowning | Fatal | 30}",
 "nlq": "What is the number of accidents involving Male casualties of Event and of Severity for which the number of accidents involving Female casualties is lower than 43.89? Please, report the corresponding Event, Severity, and number of accidents."}]
}
