{
"filename": "Number_of_accidents_set47_3_DB.csv",
"questions": [{"name": "template 1",
 "sql": "SELECT Value FROM DBdata WHERE (Gender IN ('Male')) AND ((Event = 'Fire' AND Severity = 'Fatal'))",
 "sqlResult": "{18}",
 "nlq": "What is the number of Fatal Fire accidents involving Male casualties?"},
{"name": "template 2",
 "sql": "SELECT Value FROM DBdata WHERE (Gender IN ('Female')) AND ((Event = 'Fire' AND Severity = 'Serious') OR (Event = 'Traffic' AND Severity = 'Serious') OR (Event = 'Fire' AND Severity = 'Fatal') OR (Event = 'Traffic' AND Severity = 'Fatal'))",
 "sqlResult": "{100} || {27} || {29} || {49}",
 "nlq": "What is the number of Fatal or Serious Fire or Traffic accidents involving Female casualties?"},
{"name": "template 3",
 "sql": "SELECT Value FROM DBdata WHERE (Gender IN ('Male','Female')) AND ((Event = 'Traffic' AND Severity = 'Fatal'))",
 "sqlResult": "{38} || {49}",
 "nlq": "What is the number of Fatal Traffic accidents involving Female or Male casualties?"},
{"name": "template 4",
 "sql": "SELECT min(Value),avg(Value) FROM DBdata WHERE (Gender IN ('Female')) AND ((Event = 'Traffic' AND Severity = 'Serious'))",
 "sqlResult": "{27 | 27}",
 "nlq": "What are the minimum and average numbers of Serious Traffic accidents involving Female casualties?"},
{"name": "template 6",
 "sql": "SELECT Value FROM DBdata WHERE (Gender IN ('Female')) AND ((Event = 'Fire' AND Severity = 'Serious') OR (Event = 'Traffic' AND Severity = 'Serious') OR (Event = 'Fire' AND Severity = 'Fatal'))",
 "sqlResult": "{100} || {27} || {29}",
 "nlq": "What is the number of Fatal or Serious Fire or Serious Traffic accidents involving Female casualties?"},
{"name": "template 7",
 "sql": "SELECT avg(Value),sum(Value) FROM DBdata WHERE (Gender IN ('Male')) AND ((Event = 'Fire' AND Severity = 'Serious') OR (Event = 'Traffic' AND Severity = 'Serious') OR (Event = 'Fire' AND Severity = 'Fatal') OR (Event = 'Traffic' AND Severity = 'Fatal'))",
 "sqlResult": "{44 | 176}",
 "nlq": "What are the average and total numbers of Fatal or Serious Fire or Traffic accidents involving Male casualties?"},
{"name": "template 8",
 "sql": "SELECT Gender,max(Value),min(Value) FROM DBdata WHERE (Gender IN ('Male','Female')) AND ((Event = 'Fire' AND Severity = 'Serious') OR (Event = 'Traffic' AND Severity = 'Serious') OR (Event = 'Fire' AND Severity = 'Fatal') OR (Event = 'Traffic' AND Severity = 'Fatal')) GROUP BY Gender",
 "sqlResult": "{Female | 100 | 27} || {Male | 68 | 18}",
 "nlq": "What are the maximum and minimum numbers for each Gender, of Fatal or Serious Fire or Traffic accidents involving Female or Male casualties? Please, report the corresponding Gender."},
{"name": "template 9",
 "sql": "SELECT min(Value) FROM DBdata WHERE (Gender IN ('Female')) AND (Event IN ('Fire','Traffic')) GROUP BY Event",
 "sqlResult": "{29} || {27}",
 "nlq": "What is the minimum number for each Event, of Fire or Traffic accidents involving Female casualties?"},
{"name": "template 10",
 "sql": "SELECT Event,max(Value) FROM DBdata WHERE (Gender IN ('Female')) AND (Event IN ('Fire','Traffic')) GROUP BY Event",
 "sqlResult": "{Fire | 100} || {Traffic | 49}",
 "nlq": "What is the maximum number for each Event, of Fire or Traffic accidents involving Female casualties? Please, report the corresponding Event."},
{"name": "template 11",
 "sql": "SELECT Event,Gender,max(Value) FROM DBdata WHERE (Gender IN ('Female')) AND (Event IN ('Fire','Traffic')) GROUP BY Event,Gender",
 "sqlResult": "{Fire | Female | 100} || {Traffic | Female | 49}",
 "nlq": "What is the maximum number for each Event and Gender, of Fire or Traffic accidents involving Female casualties? Please, report the corresponding Event and Gender."},
{"name": "template 12",
 "sql": "SELECT Value FROM DBdata WHERE (Gender IN ('Female')) AND (Event IN ('Fire','Traffic')) ORDER BY VALUE ASC LIMIT 2",
 "sqlResult": "{27} || {29}",
 "nlq": "What are the smallest 2 numbers of Fire or Traffic accidents involving Female casualties?"},
{"name": "template 13",
 "sql": "SELECT Value FROM DBdata WHERE (Gender IN ('Female')) AND (Event IN ('Fire','Traffic')) ORDER BY VALUE ASC",
 "sqlResult": "{27} || {29} || {49} || {100}",
 "nlq": "What are the numbers ordered by increasing values of Fire or Traffic accidents involving Female casualties?"},
{"name": "template 14",
 "sql": "SELECT Event,Severity FROM DBdata WHERE (Gender IN ('Female')) AND Value < 47.62",
 "sqlResult": "{Traffic | Serious} || {Fire | Fatal}",
 "nlq": "What are the Event and Severity for which the number of accidents involving Female casualties is lower than 47.62?"},
{"name": "template 15",
 "sql": "SELECT Event,Severity,Value FROM DBdata WHERE (Gender IN ('Male')) AND (Event,Severity) IN (SELECT Event,Severity FROM DBdata WHERE (Gender IN ('Female')) AND Value < 47.62)",
 "sqlResult": "{Traffic | Serious | 52} || {Fire | Fatal | 18}",
 "nlq": "What is the number of accidents involving Male casualties of Event and of Severity for which the number of accidents involving Female casualties is lower than 47.62? Please, report the corresponding Event, Severity, and number of accidents."}]
}
