{
"filename": "Number_of_accidents_set43_1_DB.csv",
"questions": [{"name": "template 1",
 "sql": "SELECT Value FROM DBdata WHERE (Gender IN ('Female')) AND ((Event = 'Traffic' AND Severity = 'Slight'))",
 "sqlResult": "{68}",
 "nlq": "What is the number of Slight Traffic accidents involving Female casualties?"},
{"name": "template 2",
 "sql": "SELECT Value FROM DBdata WHERE (Gender IN ('Male')) AND ((Event = 'Fire' AND Severity = 'Slight') OR (Event = 'Traffic' AND Severity = 'Slight') OR (Event = 'Drowning' AND Severity = 'Slight'))",
 "sqlResult": "{26} || {89} || {83}",
 "nlq": "What is the number of Slight Drowning, Fire, or Traffic accidents involving Male casualties?"},
{"name": "template 3",
 "sql": "SELECT Value FROM DBdata WHERE (Gender IN ('Female')) AND ((Event = 'Fire' AND Severity = 'Slight'))",
 "sqlResult": "{57}",
 "nlq": "What is the number of Slight Fire accidents involving Female casualties?"},
{"name": "template 4",
 "sql": "SELECT min(Value),max(Value) FROM DBdata WHERE (Gender IN ('Male','Female')) AND ((Event = 'Traffic' AND Severity = 'Slight'))",
 "sqlResult": "{68 | 89}",
 "nlq": "What are the minimum and maximum numbers of Slight Traffic accidents involving Female or Male casualties?"},
{"name": "template 6",
 "sql": "SELECT Value FROM DBdata WHERE (Gender IN ('Male','Female')) AND ((Event = 'Fire' AND Severity = 'Slight') OR (Event = 'Traffic' AND Severity = 'Slight') OR (Event = 'Drowning' AND Severity = 'Slight'))",
 "sqlResult": "{26} || {57} || {89} || {68} || {83} || {70}",
 "nlq": "What is the number of Slight Drowning, Fire, or Traffic accidents involving Female or Male casualties?"},
{"name": "template 7",
 "sql": "SELECT min(Value),avg(Value) FROM DBdata WHERE (Gender IN ('Male')) AND ((Event = 'Traffic' AND Severity = 'Slight') OR (Event = 'Drowning' AND Severity = 'Slight'))",
 "sqlResult": "{83 | 86}",
 "nlq": "What are the minimum and average numbers of Slight Drowning or Traffic accidents involving Male casualties?"},
{"name": "template 8",
 "sql": "SELECT Gender,sum(Value),max(Value) FROM DBdata WHERE (Gender IN ('Male')) AND ((Event = 'Traffic' AND Severity = 'Slight') OR (Event = 'Drowning' AND Severity = 'Slight')) GROUP BY Gender",
 "sqlResult": "{Male | 172 | 89}",
 "nlq": "What are the total and maximum numbers for each Gender, of Slight Drowning or Traffic accidents involving Male casualties? Please, report the corresponding Gender."},
{"name": "template 9",
 "sql": "SELECT min(Value) FROM DBdata WHERE (Gender IN ('Male')) AND (Event IN ('Fire','Traffic','Drowning')) GROUP BY Event",
 "sqlResult": "{83} || {26} || {89}",
 "nlq": "What is the minimum number for each Event, of Drowning, Fire, or Traffic accidents involving Male casualties?"},
{"name": "template 10",
 "sql": "SELECT Event,min(Value) FROM DBdata WHERE (Gender IN ('Male')) AND (Event IN ('Fire','Traffic','Drowning')) GROUP BY Event",
 "sqlResult": "{Drowning | 83} || {Fire | 26} || {Traffic | 89}",
 "nlq": "What is the minimum number for each Event, of Drowning, Fire, or Traffic accidents involving Male casualties? Please, report the corresponding Event."},
{"name": "template 11",
 "sql": "SELECT Event,Gender,min(Value) FROM DBdata WHERE (Gender IN ('Male')) AND (Event IN ('Fire','Traffic','Drowning')) GROUP BY Event,Gender",
 "sqlResult": "{Drowning | Male | 83} || {Fire | Male | 26} || {Traffic | Male | 89}",
 "nlq": "What is the minimum number for each Event and Gender, of Drowning, Fire, or Traffic accidents involving Male casualties? Please, report the corresponding Event and Gender."},
{"name": "template 12",
 "sql": "SELECT Value FROM DBdata WHERE (Gender IN ('Female')) AND (Event IN ('Traffic','Drowning')) ORDER BY VALUE DESC LIMIT 2",
 "sqlResult": "{70} || {68}",
 "nlq": "What are the largest 2 numbers of Drowning or Traffic accidents involving Female casualties?"},
{"name": "template 13",
 "sql": "SELECT Value FROM DBdata WHERE (Gender IN ('Female')) AND (Event IN ('Fire','Drowning')) ORDER BY VALUE DESC",
 "sqlResult": "{70} || {57}",
 "nlq": "What are the numbers ordered by decreasing values of Drowning or Fire accidents involving Female casualties?"},
{"name": "template 14",
 "sql": "SELECT Event,Severity FROM DBdata WHERE (Gender IN ('Female')) AND Value > 65.5",
 "sqlResult": "{Traffic | Slight} || {Drowning | Slight}",
 "nlq": "What are the Event and Severity for which the number of accidents involving Female casualties is greater than 65.5?"},
{"name": "template 15",
 "sql": "SELECT Event,Severity,Value FROM DBdata WHERE (Gender IN ('Male')) AND (Event,Severity) IN (SELECT Event,Severity FROM DBdata WHERE (Gender IN ('Female')) AND Value > 65.5)",
 "sqlResult": "{Traffic | Slight | 89} || {Drowning | Slight | 83}",
 "nlq": "What is the number of accidents involving Male casualties of Event and of Severity for which the number of accidents involving Female casualties is greater than 65.5? Please, report the corresponding Event, Severity, and number of accidents."}]
}
