{
"filename": "Number_of_accidents_set48_1_DB.csv",
"questions": [{"name": "template 1",
 "sql": "SELECT Value FROM DBdata WHERE (Gender IN ('Female')) AND ((Event = 'Fire' AND Severity = 'Slight'))",
 "sqlResult": "{92}",
 "nlq": "What is the number of Slight Fire accidents involving Female casualties?"},
{"name": "template 2",
 "sql": "SELECT Value FROM DBdata WHERE (Gender IN ('Male')) AND ((Event = 'Traffic' AND Severity = 'Slight'))",
 "sqlResult": "{76}",
 "nlq": "What is the number of Slight Traffic accidents involving Male casualties?"},
{"name": "template 3",
 "sql": "SELECT Value FROM DBdata WHERE (Gender IN ('Male','Female')) AND ((Event = 'Traffic' AND Severity = 'Slight'))",
 "sqlResult": "{76} || {28}",
 "nlq": "What is the number of Slight Traffic accidents involving Female or Male casualties?"},
{"name": "template 4",
 "sql": "SELECT sum(Value),min(Value) FROM DBdata WHERE (Gender IN ('Male')) AND ((Event = 'Fire' AND Severity = 'Slight'))",
 "sqlResult": "{89 | 89}",
 "nlq": "What are the total and minimum numbers of Slight Fire accidents involving Male casualties?"},
{"name": "template 6",
 "sql": "SELECT Value FROM DBdata WHERE (Gender IN ('Male','Female')) AND ((Event = 'Fire' AND Severity = 'Slight') OR (Event = 'Traffic' AND Severity = 'Slight'))",
 "sqlResult": "{89} || {92} || {76} || {28}",
 "nlq": "What is the number of Slight Fire or Traffic accidents involving Female or Male casualties?"},
{"name": "template 7",
 "sql": "SELECT sum(Value),avg(Value) FROM DBdata WHERE (Gender IN ('Male')) AND ((Event = 'Fire' AND Severity = 'Slight'))",
 "sqlResult": "{89 | 89}",
 "nlq": "What are the total and average numbers of Slight Fire accidents involving Male casualties?"},
{"name": "template 8",
 "sql": "SELECT Gender,sum(Value),avg(Value) FROM DBdata WHERE (Gender IN ('Male','Female')) AND ((Event = 'Fire' AND Severity = 'Slight') OR (Event = 'Traffic' AND Severity = 'Slight')) GROUP BY Gender",
 "sqlResult": "{Female | 120 | 60} || {Male | 165 | 82.5}",
 "nlq": "What are the total and average numbers for each Gender, of Slight Fire or Traffic accidents involving Female or Male casualties? Please, report the corresponding Gender."},
{"name": "template 9",
 "sql": "SELECT min(Value) FROM DBdata WHERE (Gender IN ('Female')) AND (Event IN ('Fire','Traffic')) GROUP BY Event",
 "sqlResult": "{92} || {28}",
 "nlq": "What is the minimum number for each Event, of Fire or Traffic accidents involving Female casualties?"},
{"name": "template 10",
 "sql": "SELECT Event,sum(Value) FROM DBdata WHERE (Gender IN ('Female')) AND (Event IN ('Fire','Traffic')) GROUP BY Event",
 "sqlResult": "{Fire | 92} || {Traffic | 28}",
 "nlq": "What is the total number for each Event, of Fire or Traffic accidents involving Female casualties? Please, report the corresponding Event."},
{"name": "template 11",
 "sql": "SELECT Event,Gender,avg(Value) FROM DBdata WHERE (Gender IN ('Male','Female')) AND (Event IN ('Fire','Traffic')) GROUP BY Event,Gender",
 "sqlResult": "{Fire | Female | 92} || {Fire | Male | 89} || {Traffic | Female | 28} || {Traffic | Male | 76}",
 "nlq": "What is the average number for each Event and Gender, of Fire or Traffic accidents involving Female or Male casualties? Please, report the corresponding Event and Gender."},
{"name": "template 12",
 "sql": "SELECT Value FROM DBdata WHERE (Gender IN ('Female')) AND (Event IN ('Fire','Traffic')) ORDER BY VALUE ASC LIMIT 2",
 "sqlResult": "{28} || {92}",
 "nlq": "What are the smallest 2 numbers of Fire or Traffic accidents involving Female casualties?"},
{"name": "template 13",
 "sql": "SELECT Value FROM DBdata WHERE (Gender IN ('Male')) AND (Event IN ('Fire','Traffic')) ORDER BY VALUE ASC",
 "sqlResult": "{76} || {89}",
 "nlq": "What are the numbers ordered by increasing values of Fire or Traffic accidents involving Male casualties?"},
{"name": "template 14",
 "sql": "SELECT Event,Severity FROM DBdata WHERE (Gender IN ('Female')) AND Value < 71.25",
 "sqlResult": "{Traffic | Slight}",
 "nlq": "What are the Event and Severity for which the number of accidents involving Female casualties is lower than 71.25?"},
{"name": "template 15",
 "sql": "SELECT Event,Severity,Value FROM DBdata WHERE (Gender IN ('Male')) AND (Event,Severity) IN (SELECT Event,Severity FROM DBdata WHERE (Gender IN ('Female')) AND Value < 71.25)",
 "sqlResult": "{Traffic | Slight | 76}",
 "nlq": "What is the number of accidents involving Male casualties of Event and of Severity for which the number of accidents involving Female casualties is lower than 71.25? Please, report the corresponding Event, Severity, and number of accidents."}]
}
