{
"filename": "Number_of_accidents_set44_1_DB.csv",
"questions": [{"name": "template 1",
 "sql": "SELECT Value FROM DBdata WHERE (AA IN ('AAbj')) AND ((BB = 'BBgs' AND CC = 'CCct'))",
 "sqlResult": "{29}",
 "nlq": "What is the number of CCct BBgs accidents involving AAbj casualties?"},
{"name": "template 2",
 "sql": "SELECT Value FROM DBdata WHERE (AA IN ('AAbj')) AND ((BB = 'BBgs' AND CC = 'CCct'))",
 "sqlResult": "{29}",
 "nlq": "What is the number of CCct BBgs accidents involving AAbj casualties?"},
{"name": "template 3",
 "sql": "SELECT Value FROM DBdata WHERE (AA IN ('AAbj','AAqw')) AND ((BB = 'BBtz' AND CC = 'CCct'))",
 "sqlResult": "{24} || {52}",
 "nlq": "What is the number of CCct BBtz accidents involving AAqw or AAbj casualties?"},
{"name": "template 4",
 "sql": "SELECT sum(Value),max(Value) FROM DBdata WHERE (AA IN ('AAbj')) AND ((BB = 'BBtz' AND CC = 'CCct'))",
 "sqlResult": "{24 | 24}",
 "nlq": "What are the total and maximum numbers of CCct BBtz accidents involving AAbj casualties?"},
{"name": "template 6",
 "sql": "SELECT Value FROM DBdata WHERE (AA IN ('AAbj','AAqw')) AND ((BB = 'BBgs' AND CC = 'CCct') OR (BB = 'BBtz' AND CC = 'CCct'))",
 "sqlResult": "{29} || {46} || {24} || {52}",
 "nlq": "What is the number of CCct BBgs or BBtz accidents involving AAqw or AAbj casualties?"},
{"name": "template 7",
 "sql": "SELECT min(Value),avg(Value) FROM DBdata WHERE (AA IN ('AAqw')) AND ((BB = 'BBtz' AND CC = 'CCct'))",
 "sqlResult": "{52 | 52}",
 "nlq": "What are the minimum and average numbers of CCct BBtz accidents involving AAqw casualties?"},
{"name": "template 8",
 "sql": "SELECT AA,min(Value),max(Value) FROM DBdata WHERE (AA IN ('AAqw')) AND ((BB = 'BBgs' AND CC = 'CCct')) GROUP BY AA",
 "sqlResult": "{AAqw | 46 | 46}",
 "nlq": "What are the minimum and maximum numbers for each AA, of CCct BBgs accidents involving AAqw casualties? Please, report the corresponding AA."},
{"name": "template 9",
 "sql": "SELECT min(Value) FROM DBdata WHERE (AA IN ('AAqw')) AND (BB IN ('BBgs','BBtz')) GROUP BY BB",
 "sqlResult": "{46} || {52}",
 "nlq": "What is the minimum number for each BB, of BBgs or BBtz accidents involving AAqw casualties?"},
{"name": "template 10",
 "sql": "SELECT BB,max(Value) FROM DBdata WHERE (AA IN ('AAqw')) AND (BB IN ('BBgs','BBtz')) GROUP BY BB",
 "sqlResult": "{BBgs | 46} || {BBtz | 52}",
 "nlq": "What is the maximum number for each BB, of BBgs or BBtz accidents involving AAqw casualties? Please, report the corresponding BB."},
{"name": "template 11",
 "sql": "SELECT BB,AA,sum(Value) FROM DBdata WHERE (AA IN ('AAbj','AAqw')) AND (BB IN ('BBgs','BBtz')) GROUP BY BB,AA",
 "sqlResult": "{BBgs | AAqw | 46} || {BBgs | AAbj | 29} || {BBtz | AAqw | 52} || {BBtz | AAbj | 24}",
 "nlq": "What is the total number for each BB and AA, of BBgs or BBtz accidents involving AAqw or AAbj casualties? Please, report the corresponding BB and AA."},
{"name": "template 12",
 "sql": "SELECT Value FROM DBdata WHERE (AA IN ('AAqw')) AND (BB IN ('BBgs','BBtz')) ORDER BY VALUE ASC LIMIT 2",
 "sqlResult": "{46} || {52}",
 "nlq": "What are the smallest 2 numbers of BBgs or BBtz accidents involving AAqw casualties?"},
{"name": "template 13",
 "sql": "SELECT Value FROM DBdata WHERE (AA IN ('AAqw')) AND (BB IN ('BBgs','BBtz')) ORDER BY VALUE DESC",
 "sqlResult": "{52} || {46}",
 "nlq": "What are the numbers ordered by decreasing values of BBgs or BBtz accidents involving AAqw casualties?"},
{"name": "template 14",
 "sql": "SELECT BB,CC FROM DBdata WHERE (AA IN ('AAbj')) AND Value < 37.75",
 "sqlResult": "{BBgs | CCct} || {BBtz | CCct}",
 "nlq": "What are the BB and CC for which the number of accidents involving AAbj casualties is lower than 37.75?"},
{"name": "template 15",
 "sql": "SELECT BB,CC,Value FROM DBdata WHERE (AA IN ('AAqw')) AND (BB,CC) IN (SELECT BB,CC FROM DBdata WHERE (AA IN ('AAbj')) AND Value < 37.75)",
 "sqlResult": "{BBgs | CCct | 46} || {BBtz | CCct | 52}",
 "nlq": "What is the number of accidents involving AAqw casualties of BB and of CC for which the number of accidents involving AAbj casualties is lower than 37.75? Please, report the corresponding BB, CC, and number of accidents."}]
}

