{
"filename": "Number_of_accidents_set42_4_DB.csv",
"questions": [{"name": "template 1",
 "sql": "SELECT Value FROM DBdata WHERE (Gender IN ('Female')) AND ((Severity = 'Serious' AND Event = 'Drowning'))",
 "sqlResult": "{50}",
 "nlq": "What is the number of Serious Drowning accidents involving Female casualties?"},
{"name": "template 2",
 "sql": "SELECT Value FROM DBdata WHERE (Gender IN ('Female')) AND ((Severity = 'Slight' AND Event = 'Traffic') OR (Severity = 'Slight' AND Event = 'Drowning') OR (Severity = 'Serious' AND Event = 'Traffic') OR (Severity = 'Serious' AND Event = 'Drowning'))",
 "sqlResult": "{43} || {22} || {79} || {50}",
 "nlq": "What is the number of Serious or Slight Drowning or Traffic accidents involving Female casualties?"},
{"name": "template 3",
 "sql": "SELECT Value FROM DBdata WHERE (Gender IN ('Female')) AND ((Severity = 'Serious' AND Event = 'Drowning'))",
 "sqlResult": "{50}",
 "nlq": "What is the number of Serious Drowning accidents involving Female casualties?"},
{"name": "template 4",
 "sql": "SELECT sum(Value),max(Value) FROM DBdata WHERE (Gender IN ('Male','Female')) AND ((Severity = 'Serious' AND Event = 'Drowning'))",
 "sqlResult": "{102 | 52}",
 "nlq": "What are the total and maximum numbers of Serious Drowning accidents involving Female or Male casualties?"},
{"name": "template 6",
 "sql": "SELECT Value FROM DBdata WHERE (Gender IN ('Female')) AND ((Severity = 'Slight' AND Event = 'Traffic') OR (Severity = 'Serious' AND Event = 'Traffic') OR (Severity = 'Serious' AND Event = 'Drowning'))",
 "sqlResult": "{43} || {79} || {50}",
 "nlq": "What is the number of Serious Drowning or Serious or Slight Traffic accidents involving Female casualties?"},
{"name": "template 7",
 "sql": "SELECT max(Value),sum(Value) FROM DBdata WHERE (Gender IN ('Male')) AND ((Severity = 'Slight' AND Event = 'Traffic') OR (Severity = 'Serious' AND Event = 'Traffic'))",
 "sqlResult": "{90 | 113}",
 "nlq": "What are the maximum and total numbers of Serious or Slight Traffic accidents involving Male casualties?"},
{"name": "template 8",
 "sql": "SELECT Gender,avg(Value),sum(Value) FROM DBdata WHERE (Gender IN ('Male','Female')) AND ((Severity = 'Slight' AND Event = 'Traffic') OR (Severity = 'Slight' AND Event = 'Drowning') OR (Severity = 'Serious' AND Event = 'Traffic') OR (Severity = 'Serious' AND Event = 'Drowning')) GROUP BY Gender",
 "sqlResult": "{Female | 48.5 | 194} || {Male | 66 | 264}",
 "nlq": "What are the average and total numbers for each Gender, of Serious or Slight Drowning or Traffic accidents involving Female or Male casualties? Please, report the corresponding Gender."},
{"name": "template 9",
 "sql": "SELECT min(Value) FROM DBdata WHERE (Gender IN ('Female')) AND (Severity IN ('Slight','Serious')) GROUP BY Severity",
 "sqlResult": "{50} || {22}",
 "nlq": "What is the minimum number for each Severity, of Serious or Slight accidents involving Female casualties?"},
{"name": "template 10",
 "sql": "SELECT Severity,sum(Value) FROM DBdata WHERE (Gender IN ('Male')) AND (Severity IN ('Slight','Serious')) GROUP BY Severity",
 "sqlResult": "{Serious | 75} || {Slight | 189}",
 "nlq": "What is the total number for each Severity, of Serious or Slight accidents involving Male casualties? Please, report the corresponding Severity."},
{"name": "template 11",
 "sql": "SELECT Severity,Gender,min(Value) FROM DBdata WHERE (Gender IN ('Male','Female')) AND (Severity IN ('Slight','Serious')) GROUP BY Severity,Gender",
 "sqlResult": "{Serious | Female | 50} || {Serious | Male | 23} || {Slight | Female | 22} || {Slight | Male | 90}",
 "nlq": "What is the minimum number for each Severity and Gender, of Serious or Slight accidents involving Female or Male casualties? Please, report the corresponding Severity and Gender."},
{"name": "template 12",
 "sql": "SELECT Value FROM DBdata WHERE (Gender IN ('Female')) AND (Severity IN ('Slight','Serious')) ORDER BY VALUE DESC LIMIT 3",
 "sqlResult": "{79} || {50} || {43}",
 "nlq": "What are the largest 3 numbers of Serious or Slight accidents involving Female casualties?"},
{"name": "template 13",
 "sql": "SELECT Value FROM DBdata WHERE (Gender IN ('Male')) AND (Severity IN ('Slight','Serious')) ORDER BY VALUE DESC",
 "sqlResult": "{99} || {90} || {52} || {23}",
 "nlq": "What are the numbers ordered by decreasing values of Serious or Slight accidents involving Male casualties?"},
{"name": "template 14",
 "sql": "SELECT Severity,Event FROM DBdata WHERE (Gender IN ('Female')) AND Value < 57.25",
 "sqlResult": "{Slight | Traffic} || {Slight | Drowning} || {Serious | Drowning}",
 "nlq": "What are the Severity and Event for which the number of accidents involving Female casualties is lower than 57.25?"},
{"name": "template 15",
 "sql": "SELECT Severity,Event,Value FROM DBdata WHERE (Gender IN ('Male')) AND (Severity,Event) IN (SELECT Severity,Event FROM DBdata WHERE (Gender IN ('Female')) AND Value < 57.25)",
 "sqlResult": "{Slight | Traffic | 90} || {Slight | Drowning | 99} || {Serious | Drowning | 52}",
 "nlq": "What is the number of accidents involving Male casualties of Severity and of Event for which the number of accidents involving Female casualties is lower than 57.25? Please, report the corresponding Severity, Event, and number of accidents."}]
}
