{
"filename": "Number_of_accidents_set37_1_DB.csv",
"questions": [{"name": "template 1",
 "sql": "SELECT Value FROM DBdata WHERE (AA IN ('AAlw')) AND ((BB = 'BBqs' AND CC = 'CCsy'))",
 "sqlResult": "{38}",
 "nlq": "What is the number of CCsy BBqs accidents involving AAlw casualties?"},
{"name": "template 2",
 "sql": "SELECT Value FROM DBdata WHERE (AA IN ('AAlw')) AND ((BB = 'BBbl' AND CC = 'CCsy') OR (BB = 'BBbl' AND CC = 'CCdt'))",
 "sqlResult": "{44} || {49}",
 "nlq": "What is the number of CCdt or CCsy BBbl accidents involving AAlw casualties?"},
{"name": "template 3",
 "sql": "SELECT Value FROM DBdata WHERE (AA IN ('AAlw','AApw')) AND ((BB = 'BBqs' AND CC = 'CCps'))",
 "sqlResult": "{11} || {67}",
 "nlq": "What is the number of CCps BBqs accidents involving AApw or AAlw casualties?"},
{"name": "template 4",
 "sql": "SELECT min(Value),sum(Value) FROM DBdata WHERE (AA IN ('AAlw','AApw')) AND ((BB = 'BBqs' AND CC = 'CCps'))",
 "sqlResult": "{11 | 78}",
 "nlq": "What are the minimum and total numbers of CCps BBqs accidents involving AApw or AAlw casualties?"},
{"name": "template 6",
 "sql": "SELECT Value FROM DBdata WHERE (AA IN ('AAlw')) AND ((BB = 'BBqs' AND CC = 'CCsy') OR (BB = 'BBbl' AND CC = 'CCsy') OR (BB = 'BBqs' AND CC = 'CCdt') OR (BB = 'BBqs' AND CC = 'CCps'))",
 "sqlResult": "{38} || {44} || {58} || {11}",
 "nlq": "What is the number of CCps, CCdt, or CCsy BBqs or CCsy BBbl accidents involving AAlw casualties?"},
{"name": "template 7",
 "sql": "SELECT max(Value),sum(Value) FROM DBdata WHERE (AA IN ('AAlw')) AND ((BB = 'BBqs' AND CC = 'CCsy') OR (BB = 'BBqs' AND CC = 'CCdt'))",
 "sqlResult": "{58 | 96}",
 "nlq": "What are the maximum and total numbers of CCdt or CCsy BBqs accidents involving AAlw casualties?"},
{"name": "template 8",
 "sql": "SELECT AA,avg(Value),min(Value) FROM DBdata WHERE (AA IN ('AAlw','AApw')) AND ((BB = 'BBbl' AND CC = 'CCsy') OR (BB = 'BBqs' AND CC = 'CCdt') OR (BB = 'BBbl' AND CC = 'CCdt') OR (BB = 'BBqs' AND CC = 'CCps')) GROUP BY AA",
 "sqlResult": "{AApw | 54 | 32} || {AAlw | 40.5 | 11}",
 "nlq": "What are the average and minimum numbers for each AA, of CCps or CCdt BBqs or CCdt or CCsy BBbl accidents involving AApw or AAlw casualties? Please, report the corresponding AA."},
{"name": "template 9",
 "sql": "SELECT min(Value) FROM DBdata WHERE (AA IN ('AApw')) AND (BB IN ('BBqs','BBbl')) GROUP BY BB",
 "sqlResult": "{32} || {19}",
 "nlq": "What is the minimum number for each BB, of BBqs or BBbl accidents involving AApw casualties?"},
{"name": "template 10",
 "sql": "SELECT BB,min(Value) FROM DBdata WHERE (AA IN ('AAlw')) AND (BB IN ('BBqs','BBbl')) GROUP BY BB",
 "sqlResult": "{BBqs | 11} || {BBbl | 44}",
 "nlq": "What is the minimum number for each BB, of BBqs or BBbl accidents involving AAlw casualties? Please, report the corresponding BB."},
{"name": "template 11",
 "sql": "SELECT BB,AA,sum(Value) FROM DBdata WHERE (AA IN ('AAlw','AApw')) AND (BB IN ('BBqs','BBbl')) GROUP BY BB,AA",
 "sqlResult": "{BBqs | AApw | 160} || {BBqs | AAlw | 107} || {BBbl | AApw | 136} || {BBbl | AAlw | 159}",
 "nlq": "What is the total number for each BB and AA, of BBqs or BBbl accidents involving AApw or AAlw casualties? Please, report the corresponding BB and AA."},
{"name": "template 12",
 "sql": "SELECT Value FROM DBdata WHERE (AA IN ('AAlw')) AND (BB IN ('BBqs','BBbl')) ORDER BY VALUE ASC LIMIT 2",
 "sqlResult": "{11} || {38}",
 "nlq": "What are the smallest 2 numbers of BBqs or BBbl accidents involving AAlw casualties?"},
{"name": "template 13",
 "sql": "SELECT Value FROM DBdata WHERE (AA IN ('AApw')) AND (BB IN ('BBqs','BBbl')) ORDER BY VALUE DESC",
 "sqlResult": "{78} || {67} || {61} || {39} || {32} || {19}",
 "nlq": "What are the numbers ordered by decreasing values of BBqs or BBbl accidents involving AApw casualties?"},
{"name": "template 14",
 "sql": "SELECT BB,CC FROM DBdata WHERE (AA IN ('AApw')) AND Value > 46.83",
 "sqlResult": "{BBqs | CCsy} || {BBbl | CCdt} || {BBqs | CCps}",
 "nlq": "What are the BB and CC for which the number of accidents involving AApw casualties is greater than 46.83?"},
{"name": "template 15",
 "sql": "SELECT BB,CC,Value FROM DBdata WHERE (AA IN ('AAlw')) AND (BB,CC) IN (SELECT BB,CC FROM DBdata WHERE (AA IN ('AApw')) AND Value > 46.83)",
 "sqlResult": "{BBqs | CCsy | 38} || {BBbl | CCdt | 49} || {BBqs | CCps | 11}",
 "nlq": "What is the number of accidents involving AAlw casualties of BB and of CC for which the number of accidents involving AApw casualties is greater than 46.83? Please, report the corresponding BB, CC, and number of accidents."}]
}

