{
"filename": "Number_of_accidents_set37_5_DB.csv",
"questions": [{"name": "template 1",
 "sql": "SELECT Value FROM DBdata WHERE (Gender IN ('Male')) AND ((Event = 'Fire' AND Severity = 'Slight'))",
 "sqlResult": "{50}",
 "nlq": "What is the number of Slight Fire accidents involving Male casualties?"},
{"name": "template 2",
 "sql": "SELECT Value FROM DBdata WHERE (Gender IN ('Female')) AND ((Event = 'Fire' AND Severity = 'Slight') OR (Event = 'Traffic' AND Severity = 'Slight') OR (Event = 'Drowning' AND Severity = 'Slight') OR (Event = 'Fire' AND Severity = 'Serious') OR (Event = 'Traffic' AND Severity = 'Serious') OR (Event = 'Drowning' AND Severity = 'Serious') OR (Event = 'Fire' AND Severity = 'Fatal') OR (Event = 'Traffic' AND Severity = 'Fatal') OR (Event = 'Drowning' AND Severity = 'Fatal'))",
 "sqlResult": "{68} || {92} || {11} || {12} || {83} || {17} || {29} || {48} || {60}",
 "nlq": "What is the number of Fatal, Serious, or Slight Drowning, Fire, or Traffic accidents involving Female casualties?"},
{"name": "template 3",
 "sql": "SELECT Value FROM DBdata WHERE (Gender IN ('Male','Female')) AND ((Event = 'Fire' AND Severity = 'Serious'))",
 "sqlResult": "{53} || {12}",
 "nlq": "What is the number of Serious Fire accidents involving Female or Male casualties?"},
{"name": "template 4",
 "sql": "SELECT max(Value),min(Value) FROM DBdata WHERE (Gender IN ('Male','Female')) AND ((Event = 'Drowning' AND Severity = 'Fatal'))",
 "sqlResult": "{60 | 21}",
 "nlq": "What are the maximum and minimum numbers of Fatal Drowning accidents involving Female or Male casualties?"},
{"name": "template 6",
 "sql": "SELECT Value FROM DBdata WHERE (Gender IN ('Female')) AND ((Event = 'Fire' AND Severity = 'Slight') OR (Event = 'Traffic' AND Severity = 'Serious') OR (Event = 'Drowning' AND Severity = 'Fatal'))",
 "sqlResult": "{68} || {83} || {60}",
 "nlq": "What is the number of Fatal Drowning, Serious Traffic, or Slight Fire accidents involving Female casualties?"},
{"name": "template 7",
 "sql": "SELECT sum(Value),avg(Value) FROM DBdata WHERE (Gender IN ('Female')) AND ((Event = 'Fire' AND Severity = 'Serious') OR (Event = 'Traffic' AND Severity = 'Serious') OR (Event = 'Fire' AND Severity = 'Fatal'))",
 "sqlResult": "{124 | 41.33}",
 "nlq": "What are the total and average numbers of Fatal or Serious Fire or Serious Traffic accidents involving Female casualties?"},
{"name": "template 8",
 "sql": "SELECT Gender,max(Value),min(Value) FROM DBdata WHERE (Gender IN ('Male','Female')) AND ((Event = 'Fire' AND Severity = 'Slight') OR (Event = 'Traffic' AND Severity = 'Slight') OR (Event = 'Traffic' AND Severity = 'Serious') OR (Event = 'Fire' AND Severity = 'Fatal')) GROUP BY Gender",
 "sqlResult": "{Female | 92 | 29} || {Male | 100 | 50}",
 "nlq": "What are the maximum and minimum numbers for each Gender, of Fatal or Slight Fire or Serious or Slight Traffic accidents involving Female or Male casualties? Please, report the corresponding Gender."},
{"name": "template 9",
 "sql": "SELECT min(Value) FROM DBdata WHERE (Gender IN ('Male')) AND (Event IN ('Fire','Traffic','Drowning')) GROUP BY Event",
 "sqlResult": "{21} || {50} || {58}",
 "nlq": "What is the minimum number for each Event, of Drowning, Fire, or Traffic accidents involving Male casualties?"},
{"name": "template 10",
 "sql": "SELECT Event,min(Value) FROM DBdata WHERE (Gender IN ('Female')) AND (Event IN ('Fire','Traffic','Drowning')) GROUP BY Event",
 "sqlResult": "{Drowning | 11} || {Fire | 12} || {Traffic | 48}",
 "nlq": "What is the minimum number for each Event, of Drowning, Fire, or Traffic accidents involving Female casualties? Please, report the corresponding Event."},
{"name": "template 11",
 "sql": "SELECT Event,Gender,sum(Value) FROM DBdata WHERE (Gender IN ('Male')) AND (Event IN ('Fire','Traffic','Drowning')) GROUP BY Event,Gender",
 "sqlResult": "{Drowning | Male | 137} || {Fire | Male | 174} || {Traffic | Male | 239}",
 "nlq": "What is the total number for each Event and Gender, of Drowning, Fire, or Traffic accidents involving Male casualties? Please, report the corresponding Event and Gender."},
{"name": "template 12",
 "sql": "SELECT Value FROM DBdata WHERE (Gender IN ('Female')) AND (Event IN ('Fire','Drowning')) ORDER BY VALUE DESC LIMIT 5",
 "sqlResult": "{68} || {60} || {29} || {17} || {12}",
 "nlq": "What are the largest 5 numbers of Drowning or Fire accidents involving Female casualties?"},
{"name": "template 13",
 "sql": "SELECT Value FROM DBdata WHERE (Gender IN ('Male')) AND (Event IN ('Fire','Traffic')) ORDER BY VALUE ASC",
 "sqlResult": "{50} || {53} || {58} || {71} || {81} || {100}",
 "nlq": "What are the numbers ordered by increasing values of Fire or Traffic accidents involving Male casualties?"},
{"name": "template 14",
 "sql": "SELECT Event,Severity FROM DBdata WHERE (Gender IN ('Male')) AND Value > 53.89",
 "sqlResult": "{Traffic | Slight} || {Traffic | Serious} || {Drowning | Serious} || {Fire | Fatal} || {Traffic | Fatal}",
 "nlq": "What are the Event and Severity for which the number of accidents involving Male casualties is greater than 53.89?"},
{"name": "template 15",
 "sql": "SELECT Event,Severity,Value FROM DBdata WHERE (Gender IN ('Female')) AND (Event,Severity) IN (SELECT Event,Severity FROM DBdata WHERE (Gender IN ('Male')) AND Value > 53.89)",
 "sqlResult": "{Traffic | Slight | 92} || {Traffic | Serious | 83} || {Drowning | Serious | 17} || {Fire | Fatal | 29} || {Traffic | Fatal | 48}",
 "nlq": "What is the number of accidents involving Female casualties of Event and of Severity for which the number of accidents involving Male casualties is greater than 53.89? Please, report the corresponding Event, Severity, and number of accidents."}]
}
