{
"filename": "Number_of_accidents_set60_1_DB.csv",
"questions": [{"name": "template 1",
 "sql": "SELECT Value FROM DBdata WHERE (AA IN ('AAjt')) AND ((CC = 'CCkt' AND BB = 'BBkl'))",
 "sqlResult": "{23}",
 "nlq": "What is the number of CCkt BBkl accidents involving AAjt casualties?"},
{"name": "template 2",
 "sql": "SELECT Value FROM DBdata WHERE (AA IN ('AAnq')) AND ((CC = 'CCgm' AND BB = 'BBkl') OR (CC = 'CCgm' AND BB = 'BBhr') OR (CC = 'CCkt' AND BB = 'BBkl'))",
 "sqlResult": "{18} || {50} || {13}",
 "nlq": "What is the number of CCkt or CCgm BBkl or CCgm BBhr accidents involving AAnq casualties?"},
{"name": "template 3",
 "sql": "SELECT Value FROM DBdata WHERE (AA IN ('AAnq','AAjt')) AND ((CC = 'CCgm' AND BB = 'BBkl'))",
 "sqlResult": "{18} || {43}",
 "nlq": "What is the number of CCgm BBkl accidents involving AAjt or AAnq casualties?"},
{"name": "template 4",
 "sql": "SELECT min(Value),sum(Value) FROM DBdata WHERE (AA IN ('AAnq','AAjt')) AND ((CC = 'CCkt' AND BB = 'BBkl'))",
 "sqlResult": "{13 | 36}",
 "nlq": "What are the minimum and total numbers of CCkt BBkl accidents involving AAjt or AAnq casualties?"},
{"name": "template 5",
 "sql": "SELECT avg(Value) FROM DBdata WHERE (AA IN ('AAnq','AAjt')) AND ((CC = 'CCkt' AND BB = 'BBkl'))",
 "sqlResult": "{18}",
 "nlq": "What is the average number of CCkt BBkl accidents involving AAjt or AAnq casualties?"},
{"name": "template 6",
 "sql": "SELECT Value FROM DBdata WHERE (AA IN ('AAjt')) AND ((CC = 'CCgm' AND BB = 'BBkl') OR (CC = 'CCgm' AND BB = 'BBhr') OR (CC = 'CCkt' AND BB = 'BBkl') OR (CC = 'CCkt' AND BB = 'BBhr'))",
 "sqlResult": "{43} || {35} || {23} || {16}",
 "nlq": "What is the number of CCkt or CCgm BBkl or BBhr accidents involving AAjt casualties?"},
{"name": "template 7",
 "sql": "SELECT max(Value),sum(Value) FROM DBdata WHERE (AA IN ('AAjt')) AND ((CC = 'CCgm' AND BB = 'BBkl') OR (CC = 'CCkt' AND BB = 'BBkl'))",
 "sqlResult": "{43 | 66}",
 "nlq": "What are the maximum and total numbers of CCkt or CCgm BBkl accidents involving AAjt casualties?"},
{"name": "template 8",
 "sql": "SELECT AA,sum(Value),avg(Value) FROM DBdata WHERE (AA IN ('AAnq','AAjt')) AND ((CC = 'CCgm' AND BB = 'BBkl') OR (CC = 'CCkt' AND BB = 'BBkl')) GROUP BY AA",
 "sqlResult": "{AAjt | 66 | 33} || {AAnq | 31 | 15.5}",
 "nlq": "What are the total and average numbers for each AA, of CCkt or CCgm BBkl accidents involving AAjt or AAnq casualties? Please, report the corresponding AA."},
{"name": "template 9",
 "sql": "SELECT min(Value) FROM DBdata WHERE (AA IN ('AAnq')) AND (CC IN ('CCgm','CCkt')) GROUP BY CC",
 "sqlResult": "{13} || {18}",
 "nlq": "What is the minimum number for each CC, of CCkt or CCgm accidents involving AAnq casualties?"},
{"name": "template 10",
 "sql": "SELECT CC,sum(Value) FROM DBdata WHERE (AA IN ('AAjt')) AND (CC IN ('CCgm','CCkt')) GROUP BY CC",
 "sqlResult": "{CCkt | 39} || {CCgm | 78}",
 "nlq": "What is the total number for each CC, of CCkt or CCgm accidents involving AAjt casualties? Please, report the corresponding CC."},
{"name": "template 11",
 "sql": "SELECT CC,AA,min(Value) FROM DBdata WHERE (AA IN ('AAjt')) AND (CC IN ('CCgm','CCkt')) GROUP BY CC,AA",
 "sqlResult": "{CCkt | AAjt | 16} || {CCgm | AAjt | 35}",
 "nlq": "What is the minimum number for each CC and AA, of CCkt or CCgm accidents involving AAjt casualties? Please, report the corresponding CC and AA."},
{"name": "template 12",
 "sql": "SELECT Value FROM DBdata WHERE (AA IN ('AAjt')) AND (CC IN ('CCgm','CCkt')) ORDER BY VALUE DESC LIMIT 3",
 "sqlResult": "{43} || {35} || {23}",
 "nlq": "What are the largest 3 numbers of CCkt or CCgm accidents involving AAjt casualties?"},
{"name": "template 13",
 "sql": "SELECT Value FROM DBdata WHERE (AA IN ('AAjt')) AND (CC IN ('CCgm','CCkt')) ORDER BY VALUE ASC",
 "sqlResult": "{16} || {23} || {35} || {43}",
 "nlq": "What are the numbers ordered by increasing values of CCkt or CCgm accidents involving AAjt casualties?"},
{"name": "template 14",
 "sql": "SELECT CC,BB FROM DBdata WHERE (AA IN ('AAnq')) AND Value < 26.88",
 "sqlResult": "{CCgm | BBkl} || {CCkt | BBkl} || {CCkt | BBhr}",
 "nlq": "What are the CC and BB for which the number of accidents involving AAnq casualties is lower than 26.88?"},
{"name": "template 15",
 "sql": "SELECT CC,BB,Value FROM DBdata WHERE (AA IN ('AAjt')) AND (CC,BB) IN (SELECT CC,BB FROM DBdata WHERE (AA IN ('AAnq')) AND Value < 26.88)",
 "sqlResult": "{CCgm | BBkl | 43} || {CCkt | BBkl | 23} || {CCkt | BBhr | 16}",
 "nlq": "What is the number of accidents involving AAjt casualties of CC and of BB for which the number of accidents involving AAnq casualties is lower than 26.88? Please, report the corresponding CC, BB, and number of accidents."}]
}

