{
"filename": "Number_of_accidents_set37_4_DB.csv",
"questions": [{"name": "template 1",
 "sql": "SELECT Value FROM DBdata WHERE (Gender IN ('Male')) AND ((Event = 'Traffic' AND Severity = 'Fatal'))",
 "sqlResult": "{24}",
 "nlq": "What is the number of Fatal Traffic accidents involving Male casualties?"},
{"name": "template 2",
 "sql": "SELECT Value FROM DBdata WHERE (Gender IN ('Female')) AND ((Event = 'Fire' AND Severity = 'Serious') OR (Event = 'Fire' AND Severity = 'Fatal') OR (Event = 'Traffic' AND Severity = 'Fatal'))",
 "sqlResult": "{37} || {86} || {53}",
 "nlq": "What is the number of Fatal Traffic or Fatal or Serious Fire accidents involving Female casualties?"},
{"name": "template 3",
 "sql": "SELECT Value FROM DBdata WHERE (Gender IN ('Female')) AND ((Event = 'Fire' AND Severity = 'Serious'))",
 "sqlResult": "{37}",
 "nlq": "What is the number of Serious Fire accidents involving Female casualties?"},
{"name": "template 4",
 "sql": "SELECT max(Value),avg(Value) FROM DBdata WHERE (Gender IN ('Male')) AND ((Event = 'Traffic' AND Severity = 'Serious'))",
 "sqlResult": "{72 | 72}",
 "nlq": "What are the maximum and average numbers of Serious Traffic accidents involving Male casualties?"},
{"name": "template 6",
 "sql": "SELECT Value FROM DBdata WHERE (Gender IN ('Male','Female')) AND ((Event = 'Fire' AND Severity = 'Serious') OR (Event = 'Traffic' AND Severity = 'Fatal'))",
 "sqlResult": "{77} || {37} || {24} || {53}",
 "nlq": "What is the number of Fatal Traffic or Serious Fire accidents involving Female or Male casualties?"},
{"name": "template 7",
 "sql": "SELECT min(Value),avg(Value) FROM DBdata WHERE (Gender IN ('Male')) AND ((Event = 'Traffic' AND Severity = 'Serious') OR (Event = 'Fire' AND Severity = 'Fatal') OR (Event = 'Traffic' AND Severity = 'Fatal'))",
 "sqlResult": "{24 | 62.33}",
 "nlq": "What are the minimum and average numbers of Fatal Fire or Fatal or Serious Traffic accidents involving Male casualties?"},
{"name": "template 8",
 "sql": "SELECT Gender,min(Value),sum(Value) FROM DBdata WHERE (Gender IN ('Male','Female')) AND ((Event = 'Fire' AND Severity = 'Fatal') OR (Event = 'Traffic' AND Severity = 'Fatal')) GROUP BY Gender",
 "sqlResult": "{Female | 53 | 139} || {Male | 24 | 115}",
 "nlq": "What are the minimum and total numbers for each Gender, of Fatal Fire or Traffic accidents involving Female or Male casualties? Please, report the corresponding Gender."},
{"name": "template 9",
 "sql": "SELECT min(Value) FROM DBdata WHERE (Gender IN ('Male')) AND (Event IN ('Fire','Traffic')) GROUP BY Event",
 "sqlResult": "{77} || {24}",
 "nlq": "What is the minimum number for each Event, of Fire or Traffic accidents involving Male casualties?"},
{"name": "template 10",
 "sql": "SELECT Event,max(Value) FROM DBdata WHERE (Gender IN ('Female')) AND (Event IN ('Fire','Traffic')) GROUP BY Event",
 "sqlResult": "{Fire | 86} || {Traffic | 95}",
 "nlq": "What is the maximum number for each Event, of Fire or Traffic accidents involving Female casualties? Please, report the corresponding Event."},
{"name": "template 11",
 "sql": "SELECT Event,Gender,max(Value) FROM DBdata WHERE (Gender IN ('Female')) AND (Event IN ('Fire','Traffic')) GROUP BY Event,Gender",
 "sqlResult": "{Fire | Female | 86} || {Traffic | Female | 95}",
 "nlq": "What is the maximum number for each Event and Gender, of Fire or Traffic accidents involving Female casualties? Please, report the corresponding Event and Gender."},
{"name": "template 12",
 "sql": "SELECT Value FROM DBdata WHERE (Gender IN ('Male')) AND (Event IN ('Fire','Traffic')) ORDER BY VALUE DESC LIMIT 3",
 "sqlResult": "{91} || {77} || {72}",
 "nlq": "What are the largest 3 numbers of Fire or Traffic accidents involving Male casualties?"},
{"name": "template 13",
 "sql": "SELECT Value FROM DBdata WHERE (Gender IN ('Female')) AND (Event IN ('Fire','Traffic')) ORDER BY VALUE DESC",
 "sqlResult": "{95} || {86} || {53} || {37}",
 "nlq": "What are the numbers ordered by decreasing values of Fire or Traffic accidents involving Female casualties?"},
{"name": "template 14",
 "sql": "SELECT Event,Severity FROM DBdata WHERE (Gender IN ('Male')) AND Value < 66.88",
 "sqlResult": "{Traffic | Fatal}",
 "nlq": "What are the Event and Severity for which the number of accidents involving Male casualties is lower than 66.88?"},
{"name": "template 15",
 "sql": "SELECT Event,Severity,Value FROM DBdata WHERE (Gender IN ('Female')) AND (Event,Severity) IN (SELECT Event,Severity FROM DBdata WHERE (Gender IN ('Male')) AND Value < 66.88)",
 "sqlResult": "{Traffic | Fatal | 53}",
 "nlq": "What is the number of accidents involving Female casualties of Event and of Severity for which the number of accidents involving Male casualties is lower than 66.88? Please, report the corresponding Event, Severity, and number of accidents."}]
}
