{
"filename": "Number_of_accidents_set60_1_DB.csv",
"questions": [{"name": "template 1",
 "sql": "SELECT Value FROM DBdata WHERE (Gender IN ('Female')) AND ((Severity = 'Serious' AND Event = 'Fire'))",
 "sqlResult": "{23}",
 "nlq": "What is the number of Serious Fire accidents involving Female casualties?"},
{"name": "template 2",
 "sql": "SELECT Value FROM DBdata WHERE (Gender IN ('Male')) AND ((Severity = 'Slight' AND Event = 'Fire') OR (Severity = 'Slight' AND Event = 'Traffic') OR (Severity = 'Serious' AND Event = 'Fire'))",
 "sqlResult": "{18} || {50} || {13}",
 "nlq": "What is the number of Serious or Slight Fire or Slight Traffic accidents involving Male casualties?"},
{"name": "template 3",
 "sql": "SELECT Value FROM DBdata WHERE (Gender IN ('Male','Female')) AND ((Severity = 'Slight' AND Event = 'Fire'))",
 "sqlResult": "{18} || {43}",
 "nlq": "What is the number of Slight Fire accidents involving Female or Male casualties?"},
{"name": "template 4",
 "sql": "SELECT min(Value),sum(Value) FROM DBdata WHERE (Gender IN ('Male','Female')) AND ((Severity = 'Serious' AND Event = 'Fire'))",
 "sqlResult": "{13 | 36}",
 "nlq": "What are the minimum and total numbers of Serious Fire accidents involving Female or Male casualties?"},
{"name": "template 5",
 "sql": "SELECT avg(Value) FROM DBdata WHERE (Gender IN ('Male','Female')) AND ((Severity = 'Serious' AND Event = 'Fire'))",
 "sqlResult": "{18}",
 "nlq": "What is the average number of Serious Fire accidents involving Female or Male casualties?"},
{"name": "template 6",
 "sql": "SELECT Value FROM DBdata WHERE (Gender IN ('Female')) AND ((Severity = 'Slight' AND Event = 'Fire') OR (Severity = 'Slight' AND Event = 'Traffic') OR (Severity = 'Serious' AND Event = 'Fire') OR (Severity = 'Serious' AND Event = 'Traffic'))",
 "sqlResult": "{43} || {35} || {23} || {16}",
 "nlq": "What is the number of Serious or Slight Fire or Traffic accidents involving Female casualties?"},
{"name": "template 7",
 "sql": "SELECT max(Value),sum(Value) FROM DBdata WHERE (Gender IN ('Female')) AND ((Severity = 'Slight' AND Event = 'Fire') OR (Severity = 'Serious' AND Event = 'Fire'))",
 "sqlResult": "{43 | 66}",
 "nlq": "What are the maximum and total numbers of Serious or Slight Fire accidents involving Female casualties?"},
{"name": "template 8",
 "sql": "SELECT Gender,sum(Value),avg(Value) FROM DBdata WHERE (Gender IN ('Male','Female')) AND ((Severity = 'Slight' AND Event = 'Fire') OR (Severity = 'Serious' AND Event = 'Fire')) GROUP BY Gender",
 "sqlResult": "{Female | 66 | 33} || {Male | 31 | 15.5}",
 "nlq": "What are the total and average numbers for each Gender, of Serious or Slight Fire accidents involving Female or Male casualties? Please, report the corresponding Gender."},
{"name": "template 9",
 "sql": "SELECT min(Value) FROM DBdata WHERE (Gender IN ('Male')) AND (Severity IN ('Slight','Serious')) GROUP BY Severity",
 "sqlResult": "{13} || {18}",
 "nlq": "What is the minimum number for each Severity, of Serious or Slight accidents involving Male casualties?"},
{"name": "template 10",
 "sql": "SELECT Severity,sum(Value) FROM DBdata WHERE (Gender IN ('Female')) AND (Severity IN ('Slight','Serious')) GROUP BY Severity",
 "sqlResult": "{Serious | 39} || {Slight | 78}",
 "nlq": "What is the total number for each Severity, of Serious or Slight accidents involving Female casualties? Please, report the corresponding Severity."},
{"name": "template 11",
 "sql": "SELECT Severity,Gender,min(Value) FROM DBdata WHERE (Gender IN ('Female')) AND (Severity IN ('Slight','Serious')) GROUP BY Severity,Gender",
 "sqlResult": "{Serious | Female | 16} || {Slight | Female | 35}",
 "nlq": "What is the minimum number for each Severity and Gender, of Serious or Slight accidents involving Female casualties? Please, report the corresponding Severity and Gender."},
{"name": "template 12",
 "sql": "SELECT Value FROM DBdata WHERE (Gender IN ('Female')) AND (Severity IN ('Slight','Serious')) ORDER BY VALUE DESC LIMIT 3",
 "sqlResult": "{43} || {35} || {23}",
 "nlq": "What are the largest 3 numbers of Serious or Slight accidents involving Female casualties?"},
{"name": "template 13",
 "sql": "SELECT Value FROM DBdata WHERE (Gender IN ('Female')) AND (Severity IN ('Slight','Serious')) ORDER BY VALUE ASC",
 "sqlResult": "{16} || {23} || {35} || {43}",
 "nlq": "What are the numbers ordered by increasing values of Serious or Slight accidents involving Female casualties?"},
{"name": "template 14",
 "sql": "SELECT Severity,Event FROM DBdata WHERE (Gender IN ('Male')) AND Value < 26.88",
 "sqlResult": "{Slight | Fire} || {Serious | Fire} || {Serious | Traffic}",
 "nlq": "What are the Severity and Event for which the number of accidents involving Male casualties is lower than 26.88?"},
{"name": "template 15",
 "sql": "SELECT Severity,Event,Value FROM DBdata WHERE (Gender IN ('Female')) AND (Severity,Event) IN (SELECT Severity,Event FROM DBdata WHERE (Gender IN ('Male')) AND Value < 26.88)",
 "sqlResult": "{Slight | Fire | 43} || {Serious | Fire | 23} || {Serious | Traffic | 16}",
 "nlq": "What is the number of accidents involving Female casualties of Severity and of Event for which the number of accidents involving Male casualties is lower than 26.88? Please, report the corresponding Severity, Event, and number of accidents."}]
}
