{
"filename": "Number_of_accidents_set44_1_DB.csv",
"questions": [{"name": "template 1",
 "sql": "SELECT Value FROM DBdata WHERE (Gender IN ('Male')) AND ((Event = 'Fire' AND Severity = 'Fatal'))",
 "sqlResult": "{29}",
 "nlq": "What is the number of Fatal Fire accidents involving Male casualties?"},
{"name": "template 2",
 "sql": "SELECT Value FROM DBdata WHERE (Gender IN ('Male')) AND ((Event = 'Fire' AND Severity = 'Fatal'))",
 "sqlResult": "{29}",
 "nlq": "What is the number of Fatal Fire accidents involving Male casualties?"},
{"name": "template 3",
 "sql": "SELECT Value FROM DBdata WHERE (Gender IN ('Male','Female')) AND ((Event = 'Traffic' AND Severity = 'Fatal'))",
 "sqlResult": "{24} || {52}",
 "nlq": "What is the number of Fatal Traffic accidents involving Female or Male casualties?"},
{"name": "template 4",
 "sql": "SELECT sum(Value),max(Value) FROM DBdata WHERE (Gender IN ('Male')) AND ((Event = 'Traffic' AND Severity = 'Fatal'))",
 "sqlResult": "{24 | 24}",
 "nlq": "What are the total and maximum numbers of Fatal Traffic accidents involving Male casualties?"},
{"name": "template 6",
 "sql": "SELECT Value FROM DBdata WHERE (Gender IN ('Male','Female')) AND ((Event = 'Fire' AND Severity = 'Fatal') OR (Event = 'Traffic' AND Severity = 'Fatal'))",
 "sqlResult": "{29} || {46} || {24} || {52}",
 "nlq": "What is the number of Fatal Fire or Traffic accidents involving Female or Male casualties?"},
{"name": "template 7",
 "sql": "SELECT min(Value),avg(Value) FROM DBdata WHERE (Gender IN ('Female')) AND ((Event = 'Traffic' AND Severity = 'Fatal'))",
 "sqlResult": "{52 | 52}",
 "nlq": "What are the minimum and average numbers of Fatal Traffic accidents involving Female casualties?"},
{"name": "template 8",
 "sql": "SELECT Gender,min(Value),max(Value) FROM DBdata WHERE (Gender IN ('Female')) AND ((Event = 'Fire' AND Severity = 'Fatal')) GROUP BY Gender",
 "sqlResult": "{Female | 46 | 46}",
 "nlq": "What are the minimum and maximum numbers for each Gender, of Fatal Fire accidents involving Female casualties? Please, report the corresponding Gender."},
{"name": "template 9",
 "sql": "SELECT min(Value) FROM DBdata WHERE (Gender IN ('Female')) AND (Event IN ('Fire','Traffic')) GROUP BY Event",
 "sqlResult": "{46} || {52}",
 "nlq": "What is the minimum number for each Event, of Fire or Traffic accidents involving Female casualties?"},
{"name": "template 10",
 "sql": "SELECT Event,max(Value) FROM DBdata WHERE (Gender IN ('Female')) AND (Event IN ('Fire','Traffic')) GROUP BY Event",
 "sqlResult": "{Fire | 46} || {Traffic | 52}",
 "nlq": "What is the maximum number for each Event, of Fire or Traffic accidents involving Female casualties? Please, report the corresponding Event."},
{"name": "template 11",
 "sql": "SELECT Event,Gender,sum(Value) FROM DBdata WHERE (Gender IN ('Male','Female')) AND (Event IN ('Fire','Traffic')) GROUP BY Event,Gender",
 "sqlResult": "{Fire | Female | 46} || {Fire | Male | 29} || {Traffic | Female | 52} || {Traffic | Male | 24}",
 "nlq": "What is the total number for each Event and Gender, of Fire or Traffic accidents involving Female or Male casualties? Please, report the corresponding Event and Gender."},
{"name": "template 12",
 "sql": "SELECT Value FROM DBdata WHERE (Gender IN ('Female')) AND (Event IN ('Fire','Traffic')) ORDER BY VALUE ASC LIMIT 2",
 "sqlResult": "{46} || {52}",
 "nlq": "What are the smallest 2 numbers of Fire or Traffic accidents involving Female casualties?"},
{"name": "template 13",
 "sql": "SELECT Value FROM DBdata WHERE (Gender IN ('Female')) AND (Event IN ('Fire','Traffic')) ORDER BY VALUE DESC",
 "sqlResult": "{52} || {46}",
 "nlq": "What are the numbers ordered by decreasing values of Fire or Traffic accidents involving Female casualties?"},
{"name": "template 14",
 "sql": "SELECT Event,Severity FROM DBdata WHERE (Gender IN ('Male')) AND Value < 37.75",
 "sqlResult": "{Fire | Fatal} || {Traffic | Fatal}",
 "nlq": "What are the Event and Severity for which the number of accidents involving Male casualties is lower than 37.75?"},
{"name": "template 15",
 "sql": "SELECT Event,Severity,Value FROM DBdata WHERE (Gender IN ('Female')) AND (Event,Severity) IN (SELECT Event,Severity FROM DBdata WHERE (Gender IN ('Male')) AND Value < 37.75)",
 "sqlResult": "{Fire | Fatal | 46} || {Traffic | Fatal | 52}",
 "nlq": "What is the number of accidents involving Female casualties of Event and of Severity for which the number of accidents involving Male casualties is lower than 37.75? Please, report the corresponding Event, Severity, and number of accidents."}]
}
