{
"filename": "Number_of_accidents_set1_1_DB.csv",
"questions": [{"name": "template 1",
 "sql": "SELECT Value FROM DBdata WHERE (Gender IN ('Male')) AND (Event IN ('Fire'))",
 "sqlResult": "{28}",
 "nlq": "What is the number of Fire accidents involving Male casualties?"},
{"name": "template 2",
 "sql": "SELECT Value FROM DBdata WHERE (Gender IN ('Male')) AND (Event IN ('Traffic','Drowning'))",
 "sqlResult": "{55} || {85}",
 "nlq": "What is the number of Drowning or Traffic accidents involving Male casualties?"},
{"name": "template 3",
 "sql": "SELECT Value FROM DBdata WHERE (Gender IN ('Male','Female')) AND (Event IN ('Drowning'))",
 "sqlResult": "{85} || {34}",
 "nlq": "What is the number of Drowning accidents involving Female or Male casualties?"},
{"name": "template 4",
 "sql": "SELECT max(Value),min(Value) FROM DBdata WHERE (Gender IN ('Male','Female')) AND (Event IN ('Fire'))",
 "sqlResult": "{74 | 28}",
 "nlq": "What are the maximum and minimum numbers of Fire accidents involving Female or Male casualties?"},
{"name": "template 6",
 "sql": "SELECT Value FROM DBdata WHERE (Gender IN ('Male')) AND (Event IN ('Fire','Traffic','Drowning'))",
 "sqlResult": "{28} || {55} || {85}",
 "nlq": "What is the number of Drowning, Fire, or Traffic accidents involving Male casualties?"},
{"name": "template 7",
 "sql": "SELECT max(Value),min(Value) FROM DBdata WHERE (Gender IN ('Female')) AND (Event IN ('Fire','Traffic','Drowning'))",
 "sqlResult": "{74 | 34}",
 "nlq": "What are the maximum and minimum numbers of Drowning, Fire, or Traffic accidents involving Female casualties?"},
{"name": "template 8",
 "sql": "SELECT Gender,min(Value),sum(Value) FROM DBdata WHERE (Gender IN ('Male','Female')) AND (Event IN ('Fire','Traffic','Drowning')) GROUP BY Gender",
 "sqlResult": "{Female | 34 | 169} || {Male | 28 | 168}",
 "nlq": "What are the minimum and total numbers for each Gender, of Drowning, Fire, or Traffic accidents involving Female or Male casualties? Please, report the corresponding Gender."},
{"name": "template 9",
 "sql": "SELECT min(Value) FROM DBdata WHERE (Gender IN ('Male')) AND (Event IN ('Fire','Traffic','Drowning')) GROUP BY Event",
 "sqlResult": "{85} || {28} || {55}",
 "nlq": "What is the minimum number for each Event, of Drowning, Fire, or Traffic accidents involving Male casualties?"},
{"name": "template 10",
 "sql": "SELECT Event,avg(Value) FROM DBdata WHERE (Gender IN ('Male')) AND (Event IN ('Fire','Traffic','Drowning')) GROUP BY Event",
 "sqlResult": "{Drowning | 85} || {Fire | 28} || {Traffic | 55}",
 "nlq": "What is the average number for each Event, of Drowning, Fire, or Traffic accidents involving Male casualties? Please, report the corresponding Event."},
{"name": "template 11",
 "sql": "SELECT Event,Gender,avg(Value) FROM DBdata WHERE (Gender IN ('Male','Female')) AND (Event IN ('Fire','Traffic','Drowning')) GROUP BY Event,Gender",
 "sqlResult": "{Drowning | Female | 34} || {Drowning | Male | 85} || {Fire | Female | 74} || {Fire | Male | 28} || {Traffic | Female | 61} || {Traffic | Male | 55}",
 "nlq": "What is the average number for each Event and Gender, of Drowning, Fire, or Traffic accidents involving Female or Male casualties? Please, report the corresponding Event and Gender."},
{"name": "template 12",
 "sql": "SELECT Value FROM DBdata WHERE (Gender IN ('Female')) AND (Event IN ('Fire','Drowning')) ORDER BY VALUE DESC LIMIT 2",
 "sqlResult": "{74} || {34}",
 "nlq": "What are the largest 2 numbers of Drowning or Fire accidents involving Female casualties?"},
{"name": "template 13",
 "sql": "SELECT Value FROM DBdata WHERE (Gender IN ('Female')) AND (Event IN ('Fire','Drowning')) ORDER BY VALUE ASC",
 "sqlResult": "{34} || {74}",
 "nlq": "What are the numbers ordered by increasing values of Drowning or Fire accidents involving Female casualties?"},
{"name": "template 14",
 "sql": "SELECT Event FROM DBdata WHERE (Gender IN ('Male')) AND Value < 56.17",
 "sqlResult": "{Fire} || {Traffic}",
 "nlq": "What is the Event for which the number of accidents involving Male casualties is lower than 56.17?"},
{"name": "template 15",
 "sql": "SELECT Event,Value FROM DBdata WHERE (Gender IN ('Female')) AND (Event) IN (SELECT Event FROM DBdata WHERE (Gender IN ('Male')) AND Value < 56.17)",
 "sqlResult": "{Fire | 74} || {Traffic | 61}",
 "nlq": "What is the number of accidents involving Female casualties of Event for which the number of accidents involving Male casualties is lower than 56.17? Please, report the corresponding Event and number of accidents."}]
}
