{
"filename": "Number_of_accidents_set59_2_DB.csv",
"questions": [{"name": "template 1",
 "sql": "SELECT Value FROM DBdata WHERE (AA IN ('AAwz')) AND ((BB = 'BBbv' AND CC = 'CCfq'))",
 "sqlResult": "{27}",
 "nlq": "What is the number of CCfq BBbv accidents involving AAwz casualties?"},
{"name": "template 2",
 "sql": "SELECT Value FROM DBdata WHERE (AA IN ('AAwz')) AND ((BB = 'BBbq' AND CC = 'CCfq') OR (BB = 'BBbv' AND CC = 'CCfq'))",
 "sqlResult": "{68} || {27}",
 "nlq": "What is the number of CCfq BBbq or BBbv accidents involving AAwz casualties?"},
{"name": "template 3",
 "sql": "SELECT Value FROM DBdata WHERE (AA IN ('AAfl')) AND ((BB = 'BBbv' AND CC = 'CCfq'))",
 "sqlResult": "{28}",
 "nlq": "What is the number of CCfq BBbv accidents involving AAfl casualties?"},
{"name": "template 4",
 "sql": "SELECT sum(Value),max(Value) FROM DBdata WHERE (AA IN ('AAwz')) AND ((BB = 'BBbq' AND CC = 'CCfq'))",
 "sqlResult": "{68 | 68}",
 "nlq": "What are the total and maximum numbers of CCfq BBbq accidents involving AAwz casualties?"},
{"name": "template 5",
 "sql": "SELECT avg(Value) FROM DBdata WHERE (AA IN ('AAfl','AAwz')) AND ((BB = 'BBbv' AND CC = 'CCfq'))",
 "sqlResult": "{27.5}",
 "nlq": "What is the average number of CCfq BBbv accidents involving AAwz or AAfl casualties?"},
{"name": "template 6",
 "sql": "SELECT Value FROM DBdata WHERE (AA IN ('AAfl')) AND ((BB = 'BBbq' AND CC = 'CCfq') OR (BB = 'BBbv' AND CC = 'CCfq'))",
 "sqlResult": "{39} || {28}",
 "nlq": "What is the number of CCfq BBbq or BBbv accidents involving AAfl casualties?"},
{"name": "template 7",
 "sql": "SELECT avg(Value),sum(Value) FROM DBdata WHERE (AA IN ('AAwz')) AND ((BB = 'BBbq' AND CC = 'CCfq') OR (BB = 'BBbv' AND CC = 'CCfq'))",
 "sqlResult": "{47.5 | 95}",
 "nlq": "What are the average and total numbers of CCfq BBbq or BBbv accidents involving AAwz casualties?"},
{"name": "template 8",
 "sql": "SELECT AA,avg(Value),min(Value) FROM DBdata WHERE (AA IN ('AAfl','AAwz')) AND ((BB = 'BBbq' AND CC = 'CCfq') OR (BB = 'BBbv' AND CC = 'CCfq')) GROUP BY AA",
 "sqlResult": "{AAwz | 47.5 | 27} || {AAfl | 33.5 | 28}",
 "nlq": "What are the average and minimum numbers for each AA, of CCfq BBbq or BBbv accidents involving AAwz or AAfl casualties? Please, report the corresponding AA."},
{"name": "template 9",
 "sql": "SELECT min(Value) FROM DBdata WHERE (AA IN ('AAwz')) AND (BB IN ('BBbq','BBbv')) GROUP BY BB",
 "sqlResult": "{68} || {27}",
 "nlq": "What is the minimum number for each BB, of BBbq or BBbv accidents involving AAwz casualties?"},
{"name": "template 10",
 "sql": "SELECT BB,max(Value) FROM DBdata WHERE (AA IN ('AAfl')) AND (BB IN ('BBbq','BBbv')) GROUP BY BB",
 "sqlResult": "{BBbq | 39} || {BBbv | 28}",
 "nlq": "What is the maximum number for each BB, of BBbq or BBbv accidents involving AAfl casualties? Please, report the corresponding BB."},
{"name": "template 11",
 "sql": "SELECT BB,AA,max(Value) FROM DBdata WHERE (AA IN ('AAfl')) AND (BB IN ('BBbq','BBbv')) GROUP BY BB,AA",
 "sqlResult": "{BBbq | AAfl | 39} || {BBbv | AAfl | 28}",
 "nlq": "What is the maximum number for each BB and AA, of BBbq or BBbv accidents involving AAfl casualties? Please, report the corresponding BB and AA."},
{"name": "template 12",
 "sql": "SELECT Value FROM DBdata WHERE (AA IN ('AAwz')) AND (BB IN ('BBbq','BBbv')) ORDER BY VALUE DESC LIMIT 2",
 "sqlResult": "{68} || {27}",
 "nlq": "What are the largest 2 numbers of BBbq or BBbv accidents involving AAwz casualties?"},
{"name": "template 13",
 "sql": "SELECT Value FROM DBdata WHERE (AA IN ('AAfl')) AND (BB IN ('BBbq','BBbv')) ORDER BY VALUE DESC",
 "sqlResult": "{39} || {28}",
 "nlq": "What are the numbers ordered by decreasing values of BBbq or BBbv accidents involving AAfl casualties?"},
{"name": "template 14",
 "sql": "SELECT BB,CC FROM DBdata WHERE (AA IN ('AAwz')) AND Value > 40.5",
 "sqlResult": "{BBbq | CCfq}",
 "nlq": "What are the BB and CC for which the number of accidents involving AAwz casualties is greater than 40.5?"},
{"name": "template 15",
 "sql": "SELECT BB,CC,Value FROM DBdata WHERE (AA IN ('AAfl')) AND (BB,CC) IN (SELECT BB,CC FROM DBdata WHERE (AA IN ('AAwz')) AND Value > 40.5)",
 "sqlResult": "{BBbq | CCfq | 39}",
 "nlq": "What is the number of accidents involving AAfl casualties of BB and of CC for which the number of accidents involving AAwz casualties is greater than 40.5? Please, report the corresponding BB, CC, and number of accidents."}]
}

