{
"filename": "Number_of_accidents_set37_5_DB.csv",
"questions": [{"name": "template 1",
 "sql": "SELECT Value FROM DBdata WHERE (AA IN ('AAjr')) AND ((BB = 'BBry' AND CC = 'CCcw'))",
 "sqlResult": "{50}",
 "nlq": "What is the number of CCcw BBry accidents involving AAjr casualties?"},
{"name": "template 2",
 "sql": "SELECT Value FROM DBdata WHERE (AA IN ('AAgj')) AND ((BB = 'BBry' AND CC = 'CCcw') OR (BB = 'BBnq' AND CC = 'CCcw') OR (BB = 'BBcm' AND CC = 'CCcw') OR (BB = 'BBry' AND CC = 'CCfr') OR (BB = 'BBnq' AND CC = 'CCfr') OR (BB = 'BBcm' AND CC = 'CCfr') OR (BB = 'BBry' AND CC = 'CCjv') OR (BB = 'BBnq' AND CC = 'CCjv') OR (BB = 'BBcm' AND CC = 'CCjv'))",
 "sqlResult": "{68} || {92} || {11} || {12} || {83} || {17} || {29} || {48} || {60}",
 "nlq": "What is the number of CCjv, CCfr, or CCcw BBcm, BBry, or BBnq accidents involving AAgj casualties?"},
{"name": "template 3",
 "sql": "SELECT Value FROM DBdata WHERE (AA IN ('AAjr','AAgj')) AND ((BB = 'BBry' AND CC = 'CCfr'))",
 "sqlResult": "{53} || {12}",
 "nlq": "What is the number of CCfr BBry accidents involving AAgj or AAjr casualties?"},
{"name": "template 4",
 "sql": "SELECT max(Value),min(Value) FROM DBdata WHERE (AA IN ('AAjr','AAgj')) AND ((BB = 'BBcm' AND CC = 'CCjv'))",
 "sqlResult": "{60 | 21}",
 "nlq": "What are the maximum and minimum numbers of CCjv BBcm accidents involving AAgj or AAjr casualties?"},
{"name": "template 6",
 "sql": "SELECT Value FROM DBdata WHERE (AA IN ('AAgj')) AND ((BB = 'BBry' AND CC = 'CCcw') OR (BB = 'BBnq' AND CC = 'CCfr') OR (BB = 'BBcm' AND CC = 'CCjv'))",
 "sqlResult": "{68} || {83} || {60}",
 "nlq": "What is the number of CCjv BBcm, CCfr BBnq, or CCcw BBry accidents involving AAgj casualties?"},
{"name": "template 7",
 "sql": "SELECT sum(Value),avg(Value) FROM DBdata WHERE (AA IN ('AAgj')) AND ((BB = 'BBry' AND CC = 'CCfr') OR (BB = 'BBnq' AND CC = 'CCfr') OR (BB = 'BBry' AND CC = 'CCjv'))",
 "sqlResult": "{124 | 41.33}",
 "nlq": "What are the total and average numbers of CCjv or CCfr BBry or CCfr BBnq accidents involving AAgj casualties?"},
{"name": "template 8",
 "sql": "SELECT AA,max(Value),min(Value) FROM DBdata WHERE (AA IN ('AAjr','AAgj')) AND ((BB = 'BBry' AND CC = 'CCcw') OR (BB = 'BBnq' AND CC = 'CCcw') OR (BB = 'BBnq' AND CC = 'CCfr') OR (BB = 'BBry' AND CC = 'CCjv')) GROUP BY AA",
 "sqlResult": "{AAgj | 92 | 29} || {AAjr | 100 | 50}",
 "nlq": "What are the maximum and minimum numbers for each AA, of CCjv or CCcw BBry or CCfr or CCcw BBnq accidents involving AAgj or AAjr casualties? Please, report the corresponding AA."},
{"name": "template 9",
 "sql": "SELECT min(Value) FROM DBdata WHERE (AA IN ('AAjr')) AND (BB IN ('BBry','BBnq','BBcm')) GROUP BY BB",
 "sqlResult": "{21} || {50} || {58}",
 "nlq": "What is the minimum number for each BB, of BBcm, BBry, or BBnq accidents involving AAjr casualties?"},
{"name": "template 10",
 "sql": "SELECT BB,min(Value) FROM DBdata WHERE (AA IN ('AAgj')) AND (BB IN ('BBry','BBnq','BBcm')) GROUP BY BB",
 "sqlResult": "{BBcm | 11} || {BBry | 12} || {BBnq | 48}",
 "nlq": "What is the minimum number for each BB, of BBcm, BBry, or BBnq accidents involving AAgj casualties? Please, report the corresponding BB."},
{"name": "template 11",
 "sql": "SELECT BB,AA,sum(Value) FROM DBdata WHERE (AA IN ('AAjr')) AND (BB IN ('BBry','BBnq','BBcm')) GROUP BY BB,AA",
 "sqlResult": "{BBcm | AAjr | 137} || {BBry | AAjr | 174} || {BBnq | AAjr | 239}",
 "nlq": "What is the total number for each BB and AA, of BBcm, BBry, or BBnq accidents involving AAjr casualties? Please, report the corresponding BB and AA."},
{"name": "template 12",
 "sql": "SELECT Value FROM DBdata WHERE (AA IN ('AAgj')) AND (BB IN ('BBry','BBcm')) ORDER BY VALUE DESC LIMIT 5",
 "sqlResult": "{68} || {60} || {29} || {17} || {12}",
 "nlq": "What are the largest 5 numbers of BBcm or BBry accidents involving AAgj casualties?"},
{"name": "template 13",
 "sql": "SELECT Value FROM DBdata WHERE (AA IN ('AAjr')) AND (BB IN ('BBry','BBnq')) ORDER BY VALUE ASC",
 "sqlResult": "{50} || {53} || {58} || {71} || {81} || {100}",
 "nlq": "What are the numbers ordered by increasing values of BBry or BBnq accidents involving AAjr casualties?"},
{"name": "template 14",
 "sql": "SELECT BB,CC FROM DBdata WHERE (AA IN ('AAjr')) AND Value > 53.89",
 "sqlResult": "{BBnq | CCcw} || {BBnq | CCfr} || {BBcm | CCfr} || {BBry | CCjv} || {BBnq | CCjv}",
 "nlq": "What are the BB and CC for which the number of accidents involving AAjr casualties is greater than 53.89?"},
{"name": "template 15",
 "sql": "SELECT BB,CC,Value FROM DBdata WHERE (AA IN ('AAgj')) AND (BB,CC) IN (SELECT BB,CC FROM DBdata WHERE (AA IN ('AAjr')) AND Value > 53.89)",
 "sqlResult": "{BBnq | CCcw | 92} || {BBnq | CCfr | 83} || {BBcm | CCfr | 17} || {BBry | CCjv | 29} || {BBnq | CCjv | 48}",
 "nlq": "What is the number of accidents involving AAgj casualties of BB and of CC for which the number of accidents involving AAjr casualties is greater than 53.89? Please, report the corresponding BB, CC, and number of accidents."}]
}

