{
"filename": "Number_of_accidents_set38_2_DB.csv",
"questions": [{"name": "template 1",
 "sql": "SELECT Value FROM DBdata WHERE (AA IN ('AAbj')) AND ((BB = 'BBdh' AND CC = 'CCcz'))",
 "sqlResult": "{36}",
 "nlq": "What is the number of CCcz BBdh accidents involving AAbj casualties?"},
{"name": "template 2",
 "sql": "SELECT Value FROM DBdata WHERE (AA IN ('AAfz')) AND ((BB = 'BBjv' AND CC = 'CCcz') OR (BB = 'BBdh' AND CC = 'CCcz') OR (BB = 'BBvz' AND CC = 'CCgt') OR (BB = 'BBjv' AND CC = 'CCgt') OR (BB = 'BBdh' AND CC = 'CCgt'))",
 "sqlResult": "{93} || {63} || {87} || {59} || {38}",
 "nlq": "What is the number of CCgt BBvz or CCgt or CCcz BBdh or BBjv accidents involving AAfz casualties?"},
{"name": "template 3",
 "sql": "SELECT Value FROM DBdata WHERE (AA IN ('AAbj')) AND ((BB = 'BBvz' AND CC = 'CCcz'))",
 "sqlResult": "{76}",
 "nlq": "What is the number of CCcz BBvz accidents involving AAbj casualties?"},
{"name": "template 4",
 "sql": "SELECT min(Value),sum(Value) FROM DBdata WHERE (AA IN ('AAbj')) AND ((BB = 'BBjv' AND CC = 'CCgt'))",
 "sqlResult": "{46 | 46}",
 "nlq": "What are the minimum and total numbers of CCgt BBjv accidents involving AAbj casualties?"},
{"name": "template 6",
 "sql": "SELECT Value FROM DBdata WHERE (AA IN ('AAbj','AAfz')) AND ((BB = 'BBvz' AND CC = 'CCcz') OR (BB = 'BBjv' AND CC = 'CCgt'))",
 "sqlResult": "{76} || {49} || {46} || {59}",
 "nlq": "What is the number of CCgt BBjv or CCcz BBvz accidents involving AAfz or AAbj casualties?"},
{"name": "template 7",
 "sql": "SELECT avg(Value),max(Value) FROM DBdata WHERE (AA IN ('AAfz')) AND ((BB = 'BBvz' AND CC = 'CCcz') OR (BB = 'BBjv' AND CC = 'CCcz') OR (BB = 'BBvz' AND CC = 'CCgt'))",
 "sqlResult": "{76.33 | 93}",
 "nlq": "What are the average and maximum numbers of CCgt or CCcz BBvz or CCcz BBjv accidents involving AAfz casualties?"},
{"name": "template 8",
 "sql": "SELECT AA,sum(Value),min(Value) FROM DBdata WHERE (AA IN ('AAfz')) AND ((BB = 'BBvz' AND CC = 'CCcz') OR (BB = 'BBjv' AND CC = 'CCcz') OR (BB = 'BBvz' AND CC = 'CCgt') OR (BB = 'BBjv' AND CC = 'CCgt')) GROUP BY AA",
 "sqlResult": "{AAfz | 288 | 49}",
 "nlq": "What are the total and minimum numbers for each AA, of CCgt or CCcz BBvz or BBjv accidents involving AAfz casualties? Please, report the corresponding AA."},
{"name": "template 9",
 "sql": "SELECT min(Value) FROM DBdata WHERE (AA IN ('AAfz')) AND (BB IN ('BBvz','BBjv','BBdh')) GROUP BY BB",
 "sqlResult": "{38} || {49} || {59}",
 "nlq": "What is the minimum number for each BB, of BBdh, BBvz, or BBjv accidents involving AAfz casualties?"},
{"name": "template 10",
 "sql": "SELECT BB,max(Value) FROM DBdata WHERE (AA IN ('AAbj')) AND (BB IN ('BBvz','BBjv','BBdh')) GROUP BY BB",
 "sqlResult": "{BBdh | 80} || {BBvz | 76} || {BBjv | 46}",
 "nlq": "What is the maximum number for each BB, of BBdh, BBvz, or BBjv accidents involving AAbj casualties? Please, report the corresponding BB."},
{"name": "template 11",
 "sql": "SELECT BB,AA,avg(Value) FROM DBdata WHERE (AA IN ('AAbj')) AND (BB IN ('BBvz','BBjv','BBdh')) GROUP BY BB,AA",
 "sqlResult": "{BBdh | AAbj | 58} || {BBvz | AAbj | 65.5} || {BBjv | AAbj | 31.5}",
 "nlq": "What is the average number for each BB and AA, of BBdh, BBvz, or BBjv accidents involving AAbj casualties? Please, report the corresponding BB and AA."},
{"name": "template 12",
 "sql": "SELECT Value FROM DBdata WHERE (AA IN ('AAfz')) AND (BB IN ('BBjv','BBdh')) ORDER BY VALUE DESC LIMIT 3",
 "sqlResult": "{93} || {63} || {59}",
 "nlq": "What are the largest 3 numbers of BBdh or BBjv accidents involving AAfz casualties?"},
{"name": "template 13",
 "sql": "SELECT Value FROM DBdata WHERE (AA IN ('AAfz')) AND (BB IN ('BBvz','BBjv')) ORDER BY VALUE ASC",
 "sqlResult": "{49} || {59} || {87} || {93}",
 "nlq": "What are the numbers ordered by increasing values of BBvz or BBjv accidents involving AAfz casualties?"},
{"name": "template 14",
 "sql": "SELECT BB,CC FROM DBdata WHERE (AA IN ('AAbj')) AND Value > 58.25",
 "sqlResult": "{BBvz | CCcz} || {BBdh | CCgt}",
 "nlq": "What are the BB and CC for which the number of accidents involving AAbj casualties is greater than 58.25?"},
{"name": "template 15",
 "sql": "SELECT BB,CC,Value FROM DBdata WHERE (AA IN ('AAfz')) AND (BB,CC) IN (SELECT BB,CC FROM DBdata WHERE (AA IN ('AAbj')) AND Value > 58.25)",
 "sqlResult": "{BBvz | CCcz | 49} || {BBdh | CCgt | 38}",
 "nlq": "What is the number of accidents involving AAfz casualties of BB and of CC for which the number of accidents involving AAbj casualties is greater than 58.25? Please, report the corresponding BB, CC, and number of accidents."}]
}

