{
"filename": "Number_of_accidents_set41_5_DB.csv",
"questions": [{"name": "template 1",
 "sql": "SELECT Value FROM DBdata WHERE (Gender IN ('Male')) AND ((Event = 'Fire' AND Severity = 'Slight'))",
 "sqlResult": "{25}",
 "nlq": "What is the number of Slight Fire accidents involving Male casualties?"},
{"name": "template 2",
 "sql": "SELECT Value FROM DBdata WHERE (Gender IN ('Male')) AND ((Event = 'Fire' AND Severity = 'Slight') OR (Event = 'Traffic' AND Severity = 'Slight') OR (Event = 'Fire' AND Severity = 'Serious') OR (Event = 'Traffic' AND Severity = 'Serious'))",
 "sqlResult": "{25} || {50} || {80} || {34}",
 "nlq": "What is the number of Serious or Slight Fire or Traffic accidents involving Male casualties?"},
{"name": "template 3",
 "sql": "SELECT Value FROM DBdata WHERE (Gender IN ('Male')) AND ((Event = 'Traffic' AND Severity = 'Fatal'))",
 "sqlResult": "{22}",
 "nlq": "What is the number of Fatal Traffic accidents involving Male casualties?"},
{"name": "template 4",
 "sql": "SELECT min(Value),max(Value) FROM DBdata WHERE (Gender IN ('Female')) AND ((Event = 'Fire' AND Severity = 'Serious'))",
 "sqlResult": "{48 | 48}",
 "nlq": "What are the minimum and maximum numbers of Serious Fire accidents involving Female casualties?"},
{"name": "template 6",
 "sql": "SELECT Value FROM DBdata WHERE (Gender IN ('Male','Female')) AND ((Event = 'Fire' AND Severity = 'Serious') OR (Event = 'Fire' AND Severity = 'Fatal'))",
 "sqlResult": "{80} || {48} || {85} || {77}",
 "nlq": "What is the number of Fatal or Serious Fire accidents involving Female or Male casualties?"},
{"name": "template 7",
 "sql": "SELECT avg(Value),max(Value) FROM DBdata WHERE (Gender IN ('Female')) AND ((Event = 'Fire' AND Severity = 'Slight') OR (Event = 'Fire' AND Severity = 'Serious') OR (Event = 'Traffic' AND Severity = 'Serious') OR (Event = 'Fire' AND Severity = 'Fatal') OR (Event = 'Traffic' AND Severity = 'Fatal'))",
 "sqlResult": "{51.6 | 88}",
 "nlq": "What are the average and maximum numbers of Fatal or Serious Traffic or Fatal, Serious, or Slight Fire accidents involving Female casualties?"},
{"name": "template 8",
 "sql": "SELECT Gender,sum(Value),min(Value) FROM DBdata WHERE (Gender IN ('Male','Female')) AND ((Event = 'Fire' AND Severity = 'Slight') OR (Event = 'Fire' AND Severity = 'Serious') OR (Event = 'Traffic' AND Severity = 'Serious') OR (Event = 'Fire' AND Severity = 'Fatal') OR (Event = 'Traffic' AND Severity = 'Fatal')) GROUP BY Gender",
 "sqlResult": "{Female | 258 | 12} || {Male | 246 | 22}",
 "nlq": "What are the total and minimum numbers for each Gender, of Fatal or Serious Traffic or Fatal, Serious, or Slight Fire accidents involving Female or Male casualties? Please, report the corresponding Gender."},
{"name": "template 9",
 "sql": "SELECT min(Value) FROM DBdata WHERE (Gender IN ('Female')) AND (Event IN ('Fire','Traffic')) GROUP BY Event",
 "sqlResult": "{48} || {12}",
 "nlq": "What is the minimum number for each Event, of Fire or Traffic accidents involving Female casualties?"},
{"name": "template 10",
 "sql": "SELECT Event,avg(Value) FROM DBdata WHERE (Gender IN ('Female')) AND (Event IN ('Fire','Traffic')) GROUP BY Event",
 "sqlResult": "{Fire | 71} || {Traffic | 48.33}",
 "nlq": "What is the average number for each Event, of Fire or Traffic accidents involving Female casualties? Please, report the corresponding Event."},
{"name": "template 11",
 "sql": "SELECT Event,Gender,sum(Value) FROM DBdata WHERE (Gender IN ('Female')) AND (Event IN ('Fire','Traffic')) GROUP BY Event,Gender",
 "sqlResult": "{Fire | Female | 213} || {Traffic | Female | 145}",
 "nlq": "What is the total number for each Event and Gender, of Fire or Traffic accidents involving Female casualties? Please, report the corresponding Event and Gender."},
{"name": "template 12",
 "sql": "SELECT Value FROM DBdata WHERE (Gender IN ('Female')) AND (Event IN ('Fire','Traffic')) ORDER BY VALUE DESC LIMIT 2",
 "sqlResult": "{100} || {88}",
 "nlq": "What are the largest 2 numbers of Fire or Traffic accidents involving Female casualties?"},
{"name": "template 13",
 "sql": "SELECT Value FROM DBdata WHERE (Gender IN ('Female')) AND (Event IN ('Fire','Traffic')) ORDER BY VALUE ASC",
 "sqlResult": "{12} || {33} || {48} || {77} || {88} || {100}",
 "nlq": "What are the numbers ordered by increasing values of Fire or Traffic accidents involving Female casualties?"},
{"name": "template 14",
 "sql": "SELECT Event,Severity FROM DBdata WHERE (Gender IN ('Male')) AND Value > 54.5",
 "sqlResult": "{Fire | Serious} || {Fire | Fatal}",
 "nlq": "What are the Event and Severity for which the number of accidents involving Male casualties is greater than 54.5?"},
{"name": "template 15",
 "sql": "SELECT Event,Severity,Value FROM DBdata WHERE (Gender IN ('Female')) AND (Event,Severity) IN (SELECT Event,Severity FROM DBdata WHERE (Gender IN ('Male')) AND Value > 54.5)",
 "sqlResult": "{Fire | Serious | 48} || {Fire | Fatal | 77}",
 "nlq": "What is the number of accidents involving Female casualties of Event and of Severity for which the number of accidents involving Male casualties is greater than 54.5? Please, report the corresponding Event, Severity, and number of accidents."}]
}
