{
"filename": "Number_of_accidents_set41_5_DB.csv",
"questions": [{"name": "template 1",
 "sql": "SELECT Value FROM DBdata WHERE (AA IN ('AAkp')) AND ((BB = 'BBfj' AND CC = 'CCmv'))",
 "sqlResult": "{25}",
 "nlq": "What is the number of CCmv BBfj accidents involving AAkp casualties?"},
{"name": "template 2",
 "sql": "SELECT Value FROM DBdata WHERE (AA IN ('AAkp')) AND ((BB = 'BBfj' AND CC = 'CCmv') OR (BB = 'BBdv' AND CC = 'CCmv') OR (BB = 'BBfj' AND CC = 'CCnz') OR (BB = 'BBdv' AND CC = 'CCnz'))",
 "sqlResult": "{25} || {50} || {80} || {34}",
 "nlq": "What is the number of CCnz or CCmv BBfj or BBdv accidents involving AAkp casualties?"},
{"name": "template 3",
 "sql": "SELECT Value FROM DBdata WHERE (AA IN ('AAkp')) AND ((BB = 'BBdv' AND CC = 'CCjp'))",
 "sqlResult": "{22}",
 "nlq": "What is the number of CCjp BBdv accidents involving AAkp casualties?"},
{"name": "template 4",
 "sql": "SELECT min(Value),max(Value) FROM DBdata WHERE (AA IN ('AAgn')) AND ((BB = 'BBfj' AND CC = 'CCnz'))",
 "sqlResult": "{48 | 48}",
 "nlq": "What are the minimum and maximum numbers of CCnz BBfj accidents involving AAgn casualties?"},
{"name": "template 6",
 "sql": "SELECT Value FROM DBdata WHERE (AA IN ('AAkp','AAgn')) AND ((BB = 'BBfj' AND CC = 'CCnz') OR (BB = 'BBfj' AND CC = 'CCjp'))",
 "sqlResult": "{80} || {48} || {85} || {77}",
 "nlq": "What is the number of CCjp or CCnz BBfj accidents involving AAgn or AAkp casualties?"},
{"name": "template 7",
 "sql": "SELECT avg(Value),max(Value) FROM DBdata WHERE (AA IN ('AAgn')) AND ((BB = 'BBfj' AND CC = 'CCmv') OR (BB = 'BBfj' AND CC = 'CCnz') OR (BB = 'BBdv' AND CC = 'CCnz') OR (BB = 'BBfj' AND CC = 'CCjp') OR (BB = 'BBdv' AND CC = 'CCjp'))",
 "sqlResult": "{51.6 | 88}",
 "nlq": "What are the average and maximum numbers of CCjp or CCnz BBdv or CCjp, CCnz, or CCmv BBfj accidents involving AAgn casualties?"},
{"name": "template 8",
 "sql": "SELECT AA,sum(Value),min(Value) FROM DBdata WHERE (AA IN ('AAkp','AAgn')) AND ((BB = 'BBfj' AND CC = 'CCmv') OR (BB = 'BBfj' AND CC = 'CCnz') OR (BB = 'BBdv' AND CC = 'CCnz') OR (BB = 'BBfj' AND CC = 'CCjp') OR (BB = 'BBdv' AND CC = 'CCjp')) GROUP BY AA",
 "sqlResult": "{AAgn | 258 | 12} || {AAkp | 246 | 22}",
 "nlq": "What are the total and minimum numbers for each AA, of CCjp or CCnz BBdv or CCjp, CCnz, or CCmv BBfj accidents involving AAgn or AAkp casualties? Please, report the corresponding AA."},
{"name": "template 9",
 "sql": "SELECT min(Value) FROM DBdata WHERE (AA IN ('AAgn')) AND (BB IN ('BBfj','BBdv')) GROUP BY BB",
 "sqlResult": "{48} || {12}",
 "nlq": "What is the minimum number for each BB, of BBfj or BBdv accidents involving AAgn casualties?"},
{"name": "template 10",
 "sql": "SELECT BB,avg(Value) FROM DBdata WHERE (AA IN ('AAgn')) AND (BB IN ('BBfj','BBdv')) GROUP BY BB",
 "sqlResult": "{BBfj | 71} || {BBdv | 48.33}",
 "nlq": "What is the average number for each BB, of BBfj or BBdv accidents involving AAgn casualties? Please, report the corresponding BB."},
{"name": "template 11",
 "sql": "SELECT BB,AA,sum(Value) FROM DBdata WHERE (AA IN ('AAgn')) AND (BB IN ('BBfj','BBdv')) GROUP BY BB,AA",
 "sqlResult": "{BBfj | AAgn | 213} || {BBdv | AAgn | 145}",
 "nlq": "What is the total number for each BB and AA, of BBfj or BBdv accidents involving AAgn casualties? Please, report the corresponding BB and AA."},
{"name": "template 12",
 "sql": "SELECT Value FROM DBdata WHERE (AA IN ('AAgn')) AND (BB IN ('BBfj','BBdv')) ORDER BY VALUE DESC LIMIT 2",
 "sqlResult": "{100} || {88}",
 "nlq": "What are the largest 2 numbers of BBfj or BBdv accidents involving AAgn casualties?"},
{"name": "template 13",
 "sql": "SELECT Value FROM DBdata WHERE (AA IN ('AAgn')) AND (BB IN ('BBfj','BBdv')) ORDER BY VALUE ASC",
 "sqlResult": "{12} || {33} || {48} || {77} || {88} || {100}",
 "nlq": "What are the numbers ordered by increasing values of BBfj or BBdv accidents involving AAgn casualties?"},
{"name": "template 14",
 "sql": "SELECT BB,CC FROM DBdata WHERE (AA IN ('AAkp')) AND Value > 54.5",
 "sqlResult": "{BBfj | CCnz} || {BBfj | CCjp}",
 "nlq": "What are the BB and CC for which the number of accidents involving AAkp casualties is greater than 54.5?"},
{"name": "template 15",
 "sql": "SELECT BB,CC,Value FROM DBdata WHERE (AA IN ('AAgn')) AND (BB,CC) IN (SELECT BB,CC FROM DBdata WHERE (AA IN ('AAkp')) AND Value > 54.5)",
 "sqlResult": "{BBfj | CCnz | 48} || {BBfj | CCjp | 77}",
 "nlq": "What is the number of accidents involving AAgn casualties of BB and of CC for which the number of accidents involving AAkp casualties is greater than 54.5? Please, report the corresponding BB, CC, and number of accidents."}]
}

