{
"filename": "Number_of_accidents_set39_1_DB.csv",
"questions": [{"name": "template 1",
 "sql": "SELECT Value FROM DBdata WHERE (AA IN ('AAlt')) AND ((BB = 'BBjt' AND CC = 'CCpv'))",
 "sqlResult": "{94}",
 "nlq": "What is the number of CCpv BBjt accidents involving AAlt casualties?"},
{"name": "template 2",
 "sql": "SELECT Value FROM DBdata WHERE (AA IN ('AAlt')) AND ((BB = 'BBjt' AND CC = 'CCbs') OR (BB = 'BBjw' AND CC = 'CCpv'))",
 "sqlResult": "{17} || {65}",
 "nlq": "What is the number of CCpv BBjw or CCbs BBjt accidents involving AAlt casualties?"},
{"name": "template 3",
 "sql": "SELECT Value FROM DBdata WHERE (AA IN ('AAgp','AAlt')) AND ((BB = 'BBjt' AND CC = 'CCbs'))",
 "sqlResult": "{27} || {17}",
 "nlq": "What is the number of CCbs BBjt accidents involving AAlt or AAgp casualties?"},
{"name": "template 4",
 "sql": "SELECT sum(Value),max(Value) FROM DBdata WHERE (AA IN ('AAgp','AAlt')) AND ((BB = 'BBpz' AND CC = 'CCpv'))",
 "sqlResult": "{110 | 100}",
 "nlq": "What are the total and maximum numbers of CCpv BBpz accidents involving AAlt or AAgp casualties?"},
{"name": "template 6",
 "sql": "SELECT Value FROM DBdata WHERE (AA IN ('AAgp','AAlt')) AND ((BB = 'BBpz' AND CC = 'CCbs') OR (BB = 'BBjw' AND CC = 'CCbs') OR (BB = 'BBjt' AND CC = 'CCpv') OR (BB = 'BBjw' AND CC = 'CCpv'))",
 "sqlResult": "{36} || {39} || {86} || {91} || {68} || {94} || {25} || {65}",
 "nlq": "What is the number of CCpv BBjw or BBjt or CCbs BBjw or BBpz accidents involving AAlt or AAgp casualties?"},
{"name": "template 7",
 "sql": "SELECT max(Value),min(Value) FROM DBdata WHERE (AA IN ('AAlt')) AND ((BB = 'BBpz' AND CC = 'CCbs') OR (BB = 'BBjw' AND CC = 'CCbs') OR (BB = 'BBjt' AND CC = 'CCpv') OR (BB = 'BBpz' AND CC = 'CCpv'))",
 "sqlResult": "{100 | 39}",
 "nlq": "What are the maximum and minimum numbers of CCpv BBjt, CCpv or CCbs BBpz, or CCbs BBjw accidents involving AAlt casualties?"},
{"name": "template 8",
 "sql": "SELECT AA,max(Value),sum(Value) FROM DBdata WHERE (AA IN ('AAlt')) AND ((BB = 'BBpz' AND CC = 'CCbs') OR (BB = 'BBjw' AND CC = 'CCpv')) GROUP BY AA",
 "sqlResult": "{AAlt | 65 | 104}",
 "nlq": "What are the maximum and total numbers for each AA, of CCpv BBjw or CCbs BBpz accidents involving AAlt casualties? Please, report the corresponding AA."},
{"name": "template 9",
 "sql": "SELECT min(Value) FROM DBdata WHERE (AA IN ('AAlt')) AND (BB IN ('BBjt','BBpz','BBjw')) GROUP BY BB",
 "sqlResult": "{65} || {17} || {39}",
 "nlq": "What is the minimum number for each BB, of BBjw, BBjt, or BBpz accidents involving AAlt casualties?"},
{"name": "template 10",
 "sql": "SELECT BB,avg(Value) FROM DBdata WHERE (AA IN ('AAgp')) AND (BB IN ('BBjt','BBpz','BBjw')) GROUP BY BB",
 "sqlResult": "{BBjw | 55.5} || {BBjt | 47.5} || {BBpz | 23}",
 "nlq": "What is the average number for each BB, of BBjw, BBjt, or BBpz accidents involving AAgp casualties? Please, report the corresponding BB."},
{"name": "template 11",
 "sql": "SELECT BB,AA,sum(Value) FROM DBdata WHERE (AA IN ('AAgp','AAlt')) AND (BB IN ('BBjt','BBpz','BBjw')) GROUP BY BB,AA",
 "sqlResult": "{BBjw | AAlt | 156} || {BBjw | AAgp | 111} || {BBjt | AAlt | 111} || {BBjt | AAgp | 95} || {BBpz | AAlt | 139} || {BBpz | AAgp | 46}",
 "nlq": "What is the total number for each BB and AA, of BBjw, BBjt, or BBpz accidents involving AAlt or AAgp casualties? Please, report the corresponding BB and AA."},
{"name": "template 12",
 "sql": "SELECT Value FROM DBdata WHERE (AA IN ('AAgp')) AND (BB IN ('BBjt','BBjw')) ORDER BY VALUE ASC LIMIT 3",
 "sqlResult": "{25} || {27} || {68}",
 "nlq": "What are the smallest 3 numbers of BBjw or BBjt accidents involving AAgp casualties?"},
{"name": "template 13",
 "sql": "SELECT Value FROM DBdata WHERE (AA IN ('AAlt')) AND (BB IN ('BBjt','BBjw')) ORDER BY VALUE DESC",
 "sqlResult": "{94} || {91} || {65} || {17}",
 "nlq": "What are the numbers ordered by decreasing values of BBjw or BBjt accidents involving AAlt casualties?"},
{"name": "template 14",
 "sql": "SELECT BB,CC FROM DBdata WHERE (AA IN ('AAgp')) AND Value > 54.83",
 "sqlResult": "{BBjw | CCbs} || {BBjt | CCpv}",
 "nlq": "What are the BB and CC for which the number of accidents involving AAgp casualties is greater than 54.83?"},
{"name": "template 15",
 "sql": "SELECT BB,CC,Value FROM DBdata WHERE (AA IN ('AAlt')) AND (BB,CC) IN (SELECT BB,CC FROM DBdata WHERE (AA IN ('AAgp')) AND Value > 54.83)",
 "sqlResult": "{BBjw | CCbs | 91} || {BBjt | CCpv | 94}",
 "nlq": "What is the number of accidents involving AAlt casualties of BB and of CC for which the number of accidents involving AAgp casualties is greater than 54.83? Please, report the corresponding BB, CC, and number of accidents."}]
}

