{
"filename": "Number_of_accidents_set38_5_DB.csv",
"questions": [{"name": "template 1",
 "sql": "SELECT Value FROM DBdata WHERE (AA IN ('AArx')) AND ((CC = 'CCnt' AND BB = 'BBlv'))",
 "sqlResult": "{12}",
 "nlq": "What is the number of CCnt BBlv accidents involving AArx casualties?"},
{"name": "template 2",
 "sql": "SELECT Value FROM DBdata WHERE (AA IN ('AAnx')) AND ((CC = 'CClz' AND BB = 'BBdl') OR (CC = 'CClz' AND BB = 'BBlv') OR (CC = 'CCnt' AND BB = 'BBdl'))",
 "sqlResult": "{84} || {33} || {60}",
 "nlq": "What is the number of CCnt or CClz BBdl or CClz BBlv accidents involving AAnx casualties?"},
{"name": "template 3",
 "sql": "SELECT Value FROM DBdata WHERE (AA IN ('AArx','AAnx')) AND ((CC = 'CCnt' AND BB = 'BBvw'))",
 "sqlResult": "{62} || {23}",
 "nlq": "What is the number of CCnt BBvw accidents involving AAnx or AArx casualties?"},
{"name": "template 4",
 "sql": "SELECT max(Value),min(Value) FROM DBdata WHERE (AA IN ('AArx')) AND ((CC = 'CCnt' AND BB = 'BBlv'))",
 "sqlResult": "{12 | 12}",
 "nlq": "What are the maximum and minimum numbers of CCnt BBlv accidents involving AArx casualties?"},
{"name": "template 6",
 "sql": "SELECT Value FROM DBdata WHERE (AA IN ('AArx','AAnx')) AND ((CC = 'CClz' AND BB = 'BBlv') OR (CC = 'CCnt' AND BB = 'BBvw') OR (CC = 'CCnt' AND BB = 'BBdl') OR (CC = 'CCnt' AND BB = 'BBlv'))",
 "sqlResult": "{27} || {33} || {62} || {23} || {73} || {60} || {12} || {76}",
 "nlq": "What is the number of CCnt BBvw or BBdl or CCnt or CClz BBlv accidents involving AAnx or AArx casualties?"},
{"name": "template 7",
 "sql": "SELECT avg(Value),max(Value) FROM DBdata WHERE (AA IN ('AAnx')) AND ((CC = 'CClz' AND BB = 'BBlv') OR (CC = 'CCnt' AND BB = 'BBvw') OR (CC = 'CCnt' AND BB = 'BBdl'))",
 "sqlResult": "{38.67 | 60}",
 "nlq": "What are the average and maximum numbers of CCnt BBvw or BBdl or CClz BBlv accidents involving AAnx casualties?"},
{"name": "template 8",
 "sql": "SELECT AA,min(Value),avg(Value) FROM DBdata WHERE (AA IN ('AAnx')) AND ((CC = 'CClz' AND BB = 'BBlv') OR (CC = 'CCnt' AND BB = 'BBdl')) GROUP BY AA",
 "sqlResult": "{AAnx | 33 | 46.5}",
 "nlq": "What are the minimum and average numbers for each AA, of CCnt BBdl or CClz BBlv accidents involving AAnx casualties? Please, report the corresponding AA."},
{"name": "template 9",
 "sql": "SELECT min(Value) FROM DBdata WHERE (AA IN ('AArx')) AND (CC IN ('CClz','CCnt')) GROUP BY CC",
 "sqlResult": "{12} || {21}",
 "nlq": "What is the minimum number for each CC, of CCnt or CClz accidents involving AArx casualties?"},
{"name": "template 10",
 "sql": "SELECT CC,min(Value) FROM DBdata WHERE (AA IN ('AAnx')) AND (CC IN ('CClz','CCnt')) GROUP BY CC",
 "sqlResult": "{CCnt | 23} || {CClz | 16}",
 "nlq": "What is the minimum number for each CC, of CCnt or CClz accidents involving AAnx casualties? Please, report the corresponding CC."},
{"name": "template 11",
 "sql": "SELECT CC,AA,max(Value) FROM DBdata WHERE (AA IN ('AArx','AAnx')) AND (CC IN ('CClz','CCnt')) GROUP BY CC,AA",
 "sqlResult": "{CCnt | AAnx | 76} || {CCnt | AArx | 73} || {CClz | AAnx | 84} || {CClz | AArx | 27}",
 "nlq": "What is the maximum number for each CC and AA, of CCnt or CClz accidents involving AAnx or AArx casualties? Please, report the corresponding CC and AA."},
{"name": "template 12",
 "sql": "SELECT Value FROM DBdata WHERE (AA IN ('AAnx')) AND (CC IN ('CClz','CCnt')) ORDER BY VALUE DESC LIMIT 5",
 "sqlResult": "{84} || {76} || {60} || {33} || {23}",
 "nlq": "What are the largest 5 numbers of CCnt or CClz accidents involving AAnx casualties?"},
{"name": "template 13",
 "sql": "SELECT Value FROM DBdata WHERE (AA IN ('AAnx')) AND (CC IN ('CClz','CCnt')) ORDER BY VALUE DESC",
 "sqlResult": "{84} || {76} || {60} || {33} || {23} || {16}",
 "nlq": "What are the numbers ordered by decreasing values of CCnt or CClz accidents involving AAnx casualties?"},
{"name": "template 14",
 "sql": "SELECT CC,BB FROM DBdata WHERE (AA IN ('AArx')) AND Value < 42.42",
 "sqlResult": "{CClz | BBvw} || {CClz | BBdl} || {CClz | BBlv} || {CCnt | BBlv}",
 "nlq": "What are the CC and BB for which the number of accidents involving AArx casualties is lower than 42.42?"},
{"name": "template 15",
 "sql": "SELECT CC,BB,Value FROM DBdata WHERE (AA IN ('AAnx')) AND (CC,BB) IN (SELECT CC,BB FROM DBdata WHERE (AA IN ('AArx')) AND Value < 42.42)",
 "sqlResult": "{CClz | BBvw | 16} || {CClz | BBdl | 84} || {CClz | BBlv | 33} || {CCnt | BBlv | 76}",
 "nlq": "What is the number of accidents involving AAnx casualties of CC and of BB for which the number of accidents involving AArx casualties is lower than 42.42? Please, report the corresponding CC, BB, and number of accidents."}]
}

