{
"filename": "Number_of_accidents_set56_4_DB.csv",
"questions": [{"name": "template 1",
 "sql": "SELECT Value FROM DBdata WHERE (Gender IN ('Female')) AND ((Event = 'Fire' AND Severity = 'Fatal'))",
 "sqlResult": "{98}",
 "nlq": "What is the number of Fatal Fire accidents involving Female casualties?"},
{"name": "template 2",
 "sql": "SELECT Value FROM DBdata WHERE (Gender IN ('Female')) AND ((Event = 'Fire' AND Severity = 'Fatal') OR (Event = 'Traffic' AND Severity = 'Fatal'))",
 "sqlResult": "{98} || {67}",
 "nlq": "What is the number of Fatal Fire or Traffic accidents involving Female casualties?"},
{"name": "template 3",
 "sql": "SELECT Value FROM DBdata WHERE (Gender IN ('Female')) AND ((Event = 'Fire' AND Severity = 'Fatal'))",
 "sqlResult": "{98}",
 "nlq": "What is the number of Fatal Fire accidents involving Female casualties?"},
{"name": "template 4",
 "sql": "SELECT max(Value),sum(Value) FROM DBdata WHERE (Gender IN ('Female')) AND ((Event = 'Traffic' AND Severity = 'Fatal'))",
 "sqlResult": "{67 | 67}",
 "nlq": "What are the maximum and total numbers of Fatal Traffic accidents involving Female casualties?"},
{"name": "template 5",
 "sql": "SELECT avg(Value) FROM DBdata WHERE (Gender IN ('Male','Female')) AND ((Event = 'Fire' AND Severity = 'Fatal'))",
 "sqlResult": "{90.5}",
 "nlq": "What is the average number of Fatal Fire accidents involving Female or Male casualties?"},
{"name": "template 6",
 "sql": "SELECT Value FROM DBdata WHERE (Gender IN ('Male','Female')) AND ((Event = 'Fire' AND Severity = 'Fatal') OR (Event = 'Drowning' AND Severity = 'Fatal'))",
 "sqlResult": "{83} || {98} || {87} || {88}",
 "nlq": "What is the number of Fatal Drowning or Fire accidents involving Female or Male casualties?"},
{"name": "template 7",
 "sql": "SELECT min(Value),max(Value) FROM DBdata WHERE (Gender IN ('Female')) AND ((Event = 'Fire' AND Severity = 'Fatal') OR (Event = 'Traffic' AND Severity = 'Fatal') OR (Event = 'Drowning' AND Severity = 'Fatal'))",
 "sqlResult": "{67 | 98}",
 "nlq": "What are the minimum and maximum numbers of Fatal Drowning, Fire, or Traffic accidents involving Female casualties?"},
{"name": "template 8",
 "sql": "SELECT Gender,sum(Value),avg(Value) FROM DBdata WHERE (Gender IN ('Male','Female')) AND ((Event = 'Fire' AND Severity = 'Fatal') OR (Event = 'Drowning' AND Severity = 'Fatal')) GROUP BY Gender",
 "sqlResult": "{Female | 186 | 93} || {Male | 170 | 85}",
 "nlq": "What are the total and average numbers for each Gender, of Fatal Drowning or Fire accidents involving Female or Male casualties? Please, report the corresponding Gender."},
{"name": "template 9",
 "sql": "SELECT min(Value) FROM DBdata WHERE (Gender IN ('Female')) AND (Event IN ('Fire','Traffic','Drowning')) GROUP BY Event",
 "sqlResult": "{88} || {98} || {67}",
 "nlq": "What is the minimum number for each Event, of Drowning, Fire, or Traffic accidents involving Female casualties?"},
{"name": "template 10",
 "sql": "SELECT Event,max(Value) FROM DBdata WHERE (Gender IN ('Male')) AND (Event IN ('Fire','Traffic','Drowning')) GROUP BY Event",
 "sqlResult": "{Drowning | 87} || {Fire | 83} || {Traffic | 35}",
 "nlq": "What is the maximum number for each Event, of Drowning, Fire, or Traffic accidents involving Male casualties? Please, report the corresponding Event."},
{"name": "template 11",
 "sql": "SELECT Event,Gender,avg(Value) FROM DBdata WHERE (Gender IN ('Male','Female')) AND (Event IN ('Fire','Traffic','Drowning')) GROUP BY Event,Gender",
 "sqlResult": "{Drowning | Female | 88} || {Drowning | Male | 87} || {Fire | Female | 98} || {Fire | Male | 83} || {Traffic | Female | 67} || {Traffic | Male | 35}",
 "nlq": "What is the average number for each Event and Gender, of Drowning, Fire, or Traffic accidents involving Female or Male casualties? Please, report the corresponding Event and Gender."},
{"name": "template 12",
 "sql": "SELECT Value FROM DBdata WHERE (Gender IN ('Female')) AND (Event IN ('Traffic','Drowning')) ORDER BY VALUE ASC LIMIT 2",
 "sqlResult": "{67} || {88}",
 "nlq": "What are the smallest 2 numbers of Drowning or Traffic accidents involving Female casualties?"},
{"name": "template 13",
 "sql": "SELECT Value FROM DBdata WHERE (Gender IN ('Male')) AND (Event IN ('Traffic','Drowning')) ORDER BY VALUE ASC",
 "sqlResult": "{35} || {87}",
 "nlq": "What are the numbers ordered by increasing values of Drowning or Traffic accidents involving Male casualties?"},
{"name": "template 14",
 "sql": "SELECT Event,Severity FROM DBdata WHERE (Gender IN ('Male')) AND Value > 76.33",
 "sqlResult": "{Fire | Fatal} || {Drowning | Fatal}",
 "nlq": "What are the Event and Severity for which the number of accidents involving Male casualties is greater than 76.33?"},
{"name": "template 15",
 "sql": "SELECT Event,Severity,Value FROM DBdata WHERE (Gender IN ('Female')) AND (Event,Severity) IN (SELECT Event,Severity FROM DBdata WHERE (Gender IN ('Male')) AND Value > 76.33)",
 "sqlResult": "{Fire | Fatal | 98} || {Drowning | Fatal | 88}",
 "nlq": "What is the number of accidents involving Female casualties of Event and of Severity for which the number of accidents involving Male casualties is greater than 76.33? Please, report the corresponding Event, Severity, and number of accidents."}]
}
