{
"filename": "Number_of_accidents_set60_2_DB.csv",
"questions": [{"name": "template 1",
 "sql": "SELECT Value FROM DBdata WHERE (Gender IN ('Male')) AND ((Severity = 'Serious' AND Event = 'Traffic'))",
 "sqlResult": "{93}",
 "nlq": "What is the number of Serious Traffic accidents involving Male casualties?"},
{"name": "template 2",
 "sql": "SELECT Value FROM DBdata WHERE (Gender IN ('Male')) AND ((Severity = 'Serious' AND Event = 'Traffic') OR (Severity = 'Fatal' AND Event = 'Traffic'))",
 "sqlResult": "{93} || {18}",
 "nlq": "What is the number of Fatal or Serious Traffic accidents involving Male casualties?"},
{"name": "template 3",
 "sql": "SELECT Value FROM DBdata WHERE (Gender IN ('Male')) AND ((Severity = 'Serious' AND Event = 'Drowning'))",
 "sqlResult": "{46}",
 "nlq": "What is the number of Serious Drowning accidents involving Male casualties?"},
{"name": "template 4",
 "sql": "SELECT min(Value),max(Value) FROM DBdata WHERE (Gender IN ('Male','Female')) AND ((Severity = 'Serious' AND Event = 'Drowning'))",
 "sqlResult": "{46 | 88}",
 "nlq": "What are the minimum and maximum numbers of Serious Drowning accidents involving Female or Male casualties?"},
{"name": "template 5",
 "sql": "SELECT avg(Value) FROM DBdata WHERE (Gender IN ('Male','Female')) AND ((Severity = 'Serious' AND Event = 'Traffic'))",
 "sqlResult": "{89.5}",
 "nlq": "What is the average number of Serious Traffic accidents involving Female or Male casualties?"},
{"name": "template 6",
 "sql": "SELECT Value FROM DBdata WHERE (Gender IN ('Female')) AND ((Severity = 'Serious' AND Event = 'Traffic') OR (Severity = 'Fatal' AND Event = 'Drowning'))",
 "sqlResult": "{86} || {69}",
 "nlq": "What is the number of Fatal Drowning or Serious Traffic accidents involving Female casualties?"},
{"name": "template 7",
 "sql": "SELECT avg(Value),max(Value) FROM DBdata WHERE (Gender IN ('Female')) AND ((Severity = 'Fatal' AND Event = 'Traffic') OR (Severity = 'Fatal' AND Event = 'Drowning'))",
 "sqlResult": "{65 | 69}",
 "nlq": "What are the average and maximum numbers of Fatal Drowning or Traffic accidents involving Female casualties?"},
{"name": "template 8",
 "sql": "SELECT Gender,max(Value),avg(Value) FROM DBdata WHERE (Gender IN ('Male')) AND ((Severity = 'Serious' AND Event = 'Traffic') OR (Severity = 'Serious' AND Event = 'Drowning') OR (Severity = 'Fatal' AND Event = 'Traffic') OR (Severity = 'Fatal' AND Event = 'Drowning')) GROUP BY Gender",
 "sqlResult": "{Male | 93 | 42}",
 "nlq": "What are the maximum and average numbers for each Gender, of Fatal or Serious Drowning or Traffic accidents involving Male casualties? Please, report the corresponding Gender."},
{"name": "template 9",
 "sql": "SELECT min(Value) FROM DBdata WHERE (Gender IN ('Female')) AND (Severity IN ('Serious','Fatal')) GROUP BY Severity",
 "sqlResult": "{61} || {86}",
 "nlq": "What is the minimum number for each Severity, of Fatal or Serious accidents involving Female casualties?"},
{"name": "template 10",
 "sql": "SELECT Severity,sum(Value) FROM DBdata WHERE (Gender IN ('Female')) AND (Severity IN ('Serious','Fatal')) GROUP BY Severity",
 "sqlResult": "{Fatal | 130} || {Serious | 174}",
 "nlq": "What is the total number for each Severity, of Fatal or Serious accidents involving Female casualties? Please, report the corresponding Severity."},
{"name": "template 11",
 "sql": "SELECT Severity,Gender,min(Value) FROM DBdata WHERE (Gender IN ('Female')) AND (Severity IN ('Serious','Fatal')) GROUP BY Severity,Gender",
 "sqlResult": "{Fatal | Female | 61} || {Serious | Female | 86}",
 "nlq": "What is the minimum number for each Severity and Gender, of Fatal or Serious accidents involving Female casualties? Please, report the corresponding Severity and Gender."},
{"name": "template 12",
 "sql": "SELECT Value FROM DBdata WHERE (Gender IN ('Male')) AND (Severity IN ('Serious','Fatal')) ORDER BY VALUE ASC LIMIT 3",
 "sqlResult": "{11} || {18} || {46}",
 "nlq": "What are the smallest 3 numbers of Fatal or Serious accidents involving Male casualties?"},
{"name": "template 13",
 "sql": "SELECT Value FROM DBdata WHERE (Gender IN ('Female')) AND (Severity IN ('Serious','Fatal')) ORDER BY VALUE DESC",
 "sqlResult": "{88} || {86} || {69} || {61}",
 "nlq": "What are the numbers ordered by decreasing values of Fatal or Serious accidents involving Female casualties?"},
{"name": "template 14",
 "sql": "SELECT Severity,Event FROM DBdata WHERE (Gender IN ('Female')) AND Value > 59",
 "sqlResult": "{Serious | Traffic} || {Serious | Drowning} || {Fatal | Traffic} || {Fatal | Drowning}",
 "nlq": "What are the Severity and Event for which the number of accidents involving Female casualties is greater than 59?"},
{"name": "template 15",
 "sql": "SELECT Severity,Event,Value FROM DBdata WHERE (Gender IN ('Male')) AND (Severity,Event) IN (SELECT Severity,Event FROM DBdata WHERE (Gender IN ('Female')) AND Value > 59)",
 "sqlResult": "{Serious | Traffic | 93} || {Serious | Drowning | 46} || {Fatal | Traffic | 18} || {Fatal | Drowning | 11}",
 "nlq": "What is the number of accidents involving Male casualties of Severity and of Event for which the number of accidents involving Female casualties is greater than 59? Please, report the corresponding Severity, Event, and number of accidents."}]
}
