{
"filename": "Number_of_accidents_set1_2_DB.csv",
"questions": [{"name": "template 1",
 "sql": "SELECT Value FROM DBdata WHERE (Gender IN ('Female')) AND (Event IN ('Drowning'))",
 "sqlResult": "{96}",
 "nlq": "What is the number of Drowning accidents involving Female casualties?"},
{"name": "template 2",
 "sql": "SELECT Value FROM DBdata WHERE (Gender IN ('Female')) AND (Event IN ('Fire','Traffic','Drowning'))",
 "sqlResult": "{83} || {33} || {96}",
 "nlq": "What is the number of Drowning, Fire, or Traffic accidents involving Female casualties?"},
{"name": "template 3",
 "sql": "SELECT Value FROM DBdata WHERE (Gender IN ('Male')) AND (Event IN ('Traffic'))",
 "sqlResult": "{26}",
 "nlq": "What is the number of Traffic accidents involving Male casualties?"},
{"name": "template 4",
 "sql": "SELECT max(Value),min(Value) FROM DBdata WHERE (Gender IN ('Female')) AND (Event IN ('Fire'))",
 "sqlResult": "{83 | 83}",
 "nlq": "What are the maximum and minimum numbers of Fire accidents involving Female casualties?"},
{"name": "template 6",
 "sql": "SELECT Value FROM DBdata WHERE (Gender IN ('Female')) AND (Event IN ('Fire','Traffic','Drowning'))",
 "sqlResult": "{83} || {33} || {96}",
 "nlq": "What is the number of Drowning, Fire, or Traffic accidents involving Female casualties?"},
{"name": "template 7",
 "sql": "SELECT min(Value),sum(Value) FROM DBdata WHERE (Gender IN ('Female')) AND (Event IN ('Fire','Traffic','Drowning'))",
 "sqlResult": "{33 | 212}",
 "nlq": "What are the minimum and total numbers of Drowning, Fire, or Traffic accidents involving Female casualties?"},
{"name": "template 8",
 "sql": "SELECT Gender,avg(Value),min(Value) FROM DBdata WHERE (Gender IN ('Female')) AND (Event IN ('Fire','Traffic','Drowning')) GROUP BY Gender",
 "sqlResult": "{Female | 70.67 | 33}",
 "nlq": "What are the average and minimum numbers for each Gender, of Drowning, Fire, or Traffic accidents involving Female casualties? Please, report the corresponding Gender."},
{"name": "template 9",
 "sql": "SELECT min(Value) FROM DBdata WHERE (Gender IN ('Female')) AND (Event IN ('Fire','Traffic','Drowning')) GROUP BY Event",
 "sqlResult": "{96} || {83} || {33}",
 "nlq": "What is the minimum number for each Event, of Drowning, Fire, or Traffic accidents involving Female casualties?"},
{"name": "template 10",
 "sql": "SELECT Event,avg(Value) FROM DBdata WHERE (Gender IN ('Male')) AND (Event IN ('Fire','Traffic','Drowning')) GROUP BY Event",
 "sqlResult": "{Drowning | 31} || {Fire | 14} || {Traffic | 26}",
 "nlq": "What is the average number for each Event, of Drowning, Fire, or Traffic accidents involving Male casualties? Please, report the corresponding Event."},
{"name": "template 11",
 "sql": "SELECT Event,Gender,sum(Value) FROM DBdata WHERE (Gender IN ('Female')) AND (Event IN ('Fire','Traffic','Drowning')) GROUP BY Event,Gender",
 "sqlResult": "{Drowning | Female | 96} || {Fire | Female | 83} || {Traffic | Female | 33}",
 "nlq": "What is the total number for each Event and Gender, of Drowning, Fire, or Traffic accidents involving Female casualties? Please, report the corresponding Event and Gender."},
{"name": "template 12",
 "sql": "SELECT Value FROM DBdata WHERE (Gender IN ('Female')) AND (Event IN ('Fire','Traffic')) ORDER BY VALUE DESC LIMIT 2",
 "sqlResult": "{83} || {33}",
 "nlq": "What are the largest 2 numbers of Fire or Traffic accidents involving Female casualties?"},
{"name": "template 13",
 "sql": "SELECT Value FROM DBdata WHERE (Gender IN ('Female')) AND (Event IN ('Fire','Drowning')) ORDER BY VALUE ASC",
 "sqlResult": "{83} || {96}",
 "nlq": "What are the numbers ordered by increasing values of Drowning or Fire accidents involving Female casualties?"},
{"name": "template 14",
 "sql": "SELECT Event FROM DBdata WHERE (Gender IN ('Female')) AND Value > 47.17",
 "sqlResult": "{Fire} || {Drowning}",
 "nlq": "What is the Event for which the number of accidents involving Female casualties is greater than 47.17?"},
{"name": "template 15",
 "sql": "SELECT Event,Value FROM DBdata WHERE (Gender IN ('Male')) AND (Event) IN (SELECT Event FROM DBdata WHERE (Gender IN ('Female')) AND Value > 47.17)",
 "sqlResult": "{Fire | 14} || {Drowning | 31}",
 "nlq": "What is the number of accidents involving Male casualties of Event for which the number of accidents involving Female casualties is greater than 47.17? Please, report the corresponding Event and number of accidents."}]
}
