{
"filename": "Number_of_accidents_set40_4_DB.csv",
"questions": [{"name": "template 1",
 "sql": "SELECT Value FROM DBdata WHERE (Gender IN ('Female')) AND ((Severity = 'Slight' AND Event = 'Traffic'))",
 "sqlResult": "{76}",
 "nlq": "What is the number of Slight Traffic accidents involving Female casualties?"},
{"name": "template 2",
 "sql": "SELECT Value FROM DBdata WHERE (Gender IN ('Male')) AND ((Severity = 'Slight' AND Event = 'Traffic') OR (Severity = 'Serious' AND Event = 'Fire') OR (Severity = 'Serious' AND Event = 'Traffic') OR (Severity = 'Fatal' AND Event = 'Fire') OR (Severity = 'Fatal' AND Event = 'Traffic'))",
 "sqlResult": "{42} || {38} || {44} || {22} || {99}",
 "nlq": "What is the number of Fatal or Serious Fire or Fatal, Serious, or Slight Traffic accidents involving Male casualties?"},
{"name": "template 3",
 "sql": "SELECT Value FROM DBdata WHERE (Gender IN ('Male')) AND ((Severity = 'Serious' AND Event = 'Traffic'))",
 "sqlResult": "{44}",
 "nlq": "What is the number of Serious Traffic accidents involving Male casualties?"},
{"name": "template 4",
 "sql": "SELECT max(Value),min(Value) FROM DBdata WHERE (Gender IN ('Female')) AND ((Severity = 'Fatal' AND Event = 'Traffic'))",
 "sqlResult": "{100 | 100}",
 "nlq": "What are the maximum and minimum numbers of Fatal Traffic accidents involving Female casualties?"},
{"name": "template 6",
 "sql": "SELECT Value FROM DBdata WHERE (Gender IN ('Male','Female')) AND ((Severity = 'Slight' AND Event = 'Fire') OR (Severity = 'Slight' AND Event = 'Traffic') OR (Severity = 'Fatal' AND Event = 'Fire') OR (Severity = 'Fatal' AND Event = 'Traffic'))",
 "sqlResult": "{62} || {65} || {42} || {76} || {22} || {75} || {99} || {100}",
 "nlq": "What is the number of Fatal or Slight Fire or Traffic accidents involving Female or Male casualties?"},
{"name": "template 7",
 "sql": "SELECT sum(Value),avg(Value) FROM DBdata WHERE (Gender IN ('Female')) AND ((Severity = 'Serious' AND Event = 'Fire') OR (Severity = 'Serious' AND Event = 'Traffic'))",
 "sqlResult": "{144 | 72}",
 "nlq": "What are the total and average numbers of Serious Fire or Traffic accidents involving Female casualties?"},
{"name": "template 8",
 "sql": "SELECT Gender,min(Value),avg(Value) FROM DBdata WHERE (Gender IN ('Male','Female')) AND ((Severity = 'Slight' AND Event = 'Traffic') OR (Severity = 'Serious' AND Event = 'Fire') OR (Severity = 'Serious' AND Event = 'Traffic') OR (Severity = 'Fatal' AND Event = 'Fire')) GROUP BY Gender",
 "sqlResult": "{Female | 55 | 73.75} || {Male | 22 | 36.5}",
 "nlq": "What are the minimum and average numbers for each Gender, of Fatal or Serious Fire or Serious or Slight Traffic accidents involving Female or Male casualties? Please, report the corresponding Gender."},
{"name": "template 9",
 "sql": "SELECT min(Value) FROM DBdata WHERE (Gender IN ('Male')) AND (Severity IN ('Slight','Serious','Fatal')) GROUP BY Severity",
 "sqlResult": "{22} || {38} || {42}",
 "nlq": "What is the minimum number for each Severity, of Fatal, Serious, or Slight accidents involving Male casualties?"},
{"name": "template 10",
 "sql": "SELECT Severity,min(Value) FROM DBdata WHERE (Gender IN ('Male')) AND (Severity IN ('Slight','Serious','Fatal')) GROUP BY Severity",
 "sqlResult": "{Fatal | 22} || {Serious | 38} || {Slight | 42}",
 "nlq": "What is the minimum number for each Severity, of Fatal, Serious, or Slight accidents involving Male casualties? Please, report the corresponding Severity."},
{"name": "template 11",
 "sql": "SELECT Severity,Gender,min(Value) FROM DBdata WHERE (Gender IN ('Female')) AND (Severity IN ('Slight','Serious','Fatal')) GROUP BY Severity,Gender",
 "sqlResult": "{Fatal | Female | 75} || {Serious | Female | 55} || {Slight | Female | 65}",
 "nlq": "What is the minimum number for each Severity and Gender, of Fatal, Serious, or Slight accidents involving Female casualties? Please, report the corresponding Severity and Gender."},
{"name": "template 12",
 "sql": "SELECT Value FROM DBdata WHERE (Gender IN ('Male')) AND (Severity IN ('Slight','Serious')) ORDER BY VALUE DESC LIMIT 2",
 "sqlResult": "{62} || {44}",
 "nlq": "What are the largest 2 numbers of Serious or Slight accidents involving Male casualties?"},
{"name": "template 13",
 "sql": "SELECT Value FROM DBdata WHERE (Gender IN ('Female')) AND (Severity IN ('Serious','Fatal')) ORDER BY VALUE DESC",
 "sqlResult": "{100} || {89} || {75} || {55}",
 "nlq": "What are the numbers ordered by decreasing values of Fatal or Serious accidents involving Female casualties?"},
{"name": "template 14",
 "sql": "SELECT Severity,Event FROM DBdata WHERE (Gender IN ('Female')) AND Value > 63.92",
 "sqlResult": "{Slight | Fire} || {Slight | Traffic} || {Serious | Fire} || {Fatal | Fire} || {Fatal | Traffic}",
 "nlq": "What are the Severity and Event for which the number of accidents involving Female casualties is greater than 63.92?"},
{"name": "template 15",
 "sql": "SELECT Severity,Event,Value FROM DBdata WHERE (Gender IN ('Male')) AND (Severity,Event) IN (SELECT Severity,Event FROM DBdata WHERE (Gender IN ('Female')) AND Value > 63.92)",
 "sqlResult": "{Slight | Fire | 62} || {Slight | Traffic | 42} || {Serious | Fire | 38} || {Fatal | Fire | 22} || {Fatal | Traffic | 99}",
 "nlq": "What is the number of accidents involving Male casualties of Severity and of Event for which the number of accidents involving Female casualties is greater than 63.92? Please, report the corresponding Severity, Event, and number of accidents."}]
}
