{
"filename": "Number_of_accidents_set37_1_DB.csv",
"questions": [{"name": "template 1",
 "sql": "SELECT Value FROM DBdata WHERE (Gender IN ('Male')) AND ((Event = 'Fire' AND Severity = 'Slight'))",
 "sqlResult": "{38}",
 "nlq": "What is the number of Slight Fire accidents involving Male casualties?"},
{"name": "template 2",
 "sql": "SELECT Value FROM DBdata WHERE (Gender IN ('Male')) AND ((Event = 'Traffic' AND Severity = 'Slight') OR (Event = 'Traffic' AND Severity = 'Serious'))",
 "sqlResult": "{44} || {49}",
 "nlq": "What is the number of Serious or Slight Traffic accidents involving Male casualties?"},
{"name": "template 3",
 "sql": "SELECT Value FROM DBdata WHERE (Gender IN ('Male','Female')) AND ((Event = 'Fire' AND Severity = 'Fatal'))",
 "sqlResult": "{11} || {67}",
 "nlq": "What is the number of Fatal Fire accidents involving Female or Male casualties?"},
{"name": "template 4",
 "sql": "SELECT min(Value),sum(Value) FROM DBdata WHERE (Gender IN ('Male','Female')) AND ((Event = 'Fire' AND Severity = 'Fatal'))",
 "sqlResult": "{11 | 78}",
 "nlq": "What are the minimum and total numbers of Fatal Fire accidents involving Female or Male casualties?"},
{"name": "template 6",
 "sql": "SELECT Value FROM DBdata WHERE (Gender IN ('Male')) AND ((Event = 'Fire' AND Severity = 'Slight') OR (Event = 'Traffic' AND Severity = 'Slight') OR (Event = 'Fire' AND Severity = 'Serious') OR (Event = 'Fire' AND Severity = 'Fatal'))",
 "sqlResult": "{38} || {44} || {58} || {11}",
 "nlq": "What is the number of Fatal, Serious, or Slight Fire or Slight Traffic accidents involving Male casualties?"},
{"name": "template 7",
 "sql": "SELECT max(Value),sum(Value) FROM DBdata WHERE (Gender IN ('Male')) AND ((Event = 'Fire' AND Severity = 'Slight') OR (Event = 'Fire' AND Severity = 'Serious'))",
 "sqlResult": "{58 | 96}",
 "nlq": "What are the maximum and total numbers of Serious or Slight Fire accidents involving Male casualties?"},
{"name": "template 8",
 "sql": "SELECT Gender,avg(Value),min(Value) FROM DBdata WHERE (Gender IN ('Male','Female')) AND ((Event = 'Traffic' AND Severity = 'Slight') OR (Event = 'Fire' AND Severity = 'Serious') OR (Event = 'Traffic' AND Severity = 'Serious') OR (Event = 'Fire' AND Severity = 'Fatal')) GROUP BY Gender",
 "sqlResult": "{Female | 54 | 32} || {Male | 40.5 | 11}",
 "nlq": "What are the average and minimum numbers for each Gender, of Fatal or Serious Fire or Serious or Slight Traffic accidents involving Female or Male casualties? Please, report the corresponding Gender."},
{"name": "template 9",
 "sql": "SELECT min(Value) FROM DBdata WHERE (Gender IN ('Female')) AND (Event IN ('Fire','Traffic')) GROUP BY Event",
 "sqlResult": "{32} || {19}",
 "nlq": "What is the minimum number for each Event, of Fire or Traffic accidents involving Female casualties?"},
{"name": "template 10",
 "sql": "SELECT Event,min(Value) FROM DBdata WHERE (Gender IN ('Male')) AND (Event IN ('Fire','Traffic')) GROUP BY Event",
 "sqlResult": "{Fire | 11} || {Traffic | 44}",
 "nlq": "What is the minimum number for each Event, of Fire or Traffic accidents involving Male casualties? Please, report the corresponding Event."},
{"name": "template 11",
 "sql": "SELECT Event,Gender,sum(Value) FROM DBdata WHERE (Gender IN ('Male','Female')) AND (Event IN ('Fire','Traffic')) GROUP BY Event,Gender",
 "sqlResult": "{Fire | Female | 160} || {Fire | Male | 107} || {Traffic | Female | 136} || {Traffic | Male | 159}",
 "nlq": "What is the total number for each Event and Gender, of Fire or Traffic accidents involving Female or Male casualties? Please, report the corresponding Event and Gender."},
{"name": "template 12",
 "sql": "SELECT Value FROM DBdata WHERE (Gender IN ('Male')) AND (Event IN ('Fire','Traffic')) ORDER BY VALUE ASC LIMIT 2",
 "sqlResult": "{11} || {38}",
 "nlq": "What are the smallest 2 numbers of Fire or Traffic accidents involving Male casualties?"},
{"name": "template 13",
 "sql": "SELECT Value FROM DBdata WHERE (Gender IN ('Female')) AND (Event IN ('Fire','Traffic')) ORDER BY VALUE DESC",
 "sqlResult": "{78} || {67} || {61} || {39} || {32} || {19}",
 "nlq": "What are the numbers ordered by decreasing values of Fire or Traffic accidents involving Female casualties?"},
{"name": "template 14",
 "sql": "SELECT Event,Severity FROM DBdata WHERE (Gender IN ('Female')) AND Value > 46.83",
 "sqlResult": "{Fire | Slight} || {Traffic | Serious} || {Fire | Fatal}",
 "nlq": "What are the Event and Severity for which the number of accidents involving Female casualties is greater than 46.83?"},
{"name": "template 15",
 "sql": "SELECT Event,Severity,Value FROM DBdata WHERE (Gender IN ('Male')) AND (Event,Severity) IN (SELECT Event,Severity FROM DBdata WHERE (Gender IN ('Female')) AND Value > 46.83)",
 "sqlResult": "{Fire | Slight | 38} || {Traffic | Serious | 49} || {Fire | Fatal | 11}",
 "nlq": "What is the number of accidents involving Male casualties of Event and of Severity for which the number of accidents involving Female casualties is greater than 46.83? Please, report the corresponding Event, Severity, and number of accidents."}]
}
