{
"filename": "Number_of_accidents_set40_3_DB.csv",
"questions": [{"name": "template 1",
 "sql": "SELECT Value FROM DBdata WHERE (Gender IN ('Male')) AND ((Severity = 'Fatal' AND Event = 'Drowning'))",
 "sqlResult": "{52}",
 "nlq": "What is the number of Fatal Drowning accidents involving Male casualties?"},
{"name": "template 2",
 "sql": "SELECT Value FROM DBdata WHERE (Gender IN ('Male')) AND ((Severity = 'Fatal' AND Event = 'Traffic'))",
 "sqlResult": "{75}",
 "nlq": "What is the number of Fatal Traffic accidents involving Male casualties?"},
{"name": "template 3",
 "sql": "SELECT Value FROM DBdata WHERE (Gender IN ('Male')) AND ((Severity = 'Fatal' AND Event = 'Traffic'))",
 "sqlResult": "{75}",
 "nlq": "What is the number of Fatal Traffic accidents involving Male casualties?"},
{"name": "template 4",
 "sql": "SELECT sum(Value),avg(Value) FROM DBdata WHERE (Gender IN ('Male')) AND ((Severity = 'Fatal' AND Event = 'Traffic'))",
 "sqlResult": "{75 | 75}",
 "nlq": "What are the total and average numbers of Fatal Traffic accidents involving Male casualties?"},
{"name": "template 6",
 "sql": "SELECT Value FROM DBdata WHERE (Gender IN ('Female')) AND ((Severity = 'Fatal' AND Event = 'Traffic'))",
 "sqlResult": "{20}",
 "nlq": "What is the number of Fatal Traffic accidents involving Female casualties?"},
{"name": "template 7",
 "sql": "SELECT max(Value),min(Value) FROM DBdata WHERE (Gender IN ('Female')) AND ((Severity = 'Fatal' AND Event = 'Drowning'))",
 "sqlResult": "{65 | 65}",
 "nlq": "What are the maximum and minimum numbers of Fatal Drowning accidents involving Female casualties?"},
{"name": "template 8",
 "sql": "SELECT Gender,sum(Value),max(Value) FROM DBdata WHERE (Gender IN ('Male')) AND ((Severity = 'Fatal' AND Event = 'Drowning')) GROUP BY Gender",
 "sqlResult": "{Male | 52 | 52}",
 "nlq": "What are the total and maximum numbers for each Gender, of Fatal Drowning accidents involving Male casualties? Please, report the corresponding Gender."},
{"name": "template 9",
 "sql": "SELECT min(Value) FROM DBdata WHERE (Gender IN ('Female')) AND (Severity IN ('Fatal')) GROUP BY Severity",
 "sqlResult": "{20}",
 "nlq": "What is the minimum number for each Severity, of Fatal accidents involving Female casualties?"},
{"name": "template 10",
 "sql": "SELECT Severity,min(Value) FROM DBdata WHERE (Gender IN ('Male')) AND (Severity IN ('Fatal')) GROUP BY Severity",
 "sqlResult": "{Fatal | 52}",
 "nlq": "What is the minimum number for each Severity, of Fatal accidents involving Male casualties? Please, report the corresponding Severity."},
{"name": "template 11",
 "sql": "SELECT Severity,Gender,avg(Value) FROM DBdata WHERE (Gender IN ('Male','Female')) AND (Severity IN ('Fatal')) GROUP BY Severity,Gender",
 "sqlResult": "{Fatal | Female | 42.5} || {Fatal | Male | 63.5}",
 "nlq": "What is the average number for each Severity and Gender, of Fatal accidents involving Female or Male casualties? Please, report the corresponding Severity and Gender."},
{"name": "template 12",
 "sql": "SELECT Value FROM DBdata WHERE (Gender IN ('Female')) AND (Severity IN ('Fatal')) ORDER BY VALUE ASC LIMIT 2",
 "sqlResult": "{20} || {65}",
 "nlq": "What are the smallest 2 numbers of Fatal accidents involving Female casualties?"},
{"name": "template 13",
 "sql": "SELECT Value FROM DBdata WHERE (Gender IN ('Male')) AND (Severity IN ('Fatal')) ORDER BY VALUE DESC",
 "sqlResult": "{75} || {52}",
 "nlq": "What are the numbers ordered by decreasing values of Fatal accidents involving Male casualties?"},
{"name": "template 14",
 "sql": "SELECT Severity,Event FROM DBdata WHERE (Gender IN ('Male')) AND Value > 53",
 "sqlResult": "{Fatal | Traffic}",
 "nlq": "What are the Severity and Event for which the number of accidents involving Male casualties is greater than 53?"},
{"name": "template 15",
 "sql": "SELECT Severity,Event,Value FROM DBdata WHERE (Gender IN ('Female')) AND (Severity,Event) IN (SELECT Severity,Event FROM DBdata WHERE (Gender IN ('Male')) AND Value > 53)",
 "sqlResult": "{Fatal | Traffic | 20}",
 "nlq": "What is the number of accidents involving Female casualties of Severity and of Event for which the number of accidents involving Male casualties is greater than 53? Please, report the corresponding Severity, Event, and number of accidents."}]
}
