{
"filename": "Number_of_accidents_set37_2_DB.csv",
"questions": [{"name": "template 1",
 "sql": "SELECT Value FROM DBdata WHERE (AA IN ('AAfg')) AND ((BB = 'BBqz' AND CC = 'CChn'))",
 "sqlResult": "{16}",
 "nlq": "What is the number of CChn BBqz accidents involving AAfg casualties?"},
{"name": "template 2",
 "sql": "SELECT Value FROM DBdata WHERE (AA IN ('AAlv')) AND ((BB = 'BBgq' AND CC = 'CCty') OR (BB = 'BBqz' AND CC = 'CCty') OR (BB = 'BBmy' AND CC = 'CCty') OR (BB = 'BBgq' AND CC = 'CCrz') OR (BB = 'BBmy' AND CC = 'CCrz') OR (BB = 'BBgq' AND CC = 'CChn') OR (BB = 'BBqz' AND CC = 'CChn'))",
 "sqlResult": "{53} || {22} || {100} || {82} || {26} || {13} || {31}",
 "nlq": "What is the number of CChn or CCty BBqz, CChn, CCrz, or CCty BBgq, or CCrz or CCty BBmy accidents involving AAlv casualties?"},
{"name": "template 3",
 "sql": "SELECT Value FROM DBdata WHERE (AA IN ('AAlv')) AND ((BB = 'BBqz' AND CC = 'CCrz'))",
 "sqlResult": "{23}",
 "nlq": "What is the number of CCrz BBqz accidents involving AAlv casualties?"},
{"name": "template 4",
 "sql": "SELECT avg(Value),min(Value) FROM DBdata WHERE (AA IN ('AAlv','AAfg')) AND ((BB = 'BBmy' AND CC = 'CChn'))",
 "sqlResult": "{33 | 30}",
 "nlq": "What are the average and minimum numbers of CChn BBmy accidents involving AAfg or AAlv casualties?"},
{"name": "template 6",
 "sql": "SELECT Value FROM DBdata WHERE (AA IN ('AAfg')) AND ((BB = 'BBqz' AND CC = 'CCty') OR (BB = 'BBqz' AND CC = 'CCrz'))",
 "sqlResult": "{32} || {98}",
 "nlq": "What is the number of CCrz or CCty BBqz accidents involving AAfg casualties?"},
{"name": "template 7",
 "sql": "SELECT sum(Value),avg(Value) FROM DBdata WHERE (AA IN ('AAlv')) AND ((BB = 'BBgq' AND CC = 'CCty') OR (BB = 'BBmy' AND CC = 'CCty') OR (BB = 'BBqz' AND CC = 'CCrz') OR (BB = 'BBmy' AND CC = 'CCrz'))",
 "sqlResult": "{202 | 50.5}",
 "nlq": "What are the total and average numbers of CCrz BBmy or BBqz or CCty BBmy or BBgq accidents involving AAlv casualties?"},
{"name": "template 8",
 "sql": "SELECT AA,avg(Value),sum(Value) FROM DBdata WHERE (AA IN ('AAlv','AAfg')) AND ((BB = 'BBqz' AND CC = 'CCty') OR (BB = 'BBmy' AND CC = 'CCty') OR (BB = 'BBqz' AND CC = 'CCrz') OR (BB = 'BBmy' AND CC = 'CCrz') OR (BB = 'BBqz' AND CC = 'CChn')) GROUP BY AA",
 "sqlResult": "{AAfg | 46 | 230} || {AAlv | 40.4 | 202}",
 "nlq": "What are the average and total numbers for each AA, of CChn, CCrz, or CCty BBqz or CCrz or CCty BBmy accidents involving AAfg or AAlv casualties? Please, report the corresponding AA."},
{"name": "template 9",
 "sql": "SELECT min(Value) FROM DBdata WHERE (AA IN ('AAlv')) AND (BB IN ('BBgq','BBqz','BBmy')) GROUP BY BB",
 "sqlResult": "{26} || {13} || {22}",
 "nlq": "What is the minimum number for each BB, of BBmy, BBgq, or BBqz accidents involving AAlv casualties?"},
{"name": "template 10",
 "sql": "SELECT BB,sum(Value) FROM DBdata WHERE (AA IN ('AAlv')) AND (BB IN ('BBgq','BBqz','BBmy')) GROUP BY BB",
 "sqlResult": "{BBmy | 156} || {BBgq | 148} || {BBqz | 76}",
 "nlq": "What is the total number for each BB, of BBmy, BBgq, or BBqz accidents involving AAlv casualties? Please, report the corresponding BB."},
{"name": "template 11",
 "sql": "SELECT BB,AA,min(Value) FROM DBdata WHERE (AA IN ('AAlv','AAfg')) AND (BB IN ('BBgq','BBqz','BBmy')) GROUP BY BB,AA",
 "sqlResult": "{BBmy | AAfg | 24} || {BBmy | AAlv | 26} || {BBgq | AAfg | 19} || {BBgq | AAlv | 13} || {BBqz | AAfg | 16} || {BBqz | AAlv | 22}",
 "nlq": "What is the minimum number for each BB and AA, of BBmy, BBgq, or BBqz accidents involving AAfg or AAlv casualties? Please, report the corresponding BB and AA."},
{"name": "template 12",
 "sql": "SELECT Value FROM DBdata WHERE (AA IN ('AAlv')) AND (BB IN ('BBgq','BBmy')) ORDER BY VALUE DESC LIMIT 3",
 "sqlResult": "{100} || {82} || {53}",
 "nlq": "What are the largest 3 numbers of BBmy or BBgq accidents involving AAlv casualties?"},
{"name": "template 13",
 "sql": "SELECT Value FROM DBdata WHERE (AA IN ('AAfg')) AND (BB IN ('BBqz','BBmy')) ORDER BY VALUE ASC",
 "sqlResult": "{16} || {24} || {32} || {36} || {60} || {98}",
 "nlq": "What are the numbers ordered by increasing values of BBmy or BBqz accidents involving AAfg casualties?"},
{"name": "template 14",
 "sql": "SELECT BB,CC FROM DBdata WHERE (AA IN ('AAfg')) AND Value < 43.89",
 "sqlResult": "{BBgq | CCty} || {BBqz | CCty} || {BBmy | CCty} || {BBgq | CCrz} || {BBqz | CChn} || {BBmy | CChn}",
 "nlq": "What are the BB and CC for which the number of accidents involving AAfg casualties is lower than 43.89?"},
{"name": "template 15",
 "sql": "SELECT BB,CC,Value FROM DBdata WHERE (AA IN ('AAlv')) AND (BB,CC) IN (SELECT BB,CC FROM DBdata WHERE (AA IN ('AAfg')) AND Value < 43.89)",
 "sqlResult": "{BBgq | CCty | 53} || {BBqz | CCty | 22} || {BBmy | CCty | 100} || {BBgq | CCrz | 82} || {BBqz | CChn | 31} || {BBmy | CChn | 30}",
 "nlq": "What is the number of accidents involving AAlv casualties of BB and of CC for which the number of accidents involving AAfg casualties is lower than 43.89? Please, report the corresponding BB, CC, and number of accidents."}]
}

