{
"filename": "Number_of_accidents_set40_4_DB.csv",
"questions": [{"name": "template 1",
 "sql": "SELECT Value FROM DBdata WHERE (AA IN ('AAgj')) AND ((CC = 'CCmv' AND BB = 'BBpz'))",
 "sqlResult": "{76}",
 "nlq": "What is the number of CCmv BBpz accidents involving AAgj casualties?"},
{"name": "template 2",
 "sql": "SELECT Value FROM DBdata WHERE (AA IN ('AAcs')) AND ((CC = 'CCmv' AND BB = 'BBpz') OR (CC = 'CCfg' AND BB = 'BBqs') OR (CC = 'CCfg' AND BB = 'BBpz') OR (CC = 'CCst' AND BB = 'BBqs') OR (CC = 'CCst' AND BB = 'BBpz'))",
 "sqlResult": "{42} || {38} || {44} || {22} || {99}",
 "nlq": "What is the number of CCst or CCfg BBqs or CCst, CCfg, or CCmv BBpz accidents involving AAcs casualties?"},
{"name": "template 3",
 "sql": "SELECT Value FROM DBdata WHERE (AA IN ('AAcs')) AND ((CC = 'CCfg' AND BB = 'BBpz'))",
 "sqlResult": "{44}",
 "nlq": "What is the number of CCfg BBpz accidents involving AAcs casualties?"},
{"name": "template 4",
 "sql": "SELECT max(Value),min(Value) FROM DBdata WHERE (AA IN ('AAgj')) AND ((CC = 'CCst' AND BB = 'BBpz'))",
 "sqlResult": "{100 | 100}",
 "nlq": "What are the maximum and minimum numbers of CCst BBpz accidents involving AAgj casualties?"},
{"name": "template 6",
 "sql": "SELECT Value FROM DBdata WHERE (AA IN ('AAcs','AAgj')) AND ((CC = 'CCmv' AND BB = 'BBqs') OR (CC = 'CCmv' AND BB = 'BBpz') OR (CC = 'CCst' AND BB = 'BBqs') OR (CC = 'CCst' AND BB = 'BBpz'))",
 "sqlResult": "{62} || {65} || {42} || {76} || {22} || {75} || {99} || {100}",
 "nlq": "What is the number of CCst or CCmv BBqs or BBpz accidents involving AAgj or AAcs casualties?"},
{"name": "template 7",
 "sql": "SELECT sum(Value),avg(Value) FROM DBdata WHERE (AA IN ('AAgj')) AND ((CC = 'CCfg' AND BB = 'BBqs') OR (CC = 'CCfg' AND BB = 'BBpz'))",
 "sqlResult": "{144 | 72}",
 "nlq": "What are the total and average numbers of CCfg BBqs or BBpz accidents involving AAgj casualties?"},
{"name": "template 8",
 "sql": "SELECT AA,min(Value),avg(Value) FROM DBdata WHERE (AA IN ('AAcs','AAgj')) AND ((CC = 'CCmv' AND BB = 'BBpz') OR (CC = 'CCfg' AND BB = 'BBqs') OR (CC = 'CCfg' AND BB = 'BBpz') OR (CC = 'CCst' AND BB = 'BBqs')) GROUP BY AA",
 "sqlResult": "{AAgj | 55 | 73.75} || {AAcs | 22 | 36.5}",
 "nlq": "What are the minimum and average numbers for each AA, of CCst or CCfg BBqs or CCfg or CCmv BBpz accidents involving AAgj or AAcs casualties? Please, report the corresponding AA."},
{"name": "template 9",
 "sql": "SELECT min(Value) FROM DBdata WHERE (AA IN ('AAcs')) AND (CC IN ('CCmv','CCfg','CCst')) GROUP BY CC",
 "sqlResult": "{22} || {38} || {42}",
 "nlq": "What is the minimum number for each CC, of CCst, CCfg, or CCmv accidents involving AAcs casualties?"},
{"name": "template 10",
 "sql": "SELECT CC,min(Value) FROM DBdata WHERE (AA IN ('AAcs')) AND (CC IN ('CCmv','CCfg','CCst')) GROUP BY CC",
 "sqlResult": "{CCst | 22} || {CCfg | 38} || {CCmv | 42}",
 "nlq": "What is the minimum number for each CC, of CCst, CCfg, or CCmv accidents involving AAcs casualties? Please, report the corresponding CC."},
{"name": "template 11",
 "sql": "SELECT CC,AA,min(Value) FROM DBdata WHERE (AA IN ('AAgj')) AND (CC IN ('CCmv','CCfg','CCst')) GROUP BY CC,AA",
 "sqlResult": "{CCst | AAgj | 75} || {CCfg | AAgj | 55} || {CCmv | AAgj | 65}",
 "nlq": "What is the minimum number for each CC and AA, of CCst, CCfg, or CCmv accidents involving AAgj casualties? Please, report the corresponding CC and AA."},
{"name": "template 12",
 "sql": "SELECT Value FROM DBdata WHERE (AA IN ('AAcs')) AND (CC IN ('CCmv','CCfg')) ORDER BY VALUE DESC LIMIT 2",
 "sqlResult": "{62} || {44}",
 "nlq": "What are the largest 2 numbers of CCfg or CCmv accidents involving AAcs casualties?"},
{"name": "template 13",
 "sql": "SELECT Value FROM DBdata WHERE (AA IN ('AAgj')) AND (CC IN ('CCfg','CCst')) ORDER BY VALUE DESC",
 "sqlResult": "{100} || {89} || {75} || {55}",
 "nlq": "What are the numbers ordered by decreasing values of CCst or CCfg accidents involving AAgj casualties?"},
{"name": "template 14",
 "sql": "SELECT CC,BB FROM DBdata WHERE (AA IN ('AAgj')) AND Value > 63.92",
 "sqlResult": "{CCmv | BBqs} || {CCmv | BBpz} || {CCfg | BBqs} || {CCst | BBqs} || {CCst | BBpz}",
 "nlq": "What are the CC and BB for which the number of accidents involving AAgj casualties is greater than 63.92?"},
{"name": "template 15",
 "sql": "SELECT CC,BB,Value FROM DBdata WHERE (AA IN ('AAcs')) AND (CC,BB) IN (SELECT CC,BB FROM DBdata WHERE (AA IN ('AAgj')) AND Value > 63.92)",
 "sqlResult": "{CCmv | BBqs | 62} || {CCmv | BBpz | 42} || {CCfg | BBqs | 38} || {CCst | BBqs | 22} || {CCst | BBpz | 99}",
 "nlq": "What is the number of accidents involving AAcs casualties of CC and of BB for which the number of accidents involving AAgj casualties is greater than 63.92? Please, report the corresponding CC, BB, and number of accidents."}]
}

