{
"filename": "Number_of_accidents_set1_3_DB.csv",
"questions": [{"name": "template 1",
 "sql": "SELECT Value FROM DBdata WHERE (AA IN ('AAft')) AND (BB IN ('BBkr'))",
 "sqlResult": "{71}",
 "nlq": "What is the number of BBkr accidents involving AAft casualties?"},
{"name": "template 2",
 "sql": "SELECT Value FROM DBdata WHERE (AA IN ('AAwx')) AND (BB IN ('BBhw','BBkr'))",
 "sqlResult": "{20} || {32}",
 "nlq": "What is the number of BBkr or BBhw accidents involving AAwx casualties?"},
{"name": "template 3",
 "sql": "SELECT Value FROM DBdata WHERE (AA IN ('AAft','AAwx')) AND (BB IN ('BBhw'))",
 "sqlResult": "{72} || {20}",
 "nlq": "What is the number of BBhw accidents involving AAwx or AAft casualties?"},
{"name": "template 4",
 "sql": "SELECT max(Value),avg(Value) FROM DBdata WHERE (AA IN ('AAft','AAwx')) AND (BB IN ('BBkr'))",
 "sqlResult": "{71 | 51.5}",
 "nlq": "What are the maximum and average numbers of BBkr accidents involving AAwx or AAft casualties?"},
{"name": "template 6",
 "sql": "SELECT Value FROM DBdata WHERE (AA IN ('AAft','AAwx')) AND (BB IN ('BBkr'))",
 "sqlResult": "{71} || {32}",
 "nlq": "What is the number of BBkr accidents involving AAwx or AAft casualties?"},
{"name": "template 7",
 "sql": "SELECT max(Value),avg(Value) FROM DBdata WHERE (AA IN ('AAwx')) AND (BB IN ('BBhw'))",
 "sqlResult": "{20 | 20}",
 "nlq": "What are the maximum and average numbers of BBhw accidents involving AAwx casualties?"},
{"name": "template 8",
 "sql": "SELECT AA,sum(Value),min(Value) FROM DBdata WHERE (AA IN ('AAft')) AND (BB IN ('BBkr')) GROUP BY AA",
 "sqlResult": "{AAft | 71 | 71}",
 "nlq": "What are the total and minimum numbers for each AA, of BBkr accidents involving AAft casualties? Please, report the corresponding AA."},
{"name": "template 9",
 "sql": "SELECT min(Value) FROM DBdata WHERE (AA IN ('AAwx')) AND (BB IN ('BBhw','BBkr')) GROUP BY BB",
 "sqlResult": "{32} || {20}",
 "nlq": "What is the minimum number for each BB, of BBkr or BBhw accidents involving AAwx casualties?"},
{"name": "template 10",
 "sql": "SELECT BB,avg(Value) FROM DBdata WHERE (AA IN ('AAwx')) AND (BB IN ('BBhw','BBkr')) GROUP BY BB",
 "sqlResult": "{BBkr | 32} || {BBhw | 20}",
 "nlq": "What is the average number for each BB, of BBkr or BBhw accidents involving AAwx casualties? Please, report the corresponding BB."},
{"name": "template 11",
 "sql": "SELECT BB,AA,max(Value) FROM DBdata WHERE (AA IN ('AAft','AAwx')) AND (BB IN ('BBhw','BBkr')) GROUP BY BB,AA",
 "sqlResult": "{BBkr | AAwx | 32} || {BBkr | AAft | 71} || {BBhw | AAwx | 20} || {BBhw | AAft | 72}",
 "nlq": "What is the maximum number for each BB and AA, of BBkr or BBhw accidents involving AAwx or AAft casualties? Please, report the corresponding BB and AA."},
{"name": "template 12",
 "sql": "SELECT Value FROM DBdata WHERE (AA IN ('AAft')) AND (BB IN ('BBhw','BBkr')) ORDER BY VALUE DESC LIMIT 2",
 "sqlResult": "{72} || {71}",
 "nlq": "What are the largest 2 numbers of BBkr or BBhw accidents involving AAft casualties?"},
{"name": "template 13",
 "sql": "SELECT Value FROM DBdata WHERE (AA IN ('AAft')) AND (BB IN ('BBhw','BBkr')) ORDER BY VALUE DESC",
 "sqlResult": "{72} || {71}",
 "nlq": "What are the numbers ordered by decreasing values of BBkr or BBhw accidents involving AAft casualties?"},
{"name": "template 14",
 "sql": "SELECT BB FROM DBdata WHERE (AA IN ('AAwx')) AND Value < 48.75",
 "sqlResult": "{BBhw} || {BBkr}",
 "nlq": "What is the BB for which the number of accidents involving AAwx casualties is lower than 48.75?"},
{"name": "template 15",
 "sql": "SELECT BB,Value FROM DBdata WHERE (AA IN ('AAft')) AND (BB) IN (SELECT BB FROM DBdata WHERE (AA IN ('AAwx')) AND Value < 48.75)",
 "sqlResult": "{BBhw | 72} || {BBkr | 71}",
 "nlq": "What is the number of accidents involving AAft casualties of BB for which the number of accidents involving AAwx casualties is lower than 48.75? Please, report the corresponding BB and number of accidents."}]
}

