{
"filename": "Number_of_accidents_set56_3_DB.csv",
"questions": [{"name": "template 1",
 "sql": "SELECT Value FROM DBdata WHERE (Gender IN ('Male')) AND ((Event = 'Traffic' AND Severity = 'Serious'))",
 "sqlResult": "{75}",
 "nlq": "What is the number of Serious Traffic accidents involving Male casualties?"},
{"name": "template 2",
 "sql": "SELECT Value FROM DBdata WHERE (Gender IN ('Female')) AND ((Event = 'Traffic' AND Severity = 'Serious'))",
 "sqlResult": "{41}",
 "nlq": "What is the number of Serious Traffic accidents involving Female casualties?"},
{"name": "template 3",
 "sql": "SELECT Value FROM DBdata WHERE (Gender IN ('Male','Female')) AND ((Event = 'Drowning' AND Severity = 'Serious'))",
 "sqlResult": "{55} || {100}",
 "nlq": "What is the number of Serious Drowning accidents involving Female or Male casualties?"},
{"name": "template 4",
 "sql": "SELECT sum(Value),max(Value) FROM DBdata WHERE (Gender IN ('Male','Female')) AND ((Event = 'Drowning' AND Severity = 'Serious'))",
 "sqlResult": "{155 | 100}",
 "nlq": "What are the total and maximum numbers of Serious Drowning accidents involving Female or Male casualties?"},
{"name": "template 5",
 "sql": "SELECT avg(Value) FROM DBdata WHERE (Gender IN ('Male','Female')) AND ((Event = 'Drowning' AND Severity = 'Serious'))",
 "sqlResult": "{77.5}",
 "nlq": "What is the average number of Serious Drowning accidents involving Female or Male casualties?"},
{"name": "template 6",
 "sql": "SELECT Value FROM DBdata WHERE (Gender IN ('Male')) AND ((Event = 'Traffic' AND Severity = 'Serious') OR (Event = 'Drowning' AND Severity = 'Serious'))",
 "sqlResult": "{75} || {55}",
 "nlq": "What is the number of Serious Drowning or Traffic accidents involving Male casualties?"},
{"name": "template 7",
 "sql": "SELECT avg(Value),min(Value) FROM DBdata WHERE (Gender IN ('Male')) AND ((Event = 'Traffic' AND Severity = 'Serious') OR (Event = 'Drowning' AND Severity = 'Serious'))",
 "sqlResult": "{65 | 55}",
 "nlq": "What are the average and minimum numbers of Serious Drowning or Traffic accidents involving Male casualties?"},
{"name": "template 8",
 "sql": "SELECT Gender,min(Value),avg(Value) FROM DBdata WHERE (Gender IN ('Male','Female')) AND ((Event = 'Drowning' AND Severity = 'Serious')) GROUP BY Gender",
 "sqlResult": "{Female | 100 | 100} || {Male | 55 | 55}",
 "nlq": "What are the minimum and average numbers for each Gender, of Serious Drowning accidents involving Female or Male casualties? Please, report the corresponding Gender."},
{"name": "template 9",
 "sql": "SELECT min(Value) FROM DBdata WHERE (Gender IN ('Female')) AND (Event IN ('Traffic','Drowning')) GROUP BY Event",
 "sqlResult": "{100} || {41}",
 "nlq": "What is the minimum number for each Event, of Drowning or Traffic accidents involving Female casualties?"},
{"name": "template 10",
 "sql": "SELECT Event,min(Value) FROM DBdata WHERE (Gender IN ('Male')) AND (Event IN ('Traffic','Drowning')) GROUP BY Event",
 "sqlResult": "{Drowning | 55} || {Traffic | 75}",
 "nlq": "What is the minimum number for each Event, of Drowning or Traffic accidents involving Male casualties? Please, report the corresponding Event."},
{"name": "template 11",
 "sql": "SELECT Event,Gender,avg(Value) FROM DBdata WHERE (Gender IN ('Male','Female')) AND (Event IN ('Traffic','Drowning')) GROUP BY Event,Gender",
 "sqlResult": "{Drowning | Female | 100} || {Drowning | Male | 55} || {Traffic | Female | 41} || {Traffic | Male | 75}",
 "nlq": "What is the average number for each Event and Gender, of Drowning or Traffic accidents involving Female or Male casualties? Please, report the corresponding Event and Gender."},
{"name": "template 12",
 "sql": "SELECT Value FROM DBdata WHERE (Gender IN ('Male')) AND (Event IN ('Traffic','Drowning')) ORDER BY VALUE ASC LIMIT 2",
 "sqlResult": "{55} || {75}",
 "nlq": "What are the smallest 2 numbers of Drowning or Traffic accidents involving Male casualties?"},
{"name": "template 13",
 "sql": "SELECT Value FROM DBdata WHERE (Gender IN ('Female')) AND (Event IN ('Traffic','Drowning')) ORDER BY VALUE DESC",
 "sqlResult": "{100} || {41}",
 "nlq": "What are the numbers ordered by decreasing values of Drowning or Traffic accidents involving Female casualties?"},
{"name": "template 14",
 "sql": "SELECT Event,Severity FROM DBdata WHERE (Gender IN ('Female')) AND Value < 67.75",
 "sqlResult": "{Traffic | Serious}",
 "nlq": "What are the Event and Severity for which the number of accidents involving Female casualties is lower than 67.75?"},
{"name": "template 15",
 "sql": "SELECT Event,Severity,Value FROM DBdata WHERE (Gender IN ('Male')) AND (Event,Severity) IN (SELECT Event,Severity FROM DBdata WHERE (Gender IN ('Female')) AND Value < 67.75)",
 "sqlResult": "{Traffic | Serious | 75}",
 "nlq": "What is the number of accidents involving Male casualties of Event and of Severity for which the number of accidents involving Female casualties is lower than 67.75? Please, report the corresponding Event, Severity, and number of accidents."}]
}
