{
"filename": "Number_of_accidents_set46_4_DB.csv",
"questions": [{"name": "template 1",
 "sql": "SELECT Value FROM DBdata WHERE (AA IN ('AAdr')) AND ((BB = 'BBfs' AND CC = 'CCgp'))",
 "sqlResult": "{61}",
 "nlq": "What is the number of CCgp BBfs accidents involving AAdr casualties?"},
{"name": "template 2",
 "sql": "SELECT Value FROM DBdata WHERE (AA IN ('AAdr')) AND ((BB = 'BBfs' AND CC = 'CCgp') OR (BB = 'BBfs' AND CC = 'CCch'))",
 "sqlResult": "{61} || {89}",
 "nlq": "What is the number of CCch or CCgp BBfs accidents involving AAdr casualties?"},
{"name": "template 3",
 "sql": "SELECT Value FROM DBdata WHERE (AA IN ('AAbw')) AND ((BB = 'BBfs' AND CC = 'CCch'))",
 "sqlResult": "{25}",
 "nlq": "What is the number of CCch BBfs accidents involving AAbw casualties?"},
{"name": "template 4",
 "sql": "SELECT avg(Value),min(Value) FROM DBdata WHERE (AA IN ('AAdr')) AND ((BB = 'BBqv' AND CC = 'CCch'))",
 "sqlResult": "{38 | 38}",
 "nlq": "What are the average and minimum numbers of CCch BBqv accidents involving AAdr casualties?"},
{"name": "template 6",
 "sql": "SELECT Value FROM DBdata WHERE (AA IN ('AAbw')) AND ((BB = 'BBfs' AND CC = 'CCgp') OR (BB = 'BBqv' AND CC = 'CCgp'))",
 "sqlResult": "{64} || {43}",
 "nlq": "What is the number of CCgp BBfs or BBqv accidents involving AAbw casualties?"},
{"name": "template 7",
 "sql": "SELECT sum(Value),max(Value) FROM DBdata WHERE (AA IN ('AAdr')) AND ((BB = 'BBqv' AND CC = 'CCgp') OR (BB = 'BBqv' AND CC = 'CCch'))",
 "sqlResult": "{95 | 57}",
 "nlq": "What are the total and maximum numbers of CCch or CCgp BBqv accidents involving AAdr casualties?"},
{"name": "template 8",
 "sql": "SELECT AA,min(Value),max(Value) FROM DBdata WHERE (AA IN ('AAbw')) AND ((BB = 'BBfs' AND CC = 'CCgp') OR (BB = 'BBqv' AND CC = 'CCgp') OR (BB = 'BBfs' AND CC = 'CCch') OR (BB = 'BBqv' AND CC = 'CCch')) GROUP BY AA",
 "sqlResult": "{AAbw | 22 | 64}",
 "nlq": "What are the minimum and maximum numbers for each AA, of CCch or CCgp BBfs or BBqv accidents involving AAbw casualties? Please, report the corresponding AA."},
{"name": "template 9",
 "sql": "SELECT min(Value) FROM DBdata WHERE (AA IN ('AAdr')) AND (BB IN ('BBfs','BBqv')) GROUP BY BB",
 "sqlResult": "{61} || {38}",
 "nlq": "What is the minimum number for each BB, of BBfs or BBqv accidents involving AAdr casualties?"},
{"name": "template 10",
 "sql": "SELECT BB,min(Value) FROM DBdata WHERE (AA IN ('AAdr')) AND (BB IN ('BBfs','BBqv')) GROUP BY BB",
 "sqlResult": "{BBfs | 61} || {BBqv | 38}",
 "nlq": "What is the minimum number for each BB, of BBfs or BBqv accidents involving AAdr casualties? Please, report the corresponding BB."},
{"name": "template 11",
 "sql": "SELECT BB,AA,avg(Value) FROM DBdata WHERE (AA IN ('AAbw')) AND (BB IN ('BBfs','BBqv')) GROUP BY BB,AA",
 "sqlResult": "{BBfs | AAbw | 44.5} || {BBqv | AAbw | 32.5}",
 "nlq": "What is the average number for each BB and AA, of BBfs or BBqv accidents involving AAbw casualties? Please, report the corresponding BB and AA."},
{"name": "template 12",
 "sql": "SELECT Value FROM DBdata WHERE (AA IN ('AAdr')) AND (BB IN ('BBfs','BBqv')) ORDER BY VALUE ASC LIMIT 2",
 "sqlResult": "{38} || {57}",
 "nlq": "What are the smallest 2 numbers of BBfs or BBqv accidents involving AAdr casualties?"},
{"name": "template 13",
 "sql": "SELECT Value FROM DBdata WHERE (AA IN ('AAdr')) AND (BB IN ('BBfs','BBqv')) ORDER BY VALUE ASC",
 "sqlResult": "{38} || {57} || {61} || {89}",
 "nlq": "What are the numbers ordered by increasing values of BBfs or BBqv accidents involving AAdr casualties?"},
{"name": "template 14",
 "sql": "SELECT BB,CC FROM DBdata WHERE (AA IN ('AAbw')) AND Value > 49.88",
 "sqlResult": "{BBfs | CCgp}",
 "nlq": "What are the BB and CC for which the number of accidents involving AAbw casualties is greater than 49.88?"},
{"name": "template 15",
 "sql": "SELECT BB,CC,Value FROM DBdata WHERE (AA IN ('AAdr')) AND (BB,CC) IN (SELECT BB,CC FROM DBdata WHERE (AA IN ('AAbw')) AND Value > 49.88)",
 "sqlResult": "{BBfs | CCgp | 61}",
 "nlq": "What is the number of accidents involving AAdr casualties of BB and of CC for which the number of accidents involving AAbw casualties is greater than 49.88? Please, report the corresponding BB, CC, and number of accidents."}]
}

