{
"filename": "Number_of_accidents_set42_1_DB.csv",
"questions": [{"name": "template 1",
 "sql": "SELECT Value FROM DBdata WHERE (AA IN ('AAjt')) AND ((BB = 'BBdf' AND CC = 'CCmy'))",
 "sqlResult": "{37}",
 "nlq": "What is the number of CCmy BBdf accidents involving AAjt casualties?"},
{"name": "template 2",
 "sql": "SELECT Value FROM DBdata WHERE (AA IN ('AAbm')) AND ((BB = 'BBdm' AND CC = 'CCmy') OR (BB = 'BBdf' AND CC = 'CCjn') OR (BB = 'BBdf' AND CC = 'CCkz'))",
 "sqlResult": "{99} || {46} || {35}",
 "nlq": "What is the number of CCkz or CCjn BBdf or CCmy BBdm accidents involving AAbm casualties?"},
{"name": "template 3",
 "sql": "SELECT Value FROM DBdata WHERE (AA IN ('AAbm','AAjt')) AND ((BB = 'BBdm' AND CC = 'CCjn'))",
 "sqlResult": "{87} || {67}",
 "nlq": "What is the number of CCjn BBdm accidents involving AAjt or AAbm casualties?"},
{"name": "template 4",
 "sql": "SELECT sum(Value),max(Value) FROM DBdata WHERE (AA IN ('AAbm','AAjt')) AND ((BB = 'BBdm' AND CC = 'CCmy'))",
 "sqlResult": "{110 | 99}",
 "nlq": "What are the total and maximum numbers of CCmy BBdm accidents involving AAjt or AAbm casualties?"},
{"name": "template 6",
 "sql": "SELECT Value FROM DBdata WHERE (AA IN ('AAbm')) AND ((BB = 'BBdf' AND CC = 'CCjn') OR (BB = 'BBdf' AND CC = 'CCkz'))",
 "sqlResult": "{46} || {35}",
 "nlq": "What is the number of CCkz or CCjn BBdf accidents involving AAbm casualties?"},
{"name": "template 7",
 "sql": "SELECT min(Value),avg(Value) FROM DBdata WHERE (AA IN ('AAjt')) AND ((BB = 'BBdf' AND CC = 'CCmy') OR (BB = 'BBdm' AND CC = 'CCmy') OR (BB = 'BBdf' AND CC = 'CCjn') OR (BB = 'BBdf' AND CC = 'CCkz') OR (BB = 'BBdm' AND CC = 'CCkz'))",
 "sqlResult": "{11 | 39.2}",
 "nlq": "What are the minimum and average numbers of CCkz or CCmy BBdm or CCkz, CCjn, or CCmy BBdf accidents involving AAjt casualties?"},
{"name": "template 8",
 "sql": "SELECT AA,sum(Value),max(Value) FROM DBdata WHERE (AA IN ('AAbm')) AND ((BB = 'BBdf' AND CC = 'CCmy') OR (BB = 'BBdf' AND CC = 'CCjn') OR (BB = 'BBdm' AND CC = 'CCjn') OR (BB = 'BBdf' AND CC = 'CCkz') OR (BB = 'BBdm' AND CC = 'CCkz')) GROUP BY AA",
 "sqlResult": "{AAbm | 301 | 87}",
 "nlq": "What are the total and maximum numbers for each AA, of CCkz or CCjn BBdm or CCkz, CCjn, or CCmy BBdf accidents involving AAbm casualties? Please, report the corresponding AA."},
{"name": "template 9",
 "sql": "SELECT min(Value) FROM DBdata WHERE (AA IN ('AAbm')) AND (BB IN ('BBdf','BBdm')) GROUP BY BB",
 "sqlResult": "{75} || {35}",
 "nlq": "What is the minimum number for each BB, of BBdm or BBdf accidents involving AAbm casualties?"},
{"name": "template 10",
 "sql": "SELECT BB,avg(Value) FROM DBdata WHERE (AA IN ('AAjt')) AND (BB IN ('BBdf','BBdm')) GROUP BY BB",
 "sqlResult": "{BBdm | 43.67} || {BBdf | 44}",
 "nlq": "What is the average number for each BB, of BBdm or BBdf accidents involving AAjt casualties? Please, report the corresponding BB."},
{"name": "template 11",
 "sql": "SELECT BB,AA,sum(Value) FROM DBdata WHERE (AA IN ('AAbm')) AND (BB IN ('BBdf','BBdm')) GROUP BY BB,AA",
 "sqlResult": "{BBdm | AAbm | 261} || {BBdf | AAbm | 139}",
 "nlq": "What is the total number for each BB and AA, of BBdm or BBdf accidents involving AAbm casualties? Please, report the corresponding BB and AA."},
{"name": "template 12",
 "sql": "SELECT Value FROM DBdata WHERE (AA IN ('AAbm')) AND (BB IN ('BBdf','BBdm')) ORDER BY VALUE DESC LIMIT 2",
 "sqlResult": "{99} || {87}",
 "nlq": "What are the largest 2 numbers of BBdm or BBdf accidents involving AAbm casualties?"},
{"name": "template 13",
 "sql": "SELECT Value FROM DBdata WHERE (AA IN ('AAjt')) AND (BB IN ('BBdf','BBdm')) ORDER BY VALUE ASC",
 "sqlResult": "{11} || {37} || {40} || {53} || {55} || {67}",
 "nlq": "What are the numbers ordered by increasing values of BBdm or BBdf accidents involving AAjt casualties?"},
{"name": "template 14",
 "sql": "SELECT BB,CC FROM DBdata WHERE (AA IN ('AAjt')) AND Value > 55.25",
 "sqlResult": "{BBdm | CCjn}",
 "nlq": "What are the BB and CC for which the number of accidents involving AAjt casualties is greater than 55.25?"},
{"name": "template 15",
 "sql": "SELECT BB,CC,Value FROM DBdata WHERE (AA IN ('AAbm')) AND (BB,CC) IN (SELECT BB,CC FROM DBdata WHERE (AA IN ('AAjt')) AND Value > 55.25)",
 "sqlResult": "{BBdm | CCjn | 87}",
 "nlq": "What is the number of accidents involving AAbm casualties of BB and of CC for which the number of accidents involving AAjt casualties is greater than 55.25? Please, report the corresponding BB, CC, and number of accidents."}]
}

