{
"filename": "Number_of_accidents_set3_1_DB.csv",
"questions": [{"name": "template 1",
 "sql": "SELECT Value FROM DBdata WHERE (AA IN ('AAmv')) AND (BB IN ('BBcq'))",
 "sqlResult": "{68}",
 "nlq": "What is the number of BBcq accidents involving AAmv casualties?"},
{"name": "template 2",
 "sql": "SELECT Value FROM DBdata WHERE (AA IN ('AAlq')) AND (BB IN ('BBcq','BBvz'))",
 "sqlResult": "{73} || {66}",
 "nlq": "What is the number of BBcq or BBvz accidents involving AAlq casualties?"},
{"name": "template 3",
 "sql": "SELECT Value FROM DBdata WHERE (AA IN ('AAlq','AAmv')) AND (BB IN ('BBvz'))",
 "sqlResult": "{66} || {51}",
 "nlq": "What is the number of BBvz accidents involving AAmv or AAlq casualties?"},
{"name": "template 4",
 "sql": "SELECT max(Value),avg(Value) FROM DBdata WHERE (AA IN ('AAlq','AAmv')) AND (BB IN ('BBcq'))",
 "sqlResult": "{73 | 70.5}",
 "nlq": "What are the maximum and average numbers of BBcq accidents involving AAmv or AAlq casualties?"},
{"name": "template 6",
 "sql": "SELECT Value FROM DBdata WHERE (AA IN ('AAlq','AAmv')) AND (BB IN ('BBcq','BBvz'))",
 "sqlResult": "{73} || {68} || {66} || {51}",
 "nlq": "What is the number of BBcq or BBvz accidents involving AAmv or AAlq casualties?"},
{"name": "template 7",
 "sql": "SELECT max(Value),avg(Value) FROM DBdata WHERE (AA IN ('AAmv')) AND (BB IN ('BBcq'))",
 "sqlResult": "{68 | 68}",
 "nlq": "What are the maximum and average numbers of BBcq accidents involving AAmv casualties?"},
{"name": "template 8",
 "sql": "SELECT AA,sum(Value),max(Value) FROM DBdata WHERE (AA IN ('AAmv')) AND (BB IN ('BBvz')) GROUP BY AA",
 "sqlResult": "{AAmv | 51 | 51}",
 "nlq": "What are the total and maximum numbers for each AA, of BBvz accidents involving AAmv casualties? Please, report the corresponding AA."},
{"name": "template 9",
 "sql": "SELECT min(Value) FROM DBdata WHERE (AA IN ('AAmv')) AND (BB IN ('BBcq','BBvz')) GROUP BY BB",
 "sqlResult": "{68} || {51}",
 "nlq": "What is the minimum number for each BB, of BBcq or BBvz accidents involving AAmv casualties?"},
{"name": "template 10",
 "sql": "SELECT BB,min(Value) FROM DBdata WHERE (AA IN ('AAmv')) AND (BB IN ('BBcq','BBvz')) GROUP BY BB",
 "sqlResult": "{BBcq | 68} || {BBvz | 51}",
 "nlq": "What is the minimum number for each BB, of BBcq or BBvz accidents involving AAmv casualties? Please, report the corresponding BB."},
{"name": "template 11",
 "sql": "SELECT BB,AA,avg(Value) FROM DBdata WHERE (AA IN ('AAlq')) AND (BB IN ('BBcq','BBvz')) GROUP BY BB,AA",
 "sqlResult": "{BBcq | AAlq | 73} || {BBvz | AAlq | 66}",
 "nlq": "What is the average number for each BB and AA, of BBcq or BBvz accidents involving AAlq casualties? Please, report the corresponding BB and AA."},
{"name": "template 12",
 "sql": "SELECT Value FROM DBdata WHERE (AA IN ('AAlq')) AND (BB IN ('BBcq','BBvz')) ORDER BY VALUE ASC LIMIT 2",
 "sqlResult": "{66} || {73}",
 "nlq": "What are the smallest 2 numbers of BBcq or BBvz accidents involving AAlq casualties?"},
{"name": "template 13",
 "sql": "SELECT Value FROM DBdata WHERE (AA IN ('AAlq')) AND (BB IN ('BBcq','BBvz')) ORDER BY VALUE ASC",
 "sqlResult": "{66} || {73}",
 "nlq": "What are the numbers ordered by increasing values of BBcq or BBvz accidents involving AAlq casualties?"},
{"name": "template 14",
 "sql": "SELECT BB FROM DBdata WHERE (AA IN ('AAmv')) AND Value < 64.5",
 "sqlResult": "{BBvz}",
 "nlq": "What is the BB for which the number of accidents involving AAmv casualties is lower than 64.5?"},
{"name": "template 15",
 "sql": "SELECT BB,Value FROM DBdata WHERE (AA IN ('AAlq')) AND (BB) IN (SELECT BB FROM DBdata WHERE (AA IN ('AAmv')) AND Value < 64.5)",
 "sqlResult": "{BBvz | 66}",
 "nlq": "What is the number of accidents involving AAlq casualties of BB for which the number of accidents involving AAmv casualties is lower than 64.5? Please, report the corresponding BB and number of accidents."}]
}

