{
"filename": "Number_of_accidents_set40_1_DB.csv",
"questions": [{"name": "template 1",
 "sql": "SELECT Value FROM DBdata WHERE (AA IN ('AAdz')) AND ((CC = 'CCmz' AND BB = 'BBlm'))",
 "sqlResult": "{41}",
 "nlq": "What is the number of CCmz BBlm accidents involving AAdz casualties?"},
{"name": "template 2",
 "sql": "SELECT Value FROM DBdata WHERE (AA IN ('AAnv')) AND ((CC = 'CCkl' AND BB = 'BBlv') OR (CC = 'CCkl' AND BB = 'BBlm') OR (CC = 'CCmz' AND BB = 'BBlm'))",
 "sqlResult": "{39} || {67} || {29}",
 "nlq": "What is the number of CCmz BBlm or CCkl BBlm or BBlv accidents involving AAnv casualties?"},
{"name": "template 3",
 "sql": "SELECT Value FROM DBdata WHERE (AA IN ('AAnv','AAdz')) AND ((CC = 'CCkl' AND BB = 'BBks'))",
 "sqlResult": "{96} || {77}",
 "nlq": "What is the number of CCkl BBks accidents involving AAdz or AAnv casualties?"},
{"name": "template 4",
 "sql": "SELECT avg(Value),max(Value) FROM DBdata WHERE (AA IN ('AAnv','AAdz')) AND ((CC = 'CCmz' AND BB = 'BBlv'))",
 "sqlResult": "{80 | 88}",
 "nlq": "What are the average and maximum numbers of CCmz BBlv accidents involving AAdz or AAnv casualties?"},
{"name": "template 6",
 "sql": "SELECT Value FROM DBdata WHERE (AA IN ('AAnv')) AND ((CC = 'CCht' AND BB = 'BBlv') OR (CC = 'CCmz' AND BB = 'BBlv'))",
 "sqlResult": "{35} || {72}",
 "nlq": "What is the number of CCmz or CCht BBlv accidents involving AAnv casualties?"},
{"name": "template 7",
 "sql": "SELECT min(Value),avg(Value) FROM DBdata WHERE (AA IN ('AAnv')) AND ((CC = 'CCht' AND BB = 'BBlv') OR (CC = 'CCkl' AND BB = 'BBks') OR (CC = 'CCkl' AND BB = 'BBlm') OR (CC = 'CCmz' AND BB = 'BBlm'))",
 "sqlResult": "{29 | 56.75}",
 "nlq": "What are the minimum and average numbers of CCmz BBlm, CCkl BBlm or BBks, or CCht BBlv accidents involving AAnv casualties?"},
{"name": "template 8",
 "sql": "SELECT AA,sum(Value),avg(Value) FROM DBdata WHERE (AA IN ('AAnv')) AND ((CC = 'CCht' AND BB = 'BBks') OR (CC = 'CCmz' AND BB = 'BBks')) GROUP BY AA",
 "sqlResult": "{AAnv | 122 | 61}",
 "nlq": "What are the total and average numbers for each AA, of CCmz or CCht BBks accidents involving AAnv casualties? Please, report the corresponding AA."},
{"name": "template 9",
 "sql": "SELECT min(Value) FROM DBdata WHERE (AA IN ('AAnv')) AND (CC IN ('CCht','CCkl','CCmz')) GROUP BY CC",
 "sqlResult": "{29} || {39} || {35}",
 "nlq": "What is the minimum number for each CC, of CCmz, CCkl, or CCht accidents involving AAnv casualties?"},
{"name": "template 10",
 "sql": "SELECT CC,sum(Value) FROM DBdata WHERE (AA IN ('AAdz')) AND (CC IN ('CCht','CCkl','CCmz')) GROUP BY CC",
 "sqlResult": "{CCmz | 173} || {CCkl | 166} || {CCht | 109}",
 "nlq": "What is the total number for each CC, of CCmz, CCkl, or CCht accidents involving AAdz casualties? Please, report the corresponding CC."},
{"name": "template 11",
 "sql": "SELECT CC,AA,max(Value) FROM DBdata WHERE (AA IN ('AAdz')) AND (CC IN ('CCht','CCkl','CCmz')) GROUP BY CC,AA",
 "sqlResult": "{CCmz | AAdz | 88} || {CCkl | AAdz | 79} || {CCht | AAdz | 60}",
 "nlq": "What is the maximum number for each CC and AA, of CCmz, CCkl, or CCht accidents involving AAdz casualties? Please, report the corresponding CC and AA."},
{"name": "template 12",
 "sql": "SELECT Value FROM DBdata WHERE (AA IN ('AAnv')) AND (CC IN ('CCkl','CCmz')) ORDER BY VALUE DESC LIMIT 5",
 "sqlResult": "{96} || {72} || {67} || {56} || {39}",
 "nlq": "What are the largest 5 numbers of CCmz or CCkl accidents involving AAnv casualties?"},
{"name": "template 13",
 "sql": "SELECT Value FROM DBdata WHERE (AA IN ('AAnv')) AND (CC IN ('CCht','CCkl')) ORDER BY VALUE ASC",
 "sqlResult": "{35} || {39} || {63} || {66} || {67} || {96}",
 "nlq": "What are the numbers ordered by increasing values of CCkl or CCht accidents involving AAnv casualties?"},
{"name": "template 14",
 "sql": "SELECT CC,BB FROM DBdata WHERE (AA IN ('AAnv')) AND Value < 53.94",
 "sqlResult": "{CCht | BBlv} || {CCkl | BBlv} || {CCmz | BBlm}",
 "nlq": "What are the CC and BB for which the number of accidents involving AAnv casualties is lower than 53.94?"},
{"name": "template 15",
 "sql": "SELECT CC,BB,Value FROM DBdata WHERE (AA IN ('AAdz')) AND (CC,BB) IN (SELECT CC,BB FROM DBdata WHERE (AA IN ('AAnv')) AND Value < 53.94)",
 "sqlResult": "{CCht | BBlv | 38} || {CCkl | BBlv | 10} || {CCmz | BBlm | 41}",
 "nlq": "What is the number of accidents involving AAdz casualties of CC and of BB for which the number of accidents involving AAnv casualties is lower than 53.94? Please, report the corresponding CC, BB, and number of accidents."}]
}

