{
"filename": "Number_of_accidents_set58_4_DB.csv",
"questions": [{"name": "template 1",
 "sql": "SELECT Value FROM DBdata WHERE (AA IN ('AAry')) AND ((CC = 'CClm' AND BB = 'BBxy'))",
 "sqlResult": "{69}",
 "nlq": "What is the number of CClm BBxy accidents involving AAry casualties?"},
{"name": "template 2",
 "sql": "SELECT Value FROM DBdata WHERE (AA IN ('AAch')) AND ((CC = 'CCwx' AND BB = 'BBxy') OR (CC = 'CCqw' AND BB = 'BBxy') OR (CC = 'CClm' AND BB = 'BBxy') OR (CC = 'CClm' AND BB = 'BBgh'))",
 "sqlResult": "{29} || {42} || {28} || {14}",
 "nlq": "What is the number of CClm BBgh or CClm, CCqw, or CCwx BBxy accidents involving AAch casualties?"},
{"name": "template 3",
 "sql": "SELECT Value FROM DBdata WHERE (AA IN ('AAch','AAry')) AND ((CC = 'CClm' AND BB = 'BBxy'))",
 "sqlResult": "{28} || {69}",
 "nlq": "What is the number of CClm BBxy accidents involving AAry or AAch casualties?"},
{"name": "template 4",
 "sql": "SELECT sum(Value),min(Value) FROM DBdata WHERE (AA IN ('AAch')) AND ((CC = 'CClm' AND BB = 'BBgh'))",
 "sqlResult": "{14 | 14}",
 "nlq": "What are the total and minimum numbers of CClm BBgh accidents involving AAch casualties?"},
{"name": "template 5",
 "sql": "SELECT avg(Value) FROM DBdata WHERE (AA IN ('AAch','AAry')) AND ((CC = 'CCqw' AND BB = 'BBxy'))",
 "sqlResult": "{26}",
 "nlq": "What is the average number of CCqw BBxy accidents involving AAry or AAch casualties?"},
{"name": "template 6",
 "sql": "SELECT Value FROM DBdata WHERE (AA IN ('AAch')) AND ((CC = 'CCwx' AND BB = 'BBgh') OR (CC = 'CCqw' AND BB = 'BBxy') OR (CC = 'CCqw' AND BB = 'BBgh') OR (CC = 'CClm' AND BB = 'BBxy'))",
 "sqlResult": "{71} || {42} || {81} || {28}",
 "nlq": "What is the number of CClm or CCqw BBxy or CCqw or CCwx BBgh accidents involving AAch casualties?"},
{"name": "template 7",
 "sql": "SELECT avg(Value),min(Value) FROM DBdata WHERE (AA IN ('AAch')) AND ((CC = 'CCwx' AND BB = 'BBxy') OR (CC = 'CCqw' AND BB = 'BBxy') OR (CC = 'CCqw' AND BB = 'BBgh'))",
 "sqlResult": "{50.67 | 29}",
 "nlq": "What are the average and minimum numbers of CCqw BBgh or CCqw or CCwx BBxy accidents involving AAch casualties?"},
{"name": "template 8",
 "sql": "SELECT AA,min(Value),max(Value) FROM DBdata WHERE (AA IN ('AAch','AAry')) AND ((CC = 'CCwx' AND BB = 'BBgh') OR (CC = 'CCqw' AND BB = 'BBxy') OR (CC = 'CCqw' AND BB = 'BBgh') OR (CC = 'CClm' AND BB = 'BBxy')) GROUP BY AA",
 "sqlResult": "{AAry | 10 | 85} || {AAch | 28 | 81}",
 "nlq": "What are the minimum and maximum numbers for each AA, of CClm or CCqw BBxy or CCqw or CCwx BBgh accidents involving AAry or AAch casualties? Please, report the corresponding AA."},
{"name": "template 9",
 "sql": "SELECT min(Value) FROM DBdata WHERE (AA IN ('AAch')) AND (CC IN ('CCwx','CCqw','CClm')) GROUP BY CC",
 "sqlResult": "{14} || {42} || {29}",
 "nlq": "What is the minimum number for each CC, of CClm, CCqw, or CCwx accidents involving AAch casualties?"},
{"name": "template 10",
 "sql": "SELECT CC,avg(Value) FROM DBdata WHERE (AA IN ('AAch')) AND (CC IN ('CCwx','CCqw','CClm')) GROUP BY CC",
 "sqlResult": "{CClm | 21} || {CCqw | 61.5} || {CCwx | 50}",
 "nlq": "What is the average number for each CC, of CClm, CCqw, or CCwx accidents involving AAch casualties? Please, report the corresponding CC."},
{"name": "template 11",
 "sql": "SELECT CC,AA,avg(Value) FROM DBdata WHERE (AA IN ('AAch','AAry')) AND (CC IN ('CCwx','CCqw','CClm')) GROUP BY CC,AA",
 "sqlResult": "{CClm | AAry | 67} || {CClm | AAch | 21} || {CCqw | AAry | 47.5} || {CCqw | AAch | 61.5} || {CCwx | AAry | 48.5} || {CCwx | AAch | 50}",
 "nlq": "What is the average number for each CC and AA, of CClm, CCqw, or CCwx accidents involving AAry or AAch casualties? Please, report the corresponding CC and AA."},
{"name": "template 12",
 "sql": "SELECT Value FROM DBdata WHERE (AA IN ('AAry')) AND (CC IN ('CCwx','CCqw')) ORDER BY VALUE DESC LIMIT 2",
 "sqlResult": "{85} || {53}",
 "nlq": "What are the largest 2 numbers of CCqw or CCwx accidents involving AAry casualties?"},
{"name": "template 13",
 "sql": "SELECT Value FROM DBdata WHERE (AA IN ('AAch')) AND (CC IN ('CCwx','CClm')) ORDER BY VALUE ASC",
 "sqlResult": "{14} || {28} || {29} || {71}",
 "nlq": "What are the numbers ordered by increasing values of CClm or CCwx accidents involving AAch casualties?"},
{"name": "template 14",
 "sql": "SELECT CC,BB FROM DBdata WHERE (AA IN ('AAry')) AND Value > 49.25",
 "sqlResult": "{CCwx | BBxy} || {CCqw | BBgh} || {CClm | BBxy} || {CClm | BBgh}",
 "nlq": "What are the CC and BB for which the number of accidents involving AAry casualties is greater than 49.25?"},
{"name": "template 15",
 "sql": "SELECT CC,BB,Value FROM DBdata WHERE (AA IN ('AAch')) AND (CC,BB) IN (SELECT CC,BB FROM DBdata WHERE (AA IN ('AAry')) AND Value > 49.25)",
 "sqlResult": "{CCwx | BBxy | 29} || {CCqw | BBgh | 81} || {CClm | BBxy | 28} || {CClm | BBgh | 14}",
 "nlq": "What is the number of accidents involving AAch casualties of CC and of BB for which the number of accidents involving AAry casualties is greater than 49.25? Please, report the corresponding CC, BB, and number of accidents."}]
}

