{
"filename": "Number_of_accidents_set38_3_DB.csv",
"questions": [{"name": "template 1",
 "sql": "SELECT Value FROM DBdata WHERE (AA IN ('AApt')) AND ((CC = 'CCgq' AND BB = 'BBcm'))",
 "sqlResult": "{12}",
 "nlq": "What is the number of CCgq BBcm accidents involving AApt casualties?"},
{"name": "template 2",
 "sql": "SELECT Value FROM DBdata WHERE (AA IN ('AAqy')) AND ((CC = 'CCcf' AND BB = 'BBfz') OR (CC = 'CCcf' AND BB = 'BBcm') OR (CC = 'CCrw' AND BB = 'BBfz') OR (CC = 'CCrw' AND BB = 'BBcm') OR (CC = 'CCgq' AND BB = 'BBfz') OR (CC = 'CCgq' AND BB = 'BBcm'))",
 "sqlResult": "{100} || {93} || {20} || {38} || {86} || {81}",
 "nlq": "What is the number of CCgq, CCrw, or CCcf BBfz or BBcm accidents involving AAqy casualties?"},
{"name": "template 3",
 "sql": "SELECT Value FROM DBdata WHERE (AA IN ('AAqy','AApt')) AND ((CC = 'CCrw' AND BB = 'BBcm'))",
 "sqlResult": "{38} || {59}",
 "nlq": "What is the number of CCrw BBcm accidents involving AApt or AAqy casualties?"},
{"name": "template 4",
 "sql": "SELECT avg(Value),sum(Value) FROM DBdata WHERE (AA IN ('AAqy')) AND ((CC = 'CCcf' AND BB = 'BBcm'))",
 "sqlResult": "{93 | 93}",
 "nlq": "What are the average and total numbers of CCcf BBcm accidents involving AAqy casualties?"},
{"name": "template 6",
 "sql": "SELECT Value FROM DBdata WHERE (AA IN ('AApt')) AND ((CC = 'CCcf' AND BB = 'BBfz') OR (CC = 'CCrw' AND BB = 'BBcm'))",
 "sqlResult": "{21} || {59}",
 "nlq": "What is the number of CCrw BBcm or CCcf BBfz accidents involving AApt casualties?"},
{"name": "template 7",
 "sql": "SELECT min(Value),avg(Value) FROM DBdata WHERE (AA IN ('AApt')) AND ((CC = 'CCcf' AND BB = 'BBfz') OR (CC = 'CCcf' AND BB = 'BBcm') OR (CC = 'CCrw' AND BB = 'BBfz') OR (CC = 'CCgq' AND BB = 'BBfz') OR (CC = 'CCgq' AND BB = 'BBcm'))",
 "sqlResult": "{12 | 41.4}",
 "nlq": "What are the minimum and average numbers of CCgq or CCcf BBcm or CCgq, CCrw, or CCcf BBfz accidents involving AApt casualties?"},
{"name": "template 8",
 "sql": "SELECT AA,max(Value),sum(Value) FROM DBdata WHERE (AA IN ('AApt')) AND ((CC = 'CCrw' AND BB = 'BBfz') OR (CC = 'CCrw' AND BB = 'BBcm')) GROUP BY AA",
 "sqlResult": "{AApt | 59 | 96}",
 "nlq": "What are the maximum and total numbers for each AA, of CCrw BBfz or BBcm accidents involving AApt casualties? Please, report the corresponding AA."},
{"name": "template 9",
 "sql": "SELECT min(Value) FROM DBdata WHERE (AA IN ('AApt')) AND (CC IN ('CCcf','CCrw','CCgq')) GROUP BY CC",
 "sqlResult": "{12} || {37} || {21}",
 "nlq": "What is the minimum number for each CC, of CCgq, CCrw, or CCcf accidents involving AApt casualties?"},
{"name": "template 10",
 "sql": "SELECT CC,max(Value) FROM DBdata WHERE (AA IN ('AApt')) AND (CC IN ('CCcf','CCrw','CCgq')) GROUP BY CC",
 "sqlResult": "{CCgq | 63} || {CCrw | 59} || {CCcf | 74}",
 "nlq": "What is the maximum number for each CC, of CCgq, CCrw, or CCcf accidents involving AApt casualties? Please, report the corresponding CC."},
{"name": "template 11",
 "sql": "SELECT CC,AA,sum(Value) FROM DBdata WHERE (AA IN ('AAqy')) AND (CC IN ('CCcf','CCrw','CCgq')) GROUP BY CC,AA",
 "sqlResult": "{CCgq | AAqy | 167} || {CCrw | AAqy | 58} || {CCcf | AAqy | 193}",
 "nlq": "What is the total number for each CC and AA, of CCgq, CCrw, or CCcf accidents involving AAqy casualties? Please, report the corresponding CC and AA."},
{"name": "template 12",
 "sql": "SELECT Value FROM DBdata WHERE (AA IN ('AAqy')) AND (CC IN ('CCcf','CCrw')) ORDER BY VALUE ASC LIMIT 2",
 "sqlResult": "{20} || {38}",
 "nlq": "What are the smallest 2 numbers of CCrw or CCcf accidents involving AAqy casualties?"},
{"name": "template 13",
 "sql": "SELECT Value FROM DBdata WHERE (AA IN ('AApt')) AND (CC IN ('CCcf','CCrw')) ORDER BY VALUE ASC",
 "sqlResult": "{21} || {37} || {59} || {74}",
 "nlq": "What are the numbers ordered by increasing values of CCrw or CCcf accidents involving AApt casualties?"},
{"name": "template 14",
 "sql": "SELECT CC,BB FROM DBdata WHERE (AA IN ('AApt')) AND Value < 57",
 "sqlResult": "{CCcf | BBfz} || {CCrw | BBfz} || {CCgq | BBcm}",
 "nlq": "What are the CC and BB for which the number of accidents involving AApt casualties is lower than 57?"},
{"name": "template 15",
 "sql": "SELECT CC,BB,Value FROM DBdata WHERE (AA IN ('AAqy')) AND (CC,BB) IN (SELECT CC,BB FROM DBdata WHERE (AA IN ('AApt')) AND Value < 57)",
 "sqlResult": "{CCcf | BBfz | 100} || {CCrw | BBfz | 20} || {CCgq | BBcm | 81}",
 "nlq": "What is the number of accidents involving AAqy casualties of CC and of BB for which the number of accidents involving AApt casualties is lower than 57? Please, report the corresponding CC, BB, and number of accidents."}]
}

