{
"filename": "Number_of_accidents_set55_4_DB.csv",
"questions": [{"name": "template 1",
 "sql": "SELECT Value FROM DBdata WHERE (Gender IN ('Female')) AND ((Event = 'Fire' AND Severity = 'Slight'))",
 "sqlResult": "{63}",
 "nlq": "What is the number of Slight Fire accidents involving Female casualties?"},
{"name": "template 2",
 "sql": "SELECT Value FROM DBdata WHERE (Gender IN ('Male')) AND ((Event = 'Fire' AND Severity = 'Slight') OR (Event = 'Traffic' AND Severity = 'Slight') OR (Event = 'Drowning' AND Severity = 'Slight'))",
 "sqlResult": "{95} || {100} || {81}",
 "nlq": "What is the number of Slight Drowning, Fire, or Traffic accidents involving Male casualties?"},
{"name": "template 3",
 "sql": "SELECT Value FROM DBdata WHERE (Gender IN ('Male')) AND ((Event = 'Fire' AND Severity = 'Slight'))",
 "sqlResult": "{95}",
 "nlq": "What is the number of Slight Fire accidents involving Male casualties?"},
{"name": "template 4",
 "sql": "SELECT min(Value),sum(Value) FROM DBdata WHERE (Gender IN ('Male','Female')) AND ((Event = 'Traffic' AND Severity = 'Slight'))",
 "sqlResult": "{57 | 157}",
 "nlq": "What are the minimum and total numbers of Slight Traffic accidents involving Female or Male casualties?"},
{"name": "template 5",
 "sql": "SELECT avg(Value) FROM DBdata WHERE (Gender IN ('Male','Female')) AND ((Event = 'Fire' AND Severity = 'Slight'))",
 "sqlResult": "{79}",
 "nlq": "What is the average number of Slight Fire accidents involving Female or Male casualties?"},
{"name": "template 6",
 "sql": "SELECT Value FROM DBdata WHERE (Gender IN ('Male','Female')) AND ((Event = 'Fire' AND Severity = 'Slight') OR (Event = 'Traffic' AND Severity = 'Slight'))",
 "sqlResult": "{95} || {63} || {100} || {57}",
 "nlq": "What is the number of Slight Fire or Traffic accidents involving Female or Male casualties?"},
{"name": "template 7",
 "sql": "SELECT min(Value),avg(Value) FROM DBdata WHERE (Gender IN ('Female')) AND ((Event = 'Fire' AND Severity = 'Slight') OR (Event = 'Drowning' AND Severity = 'Slight'))",
 "sqlResult": "{63 | 68}",
 "nlq": "What are the minimum and average numbers of Slight Drowning or Fire accidents involving Female casualties?"},
{"name": "template 8",
 "sql": "SELECT Gender,min(Value),sum(Value) FROM DBdata WHERE (Gender IN ('Male','Female')) AND ((Event = 'Fire' AND Severity = 'Slight') OR (Event = 'Traffic' AND Severity = 'Slight') OR (Event = 'Drowning' AND Severity = 'Slight')) GROUP BY Gender",
 "sqlResult": "{Female | 57 | 193} || {Male | 81 | 276}",
 "nlq": "What are the minimum and total numbers for each Gender, of Slight Drowning, Fire, or Traffic accidents involving Female or Male casualties? Please, report the corresponding Gender."},
{"name": "template 9",
 "sql": "SELECT min(Value) FROM DBdata WHERE (Gender IN ('Male')) AND (Event IN ('Fire','Traffic','Drowning')) GROUP BY Event",
 "sqlResult": "{81} || {95} || {100}",
 "nlq": "What is the minimum number for each Event, of Drowning, Fire, or Traffic accidents involving Male casualties?"},
{"name": "template 10",
 "sql": "SELECT Event,avg(Value) FROM DBdata WHERE (Gender IN ('Female')) AND (Event IN ('Fire','Traffic','Drowning')) GROUP BY Event",
 "sqlResult": "{Drowning | 73} || {Fire | 63} || {Traffic | 57}",
 "nlq": "What is the average number for each Event, of Drowning, Fire, or Traffic accidents involving Female casualties? Please, report the corresponding Event."},
{"name": "template 11",
 "sql": "SELECT Event,Gender,avg(Value) FROM DBdata WHERE (Gender IN ('Male','Female')) AND (Event IN ('Fire','Traffic','Drowning')) GROUP BY Event,Gender",
 "sqlResult": "{Drowning | Female | 73} || {Drowning | Male | 81} || {Fire | Female | 63} || {Fire | Male | 95} || {Traffic | Female | 57} || {Traffic | Male | 100}",
 "nlq": "What is the average number for each Event and Gender, of Drowning, Fire, or Traffic accidents involving Female or Male casualties? Please, report the corresponding Event and Gender."},
{"name": "template 12",
 "sql": "SELECT Value FROM DBdata WHERE (Gender IN ('Male')) AND (Event IN ('Traffic','Drowning')) ORDER BY VALUE ASC LIMIT 2",
 "sqlResult": "{81} || {100}",
 "nlq": "What are the smallest 2 numbers of Drowning or Traffic accidents involving Male casualties?"},
{"name": "template 13",
 "sql": "SELECT Value FROM DBdata WHERE (Gender IN ('Female')) AND (Event IN ('Traffic','Drowning')) ORDER BY VALUE DESC",
 "sqlResult": "{73} || {57}",
 "nlq": "What are the numbers ordered by decreasing values of Drowning or Traffic accidents involving Female casualties?"},
{"name": "template 14",
 "sql": "SELECT Event,Severity FROM DBdata WHERE (Gender IN ('Female')) AND Value < 78.17",
 "sqlResult": "{Fire | Slight} || {Traffic | Slight} || {Drowning | Slight}",
 "nlq": "What are the Event and Severity for which the number of accidents involving Female casualties is lower than 78.17?"},
{"name": "template 15",
 "sql": "SELECT Event,Severity,Value FROM DBdata WHERE (Gender IN ('Male')) AND (Event,Severity) IN (SELECT Event,Severity FROM DBdata WHERE (Gender IN ('Female')) AND Value < 78.17)",
 "sqlResult": "{Fire | Slight | 95} || {Traffic | Slight | 100} || {Drowning | Slight | 81}",
 "nlq": "What is the number of accidents involving Male casualties of Event and of Severity for which the number of accidents involving Female casualties is lower than 78.17? Please, report the corresponding Event, Severity, and number of accidents."}]
}
