{
"filename": "Number_of_accidents_set41_3_DB.csv",
"questions": [{"name": "template 1",
 "sql": "SELECT Value FROM DBdata WHERE (Gender IN ('Male')) AND ((Event = 'Drowning' AND Severity = 'Serious'))",
 "sqlResult": "{93}",
 "nlq": "What is the number of Serious Drowning accidents involving Male casualties?"},
{"name": "template 2",
 "sql": "SELECT Value FROM DBdata WHERE (Gender IN ('Male')) AND ((Event = 'Traffic' AND Severity = 'Serious') OR (Event = 'Drowning' AND Severity = 'Serious'))",
 "sqlResult": "{46} || {93}",
 "nlq": "What is the number of Serious Drowning or Traffic accidents involving Male casualties?"},
{"name": "template 3",
 "sql": "SELECT Value FROM DBdata WHERE (Gender IN ('Female')) AND ((Event = 'Traffic' AND Severity = 'Serious'))",
 "sqlResult": "{71}",
 "nlq": "What is the number of Serious Traffic accidents involving Female casualties?"},
{"name": "template 4",
 "sql": "SELECT sum(Value),max(Value) FROM DBdata WHERE (Gender IN ('Female')) AND ((Event = 'Drowning' AND Severity = 'Serious'))",
 "sqlResult": "{85 | 85}",
 "nlq": "What are the total and maximum numbers of Serious Drowning accidents involving Female casualties?"},
{"name": "template 6",
 "sql": "SELECT Value FROM DBdata WHERE (Gender IN ('Male','Female')) AND ((Event = 'Traffic' AND Severity = 'Serious'))",
 "sqlResult": "{46} || {71}",
 "nlq": "What is the number of Serious Traffic accidents involving Female or Male casualties?"},
{"name": "template 7",
 "sql": "SELECT max(Value),sum(Value) FROM DBdata WHERE (Gender IN ('Female')) AND ((Event = 'Traffic' AND Severity = 'Serious') OR (Event = 'Drowning' AND Severity = 'Serious'))",
 "sqlResult": "{85 | 156}",
 "nlq": "What are the maximum and total numbers of Serious Drowning or Traffic accidents involving Female casualties?"},
{"name": "template 8",
 "sql": "SELECT Gender,avg(Value),max(Value) FROM DBdata WHERE (Gender IN ('Male','Female')) AND ((Event = 'Traffic' AND Severity = 'Serious')) GROUP BY Gender",
 "sqlResult": "{Female | 71 | 71} || {Male | 46 | 46}",
 "nlq": "What are the average and maximum numbers for each Gender, of Serious Traffic accidents involving Female or Male casualties? Please, report the corresponding Gender."},
{"name": "template 9",
 "sql": "SELECT min(Value) FROM DBdata WHERE (Gender IN ('Female')) AND (Event IN ('Traffic','Drowning')) GROUP BY Event",
 "sqlResult": "{85} || {71}",
 "nlq": "What is the minimum number for each Event, of Drowning or Traffic accidents involving Female casualties?"},
{"name": "template 10",
 "sql": "SELECT Event,max(Value) FROM DBdata WHERE (Gender IN ('Female')) AND (Event IN ('Traffic','Drowning')) GROUP BY Event",
 "sqlResult": "{Drowning | 85} || {Traffic | 71}",
 "nlq": "What is the maximum number for each Event, of Drowning or Traffic accidents involving Female casualties? Please, report the corresponding Event."},
{"name": "template 11",
 "sql": "SELECT Event,Gender,avg(Value) FROM DBdata WHERE (Gender IN ('Male')) AND (Event IN ('Traffic','Drowning')) GROUP BY Event,Gender",
 "sqlResult": "{Drowning | Male | 93} || {Traffic | Male | 46}",
 "nlq": "What is the average number for each Event and Gender, of Drowning or Traffic accidents involving Male casualties? Please, report the corresponding Event and Gender."},
{"name": "template 12",
 "sql": "SELECT Value FROM DBdata WHERE (Gender IN ('Female')) AND (Event IN ('Traffic','Drowning')) ORDER BY VALUE DESC LIMIT 2",
 "sqlResult": "{85} || {71}",
 "nlq": "What are the largest 2 numbers of Drowning or Traffic accidents involving Female casualties?"},
{"name": "template 13",
 "sql": "SELECT Value FROM DBdata WHERE (Gender IN ('Female')) AND (Event IN ('Traffic','Drowning')) ORDER BY VALUE ASC",
 "sqlResult": "{71} || {85}",
 "nlq": "What are the numbers ordered by increasing values of Drowning or Traffic accidents involving Female casualties?"},
{"name": "template 14",
 "sql": "SELECT Event,Severity FROM DBdata WHERE (Gender IN ('Male')) AND Value < 73.75",
 "sqlResult": "{Traffic | Serious}",
 "nlq": "What are the Event and Severity for which the number of accidents involving Male casualties is lower than 73.75?"},
{"name": "template 15",
 "sql": "SELECT Event,Severity,Value FROM DBdata WHERE (Gender IN ('Female')) AND (Event,Severity) IN (SELECT Event,Severity FROM DBdata WHERE (Gender IN ('Male')) AND Value < 73.75)",
 "sqlResult": "{Traffic | Serious | 71}",
 "nlq": "What is the number of accidents involving Female casualties of Event and of Severity for which the number of accidents involving Male casualties is lower than 73.75? Please, report the corresponding Event, Severity, and number of accidents."}]
}
