{
"filename": "Number_of_accidents_set47_3_DB.csv",
"questions": [{"name": "template 1",
 "sql": "SELECT Value FROM DBdata WHERE (AA IN ('AApr')) AND ((BB = 'BBcy' AND CC = 'CCcj'))",
 "sqlResult": "{18}",
 "nlq": "What is the number of CCcj BBcy accidents involving AApr casualties?"},
{"name": "template 2",
 "sql": "SELECT Value FROM DBdata WHERE (AA IN ('AApv')) AND ((BB = 'BBcy' AND CC = 'CCgz') OR (BB = 'BBdw' AND CC = 'CCgz') OR (BB = 'BBcy' AND CC = 'CCcj') OR (BB = 'BBdw' AND CC = 'CCcj'))",
 "sqlResult": "{100} || {27} || {29} || {49}",
 "nlq": "What is the number of CCcj or CCgz BBcy or BBdw accidents involving AApv casualties?"},
{"name": "template 3",
 "sql": "SELECT Value FROM DBdata WHERE (AA IN ('AApr','AApv')) AND ((BB = 'BBdw' AND CC = 'CCcj'))",
 "sqlResult": "{38} || {49}",
 "nlq": "What is the number of CCcj BBdw accidents involving AApv or AApr casualties?"},
{"name": "template 4",
 "sql": "SELECT min(Value),avg(Value) FROM DBdata WHERE (AA IN ('AApv')) AND ((BB = 'BBdw' AND CC = 'CCgz'))",
 "sqlResult": "{27 | 27}",
 "nlq": "What are the minimum and average numbers of CCgz BBdw accidents involving AApv casualties?"},
{"name": "template 6",
 "sql": "SELECT Value FROM DBdata WHERE (AA IN ('AApv')) AND ((BB = 'BBcy' AND CC = 'CCgz') OR (BB = 'BBdw' AND CC = 'CCgz') OR (BB = 'BBcy' AND CC = 'CCcj'))",
 "sqlResult": "{100} || {27} || {29}",
 "nlq": "What is the number of CCcj or CCgz BBcy or CCgz BBdw accidents involving AApv casualties?"},
{"name": "template 7",
 "sql": "SELECT avg(Value),sum(Value) FROM DBdata WHERE (AA IN ('AApr')) AND ((BB = 'BBcy' AND CC = 'CCgz') OR (BB = 'BBdw' AND CC = 'CCgz') OR (BB = 'BBcy' AND CC = 'CCcj') OR (BB = 'BBdw' AND CC = 'CCcj'))",
 "sqlResult": "{44 | 176}",
 "nlq": "What are the average and total numbers of CCcj or CCgz BBcy or BBdw accidents involving AApr casualties?"},
{"name": "template 8",
 "sql": "SELECT AA,max(Value),min(Value) FROM DBdata WHERE (AA IN ('AApr','AApv')) AND ((BB = 'BBcy' AND CC = 'CCgz') OR (BB = 'BBdw' AND CC = 'CCgz') OR (BB = 'BBcy' AND CC = 'CCcj') OR (BB = 'BBdw' AND CC = 'CCcj')) GROUP BY AA",
 "sqlResult": "{AApv | 100 | 27} || {AApr | 68 | 18}",
 "nlq": "What are the maximum and minimum numbers for each AA, of CCcj or CCgz BBcy or BBdw accidents involving AApv or AApr casualties? Please, report the corresponding AA."},
{"name": "template 9",
 "sql": "SELECT min(Value) FROM DBdata WHERE (AA IN ('AApv')) AND (BB IN ('BBcy','BBdw')) GROUP BY BB",
 "sqlResult": "{29} || {27}",
 "nlq": "What is the minimum number for each BB, of BBcy or BBdw accidents involving AApv casualties?"},
{"name": "template 10",
 "sql": "SELECT BB,max(Value) FROM DBdata WHERE (AA IN ('AApv')) AND (BB IN ('BBcy','BBdw')) GROUP BY BB",
 "sqlResult": "{BBcy | 100} || {BBdw | 49}",
 "nlq": "What is the maximum number for each BB, of BBcy or BBdw accidents involving AApv casualties? Please, report the corresponding BB."},
{"name": "template 11",
 "sql": "SELECT BB,AA,max(Value) FROM DBdata WHERE (AA IN ('AApv')) AND (BB IN ('BBcy','BBdw')) GROUP BY BB,AA",
 "sqlResult": "{BBcy | AApv | 100} || {BBdw | AApv | 49}",
 "nlq": "What is the maximum number for each BB and AA, of BBcy or BBdw accidents involving AApv casualties? Please, report the corresponding BB and AA."},
{"name": "template 12",
 "sql": "SELECT Value FROM DBdata WHERE (AA IN ('AApv')) AND (BB IN ('BBcy','BBdw')) ORDER BY VALUE ASC LIMIT 2",
 "sqlResult": "{27} || {29}",
 "nlq": "What are the smallest 2 numbers of BBcy or BBdw accidents involving AApv casualties?"},
{"name": "template 13",
 "sql": "SELECT Value FROM DBdata WHERE (AA IN ('AApv')) AND (BB IN ('BBcy','BBdw')) ORDER BY VALUE ASC",
 "sqlResult": "{27} || {29} || {49} || {100}",
 "nlq": "What are the numbers ordered by increasing values of BBcy or BBdw accidents involving AApv casualties?"},
{"name": "template 14",
 "sql": "SELECT BB,CC FROM DBdata WHERE (AA IN ('AApv')) AND Value < 47.62",
 "sqlResult": "{BBdw | CCgz} || {BBcy | CCcj}",
 "nlq": "What are the BB and CC for which the number of accidents involving AApv casualties is lower than 47.62?"},
{"name": "template 15",
 "sql": "SELECT BB,CC,Value FROM DBdata WHERE (AA IN ('AApr')) AND (BB,CC) IN (SELECT BB,CC FROM DBdata WHERE (AA IN ('AApv')) AND Value < 47.62)",
 "sqlResult": "{BBdw | CCgz | 52} || {BBcy | CCcj | 18}",
 "nlq": "What is the number of accidents involving AApr casualties of BB and of CC for which the number of accidents involving AApv casualties is lower than 47.62? Please, report the corresponding BB, CC, and number of accidents."}]
}

