{
"filename": "Number_of_accidents_set1_5_DB.csv",
"questions": [{"name": "template 1",
 "sql": "SELECT Value FROM DBdata WHERE (AA IN ('AAgn')) AND (BB IN ('BBpx'))",
 "sqlResult": "{52}",
 "nlq": "What is the number of BBpx accidents involving AAgn casualties?"},
{"name": "template 2",
 "sql": "SELECT Value FROM DBdata WHERE (AA IN ('AAgl')) AND (BB IN ('BBkv','BBpx'))",
 "sqlResult": "{13} || {18}",
 "nlq": "What is the number of BBkv or BBpx accidents involving AAgl casualties?"},
{"name": "template 3",
 "sql": "SELECT Value FROM DBdata WHERE (AA IN ('AAgn','AAgl')) AND (BB IN ('BBkv'))",
 "sqlResult": "{30} || {13}",
 "nlq": "What is the number of BBkv accidents involving AAgl or AAgn casualties?"},
{"name": "template 4",
 "sql": "SELECT sum(Value),max(Value) FROM DBdata WHERE (AA IN ('AAgn')) AND (BB IN ('BBkv'))",
 "sqlResult": "{30 | 30}",
 "nlq": "What are the total and maximum numbers of BBkv accidents involving AAgn casualties?"},
{"name": "template 6",
 "sql": "SELECT Value FROM DBdata WHERE (AA IN ('AAgn','AAgl')) AND (BB IN ('BBkv','BBpx'))",
 "sqlResult": "{30} || {13} || {52} || {18}",
 "nlq": "What is the number of BBkv or BBpx accidents involving AAgl or AAgn casualties?"},
{"name": "template 7",
 "sql": "SELECT max(Value),sum(Value) FROM DBdata WHERE (AA IN ('AAgl')) AND (BB IN ('BBpx'))",
 "sqlResult": "{18 | 18}",
 "nlq": "What are the maximum and total numbers of BBpx accidents involving AAgl casualties?"},
{"name": "template 8",
 "sql": "SELECT AA,min(Value),sum(Value) FROM DBdata WHERE (AA IN ('AAgn','AAgl')) AND (BB IN ('BBkv')) GROUP BY AA",
 "sqlResult": "{AAgl | 13 | 13} || {AAgn | 30 | 30}",
 "nlq": "What are the minimum and total numbers for each AA, of BBkv accidents involving AAgl or AAgn casualties? Please, report the corresponding AA."},
{"name": "template 9",
 "sql": "SELECT min(Value) FROM DBdata WHERE (AA IN ('AAgn')) AND (BB IN ('BBkv','BBpx')) GROUP BY BB",
 "sqlResult": "{30} || {52}",
 "nlq": "What is the minimum number for each BB, of BBkv or BBpx accidents involving AAgn casualties?"},
{"name": "template 10",
 "sql": "SELECT BB,max(Value) FROM DBdata WHERE (AA IN ('AAgn')) AND (BB IN ('BBkv','BBpx')) GROUP BY BB",
 "sqlResult": "{BBkv | 30} || {BBpx | 52}",
 "nlq": "What is the maximum number for each BB, of BBkv or BBpx accidents involving AAgn casualties? Please, report the corresponding BB."},
{"name": "template 11",
 "sql": "SELECT BB,AA,avg(Value) FROM DBdata WHERE (AA IN ('AAgl')) AND (BB IN ('BBkv','BBpx')) GROUP BY BB,AA",
 "sqlResult": "{BBkv | AAgl | 13} || {BBpx | AAgl | 18}",
 "nlq": "What is the average number for each BB and AA, of BBkv or BBpx accidents involving AAgl casualties? Please, report the corresponding BB and AA."},
{"name": "template 12",
 "sql": "SELECT Value FROM DBdata WHERE (AA IN ('AAgl')) AND (BB IN ('BBkv','BBpx')) ORDER BY VALUE ASC LIMIT 2",
 "sqlResult": "{13} || {18}",
 "nlq": "What are the smallest 2 numbers of BBkv or BBpx accidents involving AAgl casualties?"},
{"name": "template 13",
 "sql": "SELECT Value FROM DBdata WHERE (AA IN ('AAgl')) AND (BB IN ('BBkv','BBpx')) ORDER BY VALUE ASC",
 "sqlResult": "{13} || {18}",
 "nlq": "What are the numbers ordered by increasing values of BBkv or BBpx accidents involving AAgl casualties?"},
{"name": "template 14",
 "sql": "SELECT BB FROM DBdata WHERE (AA IN ('AAgn')) AND Value > 28.25",
 "sqlResult": "{BBkv} || {BBpx}",
 "nlq": "What is the BB for which the number of accidents involving AAgn casualties is greater than 28.25?"},
{"name": "template 15",
 "sql": "SELECT BB,Value FROM DBdata WHERE (AA IN ('AAgl')) AND (BB) IN (SELECT BB FROM DBdata WHERE (AA IN ('AAgn')) AND Value > 28.25)",
 "sqlResult": "{BBkv | 13} || {BBpx | 18}",
 "nlq": "What is the number of accidents involving AAgl casualties of BB for which the number of accidents involving AAgn casualties is greater than 28.25? Please, report the corresponding BB and number of accidents."}]
}

