{
"filename": "Number_of_accidents_set42_3_DB.csv",
"questions": [{"name": "template 1",
 "sql": "SELECT Value FROM DBdata WHERE (AA IN ('AAdq')) AND ((CC = 'CCgs' AND BB = 'BBkr'))",
 "sqlResult": "{36}",
 "nlq": "What is the number of CCgs BBkr accidents involving AAdq casualties?"},
{"name": "template 2",
 "sql": "SELECT Value FROM DBdata WHERE (AA IN ('AAdq')) AND ((CC = 'CCgs' AND BB = 'BBkr') OR (CC = 'CCgs' AND BB = 'BBqs'))",
 "sqlResult": "{36} || {63}",
 "nlq": "What is the number of CCgs BBkr or BBqs accidents involving AAdq casualties?"},
{"name": "template 3",
 "sql": "SELECT Value FROM DBdata WHERE (AA IN ('AAdq')) AND ((CC = 'CCgs' AND BB = 'BBkr'))",
 "sqlResult": "{36}",
 "nlq": "What is the number of CCgs BBkr accidents involving AAdq casualties?"},
{"name": "template 4",
 "sql": "SELECT avg(Value),sum(Value) FROM DBdata WHERE (AA IN ('AAdq')) AND ((CC = 'CCgs' AND BB = 'BBqs'))",
 "sqlResult": "{63 | 63}",
 "nlq": "What are the average and total numbers of CCgs BBqs accidents involving AAdq casualties?"},
{"name": "template 6",
 "sql": "SELECT Value FROM DBdata WHERE (AA IN ('AAdq','AAgq')) AND ((CC = 'CCgs' AND BB = 'BBkr') OR (CC = 'CCgs' AND BB = 'BBqs') OR (CC = 'CCgs' AND BB = 'BBbl'))",
 "sqlResult": "{36} || {72} || {63} || {23} || {98} || {82}",
 "nlq": "What is the number of CCgs BBbl, BBkr, or BBqs accidents involving AAgq or AAdq casualties?"},
{"name": "template 7",
 "sql": "SELECT sum(Value),max(Value) FROM DBdata WHERE (AA IN ('AAgq')) AND ((CC = 'CCgs' AND BB = 'BBkr') OR (CC = 'CCgs' AND BB = 'BBqs'))",
 "sqlResult": "{95 | 72}",
 "nlq": "What are the total and maximum numbers of CCgs BBkr or BBqs accidents involving AAgq casualties?"},
{"name": "template 8",
 "sql": "SELECT AA,min(Value),sum(Value) FROM DBdata WHERE (AA IN ('AAdq')) AND ((CC = 'CCgs' AND BB = 'BBkr') OR (CC = 'CCgs' AND BB = 'BBqs') OR (CC = 'CCgs' AND BB = 'BBbl')) GROUP BY AA",
 "sqlResult": "{AAdq | 36 | 197}",
 "nlq": "What are the minimum and total numbers for each AA, of CCgs BBbl, BBkr, or BBqs accidents involving AAdq casualties? Please, report the corresponding AA."},
{"name": "template 9",
 "sql": "SELECT min(Value) FROM DBdata WHERE (AA IN ('AAgq')) AND (CC IN ('CCgs')) GROUP BY CC",
 "sqlResult": "{23}",
 "nlq": "What is the minimum number for each CC, of CCgs accidents involving AAgq casualties?"},
{"name": "template 10",
 "sql": "SELECT CC,sum(Value) FROM DBdata WHERE (AA IN ('AAgq')) AND (CC IN ('CCgs')) GROUP BY CC",
 "sqlResult": "{CCgs | 177}",
 "nlq": "What is the total number for each CC, of CCgs accidents involving AAgq casualties? Please, report the corresponding CC."},
{"name": "template 11",
 "sql": "SELECT CC,AA,max(Value) FROM DBdata WHERE (AA IN ('AAgq')) AND (CC IN ('CCgs')) GROUP BY CC,AA",
 "sqlResult": "{CCgs | AAgq | 82}",
 "nlq": "What is the maximum number for each CC and AA, of CCgs accidents involving AAgq casualties? Please, report the corresponding CC and AA."},
{"name": "template 12",
 "sql": "SELECT Value FROM DBdata WHERE (AA IN ('AAdq')) AND (CC IN ('CCgs')) ORDER BY VALUE ASC LIMIT 2",
 "sqlResult": "{36} || {63}",
 "nlq": "What are the smallest 2 numbers of CCgs accidents involving AAdq casualties?"},
{"name": "template 13",
 "sql": "SELECT Value FROM DBdata WHERE (AA IN ('AAgq')) AND (CC IN ('CCgs')) ORDER BY VALUE DESC",
 "sqlResult": "{82} || {72} || {23}",
 "nlq": "What are the numbers ordered by decreasing values of CCgs accidents involving AAgq casualties?"},
{"name": "template 14",
 "sql": "SELECT CC,BB FROM DBdata WHERE (AA IN ('AAdq')) AND Value < 62.33",
 "sqlResult": "{CCgs | BBkr}",
 "nlq": "What are the CC and BB for which the number of accidents involving AAdq casualties is lower than 62.33?"},
{"name": "template 15",
 "sql": "SELECT CC,BB,Value FROM DBdata WHERE (AA IN ('AAgq')) AND (CC,BB) IN (SELECT CC,BB FROM DBdata WHERE (AA IN ('AAdq')) AND Value < 62.33)",
 "sqlResult": "{CCgs | BBkr | 72}",
 "nlq": "What is the number of accidents involving AAgq casualties of CC and of BB for which the number of accidents involving AAdq casualties is lower than 62.33? Please, report the corresponding CC, BB, and number of accidents."}]
}

