{
"filename": "Number_of_accidents_set40_1_DB.csv",
"questions": [{"name": "template 1",
 "sql": "SELECT Value FROM DBdata WHERE (Gender IN ('Female')) AND ((Severity = 'Fatal' AND Event = 'Drowning'))",
 "sqlResult": "{41}",
 "nlq": "What is the number of Fatal Drowning accidents involving Female casualties?"},
{"name": "template 2",
 "sql": "SELECT Value FROM DBdata WHERE (Gender IN ('Male')) AND ((Severity = 'Serious' AND Event = 'Traffic') OR (Severity = 'Serious' AND Event = 'Drowning') OR (Severity = 'Fatal' AND Event = 'Drowning'))",
 "sqlResult": "{39} || {67} || {29}",
 "nlq": "What is the number of Fatal Drowning or Serious Drowning or Traffic accidents involving Male casualties?"},
{"name": "template 3",
 "sql": "SELECT Value FROM DBdata WHERE (Gender IN ('Male','Female')) AND ((Severity = 'Serious' AND Event = 'Fire'))",
 "sqlResult": "{96} || {77}",
 "nlq": "What is the number of Serious Fire accidents involving Female or Male casualties?"},
{"name": "template 4",
 "sql": "SELECT avg(Value),max(Value) FROM DBdata WHERE (Gender IN ('Male','Female')) AND ((Severity = 'Fatal' AND Event = 'Traffic'))",
 "sqlResult": "{80 | 88}",
 "nlq": "What are the average and maximum numbers of Fatal Traffic accidents involving Female or Male casualties?"},
{"name": "template 6",
 "sql": "SELECT Value FROM DBdata WHERE (Gender IN ('Male')) AND ((Severity = 'Slight' AND Event = 'Traffic') OR (Severity = 'Fatal' AND Event = 'Traffic'))",
 "sqlResult": "{35} || {72}",
 "nlq": "What is the number of Fatal or Slight Traffic accidents involving Male casualties?"},
{"name": "template 7",
 "sql": "SELECT min(Value),avg(Value) FROM DBdata WHERE (Gender IN ('Male')) AND ((Severity = 'Slight' AND Event = 'Traffic') OR (Severity = 'Serious' AND Event = 'Fire') OR (Severity = 'Serious' AND Event = 'Drowning') OR (Severity = 'Fatal' AND Event = 'Drowning'))",
 "sqlResult": "{29 | 56.75}",
 "nlq": "What are the minimum and average numbers of Fatal Drowning, Serious Drowning or Fire, or Slight Traffic accidents involving Male casualties?"},
{"name": "template 8",
 "sql": "SELECT Gender,sum(Value),avg(Value) FROM DBdata WHERE (Gender IN ('Male')) AND ((Severity = 'Slight' AND Event = 'Fire') OR (Severity = 'Fatal' AND Event = 'Fire')) GROUP BY Gender",
 "sqlResult": "{Male | 122 | 61}",
 "nlq": "What are the total and average numbers for each Gender, of Fatal or Slight Fire accidents involving Male casualties? Please, report the corresponding Gender."},
{"name": "template 9",
 "sql": "SELECT min(Value) FROM DBdata WHERE (Gender IN ('Male')) AND (Severity IN ('Slight','Serious','Fatal')) GROUP BY Severity",
 "sqlResult": "{29} || {39} || {35}",
 "nlq": "What is the minimum number for each Severity, of Fatal, Serious, or Slight accidents involving Male casualties?"},
{"name": "template 10",
 "sql": "SELECT Severity,sum(Value) FROM DBdata WHERE (Gender IN ('Female')) AND (Severity IN ('Slight','Serious','Fatal')) GROUP BY Severity",
 "sqlResult": "{Fatal | 173} || {Serious | 166} || {Slight | 109}",
 "nlq": "What is the total number for each Severity, of Fatal, Serious, or Slight accidents involving Female casualties? Please, report the corresponding Severity."},
{"name": "template 11",
 "sql": "SELECT Severity,Gender,max(Value) FROM DBdata WHERE (Gender IN ('Female')) AND (Severity IN ('Slight','Serious','Fatal')) GROUP BY Severity,Gender",
 "sqlResult": "{Fatal | Female | 88} || {Serious | Female | 79} || {Slight | Female | 60}",
 "nlq": "What is the maximum number for each Severity and Gender, of Fatal, Serious, or Slight accidents involving Female casualties? Please, report the corresponding Severity and Gender."},
{"name": "template 12",
 "sql": "SELECT Value FROM DBdata WHERE (Gender IN ('Male')) AND (Severity IN ('Serious','Fatal')) ORDER BY VALUE DESC LIMIT 5",
 "sqlResult": "{96} || {72} || {67} || {56} || {39}",
 "nlq": "What are the largest 5 numbers of Fatal or Serious accidents involving Male casualties?"},
{"name": "template 13",
 "sql": "SELECT Value FROM DBdata WHERE (Gender IN ('Male')) AND (Severity IN ('Slight','Serious')) ORDER BY VALUE ASC",
 "sqlResult": "{35} || {39} || {63} || {66} || {67} || {96}",
 "nlq": "What are the numbers ordered by increasing values of Serious or Slight accidents involving Male casualties?"},
{"name": "template 14",
 "sql": "SELECT Severity,Event FROM DBdata WHERE (Gender IN ('Male')) AND Value < 53.94",
 "sqlResult": "{Slight | Traffic} || {Serious | Traffic} || {Fatal | Drowning}",
 "nlq": "What are the Severity and Event for which the number of accidents involving Male casualties is lower than 53.94?"},
{"name": "template 15",
 "sql": "SELECT Severity,Event,Value FROM DBdata WHERE (Gender IN ('Female')) AND (Severity,Event) IN (SELECT Severity,Event FROM DBdata WHERE (Gender IN ('Male')) AND Value < 53.94)",
 "sqlResult": "{Slight | Traffic | 38} || {Serious | Traffic | 10} || {Fatal | Drowning | 41}",
 "nlq": "What is the number of accidents involving Female casualties of Severity and of Event for which the number of accidents involving Male casualties is lower than 53.94? Please, report the corresponding Severity, Event, and number of accidents."}]
}
