{
"filename": "Number_of_accidents_set38_2_DB.csv",
"questions": [{"name": "template 1",
 "sql": "SELECT Value FROM DBdata WHERE (Gender IN ('Male')) AND ((Event = 'Drowning' AND Severity = 'Serious'))",
 "sqlResult": "{36}",
 "nlq": "What is the number of Serious Drowning accidents involving Male casualties?"},
{"name": "template 2",
 "sql": "SELECT Value FROM DBdata WHERE (Gender IN ('Female')) AND ((Event = 'Traffic' AND Severity = 'Serious') OR (Event = 'Drowning' AND Severity = 'Serious') OR (Event = 'Fire' AND Severity = 'Fatal') OR (Event = 'Traffic' AND Severity = 'Fatal') OR (Event = 'Drowning' AND Severity = 'Fatal'))",
 "sqlResult": "{93} || {63} || {87} || {59} || {38}",
 "nlq": "What is the number of Fatal Fire or Fatal or Serious Drowning or Traffic accidents involving Female casualties?"},
{"name": "template 3",
 "sql": "SELECT Value FROM DBdata WHERE (Gender IN ('Male')) AND ((Event = 'Fire' AND Severity = 'Serious'))",
 "sqlResult": "{76}",
 "nlq": "What is the number of Serious Fire accidents involving Male casualties?"},
{"name": "template 4",
 "sql": "SELECT min(Value),sum(Value) FROM DBdata WHERE (Gender IN ('Male')) AND ((Event = 'Traffic' AND Severity = 'Fatal'))",
 "sqlResult": "{46 | 46}",
 "nlq": "What are the minimum and total numbers of Fatal Traffic accidents involving Male casualties?"},
{"name": "template 6",
 "sql": "SELECT Value FROM DBdata WHERE (Gender IN ('Male','Female')) AND ((Event = 'Fire' AND Severity = 'Serious') OR (Event = 'Traffic' AND Severity = 'Fatal'))",
 "sqlResult": "{76} || {49} || {46} || {59}",
 "nlq": "What is the number of Fatal Traffic or Serious Fire accidents involving Female or Male casualties?"},
{"name": "template 7",
 "sql": "SELECT avg(Value),max(Value) FROM DBdata WHERE (Gender IN ('Female')) AND ((Event = 'Fire' AND Severity = 'Serious') OR (Event = 'Traffic' AND Severity = 'Serious') OR (Event = 'Fire' AND Severity = 'Fatal'))",
 "sqlResult": "{76.33 | 93}",
 "nlq": "What are the average and maximum numbers of Fatal or Serious Fire or Serious Traffic accidents involving Female casualties?"},
{"name": "template 8",
 "sql": "SELECT Gender,sum(Value),min(Value) FROM DBdata WHERE (Gender IN ('Female')) AND ((Event = 'Fire' AND Severity = 'Serious') OR (Event = 'Traffic' AND Severity = 'Serious') OR (Event = 'Fire' AND Severity = 'Fatal') OR (Event = 'Traffic' AND Severity = 'Fatal')) GROUP BY Gender",
 "sqlResult": "{Female | 288 | 49}",
 "nlq": "What are the total and minimum numbers for each Gender, of Fatal or Serious Fire or Traffic accidents involving Female casualties? Please, report the corresponding Gender."},
{"name": "template 9",
 "sql": "SELECT min(Value) FROM DBdata WHERE (Gender IN ('Female')) AND (Event IN ('Fire','Traffic','Drowning')) GROUP BY Event",
 "sqlResult": "{38} || {49} || {59}",
 "nlq": "What is the minimum number for each Event, of Drowning, Fire, or Traffic accidents involving Female casualties?"},
{"name": "template 10",
 "sql": "SELECT Event,max(Value) FROM DBdata WHERE (Gender IN ('Male')) AND (Event IN ('Fire','Traffic','Drowning')) GROUP BY Event",
 "sqlResult": "{Drowning | 80} || {Fire | 76} || {Traffic | 46}",
 "nlq": "What is the maximum number for each Event, of Drowning, Fire, or Traffic accidents involving Male casualties? Please, report the corresponding Event."},
{"name": "template 11",
 "sql": "SELECT Event,Gender,avg(Value) FROM DBdata WHERE (Gender IN ('Male')) AND (Event IN ('Fire','Traffic','Drowning')) GROUP BY Event,Gender",
 "sqlResult": "{Drowning | Male | 58} || {Fire | Male | 65.5} || {Traffic | Male | 31.5}",
 "nlq": "What is the average number for each Event and Gender, of Drowning, Fire, or Traffic accidents involving Male casualties? Please, report the corresponding Event and Gender."},
{"name": "template 12",
 "sql": "SELECT Value FROM DBdata WHERE (Gender IN ('Female')) AND (Event IN ('Traffic','Drowning')) ORDER BY VALUE DESC LIMIT 3",
 "sqlResult": "{93} || {63} || {59}",
 "nlq": "What are the largest 3 numbers of Drowning or Traffic accidents involving Female casualties?"},
{"name": "template 13",
 "sql": "SELECT Value FROM DBdata WHERE (Gender IN ('Female')) AND (Event IN ('Fire','Traffic')) ORDER BY VALUE ASC",
 "sqlResult": "{49} || {59} || {87} || {93}",
 "nlq": "What are the numbers ordered by increasing values of Fire or Traffic accidents involving Female casualties?"},
{"name": "template 14",
 "sql": "SELECT Event,Severity FROM DBdata WHERE (Gender IN ('Male')) AND Value > 58.25",
 "sqlResult": "{Fire | Serious} || {Drowning | Fatal}",
 "nlq": "What are the Event and Severity for which the number of accidents involving Male casualties is greater than 58.25?"},
{"name": "template 15",
 "sql": "SELECT Event,Severity,Value FROM DBdata WHERE (Gender IN ('Female')) AND (Event,Severity) IN (SELECT Event,Severity FROM DBdata WHERE (Gender IN ('Male')) AND Value > 58.25)",
 "sqlResult": "{Fire | Serious | 49} || {Drowning | Fatal | 38}",
 "nlq": "What is the number of accidents involving Female casualties of Event and of Severity for which the number of accidents involving Male casualties is greater than 58.25? Please, report the corresponding Event, Severity, and number of accidents."}]
}
