{
"filename": "Number_of_accidents_set55_4_DB.csv",
"questions": [{"name": "template 1",
 "sql": "SELECT Value FROM DBdata WHERE (AA IN ('AAdm')) AND ((BB = 'BBvw' AND CC = 'CCty'))",
 "sqlResult": "{63}",
 "nlq": "What is the number of CCty BBvw accidents involving AAdm casualties?"},
{"name": "template 2",
 "sql": "SELECT Value FROM DBdata WHERE (AA IN ('AAlz')) AND ((BB = 'BBvw' AND CC = 'CCty') OR (BB = 'BBpv' AND CC = 'CCty') OR (BB = 'BBhr' AND CC = 'CCty'))",
 "sqlResult": "{95} || {100} || {81}",
 "nlq": "What is the number of CCty BBhr, BBvw, or BBpv accidents involving AAlz casualties?"},
{"name": "template 3",
 "sql": "SELECT Value FROM DBdata WHERE (AA IN ('AAlz')) AND ((BB = 'BBvw' AND CC = 'CCty'))",
 "sqlResult": "{95}",
 "nlq": "What is the number of CCty BBvw accidents involving AAlz casualties?"},
{"name": "template 4",
 "sql": "SELECT min(Value),sum(Value) FROM DBdata WHERE (AA IN ('AAlz','AAdm')) AND ((BB = 'BBpv' AND CC = 'CCty'))",
 "sqlResult": "{57 | 157}",
 "nlq": "What are the minimum and total numbers of CCty BBpv accidents involving AAdm or AAlz casualties?"},
{"name": "template 5",
 "sql": "SELECT avg(Value) FROM DBdata WHERE (AA IN ('AAlz','AAdm')) AND ((BB = 'BBvw' AND CC = 'CCty'))",
 "sqlResult": "{79}",
 "nlq": "What is the average number of CCty BBvw accidents involving AAdm or AAlz casualties?"},
{"name": "template 6",
 "sql": "SELECT Value FROM DBdata WHERE (AA IN ('AAlz','AAdm')) AND ((BB = 'BBvw' AND CC = 'CCty') OR (BB = 'BBpv' AND CC = 'CCty'))",
 "sqlResult": "{95} || {63} || {100} || {57}",
 "nlq": "What is the number of CCty BBvw or BBpv accidents involving AAdm or AAlz casualties?"},
{"name": "template 7",
 "sql": "SELECT min(Value),avg(Value) FROM DBdata WHERE (AA IN ('AAdm')) AND ((BB = 'BBvw' AND CC = 'CCty') OR (BB = 'BBhr' AND CC = 'CCty'))",
 "sqlResult": "{63 | 68}",
 "nlq": "What are the minimum and average numbers of CCty BBhr or BBvw accidents involving AAdm casualties?"},
{"name": "template 8",
 "sql": "SELECT AA,min(Value),sum(Value) FROM DBdata WHERE (AA IN ('AAlz','AAdm')) AND ((BB = 'BBvw' AND CC = 'CCty') OR (BB = 'BBpv' AND CC = 'CCty') OR (BB = 'BBhr' AND CC = 'CCty')) GROUP BY AA",
 "sqlResult": "{AAdm | 57 | 193} || {AAlz | 81 | 276}",
 "nlq": "What are the minimum and total numbers for each AA, of CCty BBhr, BBvw, or BBpv accidents involving AAdm or AAlz casualties? Please, report the corresponding AA."},
{"name": "template 9",
 "sql": "SELECT min(Value) FROM DBdata WHERE (AA IN ('AAlz')) AND (BB IN ('BBvw','BBpv','BBhr')) GROUP BY BB",
 "sqlResult": "{81} || {95} || {100}",
 "nlq": "What is the minimum number for each BB, of BBhr, BBvw, or BBpv accidents involving AAlz casualties?"},
{"name": "template 10",
 "sql": "SELECT BB,avg(Value) FROM DBdata WHERE (AA IN ('AAdm')) AND (BB IN ('BBvw','BBpv','BBhr')) GROUP BY BB",
 "sqlResult": "{BBhr | 73} || {BBvw | 63} || {BBpv | 57}",
 "nlq": "What is the average number for each BB, of BBhr, BBvw, or BBpv accidents involving AAdm casualties? Please, report the corresponding BB."},
{"name": "template 11",
 "sql": "SELECT BB,AA,avg(Value) FROM DBdata WHERE (AA IN ('AAlz','AAdm')) AND (BB IN ('BBvw','BBpv','BBhr')) GROUP BY BB,AA",
 "sqlResult": "{BBhr | AAdm | 73} || {BBhr | AAlz | 81} || {BBvw | AAdm | 63} || {BBvw | AAlz | 95} || {BBpv | AAdm | 57} || {BBpv | AAlz | 100}",
 "nlq": "What is the average number for each BB and AA, of BBhr, BBvw, or BBpv accidents involving AAdm or AAlz casualties? Please, report the corresponding BB and AA."},
{"name": "template 12",
 "sql": "SELECT Value FROM DBdata WHERE (AA IN ('AAlz')) AND (BB IN ('BBpv','BBhr')) ORDER BY VALUE ASC LIMIT 2",
 "sqlResult": "{81} || {100}",
 "nlq": "What are the smallest 2 numbers of BBhr or BBpv accidents involving AAlz casualties?"},
{"name": "template 13",
 "sql": "SELECT Value FROM DBdata WHERE (AA IN ('AAdm')) AND (BB IN ('BBpv','BBhr')) ORDER BY VALUE DESC",
 "sqlResult": "{73} || {57}",
 "nlq": "What are the numbers ordered by decreasing values of BBhr or BBpv accidents involving AAdm casualties?"},
{"name": "template 14",
 "sql": "SELECT BB,CC FROM DBdata WHERE (AA IN ('AAdm')) AND Value < 78.17",
 "sqlResult": "{BBvw | CCty} || {BBpv | CCty} || {BBhr | CCty}",
 "nlq": "What are the BB and CC for which the number of accidents involving AAdm casualties is lower than 78.17?"},
{"name": "template 15",
 "sql": "SELECT BB,CC,Value FROM DBdata WHERE (AA IN ('AAlz')) AND (BB,CC) IN (SELECT BB,CC FROM DBdata WHERE (AA IN ('AAdm')) AND Value < 78.17)",
 "sqlResult": "{BBvw | CCty | 95} || {BBpv | CCty | 100} || {BBhr | CCty | 81}",
 "nlq": "What is the number of accidents involving AAlz casualties of BB and of CC for which the number of accidents involving AAdm casualties is lower than 78.17? Please, report the corresponding BB, CC, and number of accidents."}]
}

