{
"filename": "Number_of_accidents_set58_4_DB.csv",
"questions": [{"name": "template 1",
 "sql": "SELECT Value FROM DBdata WHERE (Gender IN ('Female')) AND ((Severity = 'Fatal' AND Event = 'Traffic'))",
 "sqlResult": "{69}",
 "nlq": "What is the number of Fatal Traffic accidents involving Female casualties?"},
{"name": "template 2",
 "sql": "SELECT Value FROM DBdata WHERE (Gender IN ('Male')) AND ((Severity = 'Slight' AND Event = 'Traffic') OR (Severity = 'Serious' AND Event = 'Traffic') OR (Severity = 'Fatal' AND Event = 'Traffic') OR (Severity = 'Fatal' AND Event = 'Drowning'))",
 "sqlResult": "{29} || {42} || {28} || {14}",
 "nlq": "What is the number of Fatal Drowning or Fatal, Serious, or Slight Traffic accidents involving Male casualties?"},
{"name": "template 3",
 "sql": "SELECT Value FROM DBdata WHERE (Gender IN ('Male','Female')) AND ((Severity = 'Fatal' AND Event = 'Traffic'))",
 "sqlResult": "{28} || {69}",
 "nlq": "What is the number of Fatal Traffic accidents involving Female or Male casualties?"},
{"name": "template 4",
 "sql": "SELECT sum(Value),min(Value) FROM DBdata WHERE (Gender IN ('Male')) AND ((Severity = 'Fatal' AND Event = 'Drowning'))",
 "sqlResult": "{14 | 14}",
 "nlq": "What are the total and minimum numbers of Fatal Drowning accidents involving Male casualties?"},
{"name": "template 5",
 "sql": "SELECT avg(Value) FROM DBdata WHERE (Gender IN ('Male','Female')) AND ((Severity = 'Serious' AND Event = 'Traffic'))",
 "sqlResult": "{26}",
 "nlq": "What is the average number of Serious Traffic accidents involving Female or Male casualties?"},
{"name": "template 6",
 "sql": "SELECT Value FROM DBdata WHERE (Gender IN ('Male')) AND ((Severity = 'Slight' AND Event = 'Drowning') OR (Severity = 'Serious' AND Event = 'Traffic') OR (Severity = 'Serious' AND Event = 'Drowning') OR (Severity = 'Fatal' AND Event = 'Traffic'))",
 "sqlResult": "{71} || {42} || {81} || {28}",
 "nlq": "What is the number of Fatal or Serious Traffic or Serious or Slight Drowning accidents involving Male casualties?"},
{"name": "template 7",
 "sql": "SELECT avg(Value),min(Value) FROM DBdata WHERE (Gender IN ('Male')) AND ((Severity = 'Slight' AND Event = 'Traffic') OR (Severity = 'Serious' AND Event = 'Traffic') OR (Severity = 'Serious' AND Event = 'Drowning'))",
 "sqlResult": "{50.67 | 29}",
 "nlq": "What are the average and minimum numbers of Serious Drowning or Serious or Slight Traffic accidents involving Male casualties?"},
{"name": "template 8",
 "sql": "SELECT Gender,min(Value),max(Value) FROM DBdata WHERE (Gender IN ('Male','Female')) AND ((Severity = 'Slight' AND Event = 'Drowning') OR (Severity = 'Serious' AND Event = 'Traffic') OR (Severity = 'Serious' AND Event = 'Drowning') OR (Severity = 'Fatal' AND Event = 'Traffic')) GROUP BY Gender",
 "sqlResult": "{Female | 10 | 85} || {Male | 28 | 81}",
 "nlq": "What are the minimum and maximum numbers for each Gender, of Fatal or Serious Traffic or Serious or Slight Drowning accidents involving Female or Male casualties? Please, report the corresponding Gender."},
{"name": "template 9",
 "sql": "SELECT min(Value) FROM DBdata WHERE (Gender IN ('Male')) AND (Severity IN ('Slight','Serious','Fatal')) GROUP BY Severity",
 "sqlResult": "{14} || {42} || {29}",
 "nlq": "What is the minimum number for each Severity, of Fatal, Serious, or Slight accidents involving Male casualties?"},
{"name": "template 10",
 "sql": "SELECT Severity,avg(Value) FROM DBdata WHERE (Gender IN ('Male')) AND (Severity IN ('Slight','Serious','Fatal')) GROUP BY Severity",
 "sqlResult": "{Fatal | 21} || {Serious | 61.5} || {Slight | 50}",
 "nlq": "What is the average number for each Severity, of Fatal, Serious, or Slight accidents involving Male casualties? Please, report the corresponding Severity."},
{"name": "template 11",
 "sql": "SELECT Severity,Gender,avg(Value) FROM DBdata WHERE (Gender IN ('Male','Female')) AND (Severity IN ('Slight','Serious','Fatal')) GROUP BY Severity,Gender",
 "sqlResult": "{Fatal | Female | 67} || {Fatal | Male | 21} || {Serious | Female | 47.5} || {Serious | Male | 61.5} || {Slight | Female | 48.5} || {Slight | Male | 50}",
 "nlq": "What is the average number for each Severity and Gender, of Fatal, Serious, or Slight accidents involving Female or Male casualties? Please, report the corresponding Severity and Gender."},
{"name": "template 12",
 "sql": "SELECT Value FROM DBdata WHERE (Gender IN ('Female')) AND (Severity IN ('Slight','Serious')) ORDER BY VALUE DESC LIMIT 2",
 "sqlResult": "{85} || {53}",
 "nlq": "What are the largest 2 numbers of Serious or Slight accidents involving Female casualties?"},
{"name": "template 13",
 "sql": "SELECT Value FROM DBdata WHERE (Gender IN ('Male')) AND (Severity IN ('Slight','Fatal')) ORDER BY VALUE ASC",
 "sqlResult": "{14} || {28} || {29} || {71}",
 "nlq": "What are the numbers ordered by increasing values of Fatal or Slight accidents involving Male casualties?"},
{"name": "template 14",
 "sql": "SELECT Severity,Event FROM DBdata WHERE (Gender IN ('Female')) AND Value > 49.25",
 "sqlResult": "{Slight | Traffic} || {Serious | Drowning} || {Fatal | Traffic} || {Fatal | Drowning}",
 "nlq": "What are the Severity and Event for which the number of accidents involving Female casualties is greater than 49.25?"},
{"name": "template 15",
 "sql": "SELECT Severity,Event,Value FROM DBdata WHERE (Gender IN ('Male')) AND (Severity,Event) IN (SELECT Severity,Event FROM DBdata WHERE (Gender IN ('Female')) AND Value > 49.25)",
 "sqlResult": "{Slight | Traffic | 29} || {Serious | Drowning | 81} || {Fatal | Traffic | 28} || {Fatal | Drowning | 14}",
 "nlq": "What is the number of accidents involving Male casualties of Severity and of Event for which the number of accidents involving Female casualties is greater than 49.25? Please, report the corresponding Severity, Event, and number of accidents."}]
}
