{
"filename": "Number_of_accidents_set57_1_DB.csv",
"questions": [{"name": "template 1",
 "sql": "SELECT Value FROM DBdata WHERE (Gender IN ('Male')) AND ((Event = 'Fire' AND Severity = 'Slight'))",
 "sqlResult": "{30}",
 "nlq": "What is the number of Slight Fire accidents involving Male casualties?"},
{"name": "template 2",
 "sql": "SELECT Value FROM DBdata WHERE (Gender IN ('Female')) AND ((Event = 'Fire' AND Severity = 'Slight') OR (Event = 'Traffic' AND Severity = 'Slight') OR (Event = 'Drowning' AND Severity = 'Slight') OR (Event = 'Traffic' AND Severity = 'Serious') OR (Event = 'Drowning' AND Severity = 'Serious'))",
 "sqlResult": "{22} || {98} || {70} || {90} || {65}",
 "nlq": "What is the number of Serious Drowning or Traffic or Slight Drowning, Fire, or Traffic accidents involving Female casualties?"},
{"name": "template 3",
 "sql": "SELECT Value FROM DBdata WHERE (Gender IN ('Male','Female')) AND ((Event = 'Fire' AND Severity = 'Serious'))",
 "sqlResult": "{36} || {17}",
 "nlq": "What is the number of Serious Fire accidents involving Female or Male casualties?"},
{"name": "template 4",
 "sql": "SELECT min(Value),sum(Value) FROM DBdata WHERE (Gender IN ('Female')) AND ((Event = 'Drowning' AND Severity = 'Slight'))",
 "sqlResult": "{70 | 70}",
 "nlq": "What are the minimum and total numbers of Slight Drowning accidents involving Female casualties?"},
{"name": "template 5",
 "sql": "SELECT avg(Value) FROM DBdata WHERE (Gender IN ('Male','Female')) AND ((Event = 'Traffic' AND Severity = 'Slight'))",
 "sqlResult": "{82}",
 "nlq": "What is the average number of Slight Traffic accidents involving Female or Male casualties?"},
{"name": "template 6",
 "sql": "SELECT Value FROM DBdata WHERE (Gender IN ('Male')) AND ((Event = 'Traffic' AND Severity = 'Slight') OR (Event = 'Drowning' AND Severity = 'Serious'))",
 "sqlResult": "{66} || {83}",
 "nlq": "What is the number of Serious Drowning or Slight Traffic accidents involving Male casualties?"},
{"name": "template 7",
 "sql": "SELECT avg(Value),max(Value) FROM DBdata WHERE (Gender IN ('Male')) AND ((Event = 'Fire' AND Severity = 'Slight') OR (Event = 'Traffic' AND Severity = 'Slight') OR (Event = 'Drowning' AND Severity = 'Slight') OR (Event = 'Fire' AND Severity = 'Serious') OR (Event = 'Traffic' AND Severity = 'Serious'))",
 "sqlResult": "{60.6 | 91}",
 "nlq": "What are the average and maximum numbers of Serious Fire or Traffic or Slight Drowning, Fire, or Traffic accidents involving Male casualties?"},
{"name": "template 8",
 "sql": "SELECT Gender,max(Value),avg(Value) FROM DBdata WHERE (Gender IN ('Female')) AND ((Event = 'Fire' AND Severity = 'Slight') OR (Event = 'Drowning' AND Severity = 'Slight') OR (Event = 'Fire' AND Severity = 'Serious') OR (Event = 'Traffic' AND Severity = 'Serious') OR (Event = 'Drowning' AND Severity = 'Serious')) GROUP BY Gender",
 "sqlResult": "{Female | 90 | 52.8}",
 "nlq": "What are the maximum and average numbers for each Gender, of Serious Traffic or Serious or Slight Drowning or Fire accidents involving Female casualties? Please, report the corresponding Gender."},
{"name": "template 9",
 "sql": "SELECT min(Value) FROM DBdata WHERE (Gender IN ('Female')) AND (Event IN ('Fire','Traffic','Drowning')) GROUP BY Event",
 "sqlResult": "{65} || {17} || {90}",
 "nlq": "What is the minimum number for each Event, of Drowning, Fire, or Traffic accidents involving Female casualties?"},
{"name": "template 10",
 "sql": "SELECT Event,sum(Value) FROM DBdata WHERE (Gender IN ('Male')) AND (Event IN ('Fire','Traffic','Drowning')) GROUP BY Event",
 "sqlResult": "{Drowning | 174} || {Fire | 66} || {Traffic | 146}",
 "nlq": "What is the total number for each Event, of Drowning, Fire, or Traffic accidents involving Male casualties? Please, report the corresponding Event."},
{"name": "template 11",
 "sql": "SELECT Event,Gender,min(Value) FROM DBdata WHERE (Gender IN ('Female')) AND (Event IN ('Fire','Traffic','Drowning')) GROUP BY Event,Gender",
 "sqlResult": "{Drowning | Female | 65} || {Fire | Female | 17} || {Traffic | Female | 90}",
 "nlq": "What is the minimum number for each Event and Gender, of Drowning, Fire, or Traffic accidents involving Female casualties? Please, report the corresponding Event and Gender."},
{"name": "template 12",
 "sql": "SELECT Value FROM DBdata WHERE (Gender IN ('Female')) AND (Event IN ('Traffic','Drowning')) ORDER BY VALUE DESC LIMIT 2",
 "sqlResult": "{98} || {90}",
 "nlq": "What are the largest 2 numbers of Drowning or Traffic accidents involving Female casualties?"},
{"name": "template 13",
 "sql": "SELECT Value FROM DBdata WHERE (Gender IN ('Female')) AND (Event IN ('Fire','Drowning')) ORDER BY VALUE ASC",
 "sqlResult": "{17} || {22} || {65} || {70}",
 "nlq": "What are the numbers ordered by increasing values of Drowning or Fire accidents involving Female casualties?"},
{"name": "template 14",
 "sql": "SELECT Event,Severity FROM DBdata WHERE (Gender IN ('Male')) AND Value < 62.33",
 "sqlResult": "{Fire | Slight} || {Fire | Serious}",
 "nlq": "What are the Event and Severity for which the number of accidents involving Male casualties is lower than 62.33?"},
{"name": "template 15",
 "sql": "SELECT Event,Severity,Value FROM DBdata WHERE (Gender IN ('Female')) AND (Event,Severity) IN (SELECT Event,Severity FROM DBdata WHERE (Gender IN ('Male')) AND Value < 62.33)",
 "sqlResult": "{Fire | Slight | 22} || {Fire | Serious | 17}",
 "nlq": "What is the number of accidents involving Female casualties of Event and of Severity for which the number of accidents involving Male casualties is lower than 62.33? Please, report the corresponding Event, Severity, and number of accidents."}]
}
