{
"filename": "Number_of_accidents_set48_3_DB.csv",
"questions": [{"name": "template 1",
 "sql": "SELECT Value FROM DBdata WHERE (Gender IN ('Female')) AND ((Severity = 'Slight' AND Event = 'Traffic'))",
 "sqlResult": "{71}",
 "nlq": "What is the number of Slight Traffic accidents involving Female casualties?"},
{"name": "template 2",
 "sql": "SELECT Value FROM DBdata WHERE (Gender IN ('Female')) AND ((Severity = 'Slight' AND Event = 'Traffic') OR (Severity = 'Slight' AND Event = 'Drowning'))",
 "sqlResult": "{71} || {21}",
 "nlq": "What is the number of Slight Drowning or Traffic accidents involving Female casualties?"},
{"name": "template 3",
 "sql": "SELECT Value FROM DBdata WHERE (Gender IN ('Female')) AND ((Severity = 'Slight' AND Event = 'Drowning'))",
 "sqlResult": "{21}",
 "nlq": "What is the number of Slight Drowning accidents involving Female casualties?"},
{"name": "template 4",
 "sql": "SELECT min(Value),avg(Value) FROM DBdata WHERE (Gender IN ('Female')) AND ((Severity = 'Slight' AND Event = 'Traffic'))",
 "sqlResult": "{71 | 71}",
 "nlq": "What are the minimum and average numbers of Slight Traffic accidents involving Female casualties?"},
{"name": "template 6",
 "sql": "SELECT Value FROM DBdata WHERE (Gender IN ('Male','Female')) AND ((Severity = 'Slight' AND Event = 'Traffic') OR (Severity = 'Slight' AND Event = 'Drowning'))",
 "sqlResult": "{97} || {71} || {96} || {21}",
 "nlq": "What is the number of Slight Drowning or Traffic accidents involving Female or Male casualties?"},
{"name": "template 7",
 "sql": "SELECT avg(Value),min(Value) FROM DBdata WHERE (Gender IN ('Male')) AND ((Severity = 'Slight' AND Event = 'Drowning'))",
 "sqlResult": "{96 | 96}",
 "nlq": "What are the average and minimum numbers of Slight Drowning accidents involving Male casualties?"},
{"name": "template 8",
 "sql": "SELECT Gender,min(Value),max(Value) FROM DBdata WHERE (Gender IN ('Female')) AND ((Severity = 'Slight' AND Event = 'Traffic') OR (Severity = 'Slight' AND Event = 'Drowning')) GROUP BY Gender",
 "sqlResult": "{Female | 21 | 71}",
 "nlq": "What are the minimum and maximum numbers for each Gender, of Slight Drowning or Traffic accidents involving Female casualties? Please, report the corresponding Gender."},
{"name": "template 9",
 "sql": "SELECT min(Value) FROM DBdata WHERE (Gender IN ('Male')) AND (Severity IN ('Slight')) GROUP BY Severity",
 "sqlResult": "{96}",
 "nlq": "What is the minimum number for each Severity, of Slight accidents involving Male casualties?"},
{"name": "template 10",
 "sql": "SELECT Severity,sum(Value) FROM DBdata WHERE (Gender IN ('Female')) AND (Severity IN ('Slight')) GROUP BY Severity",
 "sqlResult": "{Slight | 92}",
 "nlq": "What is the total number for each Severity, of Slight accidents involving Female casualties? Please, report the corresponding Severity."},
{"name": "template 11",
 "sql": "SELECT Severity,Gender,sum(Value) FROM DBdata WHERE (Gender IN ('Male')) AND (Severity IN ('Slight')) GROUP BY Severity,Gender",
 "sqlResult": "{Slight | Male | 193}",
 "nlq": "What is the total number for each Severity and Gender, of Slight accidents involving Male casualties? Please, report the corresponding Severity and Gender."},
{"name": "template 12",
 "sql": "SELECT Value FROM DBdata WHERE (Gender IN ('Female')) AND (Severity IN ('Slight')) ORDER BY VALUE DESC LIMIT 2",
 "sqlResult": "{71} || {21}",
 "nlq": "What are the largest 2 numbers of Slight accidents involving Female casualties?"},
{"name": "template 13",
 "sql": "SELECT Value FROM DBdata WHERE (Gender IN ('Male')) AND (Severity IN ('Slight')) ORDER BY VALUE DESC",
 "sqlResult": "{97} || {96}",
 "nlq": "What are the numbers ordered by decreasing values of Slight accidents involving Male casualties?"},
{"name": "template 14",
 "sql": "SELECT Severity,Event FROM DBdata WHERE (Gender IN ('Male')) AND Value > 71.25",
 "sqlResult": "{Slight | Traffic} || {Slight | Drowning}",
 "nlq": "What are the Severity and Event for which the number of accidents involving Male casualties is greater than 71.25?"},
{"name": "template 15",
 "sql": "SELECT Severity,Event,Value FROM DBdata WHERE (Gender IN ('Female')) AND (Severity,Event) IN (SELECT Severity,Event FROM DBdata WHERE (Gender IN ('Male')) AND Value > 71.25)",
 "sqlResult": "{Slight | Traffic | 71} || {Slight | Drowning | 21}",
 "nlq": "What is the number of accidents involving Female casualties of Severity and of Event for which the number of accidents involving Male casualties is greater than 71.25? Please, report the corresponding Severity, Event, and number of accidents."}]
}
