{
"filename": "Number_of_accidents_set56_3_DB.csv",
"questions": [{"name": "template 1",
 "sql": "SELECT Value FROM DBdata WHERE (AA IN ('AAhy')) AND ((BB = 'BBtx' AND CC = 'CClr'))",
 "sqlResult": "{75}",
 "nlq": "What is the number of CClr BBtx accidents involving AAhy casualties?"},
{"name": "template 2",
 "sql": "SELECT Value FROM DBdata WHERE (AA IN ('AAdk')) AND ((BB = 'BBtx' AND CC = 'CClr'))",
 "sqlResult": "{41}",
 "nlq": "What is the number of CClr BBtx accidents involving AAdk casualties?"},
{"name": "template 3",
 "sql": "SELECT Value FROM DBdata WHERE (AA IN ('AAhy','AAdk')) AND ((BB = 'BBdg' AND CC = 'CClr'))",
 "sqlResult": "{55} || {100}",
 "nlq": "What is the number of CClr BBdg accidents involving AAdk or AAhy casualties?"},
{"name": "template 4",
 "sql": "SELECT sum(Value),max(Value) FROM DBdata WHERE (AA IN ('AAhy','AAdk')) AND ((BB = 'BBdg' AND CC = 'CClr'))",
 "sqlResult": "{155 | 100}",
 "nlq": "What are the total and maximum numbers of CClr BBdg accidents involving AAdk or AAhy casualties?"},
{"name": "template 5",
 "sql": "SELECT avg(Value) FROM DBdata WHERE (AA IN ('AAhy','AAdk')) AND ((BB = 'BBdg' AND CC = 'CClr'))",
 "sqlResult": "{77.5}",
 "nlq": "What is the average number of CClr BBdg accidents involving AAdk or AAhy casualties?"},
{"name": "template 6",
 "sql": "SELECT Value FROM DBdata WHERE (AA IN ('AAhy')) AND ((BB = 'BBtx' AND CC = 'CClr') OR (BB = 'BBdg' AND CC = 'CClr'))",
 "sqlResult": "{75} || {55}",
 "nlq": "What is the number of CClr BBdg or BBtx accidents involving AAhy casualties?"},
{"name": "template 7",
 "sql": "SELECT avg(Value),min(Value) FROM DBdata WHERE (AA IN ('AAhy')) AND ((BB = 'BBtx' AND CC = 'CClr') OR (BB = 'BBdg' AND CC = 'CClr'))",
 "sqlResult": "{65 | 55}",
 "nlq": "What are the average and minimum numbers of CClr BBdg or BBtx accidents involving AAhy casualties?"},
{"name": "template 8",
 "sql": "SELECT AA,min(Value),avg(Value) FROM DBdata WHERE (AA IN ('AAhy','AAdk')) AND ((BB = 'BBdg' AND CC = 'CClr')) GROUP BY AA",
 "sqlResult": "{AAdk | 100 | 100} || {AAhy | 55 | 55}",
 "nlq": "What are the minimum and average numbers for each AA, of CClr BBdg accidents involving AAdk or AAhy casualties? Please, report the corresponding AA."},
{"name": "template 9",
 "sql": "SELECT min(Value) FROM DBdata WHERE (AA IN ('AAdk')) AND (BB IN ('BBtx','BBdg')) GROUP BY BB",
 "sqlResult": "{100} || {41}",
 "nlq": "What is the minimum number for each BB, of BBdg or BBtx accidents involving AAdk casualties?"},
{"name": "template 10",
 "sql": "SELECT BB,min(Value) FROM DBdata WHERE (AA IN ('AAhy')) AND (BB IN ('BBtx','BBdg')) GROUP BY BB",
 "sqlResult": "{BBdg | 55} || {BBtx | 75}",
 "nlq": "What is the minimum number for each BB, of BBdg or BBtx accidents involving AAhy casualties? Please, report the corresponding BB."},
{"name": "template 11",
 "sql": "SELECT BB,AA,avg(Value) FROM DBdata WHERE (AA IN ('AAhy','AAdk')) AND (BB IN ('BBtx','BBdg')) GROUP BY BB,AA",
 "sqlResult": "{BBdg | AAdk | 100} || {BBdg | AAhy | 55} || {BBtx | AAdk | 41} || {BBtx | AAhy | 75}",
 "nlq": "What is the average number for each BB and AA, of BBdg or BBtx accidents involving AAdk or AAhy casualties? Please, report the corresponding BB and AA."},
{"name": "template 12",
 "sql": "SELECT Value FROM DBdata WHERE (AA IN ('AAhy')) AND (BB IN ('BBtx','BBdg')) ORDER BY VALUE ASC LIMIT 2",
 "sqlResult": "{55} || {75}",
 "nlq": "What are the smallest 2 numbers of BBdg or BBtx accidents involving AAhy casualties?"},
{"name": "template 13",
 "sql": "SELECT Value FROM DBdata WHERE (AA IN ('AAdk')) AND (BB IN ('BBtx','BBdg')) ORDER BY VALUE DESC",
 "sqlResult": "{100} || {41}",
 "nlq": "What are the numbers ordered by decreasing values of BBdg or BBtx accidents involving AAdk casualties?"},
{"name": "template 14",
 "sql": "SELECT BB,CC FROM DBdata WHERE (AA IN ('AAdk')) AND Value < 67.75",
 "sqlResult": "{BBtx | CClr}",
 "nlq": "What are the BB and CC for which the number of accidents involving AAdk casualties is lower than 67.75?"},
{"name": "template 15",
 "sql": "SELECT BB,CC,Value FROM DBdata WHERE (AA IN ('AAhy')) AND (BB,CC) IN (SELECT BB,CC FROM DBdata WHERE (AA IN ('AAdk')) AND Value < 67.75)",
 "sqlResult": "{BBtx | CClr | 75}",
 "nlq": "What is the number of accidents involving AAhy casualties of BB and of CC for which the number of accidents involving AAdk casualties is lower than 67.75? Please, report the corresponding BB, CC, and number of accidents."}]
}

