{
"filename": "Number_of_accidents_set58_1_DB.csv",
"questions": [{"name": "template 1",
 "sql": "SELECT Value FROM DBdata WHERE (AA IN ('AAbm')) AND ((CC = 'CClt' AND BB = 'BBdn'))",
 "sqlResult": "{68}",
 "nlq": "What is the number of CClt BBdn accidents involving AAbm casualties?"},
{"name": "template 2",
 "sql": "SELECT Value FROM DBdata WHERE (AA IN ('AAbm')) AND ((CC = 'CClt' AND BB = 'BBdn') OR (CC = 'CCjp' AND BB = 'BBhl') OR (CC = 'CCjp' AND BB = 'BBdn'))",
 "sqlResult": "{68} || {51} || {54}",
 "nlq": "What is the number of CCjp BBhl or CCjp or CClt BBdn accidents involving AAbm casualties?"},
{"name": "template 3",
 "sql": "SELECT Value FROM DBdata WHERE (AA IN ('AAjz')) AND ((CC = 'CCjp' AND BB = 'BBdn'))",
 "sqlResult": "{59}",
 "nlq": "What is the number of CCjp BBdn accidents involving AAjz casualties?"},
{"name": "template 4",
 "sql": "SELECT sum(Value),min(Value) FROM DBdata WHERE (AA IN ('AAjz')) AND ((CC = 'CCjp' AND BB = 'BBdn'))",
 "sqlResult": "{59 | 59}",
 "nlq": "What are the total and minimum numbers of CCjp BBdn accidents involving AAjz casualties?"},
{"name": "template 5",
 "sql": "SELECT avg(Value) FROM DBdata WHERE (AA IN ('AAbm','AAjz')) AND ((CC = 'CCjp' AND BB = 'BBdn'))",
 "sqlResult": "{56.5}",
 "nlq": "What is the average number of CCjp BBdn accidents involving AAjz or AAbm casualties?"},
{"name": "template 6",
 "sql": "SELECT Value FROM DBdata WHERE (AA IN ('AAjz')) AND ((CC = 'CClt' AND BB = 'BBhl') OR (CC = 'CClt' AND BB = 'BBdn') OR (CC = 'CCjp' AND BB = 'BBdn'))",
 "sqlResult": "{44} || {20} || {59}",
 "nlq": "What is the number of CCjp BBdn or CClt BBhl or BBdn accidents involving AAjz casualties?"},
{"name": "template 7",
 "sql": "SELECT min(Value),max(Value) FROM DBdata WHERE (AA IN ('AAjz')) AND ((CC = 'CClt' AND BB = 'BBhl') OR (CC = 'CClt' AND BB = 'BBdn') OR (CC = 'CCjp' AND BB = 'BBhl') OR (CC = 'CCjp' AND BB = 'BBdn'))",
 "sqlResult": "{20 | 59}",
 "nlq": "What are the minimum and maximum numbers of CCjp or CClt BBhl or BBdn accidents involving AAjz casualties?"},
{"name": "template 8",
 "sql": "SELECT AA,min(Value),avg(Value) FROM DBdata WHERE (AA IN ('AAbm','AAjz')) AND ((CC = 'CClt' AND BB = 'BBhl') OR (CC = 'CClt' AND BB = 'BBdn') OR (CC = 'CCjp' AND BB = 'BBhl') OR (CC = 'CCjp' AND BB = 'BBdn')) GROUP BY AA",
 "sqlResult": "{AAjz | 20 | 43} || {AAbm | 41 | 53.5}",
 "nlq": "What are the minimum and average numbers for each AA, of CCjp or CClt BBhl or BBdn accidents involving AAjz or AAbm casualties? Please, report the corresponding AA."},
{"name": "template 9",
 "sql": "SELECT min(Value) FROM DBdata WHERE (AA IN ('AAbm')) AND (CC IN ('CClt','CCjp')) GROUP BY CC",
 "sqlResult": "{51} || {41}",
 "nlq": "What is the minimum number for each CC, of CCjp or CClt accidents involving AAbm casualties?"},
{"name": "template 10",
 "sql": "SELECT CC,avg(Value) FROM DBdata WHERE (AA IN ('AAbm')) AND (CC IN ('CClt','CCjp')) GROUP BY CC",
 "sqlResult": "{CCjp | 52.5} || {CClt | 54.5}",
 "nlq": "What is the average number for each CC, of CCjp or CClt accidents involving AAbm casualties? Please, report the corresponding CC."},
{"name": "template 11",
 "sql": "SELECT CC,AA,max(Value) FROM DBdata WHERE (AA IN ('AAbm','AAjz')) AND (CC IN ('CClt','CCjp')) GROUP BY CC,AA",
 "sqlResult": "{CCjp | AAjz | 59} || {CCjp | AAbm | 54} || {CClt | AAjz | 44} || {CClt | AAbm | 68}",
 "nlq": "What is the maximum number for each CC and AA, of CCjp or CClt accidents involving AAjz or AAbm casualties? Please, report the corresponding CC and AA."},
{"name": "template 12",
 "sql": "SELECT Value FROM DBdata WHERE (AA IN ('AAbm')) AND (CC IN ('CClt','CCjp')) ORDER BY VALUE ASC LIMIT 3",
 "sqlResult": "{41} || {51} || {54}",
 "nlq": "What are the smallest 3 numbers of CCjp or CClt accidents involving AAbm casualties?"},
{"name": "template 13",
 "sql": "SELECT Value FROM DBdata WHERE (AA IN ('AAbm')) AND (CC IN ('CClt','CCjp')) ORDER BY VALUE ASC",
 "sqlResult": "{41} || {51} || {54} || {68}",
 "nlq": "What are the numbers ordered by increasing values of CCjp or CClt accidents involving AAbm casualties?"},
{"name": "template 14",
 "sql": "SELECT CC,BB FROM DBdata WHERE (AA IN ('AAbm')) AND Value > 48.25",
 "sqlResult": "{CClt | BBdn} || {CCjp | BBhl} || {CCjp | BBdn}",
 "nlq": "What are the CC and BB for which the number of accidents involving AAbm casualties is greater than 48.25?"},
{"name": "template 15",
 "sql": "SELECT CC,BB,Value FROM DBdata WHERE (AA IN ('AAjz')) AND (CC,BB) IN (SELECT CC,BB FROM DBdata WHERE (AA IN ('AAbm')) AND Value > 48.25)",
 "sqlResult": "{CClt | BBdn | 20} || {CCjp | BBhl | 49} || {CCjp | BBdn | 59}",
 "nlq": "What is the number of accidents involving AAjz casualties of CC and of BB for which the number of accidents involving AAbm casualties is greater than 48.25? Please, report the corresponding CC, BB, and number of accidents."}]
}

