{
"filename": "Number_of_accidents_set37_3_DB.csv",
"questions": [{"name": "template 1",
 "sql": "SELECT Value FROM DBdata WHERE (Gender IN ('Female')) AND ((Event = 'Traffic' AND Severity = 'Serious'))",
 "sqlResult": "{19}",
 "nlq": "What is the number of Serious Traffic accidents involving Female casualties?"},
{"name": "template 2",
 "sql": "SELECT Value FROM DBdata WHERE (Gender IN ('Male')) AND ((Event = 'Fire' AND Severity = 'Slight') OR (Event = 'Traffic' AND Severity = 'Slight') OR (Event = 'Drowning' AND Severity = 'Slight') OR (Event = 'Fire' AND Severity = 'Serious'))",
 "sqlResult": "{62} || {77} || {20} || {98}",
 "nlq": "What is the number of Serious Fire or Slight Drowning, Fire, or Traffic accidents involving Male casualties?"},
{"name": "template 3",
 "sql": "SELECT Value FROM DBdata WHERE (Gender IN ('Male','Female')) AND ((Event = 'Drowning' AND Severity = 'Slight'))",
 "sqlResult": "{20} || {60}",
 "nlq": "What is the number of Slight Drowning accidents involving Female or Male casualties?"},
{"name": "template 4",
 "sql": "SELECT avg(Value),sum(Value) FROM DBdata WHERE (Gender IN ('Male','Female')) AND ((Event = 'Traffic' AND Severity = 'Serious'))",
 "sqlResult": "{43.5 | 87}",
 "nlq": "What are the average and total numbers of Serious Traffic accidents involving Female or Male casualties?"},
{"name": "template 6",
 "sql": "SELECT Value FROM DBdata WHERE (Gender IN ('Male','Female')) AND ((Event = 'Traffic' AND Severity = 'Serious') OR (Event = 'Drowning' AND Severity = 'Serious'))",
 "sqlResult": "{68} || {19} || {75} || {10}",
 "nlq": "What is the number of Serious Drowning or Traffic accidents involving Female or Male casualties?"},
{"name": "template 7",
 "sql": "SELECT sum(Value),max(Value) FROM DBdata WHERE (Gender IN ('Male')) AND ((Event = 'Drowning' AND Severity = 'Slight') OR (Event = 'Traffic' AND Severity = 'Serious') OR (Event = 'Drowning' AND Severity = 'Serious'))",
 "sqlResult": "{163 | 75}",
 "nlq": "What are the total and maximum numbers of Serious Traffic or Serious or Slight Drowning accidents involving Male casualties?"},
{"name": "template 8",
 "sql": "SELECT Gender,min(Value),max(Value) FROM DBdata WHERE (Gender IN ('Male','Female')) AND ((Event = 'Traffic' AND Severity = 'Slight') OR (Event = 'Drowning' AND Severity = 'Slight')) GROUP BY Gender",
 "sqlResult": "{Female | 60 | 94} || {Male | 20 | 77}",
 "nlq": "What are the minimum and maximum numbers for each Gender, of Slight Drowning or Traffic accidents involving Female or Male casualties? Please, report the corresponding Gender."},
{"name": "template 9",
 "sql": "SELECT min(Value) FROM DBdata WHERE (Gender IN ('Female')) AND (Event IN ('Fire','Traffic','Drowning')) GROUP BY Event",
 "sqlResult": "{10} || {73} || {19}",
 "nlq": "What is the minimum number for each Event, of Drowning, Fire, or Traffic accidents involving Female casualties?"},
{"name": "template 10",
 "sql": "SELECT Event,sum(Value) FROM DBdata WHERE (Gender IN ('Male')) AND (Event IN ('Fire','Traffic','Drowning')) GROUP BY Event",
 "sqlResult": "{Drowning | 95} || {Fire | 160} || {Traffic | 145}",
 "nlq": "What is the total number for each Event, of Drowning, Fire, or Traffic accidents involving Male casualties? Please, report the corresponding Event."},
{"name": "template 11",
 "sql": "SELECT Event,Gender,sum(Value) FROM DBdata WHERE (Gender IN ('Female')) AND (Event IN ('Fire','Traffic','Drowning')) GROUP BY Event,Gender",
 "sqlResult": "{Drowning | Female | 70} || {Fire | Female | 160} || {Traffic | Female | 113}",
 "nlq": "What is the total number for each Event and Gender, of Drowning, Fire, or Traffic accidents involving Female casualties? Please, report the corresponding Event and Gender."},
{"name": "template 12",
 "sql": "SELECT Value FROM DBdata WHERE (Gender IN ('Female')) AND (Event IN ('Fire','Drowning')) ORDER BY VALUE ASC LIMIT 2",
 "sqlResult": "{10} || {60}",
 "nlq": "What are the smallest 2 numbers of Drowning or Fire accidents involving Female casualties?"},
{"name": "template 13",
 "sql": "SELECT Value FROM DBdata WHERE (Gender IN ('Male')) AND (Event IN ('Fire','Traffic')) ORDER BY VALUE DESC",
 "sqlResult": "{98} || {77} || {68} || {62}",
 "nlq": "What are the numbers ordered by decreasing values of Fire or Traffic accidents involving Male casualties?"},
{"name": "template 14",
 "sql": "SELECT Event,Severity FROM DBdata WHERE (Gender IN ('Male')) AND Value > 61.92",
 "sqlResult": "{Fire | Slight} || {Traffic | Slight} || {Fire | Serious} || {Traffic | Serious} || {Drowning | Serious}",
 "nlq": "What are the Event and Severity for which the number of accidents involving Male casualties is greater than 61.92?"},
{"name": "template 15",
 "sql": "SELECT Event,Severity,Value FROM DBdata WHERE (Gender IN ('Female')) AND (Event,Severity) IN (SELECT Event,Severity FROM DBdata WHERE (Gender IN ('Male')) AND Value > 61.92)",
 "sqlResult": "{Fire | Slight | 87} || {Traffic | Slight | 94} || {Fire | Serious | 73} || {Traffic | Serious | 19} || {Drowning | Serious | 10}",
 "nlq": "What is the number of accidents involving Female casualties of Event and of Severity for which the number of accidents involving Male casualties is greater than 61.92? Please, report the corresponding Event, Severity, and number of accidents."}]
}
