{
"filename": "Number_of_accidents_set41_3_DB.csv",
"questions": [{"name": "template 1",
 "sql": "SELECT Value FROM DBdata WHERE (AA IN ('AAjy')) AND ((BB = 'BBjm' AND CC = 'CChm'))",
 "sqlResult": "{93}",
 "nlq": "What is the number of CChm BBjm accidents involving AAjy casualties?"},
{"name": "template 2",
 "sql": "SELECT Value FROM DBdata WHERE (AA IN ('AAjy')) AND ((BB = 'BBks' AND CC = 'CChm') OR (BB = 'BBjm' AND CC = 'CChm'))",
 "sqlResult": "{46} || {93}",
 "nlq": "What is the number of CChm BBjm or BBks accidents involving AAjy casualties?"},
{"name": "template 3",
 "sql": "SELECT Value FROM DBdata WHERE (AA IN ('AAlr')) AND ((BB = 'BBks' AND CC = 'CChm'))",
 "sqlResult": "{71}",
 "nlq": "What is the number of CChm BBks accidents involving AAlr casualties?"},
{"name": "template 4",
 "sql": "SELECT sum(Value),max(Value) FROM DBdata WHERE (AA IN ('AAlr')) AND ((BB = 'BBjm' AND CC = 'CChm'))",
 "sqlResult": "{85 | 85}",
 "nlq": "What are the total and maximum numbers of CChm BBjm accidents involving AAlr casualties?"},
{"name": "template 6",
 "sql": "SELECT Value FROM DBdata WHERE (AA IN ('AAjy','AAlr')) AND ((BB = 'BBks' AND CC = 'CChm'))",
 "sqlResult": "{46} || {71}",
 "nlq": "What is the number of CChm BBks accidents involving AAlr or AAjy casualties?"},
{"name": "template 7",
 "sql": "SELECT max(Value),sum(Value) FROM DBdata WHERE (AA IN ('AAlr')) AND ((BB = 'BBks' AND CC = 'CChm') OR (BB = 'BBjm' AND CC = 'CChm'))",
 "sqlResult": "{85 | 156}",
 "nlq": "What are the maximum and total numbers of CChm BBjm or BBks accidents involving AAlr casualties?"},
{"name": "template 8",
 "sql": "SELECT AA,avg(Value),max(Value) FROM DBdata WHERE (AA IN ('AAjy','AAlr')) AND ((BB = 'BBks' AND CC = 'CChm')) GROUP BY AA",
 "sqlResult": "{AAlr | 71 | 71} || {AAjy | 46 | 46}",
 "nlq": "What are the average and maximum numbers for each AA, of CChm BBks accidents involving AAlr or AAjy casualties? Please, report the corresponding AA."},
{"name": "template 9",
 "sql": "SELECT min(Value) FROM DBdata WHERE (AA IN ('AAlr')) AND (BB IN ('BBks','BBjm')) GROUP BY BB",
 "sqlResult": "{85} || {71}",
 "nlq": "What is the minimum number for each BB, of BBjm or BBks accidents involving AAlr casualties?"},
{"name": "template 10",
 "sql": "SELECT BB,max(Value) FROM DBdata WHERE (AA IN ('AAlr')) AND (BB IN ('BBks','BBjm')) GROUP BY BB",
 "sqlResult": "{BBjm | 85} || {BBks | 71}",
 "nlq": "What is the maximum number for each BB, of BBjm or BBks accidents involving AAlr casualties? Please, report the corresponding BB."},
{"name": "template 11",
 "sql": "SELECT BB,AA,avg(Value) FROM DBdata WHERE (AA IN ('AAjy')) AND (BB IN ('BBks','BBjm')) GROUP BY BB,AA",
 "sqlResult": "{BBjm | AAjy | 93} || {BBks | AAjy | 46}",
 "nlq": "What is the average number for each BB and AA, of BBjm or BBks accidents involving AAjy casualties? Please, report the corresponding BB and AA."},
{"name": "template 12",
 "sql": "SELECT Value FROM DBdata WHERE (AA IN ('AAlr')) AND (BB IN ('BBks','BBjm')) ORDER BY VALUE DESC LIMIT 2",
 "sqlResult": "{85} || {71}",
 "nlq": "What are the largest 2 numbers of BBjm or BBks accidents involving AAlr casualties?"},
{"name": "template 13",
 "sql": "SELECT Value FROM DBdata WHERE (AA IN ('AAlr')) AND (BB IN ('BBks','BBjm')) ORDER BY VALUE ASC",
 "sqlResult": "{71} || {85}",
 "nlq": "What are the numbers ordered by increasing values of BBjm or BBks accidents involving AAlr casualties?"},
{"name": "template 14",
 "sql": "SELECT BB,CC FROM DBdata WHERE (AA IN ('AAjy')) AND Value < 73.75",
 "sqlResult": "{BBks | CChm}",
 "nlq": "What are the BB and CC for which the number of accidents involving AAjy casualties is lower than 73.75?"},
{"name": "template 15",
 "sql": "SELECT BB,CC,Value FROM DBdata WHERE (AA IN ('AAlr')) AND (BB,CC) IN (SELECT BB,CC FROM DBdata WHERE (AA IN ('AAjy')) AND Value < 73.75)",
 "sqlResult": "{BBks | CChm | 71}",
 "nlq": "What is the number of accidents involving AAlr casualties of BB and of CC for which the number of accidents involving AAjy casualties is lower than 73.75? Please, report the corresponding BB, CC, and number of accidents."}]
}

