{
"filename": "Number_of_accidents_set44_4_DB.csv",
"questions": [{"name": "template 1",
 "sql": "SELECT Value FROM DBdata WHERE (AA IN ('AAjp')) AND ((CC = 'CCry' AND BB = 'BBpv'))",
 "sqlResult": "{96}",
 "nlq": "What is the number of CCry BBpv accidents involving AAjp casualties?"},
{"name": "template 2",
 "sql": "SELECT Value FROM DBdata WHERE (AA IN ('AAbz')) AND ((CC = 'CCry' AND BB = 'BBfv') OR (CC = 'CCry' AND BB = 'BBgk'))",
 "sqlResult": "{46} || {50}",
 "nlq": "What is the number of CCry BBgk or BBfv accidents involving AAbz casualties?"},
{"name": "template 3",
 "sql": "SELECT Value FROM DBdata WHERE (AA IN ('AAjp')) AND ((CC = 'CCry' AND BB = 'BBfv'))",
 "sqlResult": "{92}",
 "nlq": "What is the number of CCry BBfv accidents involving AAjp casualties?"},
{"name": "template 4",
 "sql": "SELECT avg(Value),sum(Value) FROM DBdata WHERE (AA IN ('AAjp','AAbz')) AND ((CC = 'CCry' AND BB = 'BBfv'))",
 "sqlResult": "{69 | 138}",
 "nlq": "What are the average and total numbers of CCry BBfv accidents involving AAbz or AAjp casualties?"},
{"name": "template 6",
 "sql": "SELECT Value FROM DBdata WHERE (AA IN ('AAbz')) AND ((CC = 'CCry' AND BB = 'BBpv') OR (CC = 'CCry' AND BB = 'BBfv') OR (CC = 'CCry' AND BB = 'BBgk'))",
 "sqlResult": "{49} || {46} || {50}",
 "nlq": "What is the number of CCry BBgk, BBpv, or BBfv accidents involving AAbz casualties?"},
{"name": "template 7",
 "sql": "SELECT sum(Value),max(Value) FROM DBdata WHERE (AA IN ('AAbz')) AND ((CC = 'CCry' AND BB = 'BBfv') OR (CC = 'CCry' AND BB = 'BBgk'))",
 "sqlResult": "{96 | 50}",
 "nlq": "What are the total and maximum numbers of CCry BBgk or BBfv accidents involving AAbz casualties?"},
{"name": "template 8",
 "sql": "SELECT AA,min(Value),avg(Value) FROM DBdata WHERE (AA IN ('AAjp')) AND ((CC = 'CCry' AND BB = 'BBfv') OR (CC = 'CCry' AND BB = 'BBgk')) GROUP BY AA",
 "sqlResult": "{AAjp | 78 | 85}",
 "nlq": "What are the minimum and average numbers for each AA, of CCry BBgk or BBfv accidents involving AAjp casualties? Please, report the corresponding AA."},
{"name": "template 9",
 "sql": "SELECT min(Value) FROM DBdata WHERE (AA IN ('AAjp')) AND (CC IN ('CCry')) GROUP BY CC",
 "sqlResult": "{78}",
 "nlq": "What is the minimum number for each CC, of CCry accidents involving AAjp casualties?"},
{"name": "template 10",
 "sql": "SELECT CC,min(Value) FROM DBdata WHERE (AA IN ('AAbz')) AND (CC IN ('CCry')) GROUP BY CC",
 "sqlResult": "{CCry | 46}",
 "nlq": "What is the minimum number for each CC, of CCry accidents involving AAbz casualties? Please, report the corresponding CC."},
{"name": "template 11",
 "sql": "SELECT CC,AA,avg(Value) FROM DBdata WHERE (AA IN ('AAjp')) AND (CC IN ('CCry')) GROUP BY CC,AA",
 "sqlResult": "{CCry | AAjp | 88.67}",
 "nlq": "What is the average number for each CC and AA, of CCry accidents involving AAjp casualties? Please, report the corresponding CC and AA."},
{"name": "template 12",
 "sql": "SELECT Value FROM DBdata WHERE (AA IN ('AAjp')) AND (CC IN ('CCry')) ORDER BY VALUE DESC LIMIT 2",
 "sqlResult": "{96} || {92}",
 "nlq": "What are the largest 2 numbers of CCry accidents involving AAjp casualties?"},
{"name": "template 13",
 "sql": "SELECT Value FROM DBdata WHERE (AA IN ('AAjp')) AND (CC IN ('CCry')) ORDER BY VALUE DESC",
 "sqlResult": "{96} || {92} || {78}",
 "nlq": "What are the numbers ordered by decreasing values of CCry accidents involving AAjp casualties?"},
{"name": "template 14",
 "sql": "SELECT CC,BB FROM DBdata WHERE (AA IN ('AAjp')) AND Value > 68.5",
 "sqlResult": "{CCry | BBpv} || {CCry | BBfv} || {CCry | BBgk}",
 "nlq": "What are the CC and BB for which the number of accidents involving AAjp casualties is greater than 68.5?"},
{"name": "template 15",
 "sql": "SELECT CC,BB,Value FROM DBdata WHERE (AA IN ('AAbz')) AND (CC,BB) IN (SELECT CC,BB FROM DBdata WHERE (AA IN ('AAjp')) AND Value > 68.5)",
 "sqlResult": "{CCry | BBpv | 49} || {CCry | BBfv | 46} || {CCry | BBgk | 50}",
 "nlq": "What is the number of accidents involving AAbz casualties of CC and of BB for which the number of accidents involving AAjp casualties is greater than 68.5? Please, report the corresponding CC, BB, and number of accidents."}]
}

