{
"filename": "Number_of_accidents_set43_3_DB.csv",
"questions": [{"name": "template 1",
 "sql": "SELECT Value FROM DBdata WHERE (Gender IN ('Male')) AND ((Event = 'Traffic' AND Severity = 'Slight'))",
 "sqlResult": "{95}",
 "nlq": "What is the number of Slight Traffic accidents involving Male casualties?"},
{"name": "template 2",
 "sql": "SELECT Value FROM DBdata WHERE (Gender IN ('Male')) AND ((Event = 'Traffic' AND Severity = 'Slight') OR (Event = 'Drowning' AND Severity = 'Slight'))",
 "sqlResult": "{95} || {17}",
 "nlq": "What is the number of Slight Drowning or Traffic accidents involving Male casualties?"},
{"name": "template 3",
 "sql": "SELECT Value FROM DBdata WHERE (Gender IN ('Male','Female')) AND ((Event = 'Traffic' AND Severity = 'Slight'))",
 "sqlResult": "{95} || {20}",
 "nlq": "What is the number of Slight Traffic accidents involving Female or Male casualties?"},
{"name": "template 4",
 "sql": "SELECT avg(Value),sum(Value) FROM DBdata WHERE (Gender IN ('Male','Female')) AND ((Event = 'Traffic' AND Severity = 'Slight'))",
 "sqlResult": "{57.5 | 115}",
 "nlq": "What are the average and total numbers of Slight Traffic accidents involving Female or Male casualties?"},
{"name": "template 6",
 "sql": "SELECT Value FROM DBdata WHERE (Gender IN ('Male','Female')) AND ((Event = 'Traffic' AND Severity = 'Slight'))",
 "sqlResult": "{95} || {20}",
 "nlq": "What is the number of Slight Traffic accidents involving Female or Male casualties?"},
{"name": "template 7",
 "sql": "SELECT min(Value),avg(Value) FROM DBdata WHERE (Gender IN ('Male')) AND ((Event = 'Traffic' AND Severity = 'Slight') OR (Event = 'Drowning' AND Severity = 'Slight'))",
 "sqlResult": "{17 | 56}",
 "nlq": "What are the minimum and average numbers of Slight Drowning or Traffic accidents involving Male casualties?"},
{"name": "template 8",
 "sql": "SELECT Gender,sum(Value),min(Value) FROM DBdata WHERE (Gender IN ('Male','Female')) AND ((Event = 'Traffic' AND Severity = 'Slight') OR (Event = 'Drowning' AND Severity = 'Slight')) GROUP BY Gender",
 "sqlResult": "{Female | 84 | 20} || {Male | 112 | 17}",
 "nlq": "What are the total and minimum numbers for each Gender, of Slight Drowning or Traffic accidents involving Female or Male casualties? Please, report the corresponding Gender."},
{"name": "template 9",
 "sql": "SELECT min(Value) FROM DBdata WHERE (Gender IN ('Female')) AND (Event IN ('Traffic','Drowning')) GROUP BY Event",
 "sqlResult": "{64} || {20}",
 "nlq": "What is the minimum number for each Event, of Drowning or Traffic accidents involving Female casualties?"},
{"name": "template 10",
 "sql": "SELECT Event,avg(Value) FROM DBdata WHERE (Gender IN ('Male')) AND (Event IN ('Traffic','Drowning')) GROUP BY Event",
 "sqlResult": "{Drowning | 17} || {Traffic | 95}",
 "nlq": "What is the average number for each Event, of Drowning or Traffic accidents involving Male casualties? Please, report the corresponding Event."},
{"name": "template 11",
 "sql": "SELECT Event,Gender,avg(Value) FROM DBdata WHERE (Gender IN ('Male','Female')) AND (Event IN ('Traffic','Drowning')) GROUP BY Event,Gender",
 "sqlResult": "{Drowning | Female | 64} || {Drowning | Male | 17} || {Traffic | Female | 20} || {Traffic | Male | 95}",
 "nlq": "What is the average number for each Event and Gender, of Drowning or Traffic accidents involving Female or Male casualties? Please, report the corresponding Event and Gender."},
{"name": "template 12",
 "sql": "SELECT Value FROM DBdata WHERE (Gender IN ('Female')) AND (Event IN ('Traffic','Drowning')) ORDER BY VALUE ASC LIMIT 2",
 "sqlResult": "{20} || {64}",
 "nlq": "What are the smallest 2 numbers of Drowning or Traffic accidents involving Female casualties?"},
{"name": "template 13",
 "sql": "SELECT Value FROM DBdata WHERE (Gender IN ('Male')) AND (Event IN ('Traffic','Drowning')) ORDER BY VALUE DESC",
 "sqlResult": "{95} || {17}",
 "nlq": "What are the numbers ordered by decreasing values of Drowning or Traffic accidents involving Male casualties?"},
{"name": "template 14",
 "sql": "SELECT Event,Severity FROM DBdata WHERE (Gender IN ('Female')) AND Value < 49",
 "sqlResult": "{Traffic | Slight}",
 "nlq": "What are the Event and Severity for which the number of accidents involving Female casualties is lower than 49?"},
{"name": "template 15",
 "sql": "SELECT Event,Severity,Value FROM DBdata WHERE (Gender IN ('Male')) AND (Event,Severity) IN (SELECT Event,Severity FROM DBdata WHERE (Gender IN ('Female')) AND Value < 49)",
 "sqlResult": "{Traffic | Slight | 95}",
 "nlq": "What is the number of accidents involving Male casualties of Event and of Severity for which the number of accidents involving Female casualties is lower than 49? Please, report the corresponding Event, Severity, and number of accidents."}]
}
