{
"filename": "Number_of_accidents_set48_3_DB.csv",
"questions": [{"name": "template 1",
 "sql": "SELECT Value FROM DBdata WHERE (AA IN ('AAkr')) AND ((CC = 'CCcl' AND BB = 'BBdk'))",
 "sqlResult": "{71}",
 "nlq": "What is the number of CCcl BBdk accidents involving AAkr casualties?"},
{"name": "template 2",
 "sql": "SELECT Value FROM DBdata WHERE (AA IN ('AAkr')) AND ((CC = 'CCcl' AND BB = 'BBdk') OR (CC = 'CCcl' AND BB = 'BBgj'))",
 "sqlResult": "{71} || {21}",
 "nlq": "What is the number of CCcl BBgj or BBdk accidents involving AAkr casualties?"},
{"name": "template 3",
 "sql": "SELECT Value FROM DBdata WHERE (AA IN ('AAkr')) AND ((CC = 'CCcl' AND BB = 'BBgj'))",
 "sqlResult": "{21}",
 "nlq": "What is the number of CCcl BBgj accidents involving AAkr casualties?"},
{"name": "template 4",
 "sql": "SELECT min(Value),avg(Value) FROM DBdata WHERE (AA IN ('AAkr')) AND ((CC = 'CCcl' AND BB = 'BBdk'))",
 "sqlResult": "{71 | 71}",
 "nlq": "What are the minimum and average numbers of CCcl BBdk accidents involving AAkr casualties?"},
{"name": "template 6",
 "sql": "SELECT Value FROM DBdata WHERE (AA IN ('AAty','AAkr')) AND ((CC = 'CCcl' AND BB = 'BBdk') OR (CC = 'CCcl' AND BB = 'BBgj'))",
 "sqlResult": "{97} || {71} || {96} || {21}",
 "nlq": "What is the number of CCcl BBgj or BBdk accidents involving AAkr or AAty casualties?"},
{"name": "template 7",
 "sql": "SELECT avg(Value),min(Value) FROM DBdata WHERE (AA IN ('AAty')) AND ((CC = 'CCcl' AND BB = 'BBgj'))",
 "sqlResult": "{96 | 96}",
 "nlq": "What are the average and minimum numbers of CCcl BBgj accidents involving AAty casualties?"},
{"name": "template 8",
 "sql": "SELECT AA,min(Value),max(Value) FROM DBdata WHERE (AA IN ('AAkr')) AND ((CC = 'CCcl' AND BB = 'BBdk') OR (CC = 'CCcl' AND BB = 'BBgj')) GROUP BY AA",
 "sqlResult": "{AAkr | 21 | 71}",
 "nlq": "What are the minimum and maximum numbers for each AA, of CCcl BBgj or BBdk accidents involving AAkr casualties? Please, report the corresponding AA."},
{"name": "template 9",
 "sql": "SELECT min(Value) FROM DBdata WHERE (AA IN ('AAty')) AND (CC IN ('CCcl')) GROUP BY CC",
 "sqlResult": "{96}",
 "nlq": "What is the minimum number for each CC, of CCcl accidents involving AAty casualties?"},
{"name": "template 10",
 "sql": "SELECT CC,sum(Value) FROM DBdata WHERE (AA IN ('AAkr')) AND (CC IN ('CCcl')) GROUP BY CC",
 "sqlResult": "{CCcl | 92}",
 "nlq": "What is the total number for each CC, of CCcl accidents involving AAkr casualties? Please, report the corresponding CC."},
{"name": "template 11",
 "sql": "SELECT CC,AA,sum(Value) FROM DBdata WHERE (AA IN ('AAty')) AND (CC IN ('CCcl')) GROUP BY CC,AA",
 "sqlResult": "{CCcl | AAty | 193}",
 "nlq": "What is the total number for each CC and AA, of CCcl accidents involving AAty casualties? Please, report the corresponding CC and AA."},
{"name": "template 12",
 "sql": "SELECT Value FROM DBdata WHERE (AA IN ('AAkr')) AND (CC IN ('CCcl')) ORDER BY VALUE DESC LIMIT 2",
 "sqlResult": "{71} || {21}",
 "nlq": "What are the largest 2 numbers of CCcl accidents involving AAkr casualties?"},
{"name": "template 13",
 "sql": "SELECT Value FROM DBdata WHERE (AA IN ('AAty')) AND (CC IN ('CCcl')) ORDER BY VALUE DESC",
 "sqlResult": "{97} || {96}",
 "nlq": "What are the numbers ordered by decreasing values of CCcl accidents involving AAty casualties?"},
{"name": "template 14",
 "sql": "SELECT CC,BB FROM DBdata WHERE (AA IN ('AAty')) AND Value > 71.25",
 "sqlResult": "{CCcl | BBdk} || {CCcl | BBgj}",
 "nlq": "What are the CC and BB for which the number of accidents involving AAty casualties is greater than 71.25?"},
{"name": "template 15",
 "sql": "SELECT CC,BB,Value FROM DBdata WHERE (AA IN ('AAkr')) AND (CC,BB) IN (SELECT CC,BB FROM DBdata WHERE (AA IN ('AAty')) AND Value > 71.25)",
 "sqlResult": "{CCcl | BBdk | 71} || {CCcl | BBgj | 21}",
 "nlq": "What is the number of accidents involving AAkr casualties of CC and of BB for which the number of accidents involving AAty casualties is greater than 71.25? Please, report the corresponding CC, BB, and number of accidents."}]
}

