{
"filename": "Number_of_accidents_set1_2_DB.csv",
"questions": [{"name": "template 1",
 "sql": "SELECT Value FROM DBdata WHERE (AA IN ('AAkl')) AND (BB IN ('BBcn'))",
 "sqlResult": "{96}",
 "nlq": "What is the number of BBcn accidents involving AAkl casualties?"},
{"name": "template 2",
 "sql": "SELECT Value FROM DBdata WHERE (AA IN ('AAkl')) AND (BB IN ('BBbl','BBdz','BBcn'))",
 "sqlResult": "{83} || {33} || {96}",
 "nlq": "What is the number of BBcn, BBbl, or BBdz accidents involving AAkl casualties?"},
{"name": "template 3",
 "sql": "SELECT Value FROM DBdata WHERE (AA IN ('AAwz')) AND (BB IN ('BBdz'))",
 "sqlResult": "{26}",
 "nlq": "What is the number of BBdz accidents involving AAwz casualties?"},
{"name": "template 4",
 "sql": "SELECT max(Value),min(Value) FROM DBdata WHERE (AA IN ('AAkl')) AND (BB IN ('BBbl'))",
 "sqlResult": "{83 | 83}",
 "nlq": "What are the maximum and minimum numbers of BBbl accidents involving AAkl casualties?"},
{"name": "template 6",
 "sql": "SELECT Value FROM DBdata WHERE (AA IN ('AAkl')) AND (BB IN ('BBbl','BBdz','BBcn'))",
 "sqlResult": "{83} || {33} || {96}",
 "nlq": "What is the number of BBcn, BBbl, or BBdz accidents involving AAkl casualties?"},
{"name": "template 7",
 "sql": "SELECT min(Value),sum(Value) FROM DBdata WHERE (AA IN ('AAkl')) AND (BB IN ('BBbl','BBdz','BBcn'))",
 "sqlResult": "{33 | 212}",
 "nlq": "What are the minimum and total numbers of BBcn, BBbl, or BBdz accidents involving AAkl casualties?"},
{"name": "template 8",
 "sql": "SELECT AA,avg(Value),min(Value) FROM DBdata WHERE (AA IN ('AAkl')) AND (BB IN ('BBbl','BBdz','BBcn')) GROUP BY AA",
 "sqlResult": "{AAkl | 70.67 | 33}",
 "nlq": "What are the average and minimum numbers for each AA, of BBcn, BBbl, or BBdz accidents involving AAkl casualties? Please, report the corresponding AA."},
{"name": "template 9",
 "sql": "SELECT min(Value) FROM DBdata WHERE (AA IN ('AAkl')) AND (BB IN ('BBbl','BBdz','BBcn')) GROUP BY BB",
 "sqlResult": "{96} || {83} || {33}",
 "nlq": "What is the minimum number for each BB, of BBcn, BBbl, or BBdz accidents involving AAkl casualties?"},
{"name": "template 10",
 "sql": "SELECT BB,avg(Value) FROM DBdata WHERE (AA IN ('AAwz')) AND (BB IN ('BBbl','BBdz','BBcn')) GROUP BY BB",
 "sqlResult": "{BBcn | 31} || {BBbl | 14} || {BBdz | 26}",
 "nlq": "What is the average number for each BB, of BBcn, BBbl, or BBdz accidents involving AAwz casualties? Please, report the corresponding BB."},
{"name": "template 11",
 "sql": "SELECT BB,AA,sum(Value) FROM DBdata WHERE (AA IN ('AAkl')) AND (BB IN ('BBbl','BBdz','BBcn')) GROUP BY BB,AA",
 "sqlResult": "{BBcn | AAkl | 96} || {BBbl | AAkl | 83} || {BBdz | AAkl | 33}",
 "nlq": "What is the total number for each BB and AA, of BBcn, BBbl, or BBdz accidents involving AAkl casualties? Please, report the corresponding BB and AA."},
{"name": "template 12",
 "sql": "SELECT Value FROM DBdata WHERE (AA IN ('AAkl')) AND (BB IN ('BBbl','BBdz')) ORDER BY VALUE DESC LIMIT 2",
 "sqlResult": "{83} || {33}",
 "nlq": "What are the largest 2 numbers of BBbl or BBdz accidents involving AAkl casualties?"},
{"name": "template 13",
 "sql": "SELECT Value FROM DBdata WHERE (AA IN ('AAkl')) AND (BB IN ('BBbl','BBcn')) ORDER BY VALUE ASC",
 "sqlResult": "{83} || {96}",
 "nlq": "What are the numbers ordered by increasing values of BBcn or BBbl accidents involving AAkl casualties?"},
{"name": "template 14",
 "sql": "SELECT BB FROM DBdata WHERE (AA IN ('AAkl')) AND Value > 47.17",
 "sqlResult": "{BBbl} || {BBcn}",
 "nlq": "What is the BB for which the number of accidents involving AAkl casualties is greater than 47.17?"},
{"name": "template 15",
 "sql": "SELECT BB,Value FROM DBdata WHERE (AA IN ('AAwz')) AND (BB) IN (SELECT BB FROM DBdata WHERE (AA IN ('AAkl')) AND Value > 47.17)",
 "sqlResult": "{BBbl | 14} || {BBcn | 31}",
 "nlq": "What is the number of accidents involving AAwz casualties of BB for which the number of accidents involving AAkl casualties is greater than 47.17? Please, report the corresponding BB and number of accidents."}]
}

