{
"filename": "Number_of_accidents_set2_3_DB.csv",
"questions": [{"name": "template 1",
 "sql": "SELECT Value FROM DBdata WHERE (AA IN ('AAkv')) AND (BB IN ('BBjy'))",
 "sqlResult": "{39}",
 "nlq": "What is the number of BBjy accidents involving AAkv casualties?"},
{"name": "template 2",
 "sql": "SELECT Value FROM DBdata WHERE (AA IN ('AAkw')) AND (BB IN ('BBlr'))",
 "sqlResult": "{40}",
 "nlq": "What is the number of BBlr accidents involving AAkw casualties?"},
{"name": "template 3",
 "sql": "SELECT Value FROM DBdata WHERE (AA IN ('AAkv')) AND (BB IN ('BBlr'))",
 "sqlResult": "{86}",
 "nlq": "What is the number of BBlr accidents involving AAkv casualties?"},
{"name": "template 4",
 "sql": "SELECT min(Value),max(Value) FROM DBdata WHERE (AA IN ('AAkw')) AND (BB IN ('BBjy'))",
 "sqlResult": "{42 | 42}",
 "nlq": "What are the minimum and maximum numbers of BBjy accidents involving AAkw casualties?"},
{"name": "template 6",
 "sql": "SELECT Value FROM DBdata WHERE (AA IN ('AAkv')) AND (BB IN ('BBjy'))",
 "sqlResult": "{39}",
 "nlq": "What is the number of BBjy accidents involving AAkv casualties?"},
{"name": "template 7",
 "sql": "SELECT sum(Value),avg(Value) FROM DBdata WHERE (AA IN ('AAkw')) AND (BB IN ('BBjy','BBlr'))",
 "sqlResult": "{82 | 41}",
 "nlq": "What are the total and average numbers of BBlr or BBjy accidents involving AAkw casualties?"},
{"name": "template 8",
 "sql": "SELECT AA,sum(Value),min(Value) FROM DBdata WHERE (AA IN ('AAkv','AAkw')) AND (BB IN ('BBlr')) GROUP BY AA",
 "sqlResult": "{AAkw | 40 | 40} || {AAkv | 86 | 86}",
 "nlq": "What are the total and minimum numbers for each AA, of BBlr accidents involving AAkw or AAkv casualties? Please, report the corresponding AA."},
{"name": "template 9",
 "sql": "SELECT min(Value) FROM DBdata WHERE (AA IN ('AAkv')) AND (BB IN ('BBjy','BBlr')) GROUP BY BB",
 "sqlResult": "{86} || {39}",
 "nlq": "What is the minimum number for each BB, of BBlr or BBjy accidents involving AAkv casualties?"},
{"name": "template 10",
 "sql": "SELECT BB,max(Value) FROM DBdata WHERE (AA IN ('AAkv')) AND (BB IN ('BBjy','BBlr')) GROUP BY BB",
 "sqlResult": "{BBlr | 86} || {BBjy | 39}",
 "nlq": "What is the maximum number for each BB, of BBlr or BBjy accidents involving AAkv casualties? Please, report the corresponding BB."},
{"name": "template 11",
 "sql": "SELECT BB,AA,min(Value) FROM DBdata WHERE (AA IN ('AAkv','AAkw')) AND (BB IN ('BBjy','BBlr')) GROUP BY BB,AA",
 "sqlResult": "{BBlr | AAkw | 40} || {BBlr | AAkv | 86} || {BBjy | AAkw | 42} || {BBjy | AAkv | 39}",
 "nlq": "What is the minimum number for each BB and AA, of BBlr or BBjy accidents involving AAkw or AAkv casualties? Please, report the corresponding BB and AA."},
{"name": "template 12",
 "sql": "SELECT Value FROM DBdata WHERE (AA IN ('AAkw')) AND (BB IN ('BBjy','BBlr')) ORDER BY VALUE DESC LIMIT 2",
 "sqlResult": "{42} || {40}",
 "nlq": "What are the largest 2 numbers of BBlr or BBjy accidents involving AAkw casualties?"},
{"name": "template 13",
 "sql": "SELECT Value FROM DBdata WHERE (AA IN ('AAkv')) AND (BB IN ('BBjy','BBlr')) ORDER BY VALUE DESC",
 "sqlResult": "{86} || {39}",
 "nlq": "What are the numbers ordered by decreasing values of BBlr or BBjy accidents involving AAkv casualties?"},
{"name": "template 14",
 "sql": "SELECT BB FROM DBdata WHERE (AA IN ('AAkw')) AND Value < 51.75",
 "sqlResult": "{BBjy} || {BBlr}",
 "nlq": "What is the BB for which the number of accidents involving AAkw casualties is lower than 51.75?"},
{"name": "template 15",
 "sql": "SELECT BB,Value FROM DBdata WHERE (AA IN ('AAkv')) AND (BB) IN (SELECT BB FROM DBdata WHERE (AA IN ('AAkw')) AND Value < 51.75)",
 "sqlResult": "{BBjy | 39} || {BBlr | 86}",
 "nlq": "What is the number of accidents involving AAkv casualties of BB for which the number of accidents involving AAkw casualties is lower than 51.75? Please, report the corresponding BB and number of accidents."}]
}

