{
"filename": "Number_of_accidents_set360_5_DB.csv",
"questions": [{"name": "template 1",
 "sql": "SELECT Value FROM DBdata WHERE ((CC = 'CCcn' AND BB = 'BBrs' AND AA = 'AAwx')) AND ((DD = 'DDbx' AND EE = 'EEch'))",
 "sqlResult": "{11}",
 "nlq": "What is the number of EEch DDbx accidents involving AAwx casualties in CCcn of BBrs?"},
{"name": "template 2",
 "sql": "SELECT Value FROM DBdata WHERE ((CC = 'CCcn' AND BB = 'BBmz' AND AA = 'AAwx')) AND ((DD = 'DDbx' AND EE = 'EEjv') OR (DD = 'DDbx' AND EE = 'EEch'))",
 "sqlResult": "{35} || {72}",
 "nlq": "What is the number of EEch or EEjv DDbx accidents involving AAwx casualties in CCcn of BBmz?"},
{"name": "template 3",
 "sql": "SELECT Value FROM DBdata WHERE ((CC = 'CCcn' AND BB = 'BBmz' AND AA = 'AAdv') OR (CC = 'CCcn' AND BB = 'BBrs' AND AA = 'AAwx') OR (CC = 'CCcn' AND BB = 'BBrs' AND AA = 'AAdv') OR (CC = 'CCmp' AND BB = 'BBmz' AND AA = 'AAwx') OR (CC = 'CCmp' AND BB = 'BBrs' AND AA = 'AAwx')) AND ((DD = 'DDbx' AND EE = 'EEjv'))",
 "sqlResult": "{66} || {21} || {43} || {18} || {50}",
 "nlq": "What is the number of EEjv DDbx accidents involving AAdv casualties in CCcn of BBmz or BBrs or involving AAwx casualties in CCcn or CCmp of BBrs or CCmp of BBmz?"},
{"name": "template 4",
 "sql": "SELECT max(Value),sum(Value) FROM DBdata WHERE ((CC = 'CCcn' AND BB = 'BBmz' AND AA = 'AAwx') OR (CC = 'CCcn' AND BB = 'BBrs' AND AA = 'AAdv') OR (CC = 'CCmp' AND BB = 'BBmz' AND AA = 'AAwx') OR (CC = 'CCmp' AND BB = 'BBmz' AND AA = 'AAdv') OR (CC = 'CCmp' AND BB = 'BBrs' AND AA = 'AAwx') OR (CC = 'CCmp' AND BB = 'BBrs' AND AA = 'AAdv')) AND ((DD = 'DDbx' AND EE = 'EEch'))",
 "sqlResult": "{99 | 401}",
 "nlq": "What are the maximum and total numbers of EEch DDbx accidents involving AAdv casualties in CCcn or CCmp of BBrs or CCmp of BBmz or involving AAwx casualties in CCcn or CCmp of BBmz or CCmp of BBrs?"},
{"name": "template 5",
 "sql": "SELECT avg(Value) FROM DBdata WHERE CC = 'CCmp' AND BB = 'BBrs' AND (AA IN ('AAwx','AAdv')) AND ((DD = 'DDhq' AND EE = 'EEjv'))",
 "sqlResult": "{90}",
 "nlq": "What is the average number of EEjv DDhq accidents involving AAdv or AAwx casualties in CCmp of BBrs?"},
{"name": "template 6",
 "sql": "SELECT Value FROM DBdata WHERE ((CC = 'CCcn' AND BB = 'BBmz' AND AA = 'AAdv') OR (CC = 'CCcn' AND BB = 'BBrs' AND AA = 'AAwx') OR (CC = 'CCcn' AND BB = 'BBrs' AND AA = 'AAdv') OR (CC = 'CCmp' AND BB = 'BBmz' AND AA = 'AAdv')) AND ((DD = 'DDhq' AND EE = 'EEjv') OR (DD = 'DDbx' AND EE = 'EEch'))",
 "sqlResult": "{68} || {86} || {100} || {69} || {54} || {11} || {57} || {85}",
 "nlq": "What is the number of EEch DDbx or EEjv DDhq accidents involving AAdv or AAwx casualties in CCcn of BBrs or involving AAdv casualties in CCcn or CCmp of BBmz?"},
{"name": "template 7",
 "sql": "SELECT max(Value),avg(Value) FROM DBdata WHERE ((CC = 'CCcn' AND BB = 'BBrs' AND AA = 'AAwx')) AND ((DD = 'DDbx' AND EE = 'EEch') OR (DD = 'DDhq' AND EE = 'EEch'))",
 "sqlResult": "{44 | 27.5}",
 "nlq": "What are the maximum and average numbers of EEch DDhq or DDbx accidents involving AAwx casualties in CCcn of BBrs?"},
{"name": "template 8",
 "sql": "SELECT CC,BB,AA,max(Value),avg(Value) FROM DBdata WHERE ((CC = 'CCcn' AND BB = 'BBmz' AND AA = 'AAwx') OR (CC = 'CCcn' AND BB = 'BBmz' AND AA = 'AAdv') OR (CC = 'CCcn' AND BB = 'BBrs' AND AA = 'AAwx') OR (CC = 'CCmp' AND BB = 'BBmz' AND AA = 'AAdv') OR (CC = 'CCmp' AND BB = 'BBrs' AND AA = 'AAdv')) AND ((DD = 'DDbx' AND EE = 'EEjv') OR (DD = 'DDhq' AND EE = 'EEjv') OR (DD = 'DDbx' AND EE = 'EEch')) GROUP BY CC,BB,AA",
 "sqlResult": "{CCcn | BBmz | AAdv | 68 | 62.67} || {CCcn | BBmz | AAwx | 72 | 52.67} || {CCcn | BBrs | AAwx | 86 | 39.33} || {CCmp | BBmz | AAdv | 85 | 77.33} || {CCmp | BBrs | AAdv | 97 | 53.33}",
 "nlq": "What are the maximum and average numbers for each CC, BB, and AA, of EEch or EEjv DDbx or EEjv DDhq accidents involving AAdv or AAwx casualties in CCcn of BBmz or involving AAdv casualties in CCmp of BBmz or BBrs or involving AAwx casualties in CCcn of BBrs? Please, report the corresponding CC, BB, and AA."},
{"name": "template 9",
 "sql": "SELECT min(Value) FROM DBdata WHERE ((CC = 'CCmp' AND BB = 'BBrs' AND AA = 'AAwx')) AND (DD IN ('DDbx','DDhq')) GROUP BY DD",
 "sqlResult": "{25} || {50}",
 "nlq": "What is the minimum number for each DD, of DDhq or DDbx accidents involving AAwx casualties in CCmp of BBrs?"},
{"name": "template 10",
 "sql": "SELECT DD,max(Value) FROM DBdata WHERE ((CC = 'CCmp' AND BB = 'BBrs' AND AA = 'AAwx')) AND (DD IN ('DDbx','DDhq')) GROUP BY DD",
 "sqlResult": "{DDhq | 83} || {DDbx | 55}",
 "nlq": "What is the maximum number for each DD, of DDhq or DDbx accidents involving AAwx casualties in CCmp of BBrs? Please, report the corresponding DD."},
{"name": "template 11",
 "sql": "SELECT DD,CC,BB,AA,avg(Value) FROM DBdata WHERE ((CC = 'CCcn' AND BB = 'BBmz' AND AA = 'AAwx') OR (CC = 'CCcn' AND BB = 'BBmz' AND AA = 'AAdv') OR (CC = 'CCmp' AND BB = 'BBmz' AND AA = 'AAwx')) AND (DD IN ('DDbx','DDhq')) GROUP BY DD,CC,BB,AA",
 "sqlResult": "{DDhq | CCcn | BBmz | AAdv | 56.5} || {DDhq | CCcn | BBmz | AAwx | 34} || {DDhq | CCmp | BBmz | AAwx | 39} || {DDbx | CCcn | BBmz | AAdv | 60} || {DDbx | CCcn | BBmz | AAwx | 53.5} || {DDbx | CCmp | BBmz | AAwx | 58.5}",
 "nlq": "What is the average number for each DD, CC, BB, and AA, of DDhq or DDbx accidents involving AAdv or AAwx casualties in CCcn or involving AAwx casualties in CCmp of BBmz? Please, report the corresponding DD, CC, BB, and AA."},
{"name": "template 12",
 "sql": "SELECT Value FROM DBdata WHERE ((CC = 'CCmp' AND BB = 'BBrs' AND AA = 'AAdv')) AND (DD IN ('DDbx','DDhq')) ORDER BY VALUE DESC LIMIT 2",
 "sqlResult": "{97} || {53}",
 "nlq": "What are the largest 2 numbers of DDhq or DDbx accidents involving AAdv casualties in CCmp of BBrs?"},
{"name": "template 13",
 "sql": "SELECT Value FROM DBdata WHERE ((CC = 'CCcn' AND BB = 'BBrs' AND AA = 'AAdv')) AND (DD IN ('DDbx','DDhq')) ORDER BY VALUE DESC",
 "sqlResult": "{100} || {57} || {43} || {23}",
 "nlq": "What are the numbers ordered by decreasing values of DDhq or DDbx accidents involving AAdv casualties in CCcn of BBrs?"},
{"name": "template 14",
 "sql": "SELECT DD,EE FROM DBdata WHERE ((CC = 'CCmp' AND BB = 'BBrs' AND AA = 'AAwx')) AND Value < 52.88",
 "sqlResult": "{DDbx | EEjv} || {DDhq | EEch}",
 "nlq": "What are the DD and EE for which the number of accidents involving AAwx casualties in CCmp of BBrs is lower than 52.88?"},
{"name": "template 15",
 "sql": "SELECT DD,EE,Value FROM DBdata WHERE ((CC = 'CCmp' AND BB = 'BBrs' AND AA = 'AAdv')) AND (DD,EE) IN (SELECT DD,EE FROM DBdata WHERE ((CC = 'CCmp' AND BB = 'BBrs' AND AA = 'AAwx')) AND Value < 52.88)",
 "sqlResult": "{DDbx | EEjv | 30} || {DDhq | EEch | 53}",
 "nlq": "What is the number of accidents involving AAdv casualties in CCmp of BBrs of DD and of EE for which the number of accidents involving AAwx casualties in CCmp of BBrs is lower than 52.88? Please, report the corresponding DD, EE, and number of accidents."}]
}

