{
"filename": "Number_of_accidents_set39_1_DB.csv",
"questions": [{"name": "template 1",
 "sql": "SELECT Value FROM DBdata WHERE (Gender IN ('Female')) AND ((Event = 'Fire' AND Severity = 'Fatal'))",
 "sqlResult": "{94}",
 "nlq": "What is the number of Fatal Fire accidents involving Female casualties?"},
{"name": "template 2",
 "sql": "SELECT Value FROM DBdata WHERE (Gender IN ('Female')) AND ((Event = 'Fire' AND Severity = 'Serious') OR (Event = 'Drowning' AND Severity = 'Fatal'))",
 "sqlResult": "{17} || {65}",
 "nlq": "What is the number of Fatal Drowning or Serious Fire accidents involving Female casualties?"},
{"name": "template 3",
 "sql": "SELECT Value FROM DBdata WHERE (Gender IN ('Male','Female')) AND ((Event = 'Fire' AND Severity = 'Serious'))",
 "sqlResult": "{27} || {17}",
 "nlq": "What is the number of Serious Fire accidents involving Female or Male casualties?"},
{"name": "template 4",
 "sql": "SELECT sum(Value),max(Value) FROM DBdata WHERE (Gender IN ('Male','Female')) AND ((Event = 'Traffic' AND Severity = 'Fatal'))",
 "sqlResult": "{110 | 100}",
 "nlq": "What are the total and maximum numbers of Fatal Traffic accidents involving Female or Male casualties?"},
{"name": "template 6",
 "sql": "SELECT Value FROM DBdata WHERE (Gender IN ('Male','Female')) AND ((Event = 'Traffic' AND Severity = 'Serious') OR (Event = 'Drowning' AND Severity = 'Serious') OR (Event = 'Fire' AND Severity = 'Fatal') OR (Event = 'Drowning' AND Severity = 'Fatal'))",
 "sqlResult": "{36} || {39} || {86} || {91} || {68} || {94} || {25} || {65}",
 "nlq": "What is the number of Fatal Drowning or Fire or Serious Drowning or Traffic accidents involving Female or Male casualties?"},
{"name": "template 7",
 "sql": "SELECT max(Value),min(Value) FROM DBdata WHERE (Gender IN ('Female')) AND ((Event = 'Traffic' AND Severity = 'Serious') OR (Event = 'Drowning' AND Severity = 'Serious') OR (Event = 'Fire' AND Severity = 'Fatal') OR (Event = 'Traffic' AND Severity = 'Fatal'))",
 "sqlResult": "{100 | 39}",
 "nlq": "What are the maximum and minimum numbers of Fatal Fire, Fatal or Serious Traffic, or Serious Drowning accidents involving Female casualties?"},
{"name": "template 8",
 "sql": "SELECT Gender,max(Value),sum(Value) FROM DBdata WHERE (Gender IN ('Female')) AND ((Event = 'Traffic' AND Severity = 'Serious') OR (Event = 'Drowning' AND Severity = 'Fatal')) GROUP BY Gender",
 "sqlResult": "{Female | 65 | 104}",
 "nlq": "What are the maximum and total numbers for each Gender, of Fatal Drowning or Serious Traffic accidents involving Female casualties? Please, report the corresponding Gender."},
{"name": "template 9",
 "sql": "SELECT min(Value) FROM DBdata WHERE (Gender IN ('Female')) AND (Event IN ('Fire','Traffic','Drowning')) GROUP BY Event",
 "sqlResult": "{65} || {17} || {39}",
 "nlq": "What is the minimum number for each Event, of Drowning, Fire, or Traffic accidents involving Female casualties?"},
{"name": "template 10",
 "sql": "SELECT Event,avg(Value) FROM DBdata WHERE (Gender IN ('Male')) AND (Event IN ('Fire','Traffic','Drowning')) GROUP BY Event",
 "sqlResult": "{Drowning | 55.5} || {Fire | 47.5} || {Traffic | 23}",
 "nlq": "What is the average number for each Event, of Drowning, Fire, or Traffic accidents involving Male casualties? Please, report the corresponding Event."},
{"name": "template 11",
 "sql": "SELECT Event,Gender,sum(Value) FROM DBdata WHERE (Gender IN ('Male','Female')) AND (Event IN ('Fire','Traffic','Drowning')) GROUP BY Event,Gender",
 "sqlResult": "{Drowning | Female | 156} || {Drowning | Male | 111} || {Fire | Female | 111} || {Fire | Male | 95} || {Traffic | Female | 139} || {Traffic | Male | 46}",
 "nlq": "What is the total number for each Event and Gender, of Drowning, Fire, or Traffic accidents involving Female or Male casualties? Please, report the corresponding Event and Gender."},
{"name": "template 12",
 "sql": "SELECT Value FROM DBdata WHERE (Gender IN ('Male')) AND (Event IN ('Fire','Drowning')) ORDER BY VALUE ASC LIMIT 3",
 "sqlResult": "{25} || {27} || {68}",
 "nlq": "What are the smallest 3 numbers of Drowning or Fire accidents involving Male casualties?"},
{"name": "template 13",
 "sql": "SELECT Value FROM DBdata WHERE (Gender IN ('Female')) AND (Event IN ('Fire','Drowning')) ORDER BY VALUE DESC",
 "sqlResult": "{94} || {91} || {65} || {17}",
 "nlq": "What are the numbers ordered by decreasing values of Drowning or Fire accidents involving Female casualties?"},
{"name": "template 14",
 "sql": "SELECT Event,Severity FROM DBdata WHERE (Gender IN ('Male')) AND Value > 54.83",
 "sqlResult": "{Drowning | Serious} || {Fire | Fatal}",
 "nlq": "What are the Event and Severity for which the number of accidents involving Male casualties is greater than 54.83?"},
{"name": "template 15",
 "sql": "SELECT Event,Severity,Value FROM DBdata WHERE (Gender IN ('Female')) AND (Event,Severity) IN (SELECT Event,Severity FROM DBdata WHERE (Gender IN ('Male')) AND Value > 54.83)",
 "sqlResult": "{Drowning | Serious | 91} || {Fire | Fatal | 94}",
 "nlq": "What is the number of accidents involving Female casualties of Event and of Severity for which the number of accidents involving Male casualties is greater than 54.83? Please, report the corresponding Event, Severity, and number of accidents."}]
}
