{
"filename": "Number_of_accidents_set55_5_DB.csv",
"questions": [{"name": "template 1",
 "sql": "SELECT Value FROM DBdata WHERE (AA IN ('AAnt')) AND ((BB = 'BBkv' AND CC = 'CCbw'))",
 "sqlResult": "{73}",
 "nlq": "What is the number of CCbw BBkv accidents involving AAnt casualties?"},
{"name": "template 2",
 "sql": "SELECT Value FROM DBdata WHERE (AA IN ('AAqt')) AND ((BB = 'BBkv' AND CC = 'CClz') OR (BB = 'BBbg' AND CC = 'CClz'))",
 "sqlResult": "{45} || {32}",
 "nlq": "What is the number of CClz BBbg or BBkv accidents involving AAqt casualties?"},
{"name": "template 3",
 "sql": "SELECT Value FROM DBdata WHERE (AA IN ('AAnt')) AND ((BB = 'BBkv' AND CC = 'CClz'))",
 "sqlResult": "{51}",
 "nlq": "What is the number of CClz BBkv accidents involving AAnt casualties?"},
{"name": "template 4",
 "sql": "SELECT min(Value),max(Value) FROM DBdata WHERE (AA IN ('AAqt')) AND ((BB = 'BBkv' AND CC = 'CCbw'))",
 "sqlResult": "{65 | 65}",
 "nlq": "What are the minimum and maximum numbers of CCbw BBkv accidents involving AAqt casualties?"},
{"name": "template 5",
 "sql": "SELECT avg(Value) FROM DBdata WHERE (AA IN ('AAqt','AAnt')) AND ((BB = 'BBkv' AND CC = 'CClz'))",
 "sqlResult": "{48}",
 "nlq": "What is the average number of CClz BBkv accidents involving AAnt or AAqt casualties?"},
{"name": "template 6",
 "sql": "SELECT Value FROM DBdata WHERE (AA IN ('AAnt')) AND ((BB = 'BBkv' AND CC = 'CClz') OR (BB = 'BBkv' AND CC = 'CCbw') OR (BB = 'BBbg' AND CC = 'CCbw'))",
 "sqlResult": "{51} || {73} || {34}",
 "nlq": "What is the number of CCbw BBbg or CCbw or CClz BBkv accidents involving AAnt casualties?"},
{"name": "template 7",
 "sql": "SELECT avg(Value),max(Value) FROM DBdata WHERE (AA IN ('AAnt')) AND ((BB = 'BBkv' AND CC = 'CClz') OR (BB = 'BBbg' AND CC = 'CClz') OR (BB = 'BBkv' AND CC = 'CCbw') OR (BB = 'BBbg' AND CC = 'CCbw'))",
 "sqlResult": "{64.5 | 100}",
 "nlq": "What are the average and maximum numbers of CCbw or CClz BBbg or BBkv accidents involving AAnt casualties?"},
{"name": "template 8",
 "sql": "SELECT AA,avg(Value),min(Value) FROM DBdata WHERE (AA IN ('AAqt','AAnt')) AND ((BB = 'BBkv' AND CC = 'CClz') OR (BB = 'BBbg' AND CC = 'CClz') OR (BB = 'BBkv' AND CC = 'CCbw') OR (BB = 'BBbg' AND CC = 'CCbw')) GROUP BY AA",
 "sqlResult": "{AAnt | 64.5 | 34} || {AAqt | 52 | 32}",
 "nlq": "What are the average and minimum numbers for each AA, of CCbw or CClz BBbg or BBkv accidents involving AAnt or AAqt casualties? Please, report the corresponding AA."},
{"name": "template 9",
 "sql": "SELECT min(Value) FROM DBdata WHERE (AA IN ('AAqt')) AND (BB IN ('BBkv','BBbg')) GROUP BY BB",
 "sqlResult": "{32} || {45}",
 "nlq": "What is the minimum number for each BB, of BBbg or BBkv accidents involving AAqt casualties?"},
{"name": "template 10",
 "sql": "SELECT BB,min(Value) FROM DBdata WHERE (AA IN ('AAqt')) AND (BB IN ('BBkv','BBbg')) GROUP BY BB",
 "sqlResult": "{BBbg | 32} || {BBkv | 45}",
 "nlq": "What is the minimum number for each BB, of BBbg or BBkv accidents involving AAqt casualties? Please, report the corresponding BB."},
{"name": "template 11",
 "sql": "SELECT BB,AA,min(Value) FROM DBdata WHERE (AA IN ('AAqt')) AND (BB IN ('BBkv','BBbg')) GROUP BY BB,AA",
 "sqlResult": "{BBbg | AAqt | 32} || {BBkv | AAqt | 45}",
 "nlq": "What is the minimum number for each BB and AA, of BBbg or BBkv accidents involving AAqt casualties? Please, report the corresponding BB and AA."},
{"name": "template 12",
 "sql": "SELECT Value FROM DBdata WHERE (AA IN ('AAnt')) AND (BB IN ('BBkv','BBbg')) ORDER BY VALUE DESC LIMIT 3",
 "sqlResult": "{100} || {73} || {51}",
 "nlq": "What are the largest 3 numbers of BBbg or BBkv accidents involving AAnt casualties?"},
{"name": "template 13",
 "sql": "SELECT Value FROM DBdata WHERE (AA IN ('AAqt')) AND (BB IN ('BBkv','BBbg')) ORDER BY VALUE ASC",
 "sqlResult": "{32} || {45} || {65} || {66}",
 "nlq": "What are the numbers ordered by increasing values of BBbg or BBkv accidents involving AAqt casualties?"},
{"name": "template 14",
 "sql": "SELECT BB,CC FROM DBdata WHERE (AA IN ('AAqt')) AND Value < 58.25",
 "sqlResult": "{BBkv | CClz} || {BBbg | CClz}",
 "nlq": "What are the BB and CC for which the number of accidents involving AAqt casualties is lower than 58.25?"},
{"name": "template 15",
 "sql": "SELECT BB,CC,Value FROM DBdata WHERE (AA IN ('AAnt')) AND (BB,CC) IN (SELECT BB,CC FROM DBdata WHERE (AA IN ('AAqt')) AND Value < 58.25)",
 "sqlResult": "{BBkv | CClz | 51} || {BBbg | CClz | 100}",
 "nlq": "What is the number of accidents involving AAnt casualties of BB and of CC for which the number of accidents involving AAqt casualties is lower than 58.25? Please, report the corresponding BB, CC, and number of accidents."}]
}

