{
"filename": "Number_of_accidents_set57_1_DB.csv",
"questions": [{"name": "template 1",
 "sql": "SELECT Value FROM DBdata WHERE (AA IN ('AArz')) AND ((BB = 'BBny' AND CC = 'CCgk'))",
 "sqlResult": "{30}",
 "nlq": "What is the number of CCgk BBny accidents involving AArz casualties?"},
{"name": "template 2",
 "sql": "SELECT Value FROM DBdata WHERE (AA IN ('AAvx')) AND ((BB = 'BBny' AND CC = 'CCgk') OR (BB = 'BBqv' AND CC = 'CCgk') OR (BB = 'BBkm' AND CC = 'CCgk') OR (BB = 'BBqv' AND CC = 'CCtz') OR (BB = 'BBkm' AND CC = 'CCtz'))",
 "sqlResult": "{22} || {98} || {70} || {90} || {65}",
 "nlq": "What is the number of CCtz BBkm or BBqv or CCgk BBkm, BBny, or BBqv accidents involving AAvx casualties?"},
{"name": "template 3",
 "sql": "SELECT Value FROM DBdata WHERE (AA IN ('AArz','AAvx')) AND ((BB = 'BBny' AND CC = 'CCtz'))",
 "sqlResult": "{36} || {17}",
 "nlq": "What is the number of CCtz BBny accidents involving AAvx or AArz casualties?"},
{"name": "template 4",
 "sql": "SELECT min(Value),sum(Value) FROM DBdata WHERE (AA IN ('AAvx')) AND ((BB = 'BBkm' AND CC = 'CCgk'))",
 "sqlResult": "{70 | 70}",
 "nlq": "What are the minimum and total numbers of CCgk BBkm accidents involving AAvx casualties?"},
{"name": "template 5",
 "sql": "SELECT avg(Value) FROM DBdata WHERE (AA IN ('AArz','AAvx')) AND ((BB = 'BBqv' AND CC = 'CCgk'))",
 "sqlResult": "{82}",
 "nlq": "What is the average number of CCgk BBqv accidents involving AAvx or AArz casualties?"},
{"name": "template 6",
 "sql": "SELECT Value FROM DBdata WHERE (AA IN ('AArz')) AND ((BB = 'BBqv' AND CC = 'CCgk') OR (BB = 'BBkm' AND CC = 'CCtz'))",
 "sqlResult": "{66} || {83}",
 "nlq": "What is the number of CCtz BBkm or CCgk BBqv accidents involving AArz casualties?"},
{"name": "template 7",
 "sql": "SELECT avg(Value),max(Value) FROM DBdata WHERE (AA IN ('AArz')) AND ((BB = 'BBny' AND CC = 'CCgk') OR (BB = 'BBqv' AND CC = 'CCgk') OR (BB = 'BBkm' AND CC = 'CCgk') OR (BB = 'BBny' AND CC = 'CCtz') OR (BB = 'BBqv' AND CC = 'CCtz'))",
 "sqlResult": "{60.6 | 91}",
 "nlq": "What are the average and maximum numbers of CCtz BBny or BBqv or CCgk BBkm, BBny, or BBqv accidents involving AArz casualties?"},
{"name": "template 8",
 "sql": "SELECT AA,max(Value),avg(Value) FROM DBdata WHERE (AA IN ('AAvx')) AND ((BB = 'BBny' AND CC = 'CCgk') OR (BB = 'BBkm' AND CC = 'CCgk') OR (BB = 'BBny' AND CC = 'CCtz') OR (BB = 'BBqv' AND CC = 'CCtz') OR (BB = 'BBkm' AND CC = 'CCtz')) GROUP BY AA",
 "sqlResult": "{AAvx | 90 | 52.8}",
 "nlq": "What are the maximum and average numbers for each AA, of CCtz BBqv or CCtz or CCgk BBkm or BBny accidents involving AAvx casualties? Please, report the corresponding AA."},
{"name": "template 9",
 "sql": "SELECT min(Value) FROM DBdata WHERE (AA IN ('AAvx')) AND (BB IN ('BBny','BBqv','BBkm')) GROUP BY BB",
 "sqlResult": "{65} || {17} || {90}",
 "nlq": "What is the minimum number for each BB, of BBkm, BBny, or BBqv accidents involving AAvx casualties?"},
{"name": "template 10",
 "sql": "SELECT BB,sum(Value) FROM DBdata WHERE (AA IN ('AArz')) AND (BB IN ('BBny','BBqv','BBkm')) GROUP BY BB",
 "sqlResult": "{BBkm | 174} || {BBny | 66} || {BBqv | 146}",
 "nlq": "What is the total number for each BB, of BBkm, BBny, or BBqv accidents involving AArz casualties? Please, report the corresponding BB."},
{"name": "template 11",
 "sql": "SELECT BB,AA,min(Value) FROM DBdata WHERE (AA IN ('AAvx')) AND (BB IN ('BBny','BBqv','BBkm')) GROUP BY BB,AA",
 "sqlResult": "{BBkm | AAvx | 65} || {BBny | AAvx | 17} || {BBqv | AAvx | 90}",
 "nlq": "What is the minimum number for each BB and AA, of BBkm, BBny, or BBqv accidents involving AAvx casualties? Please, report the corresponding BB and AA."},
{"name": "template 12",
 "sql": "SELECT Value FROM DBdata WHERE (AA IN ('AAvx')) AND (BB IN ('BBqv','BBkm')) ORDER BY VALUE DESC LIMIT 2",
 "sqlResult": "{98} || {90}",
 "nlq": "What are the largest 2 numbers of BBkm or BBqv accidents involving AAvx casualties?"},
{"name": "template 13",
 "sql": "SELECT Value FROM DBdata WHERE (AA IN ('AAvx')) AND (BB IN ('BBny','BBkm')) ORDER BY VALUE ASC",
 "sqlResult": "{17} || {22} || {65} || {70}",
 "nlq": "What are the numbers ordered by increasing values of BBkm or BBny accidents involving AAvx casualties?"},
{"name": "template 14",
 "sql": "SELECT BB,CC FROM DBdata WHERE (AA IN ('AArz')) AND Value < 62.33",
 "sqlResult": "{BBny | CCgk} || {BBny | CCtz}",
 "nlq": "What are the BB and CC for which the number of accidents involving AArz casualties is lower than 62.33?"},
{"name": "template 15",
 "sql": "SELECT BB,CC,Value FROM DBdata WHERE (AA IN ('AAvx')) AND (BB,CC) IN (SELECT BB,CC FROM DBdata WHERE (AA IN ('AArz')) AND Value < 62.33)",
 "sqlResult": "{BBny | CCgk | 22} || {BBny | CCtz | 17}",
 "nlq": "What is the number of accidents involving AAvx casualties of BB and of CC for which the number of accidents involving AArz casualties is lower than 62.33? Please, report the corresponding BB, CC, and number of accidents."}]
}

