{
"filename": "Number_of_accidents_set60_2_DB.csv",
"questions": [{"name": "template 1",
 "sql": "SELECT Value FROM DBdata WHERE (AA IN ('AAjs')) AND ((CC = 'CCbj' AND BB = 'BBnx'))",
 "sqlResult": "{93}",
 "nlq": "What is the number of CCbj BBnx accidents involving AAjs casualties?"},
{"name": "template 2",
 "sql": "SELECT Value FROM DBdata WHERE (AA IN ('AAjs')) AND ((CC = 'CCbj' AND BB = 'BBnx') OR (CC = 'CCdt' AND BB = 'BBnx'))",
 "sqlResult": "{93} || {18}",
 "nlq": "What is the number of CCdt or CCbj BBnx accidents involving AAjs casualties?"},
{"name": "template 3",
 "sql": "SELECT Value FROM DBdata WHERE (AA IN ('AAjs')) AND ((CC = 'CCbj' AND BB = 'BBlt'))",
 "sqlResult": "{46}",
 "nlq": "What is the number of CCbj BBlt accidents involving AAjs casualties?"},
{"name": "template 4",
 "sql": "SELECT min(Value),max(Value) FROM DBdata WHERE (AA IN ('AAjs','AAjw')) AND ((CC = 'CCbj' AND BB = 'BBlt'))",
 "sqlResult": "{46 | 88}",
 "nlq": "What are the minimum and maximum numbers of CCbj BBlt accidents involving AAjw or AAjs casualties?"},
{"name": "template 5",
 "sql": "SELECT avg(Value) FROM DBdata WHERE (AA IN ('AAjs','AAjw')) AND ((CC = 'CCbj' AND BB = 'BBnx'))",
 "sqlResult": "{89.5}",
 "nlq": "What is the average number of CCbj BBnx accidents involving AAjw or AAjs casualties?"},
{"name": "template 6",
 "sql": "SELECT Value FROM DBdata WHERE (AA IN ('AAjw')) AND ((CC = 'CCbj' AND BB = 'BBnx') OR (CC = 'CCdt' AND BB = 'BBlt'))",
 "sqlResult": "{86} || {69}",
 "nlq": "What is the number of CCdt BBlt or CCbj BBnx accidents involving AAjw casualties?"},
{"name": "template 7",
 "sql": "SELECT avg(Value),max(Value) FROM DBdata WHERE (AA IN ('AAjw')) AND ((CC = 'CCdt' AND BB = 'BBnx') OR (CC = 'CCdt' AND BB = 'BBlt'))",
 "sqlResult": "{65 | 69}",
 "nlq": "What are the average and maximum numbers of CCdt BBlt or BBnx accidents involving AAjw casualties?"},
{"name": "template 8",
 "sql": "SELECT AA,max(Value),avg(Value) FROM DBdata WHERE (AA IN ('AAjs')) AND ((CC = 'CCbj' AND BB = 'BBnx') OR (CC = 'CCbj' AND BB = 'BBlt') OR (CC = 'CCdt' AND BB = 'BBnx') OR (CC = 'CCdt' AND BB = 'BBlt')) GROUP BY AA",
 "sqlResult": "{AAjs | 93 | 42}",
 "nlq": "What are the maximum and average numbers for each AA, of CCdt or CCbj BBlt or BBnx accidents involving AAjs casualties? Please, report the corresponding AA."},
{"name": "template 9",
 "sql": "SELECT min(Value) FROM DBdata WHERE (AA IN ('AAjw')) AND (CC IN ('CCbj','CCdt')) GROUP BY CC",
 "sqlResult": "{61} || {86}",
 "nlq": "What is the minimum number for each CC, of CCdt or CCbj accidents involving AAjw casualties?"},
{"name": "template 10",
 "sql": "SELECT CC,sum(Value) FROM DBdata WHERE (AA IN ('AAjw')) AND (CC IN ('CCbj','CCdt')) GROUP BY CC",
 "sqlResult": "{CCdt | 130} || {CCbj | 174}",
 "nlq": "What is the total number for each CC, of CCdt or CCbj accidents involving AAjw casualties? Please, report the corresponding CC."},
{"name": "template 11",
 "sql": "SELECT CC,AA,min(Value) FROM DBdata WHERE (AA IN ('AAjw')) AND (CC IN ('CCbj','CCdt')) GROUP BY CC,AA",
 "sqlResult": "{CCdt | AAjw | 61} || {CCbj | AAjw | 86}",
 "nlq": "What is the minimum number for each CC and AA, of CCdt or CCbj accidents involving AAjw casualties? Please, report the corresponding CC and AA."},
{"name": "template 12",
 "sql": "SELECT Value FROM DBdata WHERE (AA IN ('AAjs')) AND (CC IN ('CCbj','CCdt')) ORDER BY VALUE ASC LIMIT 3",
 "sqlResult": "{11} || {18} || {46}",
 "nlq": "What are the smallest 3 numbers of CCdt or CCbj accidents involving AAjs casualties?"},
{"name": "template 13",
 "sql": "SELECT Value FROM DBdata WHERE (AA IN ('AAjw')) AND (CC IN ('CCbj','CCdt')) ORDER BY VALUE DESC",
 "sqlResult": "{88} || {86} || {69} || {61}",
 "nlq": "What are the numbers ordered by decreasing values of CCdt or CCbj accidents involving AAjw casualties?"},
{"name": "template 14",
 "sql": "SELECT CC,BB FROM DBdata WHERE (AA IN ('AAjw')) AND Value > 59",
 "sqlResult": "{CCbj | BBnx} || {CCbj | BBlt} || {CCdt | BBnx} || {CCdt | BBlt}",
 "nlq": "What are the CC and BB for which the number of accidents involving AAjw casualties is greater than 59?"},
{"name": "template 15",
 "sql": "SELECT CC,BB,Value FROM DBdata WHERE (AA IN ('AAjs')) AND (CC,BB) IN (SELECT CC,BB FROM DBdata WHERE (AA IN ('AAjw')) AND Value > 59)",
 "sqlResult": "{CCbj | BBnx | 93} || {CCbj | BBlt | 46} || {CCdt | BBnx | 18} || {CCdt | BBlt | 11}",
 "nlq": "What is the number of accidents involving AAjs casualties of CC and of BB for which the number of accidents involving AAjw casualties is greater than 59? Please, report the corresponding CC, BB, and number of accidents."}]
}

