{
"filename": "Number_of_accidents_set1_1_DB.csv",
"questions": [{"name": "template 1",
 "sql": "SELECT Value FROM DBdata WHERE (AA IN ('AAgl')) AND (BB IN ('BBpr'))",
 "sqlResult": "{28}",
 "nlq": "What is the number of BBpr accidents involving AAgl casualties?"},
{"name": "template 2",
 "sql": "SELECT Value FROM DBdata WHERE (AA IN ('AAgl')) AND (BB IN ('BBns','BBhp'))",
 "sqlResult": "{55} || {85}",
 "nlq": "What is the number of BBhp or BBns accidents involving AAgl casualties?"},
{"name": "template 3",
 "sql": "SELECT Value FROM DBdata WHERE (AA IN ('AAgl','AAcj')) AND (BB IN ('BBhp'))",
 "sqlResult": "{85} || {34}",
 "nlq": "What is the number of BBhp accidents involving AAcj or AAgl casualties?"},
{"name": "template 4",
 "sql": "SELECT max(Value),min(Value) FROM DBdata WHERE (AA IN ('AAgl','AAcj')) AND (BB IN ('BBpr'))",
 "sqlResult": "{74 | 28}",
 "nlq": "What are the maximum and minimum numbers of BBpr accidents involving AAcj or AAgl casualties?"},
{"name": "template 6",
 "sql": "SELECT Value FROM DBdata WHERE (AA IN ('AAgl')) AND (BB IN ('BBpr','BBns','BBhp'))",
 "sqlResult": "{28} || {55} || {85}",
 "nlq": "What is the number of BBhp, BBpr, or BBns accidents involving AAgl casualties?"},
{"name": "template 7",
 "sql": "SELECT max(Value),min(Value) FROM DBdata WHERE (AA IN ('AAcj')) AND (BB IN ('BBpr','BBns','BBhp'))",
 "sqlResult": "{74 | 34}",
 "nlq": "What are the maximum and minimum numbers of BBhp, BBpr, or BBns accidents involving AAcj casualties?"},
{"name": "template 8",
 "sql": "SELECT AA,min(Value),sum(Value) FROM DBdata WHERE (AA IN ('AAgl','AAcj')) AND (BB IN ('BBpr','BBns','BBhp')) GROUP BY AA",
 "sqlResult": "{AAcj | 34 | 169} || {AAgl | 28 | 168}",
 "nlq": "What are the minimum and total numbers for each AA, of BBhp, BBpr, or BBns accidents involving AAcj or AAgl casualties? Please, report the corresponding AA."},
{"name": "template 9",
 "sql": "SELECT min(Value) FROM DBdata WHERE (AA IN ('AAgl')) AND (BB IN ('BBpr','BBns','BBhp')) GROUP BY BB",
 "sqlResult": "{85} || {28} || {55}",
 "nlq": "What is the minimum number for each BB, of BBhp, BBpr, or BBns accidents involving AAgl casualties?"},
{"name": "template 10",
 "sql": "SELECT BB,avg(Value) FROM DBdata WHERE (AA IN ('AAgl')) AND (BB IN ('BBpr','BBns','BBhp')) GROUP BY BB",
 "sqlResult": "{BBhp | 85} || {BBpr | 28} || {BBns | 55}",
 "nlq": "What is the average number for each BB, of BBhp, BBpr, or BBns accidents involving AAgl casualties? Please, report the corresponding BB."},
{"name": "template 11",
 "sql": "SELECT BB,AA,avg(Value) FROM DBdata WHERE (AA IN ('AAgl','AAcj')) AND (BB IN ('BBpr','BBns','BBhp')) GROUP BY BB,AA",
 "sqlResult": "{BBhp | AAcj | 34} || {BBhp | AAgl | 85} || {BBpr | AAcj | 74} || {BBpr | AAgl | 28} || {BBns | AAcj | 61} || {BBns | AAgl | 55}",
 "nlq": "What is the average number for each BB and AA, of BBhp, BBpr, or BBns accidents involving AAcj or AAgl casualties? Please, report the corresponding BB and AA."},
{"name": "template 12",
 "sql": "SELECT Value FROM DBdata WHERE (AA IN ('AAcj')) AND (BB IN ('BBpr','BBhp')) ORDER BY VALUE DESC LIMIT 2",
 "sqlResult": "{74} || {34}",
 "nlq": "What are the largest 2 numbers of BBhp or BBpr accidents involving AAcj casualties?"},
{"name": "template 13",
 "sql": "SELECT Value FROM DBdata WHERE (AA IN ('AAcj')) AND (BB IN ('BBpr','BBhp')) ORDER BY VALUE ASC",
 "sqlResult": "{34} || {74}",
 "nlq": "What are the numbers ordered by increasing values of BBhp or BBpr accidents involving AAcj casualties?"},
{"name": "template 14",
 "sql": "SELECT BB FROM DBdata WHERE (AA IN ('AAgl')) AND Value < 56.17",
 "sqlResult": "{BBpr} || {BBns}",
 "nlq": "What is the BB for which the number of accidents involving AAgl casualties is lower than 56.17?"},
{"name": "template 15",
 "sql": "SELECT BB,Value FROM DBdata WHERE (AA IN ('AAcj')) AND (BB) IN (SELECT BB FROM DBdata WHERE (AA IN ('AAgl')) AND Value < 56.17)",
 "sqlResult": "{BBpr | 74} || {BBns | 61}",
 "nlq": "What is the number of accidents involving AAcj casualties of BB for which the number of accidents involving AAgl casualties is lower than 56.17? Please, report the corresponding BB and number of accidents."}]
}

