{
"filename": "Number_of_students_set94_4_DB.csv",
"questions": [{"name": "template 1",
 "sql": "SELECT Value FROM DBdata WHERE ((Year = '2017/2018' AND Nationality = 'Non-Qatari')) AND (School_type IN ('Government'))",
 "sqlResult": "{35}",
 "nlq": "What is the number of Non-Qatari students in Government schools in 2017/2018?"},
{"name": "template 2",
 "sql": "SELECT Value FROM DBdata WHERE ((Year = '2016/2017' AND Nationality = 'Non-Qatari')) AND (School_type IN ('Government'))",
 "sqlResult": "{65}",
 "nlq": "What is the number of Non-Qatari students in Government schools in 2016/2017?"},
{"name": "template 3",
 "sql": "SELECT Value FROM DBdata WHERE ((Year = '2016/2017' AND Nationality = 'Qatari') OR (Year = '2016/2017' AND Nationality = 'Non-Qatari') OR (Year = '2017/2018' AND Nationality = 'Qatari') OR (Year = '2017/2018' AND Nationality = 'Non-Qatari') OR (Year = '2018/2019' AND Nationality = 'Qatari') OR (Year = '2018/2019' AND Nationality = 'Non-Qatari')) AND (School_type IN ('Government'))",
 "sqlResult": "{70} || {65} || {73} || {35} || {34} || {87}",
 "nlq": "What is the number of Non-Qatari or Qatari students in Government schools in 2016/2017, 2017/2018, or 2018/2019?"},
{"name": "template 4",
 "sql": "SELECT min(Value),max(Value) FROM DBdata WHERE ((Year = '2016/2017' AND Nationality = 'Qatari') OR (Year = '2016/2017' AND Nationality = 'Non-Qatari')) AND (School_type IN ('Government'))",
 "sqlResult": "{65 | 70}",
 "nlq": "What are the minimum and maximum numbers of Non-Qatari or Qatari students in Government schools in 2016/2017?"},
{"name": "template 5",
 "sql": "SELECT sum(Value) FROM DBdata WHERE (Year IN ('2016/2017','2017/2018','2018/2019')) AND (School_type IN ('Government'))",
 "sqlResult": "{364}",
 "nlq": "What is the total number of students in Government schools in 2016/2017, 2017/2018, or 2018/2019?"},
{"name": "template 6",
 "sql": "SELECT Value FROM DBdata WHERE ((Year = '2017/2018' AND Nationality = 'Qatari') OR (Year = '2018/2019' AND Nationality = 'Non-Qatari')) AND (School_type IN ('Government','Private'))",
 "sqlResult": "{73} || {87} || {14} || {41}",
 "nlq": "What is the number of Qatari students in Government or Private schools in 2017/2018 or of Non-Qatari students in Government or Private schools in 2018/2019?"},
{"name": "template 7",
 "sql": "SELECT max(Value),min(Value) FROM DBdata WHERE ((Year = '2016/2017' AND Nationality = 'Non-Qatari')) AND (School_type IN ('Government','Private'))",
 "sqlResult": "{65 | 39}",
 "nlq": "What are the maximum and minimum numbers of Non-Qatari students in Government or Private schools in 2016/2017?"},
{"name": "template 8",
 "sql": "SELECT Year,Nationality,max(Value),avg(Value) FROM DBdata WHERE ((Year = '2017/2018' AND Nationality = 'Qatari') OR (Year = '2018/2019' AND Nationality = 'Qatari')) AND (School_type IN ('Private')) GROUP BY Year,Nationality",
 "sqlResult": "{2017/2018 | Qatari | 14 | 14} || {2018/2019 | Qatari | 49 | 49}",
 "nlq": "What are the maximum and average numbers for each Year and Nationality, of Qatari students in Private schools in 2017/2018 or 2018/2019? Please, report the corresponding Year and Nationality."},
{"name": "template 9",
 "sql": "SELECT min(Value) FROM DBdata WHERE ((Year = '2017/2018' AND Nationality = 'Non-Qatari')) AND (School_type IN ('Government','Private')) GROUP BY School_type",
 "sqlResult": "{35} || {79}",
 "nlq": "What is the minimum number for each School type, of Non-Qatari students in Government or Private schools in 2017/2018?"},
{"name": "template 10",
 "sql": "SELECT School_type,max(Value) FROM DBdata WHERE ((Year = '2018/2019' AND Nationality = 'Qatari')) AND (School_type IN ('Government','Private')) GROUP BY School_type",
 "sqlResult": "{Government | 34} || {Private | 49}",
 "nlq": "What is the maximum number for each School type, of Qatari students in Government or Private schools in 2018/2019? Please, report the corresponding School type."},
{"name": "template 11",
 "sql": "SELECT School_type,Year,Nationality,min(Value) FROM DBdata WHERE ((Year = '2016/2017' AND Nationality = 'Qatari') OR (Year = '2017/2018' AND Nationality = 'Qatari') OR (Year = '2018/2019' AND Nationality = 'Qatari')) AND (School_type IN ('Government','Private')) GROUP BY School_type,Year,Nationality",
 "sqlResult": "{Government | 2016/2017 | Qatari | 70} || {Government | 2017/2018 | Qatari | 73} || {Government | 2018/2019 | Qatari | 34} || {Private | 2016/2017 | Qatari | 81} || {Private | 2017/2018 | Qatari | 14} || {Private | 2018/2019 | Qatari | 49}",
 "nlq": "What is the minimum number for each School type, Year, and Nationality, of Qatari students in Government or Private schools in 2016/2017, 2017/2018, or 2018/2019? Please, report the corresponding School type, Year, and Nationality."},
{"name": "template 12",
 "sql": "SELECT Value FROM DBdata WHERE ((Year = '2016/2017' AND Nationality = 'Non-Qatari')) AND (School_type IN ('Government','Private')) ORDER BY VALUE DESC LIMIT 2",
 "sqlResult": "{65} || {39}",
 "nlq": "What are the top 2 numbers of Non-Qatari students in Government or Private schools in 2016/2017?"},
{"name": "template 13",
 "sql": "SELECT Value FROM DBdata WHERE ((Year = '2018/2019' AND Nationality = 'Qatari')) AND (School_type IN ('Government','Private')) ORDER BY VALUE DESC",
 "sqlResult": "{49} || {34}",
 "nlq": "What are the numbers ordered by decreasing values of Qatari students in Government or Private schools in 2018/2019?"},
{"name": "template 14",
 "sql": "SELECT School_type FROM DBdata WHERE ((Year = '2017/2018' AND Nationality = 'Non-Qatari')) AND Value > 55.58",
 "sqlResult": "{Private}",
 "nlq": "What is the School type for which the number of Non-Qatari students in 2017/2018 is greater than 55.58?"},
{"name": "template 15",
 "sql": "SELECT School_type,Value FROM DBdata WHERE ((Year = '2017/2018' AND Nationality = 'Qatari')) AND (School_type) IN (SELECT School_type FROM DBdata WHERE ((Year = '2017/2018' AND Nationality = 'Non-Qatari')) AND Value > 55.58)",
 "sqlResult": "{Private | 14}",
 "nlq": "What is the number of Qatari students in 2017/2018 in School type for which the number of Non-Qatari students in 2017/2018 is greater than 55.58? Please, report the corresponding School type and number of students."}]
}
