{
"filename": "Number_of_students_set73_2_DB.csv",
"questions": [{"name": "template 1",
 "sql": "SELECT Value FROM DBdata WHERE ((AA = 'Non-AAcn' AND BB = 'BBcq')) AND (CC IN ('CCmz'))",
 "sqlResult": "{58}",
 "nlq": "What is the number of Non-AAcn students in CCmz schools in BBcq?"},
{"name": "template 2",
 "sql": "SELECT Value FROM DBdata WHERE ((AA = 'AAcn' AND BB = 'BBcq')) AND (CC IN ('CCmz'))",
 "sqlResult": "{7}",
 "nlq": "What is the number of AAcn students in CCmz schools in BBcq?"},
{"name": "template 3",
 "sql": "SELECT Value FROM DBdata WHERE ((AA = 'AAcn' AND BB = 'BBcq') OR (AA = 'Non-AAcn' AND BB = 'BBcq') OR (AA = 'Non-AAcn' AND BB = 'BBhw')) AND (CC IN ('CCbc'))",
 "sqlResult": "{26} || {21} || {30}",
 "nlq": "What is the number of Non-AAcn or AAcn students in CCbc schools in BBcq or of Non-AAcn students in CCbc schools in BBhw?"},
{"name": "template 4",
 "sql": "SELECT avg(Value),sum(Value) FROM DBdata WHERE ((AA = 'AAcn' AND BB = 'BBhq') OR (AA = 'Non-AAcn' AND BB = 'BBhq') OR (AA = 'AAcn' AND BB = 'BBcj') OR (AA = 'Non-AAcn' AND BB = 'BBcj') OR (AA = 'AAcn' AND BB = 'BBcq') OR (AA = 'Non-AAcn' AND BB = 'BBcq') OR (AA = 'AAcn' AND BB = 'BBhw') OR (AA = 'Non-AAcn' AND BB = 'BBhw')) AND (CC IN ('CCmz'))",
 "sqlResult": "{33.62 | 269}",
 "nlq": "What are the average and total numbers of Non-AAcn or AAcn students in CCmz schools in BBhq, BBcj, BBcq, or BBhw?"},
{"name": "template 6",
 "sql": "SELECT Value FROM DBdata WHERE ((AA = 'Non-AAcn' AND BB = 'BBhq') OR (AA = 'AAcn' AND BB = 'BBcq') OR (AA = 'Non-AAcn' AND BB = 'BBhw')) AND (CC IN ('CCbc'))",
 "sqlResult": "{63} || {26} || {30}",
 "nlq": "What is the number of Non-AAcn students in CCbc schools in BBhq or BBhw or of AAcn students in CCbc schools in BBcq?"},
{"name": "template 7",
 "sql": "SELECT sum(Value),avg(Value) FROM DBdata WHERE ((AA = 'AAcn' AND BB = 'BBcq')) AND (CC IN ('CCbc','CCmz'))",
 "sqlResult": "{33 | 16.5}",
 "nlq": "What are the total and average numbers of AAcn students in CCbc or CCmz schools in BBcq?"},
{"name": "template 8",
 "sql": "SELECT AA,BB,max(Value),sum(Value) FROM DBdata WHERE ((AA = 'AAcn' AND BB = 'BBcj') OR (AA = 'Non-AAcn' AND BB = 'BBcj') OR (AA = 'Non-AAcn' AND BB = 'BBcq') OR (AA = 'Non-AAcn' AND BB = 'BBhw')) AND (CC IN ('CCbc')) GROUP BY AA,BB",
 "sqlResult": "{Non-AAcn | BBcj | 17 | 17} || {Non-AAcn | BBcq | 21 | 21} || {Non-AAcn | BBhw | 30 | 30} || {AAcn | BBcj | 34 | 34}",
 "nlq": "What are the maximum and total numbers for each AA and BB, of Non-AAcn or AAcn students in CCbc schools in BBcj or of Non-AAcn students in CCbc schools in BBcq or BBhw? Please, report the corresponding AA and BB."},
{"name": "template 9",
 "sql": "SELECT min(Value) FROM DBdata WHERE ((AA = 'Non-AAcn' AND BB = 'BBhq')) AND (CC IN ('CCbc','CCmz')) GROUP BY CC",
 "sqlResult": "{63} || {65}",
 "nlq": "What is the minimum number for each CC, of Non-AAcn students in CCbc or CCmz schools in BBhq?"},
{"name": "template 10",
 "sql": "SELECT CC,min(Value) FROM DBdata WHERE ((AA = 'AAcn' AND BB = 'BBcj')) AND (CC IN ('CCbc','CCmz')) GROUP BY CC",
 "sqlResult": "{CCbc | 34} || {CCmz | 25}",
 "nlq": "What is the minimum number for each CC, of AAcn students in CCbc or CCmz schools in BBcj? Please, report the corresponding CC."},
{"name": "template 11",
 "sql": "SELECT CC,AA,BB,min(Value) FROM DBdata WHERE ((AA = 'AAcn' AND BB = 'BBcj') OR (AA = 'Non-AAcn' AND BB = 'BBcq') OR (AA = 'AAcn' AND BB = 'BBhw')) AND (CC IN ('CCbc','CCmz')) GROUP BY CC,AA,BB",
 "sqlResult": "{CCbc | Non-AAcn | BBcq | 21} || {CCbc | AAcn | BBcj | 34} || {CCbc | AAcn | BBhw | 73} || {CCmz | Non-AAcn | BBcq | 58} || {CCmz | AAcn | BBcj | 25} || {CCmz | AAcn | BBhw | 57}",
 "nlq": "What is the minimum number for each CC, AA, and BB, of AAcn students in CCbc or CCmz schools in BBcj or BBhw or of Non-AAcn students in CCbc or CCmz schools in BBcq? Please, report the corresponding CC, AA, and BB."},
{"name": "template 12",
 "sql": "SELECT Value FROM DBdata WHERE ((AA = 'Non-AAcn' AND BB = 'BBcq')) AND (CC IN ('CCbc','CCmz')) ORDER BY VALUE ASC LIMIT 2",
 "sqlResult": "{21} || {58}",
 "nlq": "What are the bottom 2 numbers of Non-AAcn students in CCbc or CCmz schools in BBcq?"},
{"name": "template 13",
 "sql": "SELECT Value FROM DBdata WHERE ((AA = 'Non-AAcn' AND BB = 'BBhw')) AND (CC IN ('CCbc','CCmz')) ORDER BY VALUE DESC",
 "sqlResult": "{30} || {19}",
 "nlq": "What are the numbers ordered by decreasing values of Non-AAcn students in CCbc or CCmz schools in BBhw?"},
{"name": "template 14",
 "sql": "SELECT CC FROM DBdata WHERE ((AA = 'AAcn' AND BB = 'BBcq')) AND Value < 33.88",
 "sqlResult": "{CCbc} || {CCmz}",
 "nlq": "What is the CC for which the number of AAcn students in BBcq is lower than 33.88?"},
{"name": "template 15",
 "sql": "SELECT CC,Value FROM DBdata WHERE ((AA = 'Non-AAcn' AND BB = 'BBcj')) AND (CC) IN (SELECT CC FROM DBdata WHERE ((AA = 'AAcn' AND BB = 'BBcq')) AND Value < 33.88)",
 "sqlResult": "{CCbc | 17} || {CCmz | 38}",
 "nlq": "What is the number of Non-AAcn students in BBcj in CC for which the number of AAcn students in BBcq is lower than 33.88? Please, report the corresponding CC and number of students."}]
}

