Nationality,Year,School type,Value
Nationality,Year,School_type,Value
Qatari,2016/2017,Government,19
Non-Qatari,2016/2017,Government,42
Qatari,2017/2018,Government,21
Non-Qatari,2017/2018,Government,31
Qatari,2018/2019,Government,85
Non-Qatari,2018/2019,Government,3
Qatari,2019/2020,Government,93
Non-Qatari,2019/2020,Government,6
Qatari,2016/2017,Private,45
Non-Qatari,2016/2017,Private,64
Qatari,2017/2018,Private,28
Non-Qatari,2017/2018,Private,56
Qatari,2018/2019,Private,30
Non-Qatari,2018/2019,Private,48
Qatari,2019/2020,Private,13
Non-Qatari,2019/2020,Private,37
