Nationality,Year,School type,Value
Nationality,Year,School_type,Value
Qatari,2016/2017,Government,72
Non-Qatari,2016/2017,Government,59
Qatari,2017/2018,Government,64
Non-Qatari,2017/2018,Government,57
Qatari,2018/2019,Government,90
Non-Qatari,2018/2019,Government,80
Qatari,2019/2020,Government,85
Non-Qatari,2019/2020,Government,13
Qatari,2016/2017,Private,68
Non-Qatari,2016/2017,Private,0
Qatari,2017/2018,Private,8
Non-Qatari,2017/2018,Private,77
Qatari,2018/2019,Private,40
Non-Qatari,2018/2019,Private,2
Qatari,2019/2020,Private,74
Non-Qatari,2019/2020,Private,45
