{
"filename": "Number_of_students_set93_4_DB.csv",
"questions": [{"name": "template 1",
 "sql": "SELECT Value FROM DBdata WHERE ((Nationality = 'Non-Qatari' AND Year = '2015/2016')) AND (School_type IN ('Private'))",
 "sqlResult": "{23}",
 "nlq": "What is the number of Non-Qatari students in Private schools in 2015/2016?"},
{"name": "template 2",
 "sql": "SELECT Value FROM DBdata WHERE ((Nationality = 'Non-Qatari' AND Year = '2016/2017')) AND (School_type IN ('Government'))",
 "sqlResult": "{77}",
 "nlq": "What is the number of Non-Qatari students in Government schools in 2016/2017?"},
{"name": "template 3",
 "sql": "SELECT Value FROM DBdata WHERE ((Nationality = 'Qatari' AND Year = '2015/2016') OR (Nationality = 'Non-Qatari' AND Year = '2015/2016') OR (Nationality = 'Qatari' AND Year = '2016/2017') OR (Nationality = 'Non-Qatari' AND Year = '2016/2017') OR (Nationality = 'Qatari' AND Year = '2017/2018')) AND (School_type IN ('Private'))",
 "sqlResult": "{2} || {23} || {78} || {14} || {54}",
 "nlq": "What is the number of Qatari students in Private schools in 2015/2016, 2016/2017, or 2017/2018 or of Non-Qatari students in Private schools in 2015/2016 or 2016/2017?"},
{"name": "template 4",
 "sql": "SELECT min(Value),max(Value) FROM DBdata WHERE ((Nationality = 'Qatari' AND Year = '2015/2016') OR (Nationality = 'Non-Qatari' AND Year = '2015/2016') OR (Nationality = 'Qatari' AND Year = '2016/2017') OR (Nationality = 'Non-Qatari' AND Year = '2016/2017') OR (Nationality = 'Qatari' AND Year = '2017/2018') OR (Nationality = 'Non-Qatari' AND Year = '2017/2018')) AND (School_type IN ('Government'))",
 "sqlResult": "{15 | 98}",
 "nlq": "What are the minimum and maximum numbers of Non-Qatari or Qatari students in Government schools in 2015/2016, 2016/2017, or 2017/2018?"},
{"name": "template 5",
 "sql": "SELECT sum(Value) FROM DBdata WHERE (Nationality IN ('Qatari','Non-Qatari')) AND (School_type IN ('Private'))",
 "sqlResult": "{174}",
 "nlq": "What is the total number of Non-Qatari or Qatari students in Private schools?"},
{"name": "template 6",
 "sql": "SELECT Value FROM DBdata WHERE ((Nationality = 'Non-Qatari' AND Year = '2015/2016') OR (Nationality = 'Non-Qatari' AND Year = '2016/2017') OR (Nationality = 'Qatari' AND Year = '2017/2018')) AND (School_type IN ('Government','Private'))",
 "sqlResult": "{15} || {77} || {98} || {23} || {14} || {54}",
 "nlq": "What is the number of Non-Qatari students in Government or Private schools in 2015/2016 or 2016/2017 or of Qatari students in Government or Private schools in 2017/2018?"},
{"name": "template 7",
 "sql": "SELECT sum(Value),avg(Value) FROM DBdata WHERE ((Nationality = 'Qatari' AND Year = '2017/2018')) AND (School_type IN ('Private'))",
 "sqlResult": "{54 | 54}",
 "nlq": "What are the total and average numbers of Qatari students in Private schools in 2017/2018?"},
{"name": "template 8",
 "sql": "SELECT Nationality,Year,avg(Value),sum(Value) FROM DBdata WHERE ((Nationality = 'Qatari' AND Year = '2016/2017') OR (Nationality = 'Non-Qatari' AND Year = '2016/2017')) AND (School_type IN ('Private')) GROUP BY Nationality,Year",
 "sqlResult": "{Non-Qatari | 2016/2017 | 14 | 14} || {Qatari | 2016/2017 | 78 | 78}",
 "nlq": "What are the average and total numbers for each Nationality and Year, of Non-Qatari or Qatari students in Private schools in 2016/2017? Please, report the corresponding Nationality and Year."},
{"name": "template 9",
 "sql": "SELECT min(Value) FROM DBdata WHERE ((Nationality = 'Non-Qatari' AND Year = '2016/2017')) AND (School_type IN ('Government','Private')) GROUP BY School_type",
 "sqlResult": "{77} || {14}",
 "nlq": "What is the minimum number for each School type, of Non-Qatari students in Government or Private schools in 2016/2017?"},
{"name": "template 10",
 "sql": "SELECT School_type,max(Value) FROM DBdata WHERE ((Nationality = 'Qatari' AND Year = '2017/2018')) AND (School_type IN ('Government','Private')) GROUP BY School_type",
 "sqlResult": "{Government | 98} || {Private | 54}",
 "nlq": "What is the maximum number for each School type, of Qatari students in Government or Private schools in 2017/2018? Please, report the corresponding School type."},
{"name": "template 11",
 "sql": "SELECT School_type,Nationality,Year,sum(Value) FROM DBdata WHERE ((Nationality = 'Non-Qatari' AND Year = '2015/2016') OR (Nationality = 'Qatari' AND Year = '2017/2018')) AND (School_type IN ('Government','Private')) GROUP BY School_type,Nationality,Year",
 "sqlResult": "{Government | Non-Qatari | 2015/2016 | 15} || {Government | Qatari | 2017/2018 | 98} || {Private | Non-Qatari | 2015/2016 | 23} || {Private | Qatari | 2017/2018 | 54}",
 "nlq": "What is the total number for each School type, Nationality, and Year, of Non-Qatari students in Government or Private schools in 2015/2016 or of Qatari students in Government or Private schools in 2017/2018? Please, report the corresponding School type, Nationality, and Year."},
{"name": "template 12",
 "sql": "SELECT Value FROM DBdata WHERE ((Nationality = 'Qatari' AND Year = '2017/2018')) AND (School_type IN ('Government','Private')) ORDER BY VALUE ASC LIMIT 2",
 "sqlResult": "{54} || {98}",
 "nlq": "What are the bottom 2 numbers of Qatari students in Government or Private schools in 2017/2018?"},
{"name": "template 13",
 "sql": "SELECT Value FROM DBdata WHERE ((Nationality = 'Qatari' AND Year = '2016/2017')) AND (School_type IN ('Government','Private')) ORDER BY VALUE DESC",
 "sqlResult": "{87} || {78}",
 "nlq": "What are the numbers ordered by decreasing values of Qatari students in Government or Private schools in 2016/2017?"},
{"name": "template 14",
 "sql": "SELECT School_type FROM DBdata WHERE ((Nationality = 'Qatari' AND Year = '2016/2017')) AND Value > 48.67",
 "sqlResult": "{Government} || {Private}",
 "nlq": "What is the School type for which the number of Qatari students in 2016/2017 is greater than 48.67?"},
{"name": "template 15",
 "sql": "SELECT School_type,Value FROM DBdata WHERE ((Nationality = 'Non-Qatari' AND Year = '2015/2016')) AND (School_type) IN (SELECT School_type FROM DBdata WHERE ((Nationality = 'Qatari' AND Year = '2016/2017')) AND Value > 48.67)",
 "sqlResult": "{Government | 15} || {Private | 23}",
 "nlq": "What is the number of Non-Qatari students in 2015/2016 in School type for which the number of Qatari students in 2016/2017 is greater than 48.67? Please, report the corresponding School type and number of students."}]
}
