{
"filename": "Number_of_students_set92_4_DB.csv",
"questions": [{"name": "template 1",
 "sql": "SELECT Value FROM DBdata WHERE ((Nationality = 'Qatari' AND Year = '2018/2019')) AND (School_type IN ('Private'))",
 "sqlResult": "{47}",
 "nlq": "What is the number of Qatari students in Private schools in 2018/2019?"},
{"name": "template 2",
 "sql": "SELECT Value FROM DBdata WHERE ((Nationality = 'Qatari' AND Year = '2019/2020')) AND (School_type IN ('Private'))",
 "sqlResult": "{66}",
 "nlq": "What is the number of Qatari students in Private schools in 2019/2020?"},
{"name": "template 3",
 "sql": "SELECT Value FROM DBdata WHERE ((Nationality = 'Non-Qatari' AND Year = '2018/2019') OR (Nationality = 'Qatari' AND Year = '2019/2020')) AND (School_type IN ('Private'))",
 "sqlResult": "{12} || {66}",
 "nlq": "What is the number of Non-Qatari students in Private schools in 2018/2019 or of Qatari students in Private schools in 2019/2020?"},
{"name": "template 4",
 "sql": "SELECT max(Value),avg(Value) FROM DBdata WHERE ((Nationality = 'Qatari' AND Year = '2018/2019') OR (Nationality = 'Non-Qatari' AND Year = '2018/2019') OR (Nationality = 'Qatari' AND Year = '2019/2020') OR (Nationality = 'Non-Qatari' AND Year = '2019/2020')) AND (School_type IN ('Private'))",
 "sqlResult": "{66 | 33.25}",
 "nlq": "What are the maximum and average numbers of Non-Qatari or Qatari students in Private schools in 2018/2019 or 2019/2020?"},
{"name": "template 5",
 "sql": "SELECT sum(Value) FROM DBdata WHERE Nationality = 'Qatari' AND (Year IN ('2018/2019','2019/2020')) AND (School_type IN ('Private'))",
 "sqlResult": "{113}",
 "nlq": "What is the total number of Qatari students in Private schools in 2018/2019 or 2019/2020?"},
{"name": "template 6",
 "sql": "SELECT Value FROM DBdata WHERE ((Nationality = 'Qatari' AND Year = '2018/2019') OR (Nationality = 'Qatari' AND Year = '2019/2020') OR (Nationality = 'Non-Qatari' AND Year = '2019/2020')) AND (School_type IN ('Government','Private'))",
 "sqlResult": "{81} || {78} || {32} || {47} || {66} || {8}",
 "nlq": "What is the number of Qatari students in Government or Private schools in 2018/2019 or of Non-Qatari or Qatari students in Government or Private schools in 2019/2020?"},
{"name": "template 7",
 "sql": "SELECT min(Value),sum(Value) FROM DBdata WHERE ((Nationality = 'Non-Qatari' AND Year = '2019/2020')) AND (School_type IN ('Government','Private'))",
 "sqlResult": "{8 | 40}",
 "nlq": "What are the minimum and total numbers of Non-Qatari students in Government or Private schools in 2019/2020?"},
{"name": "template 8",
 "sql": "SELECT Nationality,Year,max(Value),avg(Value) FROM DBdata WHERE ((Nationality = 'Qatari' AND Year = '2018/2019') OR (Nationality = 'Non-Qatari' AND Year = '2018/2019') OR (Nationality = 'Qatari' AND Year = '2019/2020')) AND (School_type IN ('Private')) GROUP BY Nationality,Year",
 "sqlResult": "{Non-Qatari | 2018/2019 | 12 | 12} || {Qatari | 2018/2019 | 47 | 47} || {Qatari | 2019/2020 | 66 | 66}",
 "nlq": "What are the maximum and average numbers for each Nationality and Year, of Non-Qatari or Qatari students in Private schools in 2018/2019 or of Qatari students in Private schools in 2019/2020? Please, report the corresponding Nationality and Year."},
{"name": "template 9",
 "sql": "SELECT min(Value) FROM DBdata WHERE ((Nationality = 'Non-Qatari' AND Year = '2019/2020')) AND (School_type IN ('Government','Private')) GROUP BY School_type",
 "sqlResult": "{32} || {8}",
 "nlq": "What is the minimum number for each School type, of Non-Qatari students in Government or Private schools in 2019/2020?"},
{"name": "template 10",
 "sql": "SELECT School_type,avg(Value) FROM DBdata WHERE ((Nationality = 'Qatari' AND Year = '2019/2020')) AND (School_type IN ('Government','Private')) GROUP BY School_type",
 "sqlResult": "{Government | 78} || {Private | 66}",
 "nlq": "What is the average number for each School type, of Qatari students in Government or Private schools in 2019/2020? Please, report the corresponding School type."},
{"name": "template 11",
 "sql": "SELECT School_type,Nationality,Year,avg(Value) FROM DBdata WHERE ((Nationality = 'Qatari' AND Year = '2019/2020') OR (Nationality = 'Non-Qatari' AND Year = '2019/2020')) AND (School_type IN ('Government','Private')) GROUP BY School_type,Nationality,Year",
 "sqlResult": "{Government | Non-Qatari | 2019/2020 | 32} || {Government | Qatari | 2019/2020 | 78} || {Private | Non-Qatari | 2019/2020 | 8} || {Private | Qatari | 2019/2020 | 66}",
 "nlq": "What is the average number for each School type, Nationality, and Year, of Non-Qatari or Qatari students in Government or Private schools in 2019/2020? Please, report the corresponding School type, Nationality, and Year."},
{"name": "template 12",
 "sql": "SELECT Value FROM DBdata WHERE ((Nationality = 'Qatari' AND Year = '2018/2019')) AND (School_type IN ('Government','Private')) ORDER BY VALUE DESC LIMIT 2",
 "sqlResult": "{81} || {47}",
 "nlq": "What are the top 2 numbers of Qatari students in Government or Private schools in 2018/2019?"},
{"name": "template 13",
 "sql": "SELECT Value FROM DBdata WHERE ((Nationality = 'Qatari' AND Year = '2019/2020')) AND (School_type IN ('Government','Private')) ORDER BY VALUE ASC",
 "sqlResult": "{66} || {78}",
 "nlq": "What are the numbers ordered by increasing values of Qatari students in Government or Private schools in 2019/2020?"},
{"name": "template 14",
 "sql": "SELECT School_type FROM DBdata WHERE ((Nationality = 'Qatari' AND Year = '2019/2020')) AND Value > 42.62",
 "sqlResult": "{Government} || {Private}",
 "nlq": "What is the School type for which the number of Qatari students in 2019/2020 is greater than 42.62?"},
{"name": "template 15",
 "sql": "SELECT School_type,Value FROM DBdata WHERE ((Nationality = 'Non-Qatari' AND Year = '2018/2019')) AND (School_type) IN (SELECT School_type FROM DBdata WHERE ((Nationality = 'Qatari' AND Year = '2019/2020')) AND Value > 42.62)",
 "sqlResult": "{Government | 17} || {Private | 12}",
 "nlq": "What is the number of Non-Qatari students in 2018/2019 in School type for which the number of Qatari students in 2019/2020 is greater than 42.62? Please, report the corresponding School type and number of students."}]
}
