{
"filename": "Number_of_students_set78_2_DB.csv",
"questions": [{"name": "template 1",
 "sql": "SELECT Value FROM DBdata WHERE ((AA = 'Non-AAvw' AND BB = 'BBgv')) AND (CC IN ('CCjl'))",
 "sqlResult": "{63}",
 "nlq": "What is the number of Non-AAvw students in CCjl schools in BBgv?"},
{"name": "template 2",
 "sql": "SELECT Value FROM DBdata WHERE ((AA = 'Non-AAvw' AND BB = 'BBgv')) AND (CC IN ('CChx'))",
 "sqlResult": "{43}",
 "nlq": "What is the number of Non-AAvw students in CChx schools in BBgv?"},
{"name": "template 3",
 "sql": "SELECT Value FROM DBdata WHERE ((AA = 'AAvw' AND BB = 'BBdh') OR (AA = 'Non-AAvw' AND BB = 'BBdh') OR (AA = 'AAvw' AND BB = 'BBgv') OR (AA = 'Non-AAvw' AND BB = 'BBgv')) AND (CC IN ('CCjl'))",
 "sqlResult": "{98} || {29} || {42} || {63}",
 "nlq": "What is the number of Non-AAvw or AAvw students in CCjl schools in BBdh or BBgv?"},
{"name": "template 4",
 "sql": "SELECT avg(Value),min(Value) FROM DBdata WHERE ((AA = 'AAvw' AND BB = 'BBdh') OR (AA = 'Non-AAvw' AND BB = 'BBdh') OR (AA = 'AAvw' AND BB = 'BBgv') OR (AA = 'Non-AAvw' AND BB = 'BBgv')) AND (CC IN ('CChx'))",
 "sqlResult": "{26 | 7}",
 "nlq": "What are the average and minimum numbers of Non-AAvw or AAvw students in CChx schools in BBdh or BBgv?"},
{"name": "template 6",
 "sql": "SELECT Value FROM DBdata WHERE ((AA = 'AAvw' AND BB = 'BBdh') OR (AA = 'Non-AAvw' AND BB = 'BBdh') OR (AA = 'AAvw' AND BB = 'BBgv') OR (AA = 'Non-AAvw' AND BB = 'BBgv')) AND (CC IN ('CChx'))",
 "sqlResult": "{39} || {15} || {7} || {43}",
 "nlq": "What is the number of Non-AAvw or AAvw students in CChx schools in BBdh or BBgv?"},
{"name": "template 7",
 "sql": "SELECT min(Value),max(Value) FROM DBdata WHERE ((AA = 'AAvw' AND BB = 'BBgv')) AND (CC IN ('CCjl'))",
 "sqlResult": "{42 | 42}",
 "nlq": "What are the minimum and maximum numbers of AAvw students in CCjl schools in BBgv?"},
{"name": "template 8",
 "sql": "SELECT AA,BB,min(Value),avg(Value) FROM DBdata WHERE ((AA = 'Non-AAvw' AND BB = 'BBdh') OR (AA = 'Non-AAvw' AND BB = 'BBgv')) AND (CC IN ('CCjl','CChx')) GROUP BY AA,BB",
 "sqlResult": "{Non-AAvw | BBdh | 15 | 22} || {Non-AAvw | BBgv | 43 | 53}",
 "nlq": "What are the minimum and average numbers for each AA and BB, of Non-AAvw students in CCjl or CChx schools in BBdh or BBgv? Please, report the corresponding AA and BB."},
{"name": "template 9",
 "sql": "SELECT min(Value) FROM DBdata WHERE ((AA = 'Non-AAvw' AND BB = 'BBdh')) AND (CC IN ('CCjl','CChx')) GROUP BY CC",
 "sqlResult": "{29} || {15}",
 "nlq": "What is the minimum number for each CC, of Non-AAvw students in CCjl or CChx schools in BBdh?"},
{"name": "template 10",
 "sql": "SELECT CC,avg(Value) FROM DBdata WHERE ((AA = 'AAvw' AND BB = 'BBdh')) AND (CC IN ('CCjl','CChx')) GROUP BY CC",
 "sqlResult": "{CCjl | 98} || {CChx | 39}",
 "nlq": "What is the average number for each CC, of AAvw students in CCjl or CChx schools in BBdh? Please, report the corresponding CC."},
{"name": "template 11",
 "sql": "SELECT CC,AA,BB,max(Value) FROM DBdata WHERE ((AA = 'AAvw' AND BB = 'BBdh') OR (AA = 'Non-AAvw' AND BB = 'BBdh')) AND (CC IN ('CCjl','CChx')) GROUP BY CC,AA,BB",
 "sqlResult": "{CCjl | Non-AAvw | BBdh | 29} || {CCjl | AAvw | BBdh | 98} || {CChx | Non-AAvw | BBdh | 15} || {CChx | AAvw | BBdh | 39}",
 "nlq": "What is the maximum number for each CC, AA, and BB, of Non-AAvw or AAvw students in CCjl or CChx schools in BBdh? Please, report the corresponding CC, AA, and BB."},
{"name": "template 12",
 "sql": "SELECT Value FROM DBdata WHERE ((AA = 'AAvw' AND BB = 'BBdh')) AND (CC IN ('CCjl','CChx')) ORDER BY VALUE ASC LIMIT 2",
 "sqlResult": "{39} || {98}",
 "nlq": "What are the bottom 2 numbers of AAvw students in CCjl or CChx schools in BBdh?"},
{"name": "template 13",
 "sql": "SELECT Value FROM DBdata WHERE ((AA = 'AAvw' AND BB = 'BBdh')) AND (CC IN ('CCjl','CChx')) ORDER BY VALUE ASC",
 "sqlResult": "{39} || {98}",
 "nlq": "What are the numbers ordered by increasing values of AAvw students in CCjl or CChx schools in BBdh?"},
{"name": "template 14",
 "sql": "SELECT CC FROM DBdata WHERE ((AA = 'Non-AAvw' AND BB = 'BBgv')) AND Value > 42",
 "sqlResult": "{CCjl} || {CChx}",
 "nlq": "What is the CC for which the number of Non-AAvw students in BBgv is greater than 42?"},
{"name": "template 15",
 "sql": "SELECT CC,Value FROM DBdata WHERE ((AA = 'Non-AAvw' AND BB = 'BBdh')) AND (CC) IN (SELECT CC FROM DBdata WHERE ((AA = 'Non-AAvw' AND BB = 'BBgv')) AND Value > 42)",
 "sqlResult": "{CCjl | 29} || {CChx | 15}",
 "nlq": "What is the number of Non-AAvw students in BBdh in CC for which the number of Non-AAvw students in BBgv is greater than 42? Please, report the corresponding CC and number of students."}]
}

