{
"filename": "Number_of_students_set73_4_DB.csv",
"questions": [{"name": "template 1",
 "sql": "SELECT Value FROM DBdata WHERE ((Nationality = 'Qatari' AND Year = '2019/2020')) AND (School_type IN ('Government'))",
 "sqlResult": "{28}",
 "nlq": "What is the number of Qatari students in Government schools in 2019/2020?"},
{"name": "template 2",
 "sql": "SELECT Value FROM DBdata WHERE ((Nationality = 'Non-Qatari' AND Year = '2019/2020')) AND (School_type IN ('Private'))",
 "sqlResult": "{37}",
 "nlq": "What is the number of Non-Qatari students in Private schools in 2019/2020?"},
{"name": "template 3",
 "sql": "SELECT Value FROM DBdata WHERE ((Nationality = 'Qatari' AND Year = '2018/2019') OR (Nationality = 'Non-Qatari' AND Year = '2018/2019') OR (Nationality = 'Non-Qatari' AND Year = '2019/2020')) AND (School_type IN ('Private'))",
 "sqlResult": "{72} || {88} || {37}",
 "nlq": "What is the number of Non-Qatari or Qatari students in Private schools in 2018/2019 or of Non-Qatari students in Private schools in 2019/2020?"},
{"name": "template 4",
 "sql": "SELECT avg(Value),max(Value) FROM DBdata WHERE ((Nationality = 'Qatari' AND Year = '2017/2018') OR (Nationality = 'Non-Qatari' AND Year = '2017/2018') OR (Nationality = 'Qatari' AND Year = '2018/2019') OR (Nationality = 'Non-Qatari' AND Year = '2018/2019') OR (Nationality = 'Qatari' AND Year = '2019/2020') OR (Nationality = 'Non-Qatari' AND Year = '2019/2020')) AND (School_type IN ('Private'))",
 "sqlResult": "{46.83 | 88}",
 "nlq": "What are the average and maximum numbers of Non-Qatari or Qatari students in Private schools in 2017/2018, 2018/2019, or 2019/2020?"},
{"name": "template 6",
 "sql": "SELECT Value FROM DBdata WHERE ((Nationality = 'Qatari' AND Year = '2017/2018') OR (Nationality = 'Non-Qatari' AND Year = '2017/2018') OR (Nationality = 'Qatari' AND Year = '2018/2019') OR (Nationality = 'Non-Qatari' AND Year = '2018/2019') OR (Nationality = 'Non-Qatari' AND Year = '2019/2020')) AND (School_type IN ('Government'))",
 "sqlResult": "{77} || {38} || {0} || {52} || {71}",
 "nlq": "What is the number of Non-Qatari or Qatari students in Government schools in 2017/2018 or 2018/2019 or of Non-Qatari students in Government schools in 2019/2020?"},
{"name": "template 7",
 "sql": "SELECT min(Value),sum(Value) FROM DBdata WHERE ((Nationality = 'Non-Qatari' AND Year = '2019/2020')) AND (School_type IN ('Government','Private'))",
 "sqlResult": "{37 | 108}",
 "nlq": "What are the minimum and total numbers of Non-Qatari students in Government or Private schools in 2019/2020?"},
{"name": "template 8",
 "sql": "SELECT Nationality,Year,avg(Value),max(Value) FROM DBdata WHERE ((Nationality = 'Qatari' AND Year = '2017/2018') OR (Nationality = 'Non-Qatari' AND Year = '2017/2018') OR (Nationality = 'Qatari' AND Year = '2018/2019') OR (Nationality = 'Non-Qatari' AND Year = '2019/2020')) AND (School_type IN ('Private')) GROUP BY Nationality,Year",
 "sqlResult": "{Non-Qatari | 2017/2018 | 32 | 32} || {Non-Qatari | 2019/2020 | 37 | 37} || {Qatari | 2017/2018 | 47 | 47} || {Qatari | 2018/2019 | 72 | 72}",
 "nlq": "What are the average and maximum numbers for each Nationality and Year, of Non-Qatari or Qatari students in Private schools in 2017/2018, of Qatari students in Private schools in 2018/2019, or of Non-Qatari students in Private schools in 2019/2020? Please, report the corresponding Nationality and Year."},
{"name": "template 9",
 "sql": "SELECT min(Value) FROM DBdata WHERE ((Nationality = 'Qatari' AND Year = '2018/2019')) AND (School_type IN ('Government','Private')) GROUP BY School_type",
 "sqlResult": "{0} || {72}",
 "nlq": "What is the minimum number for each School type, of Qatari students in Government or Private schools in 2018/2019?"},
{"name": "template 10",
 "sql": "SELECT School_type,max(Value) FROM DBdata WHERE ((Nationality = 'Qatari' AND Year = '2017/2018')) AND (School_type IN ('Government','Private')) GROUP BY School_type",
 "sqlResult": "{Government | 77} || {Private | 47}",
 "nlq": "What is the maximum number for each School type, of Qatari students in Government or Private schools in 2017/2018? Please, report the corresponding School type."},
{"name": "template 11",
 "sql": "SELECT School_type,Nationality,Year,avg(Value) FROM DBdata WHERE ((Nationality = 'Non-Qatari' AND Year = '2017/2018') OR (Nationality = 'Qatari' AND Year = '2018/2019') OR (Nationality = 'Qatari' AND Year = '2019/2020')) AND (School_type IN ('Government','Private')) GROUP BY School_type,Nationality,Year",
 "sqlResult": "{Government | Non-Qatari | 2017/2018 | 38} || {Government | Qatari | 2018/2019 | 0} || {Government | Qatari | 2019/2020 | 28} || {Private | Non-Qatari | 2017/2018 | 32} || {Private | Qatari | 2018/2019 | 72} || {Private | Qatari | 2019/2020 | 5}",
 "nlq": "What is the average number for each School type, Nationality, and Year, of Non-Qatari students in Government or Private schools in 2017/2018 or of Qatari students in Government or Private schools in 2018/2019 or 2019/2020? Please, report the corresponding School type, Nationality, and Year."},
{"name": "template 12",
 "sql": "SELECT Value FROM DBdata WHERE ((Nationality = 'Non-Qatari' AND Year = '2017/2018')) AND (School_type IN ('Government','Private')) ORDER BY VALUE ASC LIMIT 2",
 "sqlResult": "{32} || {38}",
 "nlq": "What are the bottom 2 numbers of Non-Qatari students in Government or Private schools in 2017/2018?"},
{"name": "template 13",
 "sql": "SELECT Value FROM DBdata WHERE ((Nationality = 'Non-Qatari' AND Year = '2019/2020')) AND (School_type IN ('Government','Private')) ORDER BY VALUE ASC",
 "sqlResult": "{37} || {71}",
 "nlq": "What are the numbers ordered by increasing values of Non-Qatari students in Government or Private schools in 2019/2020?"},
{"name": "template 14",
 "sql": "SELECT School_type FROM DBdata WHERE ((Nationality = 'Qatari' AND Year = '2019/2020')) AND Value < 45.58",
 "sqlResult": "{Government} || {Private}",
 "nlq": "What is the School type for which the number of Qatari students in 2019/2020 is lower than 45.58?"},
{"name": "template 15",
 "sql": "SELECT School_type,Value FROM DBdata WHERE ((Nationality = 'Non-Qatari' AND Year = '2019/2020')) AND (School_type) IN (SELECT School_type FROM DBdata WHERE ((Nationality = 'Qatari' AND Year = '2019/2020')) AND Value < 45.58)",
 "sqlResult": "{Government | 71} || {Private | 37}",
 "nlq": "What is the number of Non-Qatari students in 2019/2020 in School type for which the number of Qatari students in 2019/2020 is lower than 45.58? Please, report the corresponding School type and number of students."}]
}
