Nationality,Year,School type,Value
Nationality,Year,School_type,Value
Qatari,2015/2016,Government,24
Non-Qatari,2015/2016,Government,17
Qatari,2016/2017,Government,31
Non-Qatari,2016/2017,Government,80
Qatari,2017/2018,Government,22
Non-Qatari,2017/2018,Government,54
Qatari,2018/2019,Government,94
Non-Qatari,2018/2019,Government,60
Qatari,2015/2016,Private,25
Non-Qatari,2015/2016,Private,4
Qatari,2016/2017,Private,38
Non-Qatari,2016/2017,Private,18
Qatari,2017/2018,Private,42
Non-Qatari,2017/2018,Private,95
Qatari,2018/2019,Private,48
Non-Qatari,2018/2019,Private,64
