{
"filename": "Number_of_students_set78_5_DB.csv",
"questions": [{"name": "template 1",
 "sql": "SELECT Value FROM DBdata WHERE ((AA = 'AAhz' AND BB = 'BBkx')) AND (CC IN ('CCst'))",
 "sqlResult": "{51}",
 "nlq": "What is the number of AAhz students in CCst schools in BBkx?"},
{"name": "template 2",
 "sql": "SELECT Value FROM DBdata WHERE ((AA = 'AAhz' AND BB = 'BBkx')) AND (CC IN ('CCdg','CCst'))",
 "sqlResult": "{8} || {51}",
 "nlq": "What is the number of AAhz students in CCdg or CCst schools in BBkx?"},
{"name": "template 3",
 "sql": "SELECT Value FROM DBdata WHERE ((AA = 'AAhz' AND BB = 'BBkx') OR (AA = 'Non-AAhz' AND BB = 'BBkx') OR (AA = 'AAhz' AND BB = 'BBtz') OR (AA = 'Non-AAhz' AND BB = 'BBtz')) AND (CC IN ('CCdg'))",
 "sqlResult": "{8} || {58} || {12} || {92}",
 "nlq": "What is the number of Non-AAhz or AAhz students in CCdg schools in BBkx or BBtz?"},
{"name": "template 4",
 "sql": "SELECT sum(Value),avg(Value) FROM DBdata WHERE ((AA = 'AAhz' AND BB = 'BBkx') OR (AA = 'AAhz' AND BB = 'BBtz') OR (AA = 'Non-AAhz' AND BB = 'BBtz')) AND (CC IN ('CCdg'))",
 "sqlResult": "{112 | 37.33}",
 "nlq": "What are the total and average numbers of AAhz students in CCdg schools in BBkx or BBtz or of Non-AAhz students in CCdg schools in BBtz?"},
{"name": "template 6",
 "sql": "SELECT Value FROM DBdata WHERE ((AA = 'AAhz' AND BB = 'BBkx') OR (AA = 'Non-AAhz' AND BB = 'BBkx') OR (AA = 'AAhz' AND BB = 'BBtz') OR (AA = 'Non-AAhz' AND BB = 'BBtz')) AND (CC IN ('CCdg','CCst'))",
 "sqlResult": "{8} || {58} || {12} || {92} || {51} || {32} || {20} || {83}",
 "nlq": "What is the number of Non-AAhz or AAhz students in CCdg or CCst schools in BBkx or BBtz?"},
{"name": "template 7",
 "sql": "SELECT avg(Value),max(Value) FROM DBdata WHERE ((AA = 'AAhz' AND BB = 'BBkx')) AND (CC IN ('CCdg','CCst'))",
 "sqlResult": "{29.5 | 51}",
 "nlq": "What are the average and maximum numbers of AAhz students in CCdg or CCst schools in BBkx?"},
{"name": "template 8",
 "sql": "SELECT AA,BB,max(Value),avg(Value) FROM DBdata WHERE ((AA = 'AAhz' AND BB = 'BBkx') OR (AA = 'Non-AAhz' AND BB = 'BBkx')) AND (CC IN ('CCdg','CCst')) GROUP BY AA,BB",
 "sqlResult": "{Non-AAhz | BBkx | 58 | 45} || {AAhz | BBkx | 51 | 29.5}",
 "nlq": "What are the maximum and average numbers for each AA and BB, of Non-AAhz or AAhz students in CCdg or CCst schools in BBkx? Please, report the corresponding AA and BB."},
{"name": "template 9",
 "sql": "SELECT min(Value) FROM DBdata WHERE ((AA = 'AAhz' AND BB = 'BBkx')) AND (CC IN ('CCdg','CCst')) GROUP BY CC",
 "sqlResult": "{8} || {51}",
 "nlq": "What is the minimum number for each CC, of AAhz students in CCdg or CCst schools in BBkx?"},
{"name": "template 10",
 "sql": "SELECT CC,sum(Value) FROM DBdata WHERE ((AA = 'AAhz' AND BB = 'BBtz')) AND (CC IN ('CCdg','CCst')) GROUP BY CC",
 "sqlResult": "{CCdg | 12} || {CCst | 20}",
 "nlq": "What is the total number for each CC, of AAhz students in CCdg or CCst schools in BBtz? Please, report the corresponding CC."},
{"name": "template 11",
 "sql": "SELECT CC,AA,BB,min(Value) FROM DBdata WHERE ((AA = 'AAhz' AND BB = 'BBkx') OR (AA = 'Non-AAhz' AND BB = 'BBkx') OR (AA = 'AAhz' AND BB = 'BBtz')) AND (CC IN ('CCdg','CCst')) GROUP BY CC,AA,BB",
 "sqlResult": "{CCdg | Non-AAhz | BBkx | 58} || {CCdg | AAhz | BBkx | 8} || {CCdg | AAhz | BBtz | 12} || {CCst | Non-AAhz | BBkx | 32} || {CCst | AAhz | BBkx | 51} || {CCst | AAhz | BBtz | 20}",
 "nlq": "What is the minimum number for each CC, AA, and BB, of Non-AAhz or AAhz students in CCdg or CCst schools in BBkx or of AAhz students in CCdg or CCst schools in BBtz? Please, report the corresponding CC, AA, and BB."},
{"name": "template 12",
 "sql": "SELECT Value FROM DBdata WHERE ((AA = 'AAhz' AND BB = 'BBtz')) AND (CC IN ('CCdg','CCst')) ORDER BY VALUE ASC LIMIT 2",
 "sqlResult": "{12} || {20}",
 "nlq": "What are the bottom 2 numbers of AAhz students in CCdg or CCst schools in BBtz?"},
{"name": "template 13",
 "sql": "SELECT Value FROM DBdata WHERE ((AA = 'Non-AAhz' AND BB = 'BBtz')) AND (CC IN ('CCdg','CCst')) ORDER BY VALUE ASC",
 "sqlResult": "{83} || {92}",
 "nlq": "What are the numbers ordered by increasing values of Non-AAhz students in CCdg or CCst schools in BBtz?"},
{"name": "template 14",
 "sql": "SELECT CC FROM DBdata WHERE ((AA = 'Non-AAhz' AND BB = 'BBtz')) AND Value > 44.5",
 "sqlResult": "{CCdg} || {CCst}",
 "nlq": "What is the CC for which the number of Non-AAhz students in BBtz is greater than 44.5?"},
{"name": "template 15",
 "sql": "SELECT CC,Value FROM DBdata WHERE ((AA = 'AAhz' AND BB = 'BBkx')) AND (CC) IN (SELECT CC FROM DBdata WHERE ((AA = 'Non-AAhz' AND BB = 'BBtz')) AND Value > 44.5)",
 "sqlResult": "{CCdg | 8} || {CCst | 51}",
 "nlq": "What is the number of AAhz students in BBkx in CC for which the number of Non-AAhz students in BBtz is greater than 44.5? Please, report the corresponding CC and number of students."}]
}

