{
"filename": "Number_of_students_set94_4_DB.csv",
"questions": [{"name": "template 1",
 "sql": "SELECT Value FROM DBdata WHERE ((BB = 'BBgh' AND AA = 'Non-AApx')) AND (CC IN ('CCct'))",
 "sqlResult": "{35}",
 "nlq": "What is the number of Non-AApx students in CCct schools in BBgh?"},
{"name": "template 2",
 "sql": "SELECT Value FROM DBdata WHERE ((BB = 'BBqz' AND AA = 'Non-AApx')) AND (CC IN ('CCct'))",
 "sqlResult": "{65}",
 "nlq": "What is the number of Non-AApx students in CCct schools in BBqz?"},
{"name": "template 3",
 "sql": "SELECT Value FROM DBdata WHERE ((BB = 'BBqz' AND AA = 'AApx') OR (BB = 'BBqz' AND AA = 'Non-AApx') OR (BB = 'BBgh' AND AA = 'AApx') OR (BB = 'BBgh' AND AA = 'Non-AApx') OR (BB = 'BBfh' AND AA = 'AApx') OR (BB = 'BBfh' AND AA = 'Non-AApx')) AND (CC IN ('CCct'))",
 "sqlResult": "{70} || {65} || {73} || {35} || {34} || {87}",
 "nlq": "What is the number of Non-AApx or AApx students in CCct schools in BBqz, BBgh, or BBfh?"},
{"name": "template 4",
 "sql": "SELECT min(Value),max(Value) FROM DBdata WHERE ((BB = 'BBqz' AND AA = 'AApx') OR (BB = 'BBqz' AND AA = 'Non-AApx')) AND (CC IN ('CCct'))",
 "sqlResult": "{65 | 70}",
 "nlq": "What are the minimum and maximum numbers of Non-AApx or AApx students in CCct schools in BBqz?"},
{"name": "template 5",
 "sql": "SELECT sum(Value) FROM DBdata WHERE (BB IN ('BBqz','BBgh','BBfh')) AND (CC IN ('CCct'))",
 "sqlResult": "{364}",
 "nlq": "What is the total number of students in CCct schools in BBqz, BBgh, or BBfh?"},
{"name": "template 6",
 "sql": "SELECT Value FROM DBdata WHERE ((BB = 'BBgh' AND AA = 'AApx') OR (BB = 'BBfh' AND AA = 'Non-AApx')) AND (CC IN ('CCct','CCgl'))",
 "sqlResult": "{73} || {87} || {14} || {41}",
 "nlq": "What is the number of AApx students in CCct or CCgl schools in BBgh or of Non-AApx students in CCct or CCgl schools in BBfh?"},
{"name": "template 7",
 "sql": "SELECT max(Value),min(Value) FROM DBdata WHERE ((BB = 'BBqz' AND AA = 'Non-AApx')) AND (CC IN ('CCct','CCgl'))",
 "sqlResult": "{65 | 39}",
 "nlq": "What are the maximum and minimum numbers of Non-AApx students in CCct or CCgl schools in BBqz?"},
{"name": "template 8",
 "sql": "SELECT BB,AA,max(Value),avg(Value) FROM DBdata WHERE ((BB = 'BBgh' AND AA = 'AApx') OR (BB = 'BBfh' AND AA = 'AApx')) AND (CC IN ('CCgl')) GROUP BY BB,AA",
 "sqlResult": "{BBgh | AApx | 14 | 14} || {BBfh | AApx | 49 | 49}",
 "nlq": "What are the maximum and average numbers for each BB and AA, of AApx students in CCgl schools in BBgh or BBfh? Please, report the corresponding BB and AA."},
{"name": "template 9",
 "sql": "SELECT min(Value) FROM DBdata WHERE ((BB = 'BBgh' AND AA = 'Non-AApx')) AND (CC IN ('CCct','CCgl')) GROUP BY CC",
 "sqlResult": "{35} || {79}",
 "nlq": "What is the minimum number for each CC, of Non-AApx students in CCct or CCgl schools in BBgh?"},
{"name": "template 10",
 "sql": "SELECT CC,max(Value) FROM DBdata WHERE ((BB = 'BBfh' AND AA = 'AApx')) AND (CC IN ('CCct','CCgl')) GROUP BY CC",
 "sqlResult": "{CCct | 34} || {CCgl | 49}",
 "nlq": "What is the maximum number for each CC, of AApx students in CCct or CCgl schools in BBfh? Please, report the corresponding CC."},
{"name": "template 11",
 "sql": "SELECT CC,BB,AA,min(Value) FROM DBdata WHERE ((BB = 'BBqz' AND AA = 'AApx') OR (BB = 'BBgh' AND AA = 'AApx') OR (BB = 'BBfh' AND AA = 'AApx')) AND (CC IN ('CCct','CCgl')) GROUP BY CC,BB,AA",
 "sqlResult": "{CCct | BBqz | AApx | 70} || {CCct | BBgh | AApx | 73} || {CCct | BBfh | AApx | 34} || {CCgl | BBqz | AApx | 81} || {CCgl | BBgh | AApx | 14} || {CCgl | BBfh | AApx | 49}",
 "nlq": "What is the minimum number for each CC, BB, and AA, of AApx students in CCct or CCgl schools in BBqz, BBgh, or BBfh? Please, report the corresponding CC, BB, and AA."},
{"name": "template 12",
 "sql": "SELECT Value FROM DBdata WHERE ((BB = 'BBqz' AND AA = 'Non-AApx')) AND (CC IN ('CCct','CCgl')) ORDER BY VALUE DESC LIMIT 2",
 "sqlResult": "{65} || {39}",
 "nlq": "What are the top 2 numbers of Non-AApx students in CCct or CCgl schools in BBqz?"},
{"name": "template 13",
 "sql": "SELECT Value FROM DBdata WHERE ((BB = 'BBfh' AND AA = 'AApx')) AND (CC IN ('CCct','CCgl')) ORDER BY VALUE DESC",
 "sqlResult": "{49} || {34}",
 "nlq": "What are the numbers ordered by decreasing values of AApx students in CCct or CCgl schools in BBfh?"},
{"name": "template 14",
 "sql": "SELECT CC FROM DBdata WHERE ((BB = 'BBgh' AND AA = 'Non-AApx')) AND Value > 55.58",
 "sqlResult": "{CCgl}",
 "nlq": "What is the CC for which the number of Non-AApx students in BBgh is greater than 55.58?"},
{"name": "template 15",
 "sql": "SELECT CC,Value FROM DBdata WHERE ((BB = 'BBgh' AND AA = 'AApx')) AND (CC) IN (SELECT CC FROM DBdata WHERE ((BB = 'BBgh' AND AA = 'Non-AApx')) AND Value > 55.58)",
 "sqlResult": "{CCgl | 14}",
 "nlq": "What is the number of AApx students in BBgh in CC for which the number of Non-AApx students in BBgh is greater than 55.58? Please, report the corresponding CC and number of students."}]
}

