{
"filename": "Number_of_students_set76_4_DB.csv",
"questions": [{"name": "template 1",
 "sql": "SELECT Value FROM DBdata WHERE ((Nationality = 'Qatari' AND Year = '2017/2018')) AND (School_type IN ('Government'))",
 "sqlResult": "{29}",
 "nlq": "What is the number of Qatari students in Government schools in 2017/2018?"},
{"name": "template 2",
 "sql": "SELECT Value FROM DBdata WHERE ((Nationality = 'Non-Qatari' AND Year = '2018/2019')) AND (School_type IN ('Government','Private'))",
 "sqlResult": "{19} || {64}",
 "nlq": "What is the number of Non-Qatari students in Government or Private schools in 2018/2019?"},
{"name": "template 3",
 "sql": "SELECT Value FROM DBdata WHERE ((Nationality = 'Non-Qatari' AND Year = '2016/2017') OR (Nationality = 'Non-Qatari' AND Year = '2017/2018') OR (Nationality = 'Qatari' AND Year = '2018/2019') OR (Nationality = 'Non-Qatari' AND Year = '2018/2019')) AND (School_type IN ('Private'))",
 "sqlResult": "{72} || {93} || {39} || {64}",
 "nlq": "What is the number of Non-Qatari students in Private schools in 2016/2017, 2017/2018, or 2018/2019 or of Qatari students in Private schools in 2018/2019?"},
{"name": "template 4",
 "sql": "SELECT min(Value),sum(Value) FROM DBdata WHERE ((Nationality = 'Qatari' AND Year = '2016/2017') OR (Nationality = 'Qatari' AND Year = '2018/2019')) AND (School_type IN ('Private'))",
 "sqlResult": "{5 | 44}",
 "nlq": "What are the minimum and total numbers of Qatari students in Private schools in 2016/2017 or 2018/2019?"},
{"name": "template 6",
 "sql": "SELECT Value FROM DBdata WHERE ((Nationality = 'Qatari' AND Year = '2016/2017') OR (Nationality = 'Non-Qatari' AND Year = '2016/2017') OR (Nationality = 'Qatari' AND Year = '2017/2018') OR (Nationality = 'Non-Qatari' AND Year = '2017/2018') OR (Nationality = 'Non-Qatari' AND Year = '2018/2019')) AND (School_type IN ('Government','Private'))",
 "sqlResult": "{85} || {28} || {29} || {33} || {19} || {5} || {72} || {40} || {93} || {64}",
 "nlq": "What is the number of Non-Qatari or Qatari students in Government or Private schools in 2016/2017 or 2017/2018 or of Non-Qatari students in Government or Private schools in 2018/2019?"},
{"name": "template 7",
 "sql": "SELECT sum(Value),max(Value) FROM DBdata WHERE ((Nationality = 'Non-Qatari' AND Year = '2016/2017')) AND (School_type IN ('Private'))",
 "sqlResult": "{72 | 72}",
 "nlq": "What are the total and maximum numbers of Non-Qatari students in Private schools in 2016/2017?"},
{"name": "template 8",
 "sql": "SELECT Nationality,Year,avg(Value),sum(Value) FROM DBdata WHERE ((Nationality = 'Qatari' AND Year = '2016/2017') OR (Nationality = 'Non-Qatari' AND Year = '2016/2017') OR (Nationality = 'Qatari' AND Year = '2017/2018') OR (Nationality = 'Non-Qatari' AND Year = '2017/2018') OR (Nationality = 'Qatari' AND Year = '2018/2019')) AND (School_type IN ('Government','Private')) GROUP BY Nationality,Year",
 "sqlResult": "{Non-Qatari | 2016/2017 | 50 | 100} || {Non-Qatari | 2017/2018 | 63 | 126} || {Qatari | 2016/2017 | 45 | 90} || {Qatari | 2017/2018 | 34.5 | 69} || {Qatari | 2018/2019 | 43 | 86}",
 "nlq": "What are the average and total numbers for each Nationality and Year, of Qatari students in Government or Private schools in 2016/2017, 2017/2018, or 2018/2019 or of Non-Qatari students in Government or Private schools in 2016/2017 or 2017/2018? Please, report the corresponding Nationality and Year."},
{"name": "template 9",
 "sql": "SELECT min(Value) FROM DBdata WHERE ((Nationality = 'Qatari' AND Year = '2018/2019')) AND (School_type IN ('Government','Private')) GROUP BY School_type",
 "sqlResult": "{47} || {39}",
 "nlq": "What is the minimum number for each School type, of Qatari students in Government or Private schools in 2018/2019?"},
{"name": "template 10",
 "sql": "SELECT School_type,max(Value) FROM DBdata WHERE ((Nationality = 'Non-Qatari' AND Year = '2016/2017')) AND (School_type IN ('Government','Private')) GROUP BY School_type",
 "sqlResult": "{Government | 28} || {Private | 72}",
 "nlq": "What is the maximum number for each School type, of Non-Qatari students in Government or Private schools in 2016/2017? Please, report the corresponding School type."},
{"name": "template 11",
 "sql": "SELECT School_type,Nationality,Year,avg(Value) FROM DBdata WHERE ((Nationality = 'Non-Qatari' AND Year = '2016/2017') OR (Nationality = 'Non-Qatari' AND Year = '2018/2019')) AND (School_type IN ('Government','Private')) GROUP BY School_type,Nationality,Year",
 "sqlResult": "{Government | Non-Qatari | 2016/2017 | 28} || {Government | Non-Qatari | 2018/2019 | 19} || {Private | Non-Qatari | 2016/2017 | 72} || {Private | Non-Qatari | 2018/2019 | 64}",
 "nlq": "What is the average number for each School type, Nationality, and Year, of Non-Qatari students in Government or Private schools in 2016/2017 or 2018/2019? Please, report the corresponding School type, Nationality, and Year."},
{"name": "template 12",
 "sql": "SELECT Value FROM DBdata WHERE ((Nationality = 'Non-Qatari' AND Year = '2016/2017')) AND (School_type IN ('Government','Private')) ORDER BY VALUE ASC LIMIT 2",
 "sqlResult": "{28} || {72}",
 "nlq": "What are the bottom 2 numbers of Non-Qatari students in Government or Private schools in 2016/2017?"},
{"name": "template 13",
 "sql": "SELECT Value FROM DBdata WHERE ((Nationality = 'Non-Qatari' AND Year = '2018/2019')) AND (School_type IN ('Government','Private')) ORDER BY VALUE DESC",
 "sqlResult": "{64} || {19}",
 "nlq": "What are the numbers ordered by decreasing values of Non-Qatari students in Government or Private schools in 2018/2019?"},
{"name": "template 14",
 "sql": "SELECT School_type FROM DBdata WHERE ((Nationality = 'Qatari' AND Year = '2018/2019')) AND Value > 46.17",
 "sqlResult": "{Government}",
 "nlq": "What is the School type for which the number of Qatari students in 2018/2019 is greater than 46.17?"},
{"name": "template 15",
 "sql": "SELECT School_type,Value FROM DBdata WHERE ((Nationality = 'Qatari' AND Year = '2016/2017')) AND (School_type) IN (SELECT School_type FROM DBdata WHERE ((Nationality = 'Qatari' AND Year = '2018/2019')) AND Value > 46.17)",
 "sqlResult": "{Government | 85}",
 "nlq": "What is the number of Qatari students in 2016/2017 in School type for which the number of Qatari students in 2018/2019 is greater than 46.17? Please, report the corresponding School type and number of students."}]
}
