{
"filename": "Number_of_students_set83_2_DB.csv",
"questions": [{"name": "template 1",
 "sql": "SELECT Value FROM DBdata WHERE ((Nationality = 'Non-Qatari' AND Year = '2021/2022')) AND (School_type IN ('Private'))",
 "sqlResult": "{32}",
 "nlq": "What is the number of Non-Qatari students in Private schools in 2021/2022?"},
{"name": "template 2",
 "sql": "SELECT Value FROM DBdata WHERE ((Nationality = 'Qatari' AND Year = '2020/2021')) AND (School_type IN ('Government','Private'))",
 "sqlResult": "{22} || {63}",
 "nlq": "What is the number of Qatari students in Government or Private schools in 2020/2021?"},
{"name": "template 3",
 "sql": "SELECT Value FROM DBdata WHERE ((Nationality = 'Non-Qatari' AND Year = '2019/2020') OR (Nationality = 'Qatari' AND Year = '2020/2021') OR (Nationality = 'Qatari' AND Year = '2021/2022') OR (Nationality = 'Non-Qatari' AND Year = '2021/2022')) AND (School_type IN ('Private'))",
 "sqlResult": "{75} || {63} || {52} || {32}",
 "nlq": "What is the number of Non-Qatari students in Private schools in 2019/2020 or 2021/2022 or of Qatari students in Private schools in 2020/2021 or 2021/2022?"},
{"name": "template 4",
 "sql": "SELECT min(Value),sum(Value) FROM DBdata WHERE ((Nationality = 'Non-Qatari' AND Year = '2019/2020') OR (Nationality = 'Qatari' AND Year = '2020/2021')) AND (School_type IN ('Government'))",
 "sqlResult": "{9 | 31}",
 "nlq": "What are the minimum and total numbers of Non-Qatari students in Government schools in 2019/2020 or of Qatari students in Government schools in 2020/2021?"},
{"name": "template 6",
 "sql": "SELECT Value FROM DBdata WHERE ((Nationality = 'Qatari' AND Year = '2019/2020') OR (Nationality = 'Qatari' AND Year = '2020/2021') OR (Nationality = 'Qatari' AND Year = '2021/2022') OR (Nationality = 'Non-Qatari' AND Year = '2021/2022')) AND (School_type IN ('Government','Private'))",
 "sqlResult": "{72} || {22} || {34} || {36} || {87} || {63} || {52} || {32}",
 "nlq": "What is the number of Qatari students in Government or Private schools in 2019/2020, 2020/2021, or 2021/2022 or of Non-Qatari students in Government or Private schools in 2021/2022?"},
{"name": "template 7",
 "sql": "SELECT avg(Value),max(Value) FROM DBdata WHERE ((Nationality = 'Non-Qatari' AND Year = '2021/2022')) AND (School_type IN ('Private'))",
 "sqlResult": "{32 | 32}",
 "nlq": "What are the average and maximum numbers of Non-Qatari students in Private schools in 2021/2022?"},
{"name": "template 8",
 "sql": "SELECT Nationality,Year,sum(Value),max(Value) FROM DBdata WHERE ((Nationality = 'Qatari' AND Year = '2019/2020') OR (Nationality = 'Non-Qatari' AND Year = '2019/2020') OR (Nationality = 'Qatari' AND Year = '2020/2021')) AND (School_type IN ('Government','Private')) GROUP BY Nationality,Year",
 "sqlResult": "{Non-Qatari | 2019/2020 | 84 | 75} || {Qatari | 2019/2020 | 159 | 87} || {Qatari | 2020/2021 | 85 | 63}",
 "nlq": "What are the total and maximum numbers for each Nationality and Year, of Non-Qatari or Qatari students in Government or Private schools in 2019/2020 or of Qatari students in Government or Private schools in 2020/2021? Please, report the corresponding Nationality and Year."},
{"name": "template 9",
 "sql": "SELECT min(Value) FROM DBdata WHERE ((Nationality = 'Qatari' AND Year = '2019/2020')) AND (School_type IN ('Government','Private')) GROUP BY School_type",
 "sqlResult": "{72} || {87}",
 "nlq": "What is the minimum number for each School type, of Qatari students in Government or Private schools in 2019/2020?"},
{"name": "template 10",
 "sql": "SELECT School_type,avg(Value) FROM DBdata WHERE ((Nationality = 'Non-Qatari' AND Year = '2021/2022')) AND (School_type IN ('Government','Private')) GROUP BY School_type",
 "sqlResult": "{Government | 36} || {Private | 32}",
 "nlq": "What is the average number for each School type, of Non-Qatari students in Government or Private schools in 2021/2022? Please, report the corresponding School type."},
{"name": "template 11",
 "sql": "SELECT School_type,Nationality,Year,min(Value) FROM DBdata WHERE ((Nationality = 'Non-Qatari' AND Year = '2019/2020') OR (Nationality = 'Non-Qatari' AND Year = '2020/2021')) AND (School_type IN ('Government','Private')) GROUP BY School_type,Nationality,Year",
 "sqlResult": "{Government | Non-Qatari | 2019/2020 | 9} || {Government | Non-Qatari | 2020/2021 | 45} || {Private | Non-Qatari | 2019/2020 | 75} || {Private | Non-Qatari | 2020/2021 | 59}",
 "nlq": "What is the minimum number for each School type, Nationality, and Year, of Non-Qatari students in Government or Private schools in 2019/2020 or 2020/2021? Please, report the corresponding School type, Nationality, and Year."},
{"name": "template 12",
 "sql": "SELECT Value FROM DBdata WHERE ((Nationality = 'Qatari' AND Year = '2019/2020')) AND (School_type IN ('Government','Private')) ORDER BY VALUE ASC LIMIT 2",
 "sqlResult": "{72} || {87}",
 "nlq": "What are the bottom 2 numbers of Qatari students in Government or Private schools in 2019/2020?"},
{"name": "template 13",
 "sql": "SELECT Value FROM DBdata WHERE ((Nationality = 'Non-Qatari' AND Year = '2020/2021')) AND (School_type IN ('Government','Private')) ORDER BY VALUE ASC",
 "sqlResult": "{45} || {59}",
 "nlq": "What are the numbers ordered by increasing values of Non-Qatari students in Government or Private schools in 2020/2021?"},
{"name": "template 14",
 "sql": "SELECT School_type FROM DBdata WHERE ((Nationality = 'Qatari' AND Year = '2020/2021')) AND Value > 48.83",
 "sqlResult": "{Private}",
 "nlq": "What is the School type for which the number of Qatari students in 2020/2021 is greater than 48.83?"},
{"name": "template 15",
 "sql": "SELECT School_type,Value FROM DBdata WHERE ((Nationality = 'Qatari' AND Year = '2019/2020')) AND (School_type) IN (SELECT School_type FROM DBdata WHERE ((Nationality = 'Qatari' AND Year = '2020/2021')) AND Value > 48.83)",
 "sqlResult": "{Private | 87}",
 "nlq": "What is the number of Qatari students in 2019/2020 in School type for which the number of Qatari students in 2020/2021 is greater than 48.83? Please, report the corresponding School type and number of students."}]
}
