{
"filename": "Number_of_students_set84_5_DB.csv",
"questions": [{"name": "template 1",
 "sql": "SELECT Value FROM DBdata WHERE ((Year = '2019/2020' AND Nationality = 'Non-Qatari')) AND (School_type IN ('Government'))",
 "sqlResult": "{18}",
 "nlq": "What is the number of Non-Qatari students in Government schools in 2019/2020?"},
{"name": "template 2",
 "sql": "SELECT Value FROM DBdata WHERE ((Year = '2019/2020' AND Nationality = 'Qatari')) AND (School_type IN ('Government'))",
 "sqlResult": "{55}",
 "nlq": "What is the number of Qatari students in Government schools in 2019/2020?"},
{"name": "template 3",
 "sql": "SELECT Value FROM DBdata WHERE ((Year = '2018/2019' AND Nationality = 'Non-Qatari') OR (Year = '2019/2020' AND Nationality = 'Qatari') OR (Year = '2019/2020' AND Nationality = 'Non-Qatari') OR (Year = '2020/2021' AND Nationality = 'Non-Qatari') OR (Year = '2021/2022' AND Nationality = 'Non-Qatari')) AND (School_type IN ('Government'))",
 "sqlResult": "{100} || {55} || {18} || {47} || {64}",
 "nlq": "What is the number of Non-Qatari students in Government schools in 2018/2019, 2019/2020, 2020/2021, or 2021/2022 or of Qatari students in Government schools in 2019/2020?"},
{"name": "template 4",
 "sql": "SELECT avg(Value),min(Value) FROM DBdata WHERE ((Year = '2018/2019' AND Nationality = 'Qatari') OR (Year = '2019/2020' AND Nationality = 'Qatari') OR (Year = '2019/2020' AND Nationality = 'Non-Qatari') OR (Year = '2020/2021' AND Nationality = 'Qatari') OR (Year = '2020/2021' AND Nationality = 'Non-Qatari') OR (Year = '2021/2022' AND Nationality = 'Qatari') OR (Year = '2021/2022' AND Nationality = 'Non-Qatari')) AND (School_type IN ('Government'))",
 "sqlResult": "{37.14 | 4}",
 "nlq": "What are the average and minimum numbers of Qatari students in Government schools in 2018/2019, 2019/2020, 2020/2021, or 2021/2022 or of Non-Qatari students in Government schools in 2019/2020, 2020/2021, or 2021/2022?"},
{"name": "template 6",
 "sql": "SELECT Value FROM DBdata WHERE ((Year = '2019/2020' AND Nationality = 'Qatari') OR (Year = '2020/2021' AND Nationality = 'Qatari') OR (Year = '2021/2022' AND Nationality = 'Qatari') OR (Year = '2021/2022' AND Nationality = 'Non-Qatari')) AND (School_type IN ('Government','Private'))",
 "sqlResult": "{55} || {10} || {4} || {64} || {50} || {14} || {48} || {17}",
 "nlq": "What is the number of Qatari students in Government or Private schools in 2019/2020, 2020/2021, or 2021/2022 or of Non-Qatari students in Government or Private schools in 2021/2022?"},
{"name": "template 7",
 "sql": "SELECT sum(Value),min(Value) FROM DBdata WHERE ((Year = '2019/2020' AND Nationality = 'Qatari')) AND (School_type IN ('Government','Private'))",
 "sqlResult": "{105 | 50}",
 "nlq": "What are the total and minimum numbers of Qatari students in Government or Private schools in 2019/2020?"},
{"name": "template 8",
 "sql": "SELECT Year,Nationality,max(Value),avg(Value) FROM DBdata WHERE ((Year = '2018/2019' AND Nationality = 'Qatari') OR (Year = '2018/2019' AND Nationality = 'Non-Qatari') OR (Year = '2019/2020' AND Nationality = 'Qatari') OR (Year = '2019/2020' AND Nationality = 'Non-Qatari') OR (Year = '2021/2022' AND Nationality = 'Qatari')) AND (School_type IN ('Government','Private')) GROUP BY Year,Nationality",
 "sqlResult": "{2018/2019 | Non-Qatari | 100 | 85} || {2018/2019 | Qatari | 92 | 77} || {2019/2020 | Non-Qatari | 77 | 47.5} || {2019/2020 | Qatari | 55 | 52.5} || {2021/2022 | Qatari | 48 | 26}",
 "nlq": "What are the maximum and average numbers for each Year and Nationality, of Qatari students in Government or Private schools in 2018/2019, 2019/2020, or 2021/2022 or of Non-Qatari students in Government or Private schools in 2018/2019 or 2019/2020? Please, report the corresponding Year and Nationality."},
{"name": "template 9",
 "sql": "SELECT min(Value) FROM DBdata WHERE ((Year = '2020/2021' AND Nationality = 'Qatari')) AND (School_type IN ('Government','Private')) GROUP BY School_type",
 "sqlResult": "{10} || {14}",
 "nlq": "What is the minimum number for each School type, of Qatari students in Government or Private schools in 2020/2021?"},
{"name": "template 10",
 "sql": "SELECT School_type,sum(Value) FROM DBdata WHERE ((Year = '2018/2019' AND Nationality = 'Non-Qatari')) AND (School_type IN ('Government','Private')) GROUP BY School_type",
 "sqlResult": "{Government | 100} || {Private | 70}",
 "nlq": "What is the total number for each School type, of Non-Qatari students in Government or Private schools in 2018/2019? Please, report the corresponding School type."},
{"name": "template 11",
 "sql": "SELECT School_type,Year,Nationality,max(Value) FROM DBdata WHERE ((Year = '2018/2019' AND Nationality = 'Qatari') OR (Year = '2019/2020' AND Nationality = 'Non-Qatari') OR (Year = '2020/2021' AND Nationality = 'Qatari')) AND (School_type IN ('Government','Private')) GROUP BY School_type,Year,Nationality",
 "sqlResult": "{Government | 2018/2019 | Qatari | 62} || {Government | 2019/2020 | Non-Qatari | 18} || {Government | 2020/2021 | Qatari | 10} || {Private | 2018/2019 | Qatari | 92} || {Private | 2019/2020 | Non-Qatari | 77} || {Private | 2020/2021 | Qatari | 14}",
 "nlq": "What is the maximum number for each School type, Year, and Nationality, of Qatari students in Government or Private schools in 2018/2019 or 2020/2021 or of Non-Qatari students in Government or Private schools in 2019/2020? Please, report the corresponding School type, Year, and Nationality."},
{"name": "template 12",
 "sql": "SELECT Value FROM DBdata WHERE ((Year = '2021/2022' AND Nationality = 'Non-Qatari')) AND (School_type IN ('Government','Private')) ORDER BY VALUE DESC LIMIT 2",
 "sqlResult": "{64} || {17}",
 "nlq": "What are the top 2 numbers of Non-Qatari students in Government or Private schools in 2021/2022?"},
{"name": "template 13",
 "sql": "SELECT Value FROM DBdata WHERE ((Year = '2018/2019' AND Nationality = 'Non-Qatari')) AND (School_type IN ('Government','Private')) ORDER BY VALUE DESC",
 "sqlResult": "{100} || {70}",
 "nlq": "What are the numbers ordered by decreasing values of Non-Qatari students in Government or Private schools in 2018/2019?"},
{"name": "template 14",
 "sql": "SELECT School_type FROM DBdata WHERE ((Year = '2020/2021' AND Nationality = 'Qatari')) AND Value < 50.88",
 "sqlResult": "{Government} || {Private}",
 "nlq": "What is the School type for which the number of Qatari students in 2020/2021 is lower than 50.88?"},
{"name": "template 15",
 "sql": "SELECT School_type,Value FROM DBdata WHERE ((Year = '2018/2019' AND Nationality = 'Non-Qatari')) AND (School_type) IN (SELECT School_type FROM DBdata WHERE ((Year = '2020/2021' AND Nationality = 'Qatari')) AND Value < 50.88)",
 "sqlResult": "{Government | 100} || {Private | 70}",
 "nlq": "What is the number of Non-Qatari students in 2018/2019 in School type for which the number of Qatari students in 2020/2021 is lower than 50.88? Please, report the corresponding School type and number of students."}]
}
