Nationality,Year,School type,Value
Nationality,Year,School_type,Value
Qatari,2018/2019,Government,62
Non-Qatari,2018/2019,Government,100
Qatari,2019/2020,Government,55
Non-Qatari,2019/2020,Government,18
Qatari,2020/2021,Government,10
Non-Qatari,2020/2021,Government,47
Qatari,2021/2022,Government,4
Non-Qatari,2021/2022,Government,64
Qatari,2018/2019,Private,92
Non-Qatari,2018/2019,Private,70
Qatari,2019/2020,Private,50
Non-Qatari,2019/2020,Private,77
Qatari,2020/2021,Private,14
Non-Qatari,2020/2021,Private,86
Qatari,2021/2022,Private,48
Non-Qatari,2021/2022,Private,17
