Nationality,Year,School type,Value
Nationality,Year,School_type,Value
Qatari,2017/2018,Government,60
Non-Qatari,2017/2018,Government,63
Qatari,2018/2019,Government,6
Non-Qatari,2018/2019,Government,52
Qatari,2019/2020,Government,84
Non-Qatari,2019/2020,Government,30
Qatari,2020/2021,Government,16
Non-Qatari,2020/2021,Government,26
Qatari,2017/2018,Private,86
Non-Qatari,2017/2018,Private,35
Qatari,2018/2019,Private,54
Non-Qatari,2018/2019,Private,99
Qatari,2019/2020,Private,67
Non-Qatari,2019/2020,Private,49
Qatari,2020/2021,Private,48
Non-Qatari,2020/2021,Private,59
