{
"filename": "Number_of_students_set79_1_DB.csv",
"questions": [{"name": "template 1",
 "sql": "SELECT Value FROM DBdata WHERE ((AA = 'AArx' AND BB = 'BBcj')) AND (CC IN ('CCtz'))",
 "sqlResult": "{67}",
 "nlq": "What is the number of AArx students in CCtz schools in BBcj?"},
{"name": "template 2",
 "sql": "SELECT Value FROM DBdata WHERE ((AA = 'Non-AArx' AND BB = 'BBcj')) AND (CC IN ('CCtz'))",
 "sqlResult": "{49}",
 "nlq": "What is the number of Non-AArx students in CCtz schools in BBcj?"},
{"name": "template 3",
 "sql": "SELECT Value FROM DBdata WHERE ((AA = 'AArx' AND BB = 'BBcn') OR (AA = 'Non-AArx' AND BB = 'BBcn') OR (AA = 'AArx' AND BB = 'BBbs') OR (AA = 'Non-AArx' AND BB = 'BBcj') OR (AA = 'AArx' AND BB = 'BBdj')) AND (CC IN ('CCyz'))",
 "sqlResult": "{60} || {63} || {6} || {30} || {16}",
 "nlq": "What is the number of AArx students in CCyz schools in BBcn, BBbs, or BBdj or of Non-AArx students in CCyz schools in BBcn or BBcj?"},
{"name": "template 4",
 "sql": "SELECT min(Value),avg(Value) FROM DBdata WHERE ((AA = 'Non-AArx' AND BB = 'BBcn') OR (AA = 'AArx' AND BB = 'BBbs') OR (AA = 'Non-AArx' AND BB = 'BBcj') OR (AA = 'AArx' AND BB = 'BBdj') OR (AA = 'Non-AArx' AND BB = 'BBdj')) AND (CC IN ('CCtz'))",
 "sqlResult": "{35 | 49}",
 "nlq": "What are the minimum and average numbers of Non-AArx students in CCtz schools in BBcn, BBcj, or BBdj or of AArx students in CCtz schools in BBbs or BBdj?"},
{"name": "template 6",
 "sql": "SELECT Value FROM DBdata WHERE ((AA = 'Non-AArx' AND BB = 'BBbs') OR (AA = 'AArx' AND BB = 'BBcj') OR (AA = 'Non-AArx' AND BB = 'BBcj') OR (AA = 'AArx' AND BB = 'BBdj') OR (AA = 'Non-AArx' AND BB = 'BBdj')) AND (CC IN ('CCyz','CCtz'))",
 "sqlResult": "{52} || {84} || {30} || {16} || {26} || {99} || {67} || {49} || {48} || {59}",
 "nlq": "What is the number of Non-AArx students in CCyz or CCtz schools in BBbs, BBcj, or BBdj or of AArx students in CCyz or CCtz schools in BBcj or BBdj?"},
{"name": "template 7",
 "sql": "SELECT max(Value),sum(Value) FROM DBdata WHERE ((AA = 'Non-AArx' AND BB = 'BBcj')) AND (CC IN ('CCyz','CCtz'))",
 "sqlResult": "{49 | 79}",
 "nlq": "What are the maximum and total numbers of Non-AArx students in CCyz or CCtz schools in BBcj?"},
{"name": "template 8",
 "sql": "SELECT AA,BB,avg(Value),sum(Value) FROM DBdata WHERE ((AA = 'AArx' AND BB = 'BBbs') OR (AA = 'Non-AArx' AND BB = 'BBbs') OR (AA = 'AArx' AND BB = 'BBdj')) AND (CC IN ('CCyz')) GROUP BY AA,BB",
 "sqlResult": "{Non-AArx | BBbs | 52 | 52} || {AArx | BBbs | 6 | 6} || {AArx | BBdj | 16 | 16}",
 "nlq": "What are the average and total numbers for each AA and BB, of Non-AArx or AArx students in CCyz schools in BBbs or of AArx students in CCyz schools in BBdj? Please, report the corresponding AA and BB."},
{"name": "template 9",
 "sql": "SELECT min(Value) FROM DBdata WHERE ((AA = 'Non-AArx' AND BB = 'BBbs')) AND (CC IN ('CCyz','CCtz')) GROUP BY CC",
 "sqlResult": "{52} || {99}",
 "nlq": "What is the minimum number for each CC, of Non-AArx students in CCyz or CCtz schools in BBbs?"},
{"name": "template 10",
 "sql": "SELECT CC,max(Value) FROM DBdata WHERE ((AA = 'Non-AArx' AND BB = 'BBcj')) AND (CC IN ('CCyz','CCtz')) GROUP BY CC",
 "sqlResult": "{CCyz | 30} || {CCtz | 49}",
 "nlq": "What is the maximum number for each CC, of Non-AArx students in CCyz or CCtz schools in BBcj? Please, report the corresponding CC."},
{"name": "template 11",
 "sql": "SELECT CC,AA,BB,min(Value) FROM DBdata WHERE ((AA = 'AArx' AND BB = 'BBcj') OR (AA = 'Non-AArx' AND BB = 'BBdj')) AND (CC IN ('CCyz','CCtz')) GROUP BY CC,AA,BB",
 "sqlResult": "{CCyz | Non-AArx | BBdj | 26} || {CCyz | AArx | BBcj | 84} || {CCtz | Non-AArx | BBdj | 59} || {CCtz | AArx | BBcj | 67}",
 "nlq": "What is the minimum number for each CC, AA, and BB, of AArx students in CCyz or CCtz schools in BBcj or of Non-AArx students in CCyz or CCtz schools in BBdj? Please, report the corresponding CC, AA, and BB."},
{"name": "template 12",
 "sql": "SELECT Value FROM DBdata WHERE ((AA = 'AArx' AND BB = 'BBdj')) AND (CC IN ('CCyz','CCtz')) ORDER BY VALUE DESC LIMIT 2",
 "sqlResult": "{48} || {16}",
 "nlq": "What are the top 2 numbers of AArx students in CCyz or CCtz schools in BBdj?"},
{"name": "template 13",
 "sql": "SELECT Value FROM DBdata WHERE ((AA = 'Non-AArx' AND BB = 'BBdj')) AND (CC IN ('CCyz','CCtz')) ORDER BY VALUE DESC",
 "sqlResult": "{59} || {26}",
 "nlq": "What are the numbers ordered by decreasing values of Non-AArx students in CCyz or CCtz schools in BBdj?"},
{"name": "template 14",
 "sql": "SELECT CC FROM DBdata WHERE ((AA = 'AArx' AND BB = 'BBdj')) AND Value < 52.12",
 "sqlResult": "{CCyz} || {CCtz}",
 "nlq": "What is the CC for which the number of AArx students in BBdj is lower than 52.12?"},
{"name": "template 15",
 "sql": "SELECT CC,Value FROM DBdata WHERE ((AA = 'Non-AArx' AND BB = 'BBcj')) AND (CC) IN (SELECT CC FROM DBdata WHERE ((AA = 'AArx' AND BB = 'BBdj')) AND Value < 52.12)",
 "sqlResult": "{CCyz | 30} || {CCtz | 49}",
 "nlq": "What is the number of Non-AArx students in BBcj in CC for which the number of AArx students in BBdj is lower than 52.12? Please, report the corresponding CC and number of students."}]
}

