{
"filename": "Number_of_students_set75_2_DB.csv",
"questions": [{"name": "template 1",
 "sql": "SELECT Value FROM DBdata WHERE ((AA = 'Non-AAck' AND BB = 'BBdk')) AND (CC IN ('CCcx'))",
 "sqlResult": "{79}",
 "nlq": "What is the number of Non-AAck students in CCcx schools in BBdk?"},
{"name": "template 2",
 "sql": "SELECT Value FROM DBdata WHERE ((AA = 'Non-AAck' AND BB = 'BBdk')) AND (CC IN ('CCcx','CCmw'))",
 "sqlResult": "{79} || {62}",
 "nlq": "What is the number of Non-AAck students in CCcx or CCmw schools in BBdk?"},
{"name": "template 3",
 "sql": "SELECT Value FROM DBdata WHERE ((AA = 'Non-AAck' AND BB = 'BBdk') OR (AA = 'AAck' AND BB = 'BBhv') OR (AA = 'Non-AAck' AND BB = 'BBhv')) AND (CC IN ('CCmw'))",
 "sqlResult": "{62} || {54} || {42}",
 "nlq": "What is the number of Non-AAck students in CCmw schools in BBdk or BBhv or of AAck students in CCmw schools in BBhv?"},
{"name": "template 4",
 "sql": "SELECT avg(Value),max(Value) FROM DBdata WHERE ((AA = 'AAck' AND BB = 'BBdk') OR (AA = 'Non-AAck' AND BB = 'BBdk') OR (AA = 'AAck' AND BB = 'BBhv') OR (AA = 'Non-AAck' AND BB = 'BBhv')) AND (CC IN ('CCcx'))",
 "sqlResult": "{49.75 | 79}",
 "nlq": "What are the average and maximum numbers of Non-AAck or AAck students in CCcx schools in BBdk or BBhv?"},
{"name": "template 6",
 "sql": "SELECT Value FROM DBdata WHERE ((AA = 'AAck' AND BB = 'BBdk') OR (AA = 'Non-AAck' AND BB = 'BBdk') OR (AA = 'AAck' AND BB = 'BBhv') OR (AA = 'Non-AAck' AND BB = 'BBhv')) AND (CC IN ('CCcx'))",
 "sqlResult": "{43} || {79} || {32} || {45}",
 "nlq": "What is the number of Non-AAck or AAck students in CCcx schools in BBdk or BBhv?"},
{"name": "template 7",
 "sql": "SELECT max(Value),sum(Value) FROM DBdata WHERE ((AA = 'Non-AAck' AND BB = 'BBhv')) AND (CC IN ('CCmw'))",
 "sqlResult": "{42 | 42}",
 "nlq": "What are the maximum and total numbers of Non-AAck students in CCmw schools in BBhv?"},
{"name": "template 8",
 "sql": "SELECT AA,BB,avg(Value),sum(Value) FROM DBdata WHERE ((AA = 'Non-AAck' AND BB = 'BBdk') OR (AA = 'AAck' AND BB = 'BBhv')) AND (CC IN ('CCcx')) GROUP BY AA,BB",
 "sqlResult": "{Non-AAck | BBdk | 79 | 79} || {AAck | BBhv | 32 | 32}",
 "nlq": "What are the average and total numbers for each AA and BB, of Non-AAck students in CCcx schools in BBdk or of AAck students in CCcx schools in BBhv? Please, report the corresponding AA and BB."},
{"name": "template 9",
 "sql": "SELECT min(Value) FROM DBdata WHERE ((AA = 'Non-AAck' AND BB = 'BBhv')) AND (CC IN ('CCcx','CCmw')) GROUP BY CC",
 "sqlResult": "{45} || {42}",
 "nlq": "What is the minimum number for each CC, of Non-AAck students in CCcx or CCmw schools in BBhv?"},
{"name": "template 10",
 "sql": "SELECT CC,sum(Value) FROM DBdata WHERE ((AA = 'AAck' AND BB = 'BBhv')) AND (CC IN ('CCcx','CCmw')) GROUP BY CC",
 "sqlResult": "{CCcx | 32} || {CCmw | 54}",
 "nlq": "What is the total number for each CC, of AAck students in CCcx or CCmw schools in BBhv? Please, report the corresponding CC."},
{"name": "template 11",
 "sql": "SELECT CC,AA,BB,max(Value) FROM DBdata WHERE ((AA = 'AAck' AND BB = 'BBdk') OR (AA = 'AAck' AND BB = 'BBhv') OR (AA = 'Non-AAck' AND BB = 'BBhv')) AND (CC IN ('CCcx','CCmw')) GROUP BY CC,AA,BB",
 "sqlResult": "{CCcx | Non-AAck | BBhv | 45} || {CCcx | AAck | BBdk | 43} || {CCcx | AAck | BBhv | 32} || {CCmw | Non-AAck | BBhv | 42} || {CCmw | AAck | BBdk | 36} || {CCmw | AAck | BBhv | 54}",
 "nlq": "What is the maximum number for each CC, AA, and BB, of AAck students in CCcx or CCmw schools in BBdk or of Non-AAck or AAck students in CCcx or CCmw schools in BBhv? Please, report the corresponding CC, AA, and BB."},
{"name": "template 12",
 "sql": "SELECT Value FROM DBdata WHERE ((AA = 'AAck' AND BB = 'BBdk')) AND (CC IN ('CCcx','CCmw')) ORDER BY VALUE ASC LIMIT 2",
 "sqlResult": "{36} || {43}",
 "nlq": "What are the bottom 2 numbers of AAck students in CCcx or CCmw schools in BBdk?"},
{"name": "template 13",
 "sql": "SELECT Value FROM DBdata WHERE ((AA = 'AAck' AND BB = 'BBhv')) AND (CC IN ('CCcx','CCmw')) ORDER BY VALUE DESC",
 "sqlResult": "{54} || {32}",
 "nlq": "What are the numbers ordered by decreasing values of AAck students in CCcx or CCmw schools in BBhv?"},
{"name": "template 14",
 "sql": "SELECT CC FROM DBdata WHERE ((AA = 'Non-AAck' AND BB = 'BBdk')) AND Value > 49.12",
 "sqlResult": "{CCcx} || {CCmw}",
 "nlq": "What is the CC for which the number of Non-AAck students in BBdk is greater than 49.12?"},
{"name": "template 15",
 "sql": "SELECT CC,Value FROM DBdata WHERE ((AA = 'AAck' AND BB = 'BBdk')) AND (CC) IN (SELECT CC FROM DBdata WHERE ((AA = 'Non-AAck' AND BB = 'BBdk')) AND Value > 49.12)",
 "sqlResult": "{CCcx | 43} || {CCmw | 36}",
 "nlq": "What is the number of AAck students in BBdk in CC for which the number of Non-AAck students in BBdk is greater than 49.12? Please, report the corresponding CC and number of students."}]
}

