{
"filename": "Number_of_students_set76_3_DB.csv",
"questions": [{"name": "template 1",
 "sql": "SELECT Value FROM DBdata WHERE ((BB = 'BBbk' AND AA = 'Non-AAns')) AND (CC IN ('CCmq'))",
 "sqlResult": "{95}",
 "nlq": "What is the number of Non-AAns students in CCmq schools in BBbk?"},
{"name": "template 2",
 "sql": "SELECT Value FROM DBdata WHERE ((BB = 'BBgz' AND AA = 'Non-AAns')) AND (CC IN ('CCcy','CCmq'))",
 "sqlResult": "{60} || {64}",
 "nlq": "What is the number of Non-AAns students in CCcy or CCmq schools in BBgz?"},
{"name": "template 3",
 "sql": "SELECT Value FROM DBdata WHERE ((BB = 'BBrv' AND AA = 'Non-AAns') OR (BB = 'BBmy' AND AA = 'Non-AAns')) AND (CC IN ('CCmq'))",
 "sqlResult": "{4} || {18}",
 "nlq": "What is the number of Non-AAns students in CCmq schools in BBrv or BBmy?"},
{"name": "template 4",
 "sql": "SELECT sum(Value),max(Value) FROM DBdata WHERE ((BB = 'BBrv' AND AA = 'AAns') OR (BB = 'BBrv' AND AA = 'Non-AAns') OR (BB = 'BBmy' AND AA = 'AAns') OR (BB = 'BBmy' AND AA = 'Non-AAns') OR (BB = 'BBbk' AND AA = 'Non-AAns') OR (BB = 'BBgz' AND AA = 'AAns')) AND (CC IN ('CCmq'))",
 "sqlResult": "{228 | 95}",
 "nlq": "What are the total and maximum numbers of AAns students in CCmq schools in BBrv, BBmy, or BBgz or of Non-AAns students in CCmq schools in BBrv, BBmy, or BBbk?"},
{"name": "template 6",
 "sql": "SELECT Value FROM DBdata WHERE ((BB = 'BBmy' AND AA = 'AAns') OR (BB = 'BBmy' AND AA = 'Non-AAns') OR (BB = 'BBbk' AND AA = 'AAns') OR (BB = 'BBgz' AND AA = 'AAns')) AND (CC IN ('CCcy'))",
 "sqlResult": "{31} || {80} || {22} || {94}",
 "nlq": "What is the number of AAns students in CCcy schools in BBmy, BBbk, or BBgz or of Non-AAns students in CCcy schools in BBmy?"},
{"name": "template 7",
 "sql": "SELECT max(Value),avg(Value) FROM DBdata WHERE ((BB = 'BBmy' AND AA = 'AAns')) AND (CC IN ('CCcy'))",
 "sqlResult": "{31 | 31}",
 "nlq": "What are the maximum and average numbers of AAns students in CCcy schools in BBmy?"},
{"name": "template 8",
 "sql": "SELECT BB,AA,avg(Value),sum(Value) FROM DBdata WHERE ((BB = 'BBmy' AND AA = 'AAns') OR (BB = 'BBmy' AND AA = 'Non-AAns') OR (BB = 'BBbk' AND AA = 'Non-AAns') OR (BB = 'BBgz' AND AA = 'Non-AAns')) AND (CC IN ('CCmq')) GROUP BY BB,AA",
 "sqlResult": "{BBmy | Non-AAns | 18 | 18} || {BBmy | AAns | 38 | 38} || {BBbk | Non-AAns | 95 | 95} || {BBgz | Non-AAns | 64 | 64}",
 "nlq": "What are the average and total numbers for each BB and AA, of Non-AAns or AAns students in CCmq schools in BBmy or of Non-AAns students in CCmq schools in BBbk or BBgz? Please, report the corresponding BB and AA."},
{"name": "template 9",
 "sql": "SELECT min(Value) FROM DBdata WHERE ((BB = 'BBgz' AND AA = 'Non-AAns')) AND (CC IN ('CCcy','CCmq')) GROUP BY CC",
 "sqlResult": "{60} || {64}",
 "nlq": "What is the minimum number for each CC, of Non-AAns students in CCcy or CCmq schools in BBgz?"},
{"name": "template 10",
 "sql": "SELECT CC,avg(Value) FROM DBdata WHERE ((BB = 'BBbk' AND AA = 'AAns')) AND (CC IN ('CCcy','CCmq')) GROUP BY CC",
 "sqlResult": "{CCcy | 22} || {CCmq | 42}",
 "nlq": "What is the average number for each CC, of AAns students in CCcy or CCmq schools in BBbk? Please, report the corresponding CC."},
{"name": "template 11",
 "sql": "SELECT CC,BB,AA,sum(Value) FROM DBdata WHERE ((BB = 'BBrv' AND AA = 'AAns') OR (BB = 'BBmy' AND AA = 'Non-AAns') OR (BB = 'BBbk' AND AA = 'AAns')) AND (CC IN ('CCcy','CCmq')) GROUP BY CC,BB,AA",
 "sqlResult": "{CCcy | BBrv | AAns | 24} || {CCcy | BBmy | Non-AAns | 80} || {CCcy | BBbk | AAns | 22} || {CCmq | BBrv | AAns | 25} || {CCmq | BBmy | Non-AAns | 18} || {CCmq | BBbk | AAns | 42}",
 "nlq": "What is the total number for each CC, BB, and AA, of AAns students in CCcy or CCmq schools in BBrv or BBbk or of Non-AAns students in CCcy or CCmq schools in BBmy? Please, report the corresponding CC, BB, and AA."},
{"name": "template 12",
 "sql": "SELECT Value FROM DBdata WHERE ((BB = 'BBmy' AND AA = 'Non-AAns')) AND (CC IN ('CCcy','CCmq')) ORDER BY VALUE DESC LIMIT 2",
 "sqlResult": "{80} || {18}",
 "nlq": "What are the top 2 numbers of Non-AAns students in CCcy or CCmq schools in BBmy?"},
{"name": "template 13",
 "sql": "SELECT Value FROM DBdata WHERE ((BB = 'BBbk' AND AA = 'Non-AAns')) AND (CC IN ('CCcy','CCmq')) ORDER BY VALUE DESC",
 "sqlResult": "{95} || {54}",
 "nlq": "What are the numbers ordered by decreasing values of Non-AAns students in CCcy or CCmq schools in BBbk?"},
{"name": "template 14",
 "sql": "SELECT CC FROM DBdata WHERE ((BB = 'BBbk' AND AA = 'Non-AAns')) AND Value > 44.75",
 "sqlResult": "{CCcy} || {CCmq}",
 "nlq": "What is the CC for which the number of Non-AAns students in BBbk is greater than 44.75?"},
{"name": "template 15",
 "sql": "SELECT CC,Value FROM DBdata WHERE ((BB = 'BBgz' AND AA = 'AAns')) AND (CC) IN (SELECT CC FROM DBdata WHERE ((BB = 'BBbk' AND AA = 'Non-AAns')) AND Value > 44.75)",
 "sqlResult": "{CCcy | 94} || {CCmq | 48}",
 "nlq": "What is the number of AAns students in BBgz in CC for which the number of Non-AAns students in BBbk is greater than 44.75? Please, report the corresponding CC and number of students."}]
}

