{
"filename": "Number_of_students_set79_5_DB.csv",
"questions": [{"name": "template 1",
 "sql": "SELECT Value FROM DBdata WHERE ((Nationality = 'Qatari' AND Year = '2019/2020')) AND (School_type IN ('Government'))",
 "sqlResult": "{53}",
 "nlq": "What is the number of Qatari students in Government schools in 2019/2020?"},
{"name": "template 2",
 "sql": "SELECT Value FROM DBdata WHERE ((Nationality = 'Non-Qatari' AND Year = '2018/2019')) AND (School_type IN ('Private'))",
 "sqlResult": "{59}",
 "nlq": "What is the number of Non-Qatari students in Private schools in 2018/2019?"},
{"name": "template 3",
 "sql": "SELECT Value FROM DBdata WHERE ((Nationality = 'Qatari' AND Year = '2018/2019') OR (Nationality = 'Non-Qatari' AND Year = '2018/2019') OR (Nationality = 'Qatari' AND Year = '2020/2021') OR (Nationality = 'Non-Qatari' AND Year = '2020/2021')) AND (School_type IN ('Government'))",
 "sqlResult": "{26} || {35} || {60} || {50}",
 "nlq": "What is the number of Non-Qatari or Qatari students in Government schools in 2018/2019 or 2020/2021?"},
{"name": "template 4",
 "sql": "SELECT min(Value),avg(Value) FROM DBdata WHERE ((Nationality = 'Qatari' AND Year = '2018/2019') OR (Nationality = 'Non-Qatari' AND Year = '2018/2019') OR (Nationality = 'Qatari' AND Year = '2019/2020') OR (Nationality = 'Non-Qatari' AND Year = '2019/2020') OR (Nationality = 'Qatari' AND Year = '2020/2021') OR (Nationality = 'Non-Qatari' AND Year = '2020/2021')) AND (School_type IN ('Government'))",
 "sqlResult": "{23 | 41.17}",
 "nlq": "What are the minimum and average numbers of Non-Qatari or Qatari students in Government schools in 2018/2019, 2019/2020, or 2020/2021?"},
{"name": "template 6",
 "sql": "SELECT Value FROM DBdata WHERE ((Nationality = 'Qatari' AND Year = '2018/2019') OR (Nationality = 'Non-Qatari' AND Year = '2018/2019') OR (Nationality = 'Non-Qatari' AND Year = '2019/2020') OR (Nationality = 'Qatari' AND Year = '2020/2021') OR (Nationality = 'Non-Qatari' AND Year = '2020/2021')) AND (School_type IN ('Government','Private'))",
 "sqlResult": "{26} || {35} || {23} || {60} || {50} || {100} || {59} || {65} || {47} || {17}",
 "nlq": "What is the number of Non-Qatari or Qatari students in Government or Private schools in 2018/2019 or 2020/2021 or of Non-Qatari students in Government or Private schools in 2019/2020?"},
{"name": "template 7",
 "sql": "SELECT sum(Value),min(Value) FROM DBdata WHERE ((Nationality = 'Non-Qatari' AND Year = '2020/2021')) AND (School_type IN ('Private'))",
 "sqlResult": "{17 | 17}",
 "nlq": "What are the total and minimum numbers of Non-Qatari students in Private schools in 2020/2021?"},
{"name": "template 8",
 "sql": "SELECT Nationality,Year,max(Value),avg(Value) FROM DBdata WHERE ((Nationality = 'Qatari' AND Year = '2018/2019') OR (Nationality = 'Qatari' AND Year = '2019/2020') OR (Nationality = 'Qatari' AND Year = '2020/2021') OR (Nationality = 'Non-Qatari' AND Year = '2020/2021')) AND (School_type IN ('Government')) GROUP BY Nationality,Year",
 "sqlResult": "{Non-Qatari | 2020/2021 | 50 | 50} || {Qatari | 2018/2019 | 26 | 26} || {Qatari | 2019/2020 | 53 | 53} || {Qatari | 2020/2021 | 60 | 60}",
 "nlq": "What are the maximum and average numbers for each Nationality and Year, of Qatari students in Government schools in 2018/2019, 2019/2020, or 2020/2021 or of Non-Qatari students in Government schools in 2020/2021? Please, report the corresponding Nationality and Year."},
{"name": "template 9",
 "sql": "SELECT min(Value) FROM DBdata WHERE ((Nationality = 'Qatari' AND Year = '2018/2019')) AND (School_type IN ('Government','Private')) GROUP BY School_type",
 "sqlResult": "{26} || {100}",
 "nlq": "What is the minimum number for each School type, of Qatari students in Government or Private schools in 2018/2019?"},
{"name": "template 10",
 "sql": "SELECT School_type,avg(Value) FROM DBdata WHERE ((Nationality = 'Non-Qatari' AND Year = '2019/2020')) AND (School_type IN ('Government','Private')) GROUP BY School_type",
 "sqlResult": "{Government | 23} || {Private | 65}",
 "nlq": "What is the average number for each School type, of Non-Qatari students in Government or Private schools in 2019/2020? Please, report the corresponding School type."},
{"name": "template 11",
 "sql": "SELECT School_type,Nationality,Year,avg(Value) FROM DBdata WHERE ((Nationality = 'Qatari' AND Year = '2018/2019') OR (Nationality = 'Non-Qatari' AND Year = '2018/2019') OR (Nationality = 'Non-Qatari' AND Year = '2019/2020')) AND (School_type IN ('Government','Private')) GROUP BY School_type,Nationality,Year",
 "sqlResult": "{Government | Non-Qatari | 2018/2019 | 35} || {Government | Non-Qatari | 2019/2020 | 23} || {Government | Qatari | 2018/2019 | 26} || {Private | Non-Qatari | 2018/2019 | 59} || {Private | Non-Qatari | 2019/2020 | 65} || {Private | Qatari | 2018/2019 | 100}",
 "nlq": "What is the average number for each School type, Nationality, and Year, of Non-Qatari or Qatari students in Government or Private schools in 2018/2019 or of Non-Qatari students in Government or Private schools in 2019/2020? Please, report the corresponding School type, Nationality, and Year."},
{"name": "template 12",
 "sql": "SELECT Value FROM DBdata WHERE ((Nationality = 'Non-Qatari' AND Year = '2019/2020')) AND (School_type IN ('Government','Private')) ORDER BY VALUE DESC LIMIT 2",
 "sqlResult": "{65} || {23}",
 "nlq": "What are the top 2 numbers of Non-Qatari students in Government or Private schools in 2019/2020?"},
{"name": "template 13",
 "sql": "SELECT Value FROM DBdata WHERE ((Nationality = 'Non-Qatari' AND Year = '2019/2020')) AND (School_type IN ('Government','Private')) ORDER BY VALUE DESC",
 "sqlResult": "{65} || {23}",
 "nlq": "What are the numbers ordered by decreasing values of Non-Qatari students in Government or Private schools in 2019/2020?"},
{"name": "template 14",
 "sql": "SELECT School_type FROM DBdata WHERE ((Nationality = 'Qatari' AND Year = '2020/2021')) AND Value > 44.92",
 "sqlResult": "{Government} || {Private}",
 "nlq": "What is the School type for which the number of Qatari students in 2020/2021 is greater than 44.92?"},
{"name": "template 15",
 "sql": "SELECT School_type,Value FROM DBdata WHERE ((Nationality = 'Qatari' AND Year = '2018/2019')) AND (School_type) IN (SELECT School_type FROM DBdata WHERE ((Nationality = 'Qatari' AND Year = '2020/2021')) AND Value > 44.92)",
 "sqlResult": "{Government | 26} || {Private | 100}",
 "nlq": "What is the number of Qatari students in 2018/2019 in School type for which the number of Qatari students in 2020/2021 is greater than 44.92? Please, report the corresponding School type and number of students."}]
}
