{
"filename": "Number_of_students_set77_1_DB.csv",
"questions": [{"name": "template 1",
 "sql": "SELECT Value FROM DBdata WHERE ((Nationality = 'Qatari' AND Year = '2020/2021')) AND (School_type IN ('Private'))",
 "sqlResult": "{85}",
 "nlq": "What is the number of Qatari students in Private schools in 2020/2021?"},
{"name": "template 2",
 "sql": "SELECT Value FROM DBdata WHERE ((Nationality = 'Non-Qatari' AND Year = '2019/2020')) AND (School_type IN ('Government'))",
 "sqlResult": "{31}",
 "nlq": "What is the number of Non-Qatari students in Government schools in 2019/2020?"},
{"name": "template 3",
 "sql": "SELECT Value FROM DBdata WHERE ((Nationality = 'Qatari' AND Year = '2019/2020') OR (Nationality = 'Non-Qatari' AND Year = '2020/2021')) AND (School_type IN ('Private'))",
 "sqlResult": "{73} || {64}",
 "nlq": "What is the number of Qatari students in Private schools in 2019/2020 or of Non-Qatari students in Private schools in 2020/2021?"},
{"name": "template 4",
 "sql": "SELECT avg(Value),sum(Value) FROM DBdata WHERE ((Nationality = 'Non-Qatari' AND Year = '2019/2020') OR (Nationality = 'Qatari' AND Year = '2020/2021') OR (Nationality = 'Non-Qatari' AND Year = '2020/2021')) AND (School_type IN ('Government'))",
 "sqlResult": "{43.33 | 130}",
 "nlq": "What are the average and total numbers of Non-Qatari students in Government schools in 2019/2020 or 2020/2021 or of Qatari students in Government schools in 2020/2021?"},
{"name": "template 6",
 "sql": "SELECT Value FROM DBdata WHERE ((Nationality = 'Qatari' AND Year = '2019/2020') OR (Nationality = 'Non-Qatari' AND Year = '2019/2020') OR (Nationality = 'Qatari' AND Year = '2020/2021') OR (Nationality = 'Non-Qatari' AND Year = '2020/2021')) AND (School_type IN ('Government'))",
 "sqlResult": "{7} || {31} || {28} || {71}",
 "nlq": "What is the number of Non-Qatari or Qatari students in Government schools in 2019/2020 or 2020/2021?"},
{"name": "template 7",
 "sql": "SELECT min(Value),sum(Value) FROM DBdata WHERE ((Nationality = 'Non-Qatari' AND Year = '2019/2020')) AND (School_type IN ('Government','Private'))",
 "sqlResult": "{31 | 85}",
 "nlq": "What are the minimum and total numbers of Non-Qatari students in Government or Private schools in 2019/2020?"},
{"name": "template 8",
 "sql": "SELECT Nationality,Year,sum(Value),max(Value) FROM DBdata WHERE ((Nationality = 'Qatari' AND Year = '2019/2020') OR (Nationality = 'Non-Qatari' AND Year = '2019/2020') OR (Nationality = 'Qatari' AND Year = '2020/2021') OR (Nationality = 'Non-Qatari' AND Year = '2020/2021')) AND (School_type IN ('Government','Private')) GROUP BY Nationality,Year",
 "sqlResult": "{Non-Qatari | 2019/2020 | 85 | 54} || {Non-Qatari | 2020/2021 | 135 | 71} || {Qatari | 2019/2020 | 80 | 73} || {Qatari | 2020/2021 | 113 | 85}",
 "nlq": "What are the total and maximum numbers for each Nationality and Year, of Non-Qatari or Qatari students in Government or Private schools in 2019/2020 or 2020/2021? Please, report the corresponding Nationality and Year."},
{"name": "template 9",
 "sql": "SELECT min(Value) FROM DBdata WHERE ((Nationality = 'Qatari' AND Year = '2020/2021')) AND (School_type IN ('Government','Private')) GROUP BY School_type",
 "sqlResult": "{28} || {85}",
 "nlq": "What is the minimum number for each School type, of Qatari students in Government or Private schools in 2020/2021?"},
{"name": "template 10",
 "sql": "SELECT School_type,sum(Value) FROM DBdata WHERE ((Nationality = 'Non-Qatari' AND Year = '2020/2021')) AND (School_type IN ('Government','Private')) GROUP BY School_type",
 "sqlResult": "{Government | 71} || {Private | 64}",
 "nlq": "What is the total number for each School type, of Non-Qatari students in Government or Private schools in 2020/2021? Please, report the corresponding School type."},
{"name": "template 11",
 "sql": "SELECT School_type,Nationality,Year,max(Value) FROM DBdata WHERE ((Nationality = 'Non-Qatari' AND Year = '2019/2020') OR (Nationality = 'Qatari' AND Year = '2020/2021')) AND (School_type IN ('Government','Private')) GROUP BY School_type,Nationality,Year",
 "sqlResult": "{Government | Non-Qatari | 2019/2020 | 31} || {Government | Qatari | 2020/2021 | 28} || {Private | Non-Qatari | 2019/2020 | 54} || {Private | Qatari | 2020/2021 | 85}",
 "nlq": "What is the maximum number for each School type, Nationality, and Year, of Non-Qatari students in Government or Private schools in 2019/2020 or of Qatari students in Government or Private schools in 2020/2021? Please, report the corresponding School type, Nationality, and Year."},
{"name": "template 12",
 "sql": "SELECT Value FROM DBdata WHERE ((Nationality = 'Qatari' AND Year = '2020/2021')) AND (School_type IN ('Government','Private')) ORDER BY VALUE DESC LIMIT 2",
 "sqlResult": "{85} || {28}",
 "nlq": "What are the top 2 numbers of Qatari students in Government or Private schools in 2020/2021?"},
{"name": "template 13",
 "sql": "SELECT Value FROM DBdata WHERE ((Nationality = 'Qatari' AND Year = '2020/2021')) AND (School_type IN ('Government','Private')) ORDER BY VALUE ASC",
 "sqlResult": "{28} || {85}",
 "nlq": "What are the numbers ordered by increasing values of Qatari students in Government or Private schools in 2020/2021?"},
{"name": "template 14",
 "sql": "SELECT School_type FROM DBdata WHERE ((Nationality = 'Qatari' AND Year = '2019/2020')) AND Value < 51.62",
 "sqlResult": "{Government}",
 "nlq": "What is the School type for which the number of Qatari students in 2019/2020 is lower than 51.62?"},
{"name": "template 15",
 "sql": "SELECT School_type,Value FROM DBdata WHERE ((Nationality = 'Non-Qatari' AND Year = '2019/2020')) AND (School_type) IN (SELECT School_type FROM DBdata WHERE ((Nationality = 'Qatari' AND Year = '2019/2020')) AND Value < 51.62)",
 "sqlResult": "{Government | 31}",
 "nlq": "What is the number of Non-Qatari students in 2019/2020 in School type for which the number of Qatari students in 2019/2020 is lower than 51.62? Please, report the corresponding School type and number of students."}]
}
