{
"filename": "Number_of_students_set76_3_DB.csv",
"questions": [{"name": "template 1",
 "sql": "SELECT Value FROM DBdata WHERE ((Year = '2017/2018' AND Nationality = 'Non-Qatari')) AND (School_type IN ('Private'))",
 "sqlResult": "{95}",
 "nlq": "What is the number of Non-Qatari students in Private schools in 2017/2018?"},
{"name": "template 2",
 "sql": "SELECT Value FROM DBdata WHERE ((Year = '2018/2019' AND Nationality = 'Non-Qatari')) AND (School_type IN ('Government','Private'))",
 "sqlResult": "{60} || {64}",
 "nlq": "What is the number of Non-Qatari students in Government or Private schools in 2018/2019?"},
{"name": "template 3",
 "sql": "SELECT Value FROM DBdata WHERE ((Year = '2015/2016' AND Nationality = 'Non-Qatari') OR (Year = '2016/2017' AND Nationality = 'Non-Qatari')) AND (School_type IN ('Private'))",
 "sqlResult": "{4} || {18}",
 "nlq": "What is the number of Non-Qatari students in Private schools in 2015/2016 or 2016/2017?"},
{"name": "template 4",
 "sql": "SELECT sum(Value),max(Value) FROM DBdata WHERE ((Year = '2015/2016' AND Nationality = 'Qatari') OR (Year = '2015/2016' AND Nationality = 'Non-Qatari') OR (Year = '2016/2017' AND Nationality = 'Qatari') OR (Year = '2016/2017' AND Nationality = 'Non-Qatari') OR (Year = '2017/2018' AND Nationality = 'Non-Qatari') OR (Year = '2018/2019' AND Nationality = 'Qatari')) AND (School_type IN ('Private'))",
 "sqlResult": "{228 | 95}",
 "nlq": "What are the total and maximum numbers of Qatari students in Private schools in 2015/2016, 2016/2017, or 2018/2019 or of Non-Qatari students in Private schools in 2015/2016, 2016/2017, or 2017/2018?"},
{"name": "template 6",
 "sql": "SELECT Value FROM DBdata WHERE ((Year = '2016/2017' AND Nationality = 'Qatari') OR (Year = '2016/2017' AND Nationality = 'Non-Qatari') OR (Year = '2017/2018' AND Nationality = 'Qatari') OR (Year = '2018/2019' AND Nationality = 'Qatari')) AND (School_type IN ('Government'))",
 "sqlResult": "{31} || {80} || {22} || {94}",
 "nlq": "What is the number of Qatari students in Government schools in 2016/2017, 2017/2018, or 2018/2019 or of Non-Qatari students in Government schools in 2016/2017?"},
{"name": "template 7",
 "sql": "SELECT max(Value),avg(Value) FROM DBdata WHERE ((Year = '2016/2017' AND Nationality = 'Qatari')) AND (School_type IN ('Government'))",
 "sqlResult": "{31 | 31}",
 "nlq": "What are the maximum and average numbers of Qatari students in Government schools in 2016/2017?"},
{"name": "template 8",
 "sql": "SELECT Year,Nationality,avg(Value),sum(Value) FROM DBdata WHERE ((Year = '2016/2017' AND Nationality = 'Qatari') OR (Year = '2016/2017' AND Nationality = 'Non-Qatari') OR (Year = '2017/2018' AND Nationality = 'Non-Qatari') OR (Year = '2018/2019' AND Nationality = 'Non-Qatari')) AND (School_type IN ('Private')) GROUP BY Year,Nationality",
 "sqlResult": "{2016/2017 | Non-Qatari | 18 | 18} || {2016/2017 | Qatari | 38 | 38} || {2017/2018 | Non-Qatari | 95 | 95} || {2018/2019 | Non-Qatari | 64 | 64}",
 "nlq": "What are the average and total numbers for each Year and Nationality, of Non-Qatari or Qatari students in Private schools in 2016/2017 or of Non-Qatari students in Private schools in 2017/2018 or 2018/2019? Please, report the corresponding Year and Nationality."},
{"name": "template 9",
 "sql": "SELECT min(Value) FROM DBdata WHERE ((Year = '2018/2019' AND Nationality = 'Non-Qatari')) AND (School_type IN ('Government','Private')) GROUP BY School_type",
 "sqlResult": "{60} || {64}",
 "nlq": "What is the minimum number for each School type, of Non-Qatari students in Government or Private schools in 2018/2019?"},
{"name": "template 10",
 "sql": "SELECT School_type,avg(Value) FROM DBdata WHERE ((Year = '2017/2018' AND Nationality = 'Qatari')) AND (School_type IN ('Government','Private')) GROUP BY School_type",
 "sqlResult": "{Government | 22} || {Private | 42}",
 "nlq": "What is the average number for each School type, of Qatari students in Government or Private schools in 2017/2018? Please, report the corresponding School type."},
{"name": "template 11",
 "sql": "SELECT School_type,Year,Nationality,sum(Value) FROM DBdata WHERE ((Year = '2015/2016' AND Nationality = 'Qatari') OR (Year = '2016/2017' AND Nationality = 'Non-Qatari') OR (Year = '2017/2018' AND Nationality = 'Qatari')) AND (School_type IN ('Government','Private')) GROUP BY School_type,Year,Nationality",
 "sqlResult": "{Government | 2015/2016 | Qatari | 24} || {Government | 2016/2017 | Non-Qatari | 80} || {Government | 2017/2018 | Qatari | 22} || {Private | 2015/2016 | Qatari | 25} || {Private | 2016/2017 | Non-Qatari | 18} || {Private | 2017/2018 | Qatari | 42}",
 "nlq": "What is the total number for each School type, Year, and Nationality, of Qatari students in Government or Private schools in 2015/2016 or 2017/2018 or of Non-Qatari students in Government or Private schools in 2016/2017? Please, report the corresponding School type, Year, and Nationality."},
{"name": "template 12",
 "sql": "SELECT Value FROM DBdata WHERE ((Year = '2016/2017' AND Nationality = 'Non-Qatari')) AND (School_type IN ('Government','Private')) ORDER BY VALUE DESC LIMIT 2",
 "sqlResult": "{80} || {18}",
 "nlq": "What are the top 2 numbers of Non-Qatari students in Government or Private schools in 2016/2017?"},
{"name": "template 13",
 "sql": "SELECT Value FROM DBdata WHERE ((Year = '2017/2018' AND Nationality = 'Non-Qatari')) AND (School_type IN ('Government','Private')) ORDER BY VALUE DESC",
 "sqlResult": "{95} || {54}",
 "nlq": "What are the numbers ordered by decreasing values of Non-Qatari students in Government or Private schools in 2017/2018?"},
{"name": "template 14",
 "sql": "SELECT School_type FROM DBdata WHERE ((Year = '2017/2018' AND Nationality = 'Non-Qatari')) AND Value > 44.75",
 "sqlResult": "{Government} || {Private}",
 "nlq": "What is the School type for which the number of Non-Qatari students in 2017/2018 is greater than 44.75?"},
{"name": "template 15",
 "sql": "SELECT School_type,Value FROM DBdata WHERE ((Year = '2018/2019' AND Nationality = 'Qatari')) AND (School_type) IN (SELECT School_type FROM DBdata WHERE ((Year = '2017/2018' AND Nationality = 'Non-Qatari')) AND Value > 44.75)",
 "sqlResult": "{Government | 94} || {Private | 48}",
 "nlq": "What is the number of Qatari students in 2018/2019 in School type for which the number of Non-Qatari students in 2017/2018 is greater than 44.75? Please, report the corresponding School type and number of students."}]
}
