{
"filename": "Number_of_students_set81_3_DB.csv",
"questions": [{"name": "template 1",
 "sql": "SELECT Value FROM DBdata WHERE ((Nationality = 'Non-Qatari' AND Year = '2021/2022')) AND (School_type IN ('Private'))",
 "sqlResult": "{72}",
 "nlq": "What is the number of Non-Qatari students in Private schools in 2021/2022?"},
{"name": "template 2",
 "sql": "SELECT Value FROM DBdata WHERE ((Nationality = 'Non-Qatari' AND Year = '2022/2023')) AND (School_type IN ('Government','Private'))",
 "sqlResult": "{25} || {80}",
 "nlq": "What is the number of Non-Qatari students in Government or Private schools in 2022/2023?"},
{"name": "template 3",
 "sql": "SELECT Value FROM DBdata WHERE ((Nationality = 'Qatari' AND Year = '2020/2021') OR (Nationality = 'Non-Qatari' AND Year = '2021/2022') OR (Nationality = 'Qatari' AND Year = '2022/2023') OR (Nationality = 'Non-Qatari' AND Year = '2022/2023')) AND (School_type IN ('Private'))",
 "sqlResult": "{21} || {72} || {5} || {80}",
 "nlq": "What is the number of Qatari students in Private schools in 2020/2021 or 2022/2023 or of Non-Qatari students in Private schools in 2021/2022 or 2022/2023?"},
{"name": "template 4",
 "sql": "SELECT sum(Value),max(Value) FROM DBdata WHERE ((Nationality = 'Qatari' AND Year = '2020/2021') OR (Nationality = 'Non-Qatari' AND Year = '2020/2021') OR (Nationality = 'Qatari' AND Year = '2021/2022') OR (Nationality = 'Non-Qatari' AND Year = '2021/2022') OR (Nationality = 'Qatari' AND Year = '2022/2023') OR (Nationality = 'Non-Qatari' AND Year = '2022/2023')) AND (School_type IN ('Private'))",
 "sqlResult": "{272 | 80}",
 "nlq": "What are the total and maximum numbers of Non-Qatari or Qatari students in Private schools in 2020/2021, 2021/2022, or 2022/2023?"},
{"name": "template 6",
 "sql": "SELECT Value FROM DBdata WHERE ((Nationality = 'Qatari' AND Year = '2020/2021') OR (Nationality = 'Non-Qatari' AND Year = '2020/2021') OR (Nationality = 'Qatari' AND Year = '2021/2022') OR (Nationality = 'Qatari' AND Year = '2022/2023') OR (Nationality = 'Non-Qatari' AND Year = '2022/2023')) AND (School_type IN ('Government','Private'))",
 "sqlResult": "{33} || {48} || {3} || {34} || {25} || {21} || {15} || {79} || {5} || {80}",
 "nlq": "What is the number of Qatari students in Government or Private schools in 2020/2021, 2021/2022, or 2022/2023 or of Non-Qatari students in Government or Private schools in 2020/2021 or 2022/2023?"},
{"name": "template 7",
 "sql": "SELECT max(Value),min(Value) FROM DBdata WHERE ((Nationality = 'Qatari' AND Year = '2022/2023')) AND (School_type IN ('Government','Private'))",
 "sqlResult": "{34 | 5}",
 "nlq": "What are the maximum and minimum numbers of Qatari students in Government or Private schools in 2022/2023?"},
{"name": "template 8",
 "sql": "SELECT Nationality,Year,avg(Value),sum(Value) FROM DBdata WHERE ((Nationality = 'Qatari' AND Year = '2020/2021') OR (Nationality = 'Non-Qatari' AND Year = '2021/2022')) AND (School_type IN ('Private')) GROUP BY Nationality,Year",
 "sqlResult": "{Non-Qatari | 2021/2022 | 72 | 72} || {Qatari | 2020/2021 | 21 | 21}",
 "nlq": "What are the average and total numbers for each Nationality and Year, of Qatari students in Private schools in 2020/2021 or of Non-Qatari students in Private schools in 2021/2022? Please, report the corresponding Nationality and Year."},
{"name": "template 9",
 "sql": "SELECT min(Value) FROM DBdata WHERE ((Nationality = 'Qatari' AND Year = '2021/2022')) AND (School_type IN ('Government','Private')) GROUP BY School_type",
 "sqlResult": "{3} || {79}",
 "nlq": "What is the minimum number for each School type, of Qatari students in Government or Private schools in 2021/2022?"},
{"name": "template 10",
 "sql": "SELECT School_type,avg(Value) FROM DBdata WHERE ((Nationality = 'Qatari' AND Year = '2021/2022')) AND (School_type IN ('Government','Private')) GROUP BY School_type",
 "sqlResult": "{Government | 3} || {Private | 79}",
 "nlq": "What is the average number for each School type, of Qatari students in Government or Private schools in 2021/2022? Please, report the corresponding School type."},
{"name": "template 11",
 "sql": "SELECT School_type,Nationality,Year,sum(Value) FROM DBdata WHERE ((Nationality = 'Qatari' AND Year = '2020/2021') OR (Nationality = 'Non-Qatari' AND Year = '2020/2021') OR (Nationality = 'Qatari' AND Year = '2021/2022')) AND (School_type IN ('Government','Private')) GROUP BY School_type,Nationality,Year",
 "sqlResult": "{Government | Non-Qatari | 2020/2021 | 48} || {Government | Qatari | 2020/2021 | 33} || {Government | Qatari | 2021/2022 | 3} || {Private | Non-Qatari | 2020/2021 | 15} || {Private | Qatari | 2020/2021 | 21} || {Private | Qatari | 2021/2022 | 79}",
 "nlq": "What is the total number for each School type, Nationality, and Year, of Non-Qatari or Qatari students in Government or Private schools in 2020/2021 or of Qatari students in Government or Private schools in 2021/2022? Please, report the corresponding School type, Nationality, and Year."},
{"name": "template 12",
 "sql": "SELECT Value FROM DBdata WHERE ((Nationality = 'Non-Qatari' AND Year = '2022/2023')) AND (School_type IN ('Government','Private')) ORDER BY VALUE DESC LIMIT 2",
 "sqlResult": "{80} || {25}",
 "nlq": "What are the top 2 numbers of Non-Qatari students in Government or Private schools in 2022/2023?"},
{"name": "template 13",
 "sql": "SELECT Value FROM DBdata WHERE ((Nationality = 'Qatari' AND Year = '2021/2022')) AND (School_type IN ('Government','Private')) ORDER BY VALUE ASC",
 "sqlResult": "{3} || {79}",
 "nlq": "What are the numbers ordered by increasing values of Qatari students in Government or Private schools in 2021/2022?"},
{"name": "template 14",
 "sql": "SELECT School_type FROM DBdata WHERE ((Nationality = 'Qatari' AND Year = '2021/2022')) AND Value > 39.42",
 "sqlResult": "{Private}",
 "nlq": "What is the School type for which the number of Qatari students in 2021/2022 is greater than 39.42?"},
{"name": "template 15",
 "sql": "SELECT School_type,Value FROM DBdata WHERE ((Nationality = 'Qatari' AND Year = '2022/2023')) AND (School_type) IN (SELECT School_type FROM DBdata WHERE ((Nationality = 'Qatari' AND Year = '2021/2022')) AND Value > 39.42)",
 "sqlResult": "{Private | 5}",
 "nlq": "What is the number of Qatari students in 2022/2023 in School type for which the number of Qatari students in 2021/2022 is greater than 39.42? Please, report the corresponding School type and number of students."}]
}
