{
"filename": "Number_of_students_set1_1_DB.csv",
"questions": [{"name": "template 1",
 "sql": "SELECT Value FROM DBdata WHERE (Nationality IN ('Qatari')) AND (School_type IN ('Government'))",
 "sqlResult": "{53}",
 "nlq": "What is the number of Qatari students in Government schools?"},
{"name": "template 2",
 "sql": "SELECT Value FROM DBdata WHERE (Nationality IN ('Non-Qatari')) AND (School_type IN ('Government','Private'))",
 "sqlResult": "{60} || {76}",
 "nlq": "What is the number of Non-Qatari students in Government or Private schools?"},
{"name": "template 3",
 "sql": "SELECT Value FROM DBdata WHERE (Nationality IN ('Non-Qatari')) AND (School_type IN ('Private'))",
 "sqlResult": "{76}",
 "nlq": "What is the number of Non-Qatari students in Private schools?"},
{"name": "template 4",
 "sql": "SELECT avg(Value),sum(Value) FROM DBdata WHERE (Nationality IN ('Non-Qatari')) AND (School_type IN ('Private'))",
 "sqlResult": "{76 | 76}",
 "nlq": "What are the average and total numbers of Non-Qatari students in Private schools?"},
{"name": "template 6",
 "sql": "SELECT Value FROM DBdata WHERE (Nationality IN ('Qatari','Non-Qatari')) AND (School_type IN ('Government','Private'))",
 "sqlResult": "{53} || {60} || {94} || {76}",
 "nlq": "What is the number of Non-Qatari or Qatari students in Government or Private schools?"},
{"name": "template 7",
 "sql": "SELECT min(Value),avg(Value) FROM DBdata WHERE (Nationality IN ('Qatari')) AND (School_type IN ('Government','Private'))",
 "sqlResult": "{53 | 73.5}",
 "nlq": "What are the minimum and average numbers of Qatari students in Government or Private schools?"},
{"name": "template 8",
 "sql": "SELECT Nationality,sum(Value),max(Value) FROM DBdata WHERE (Nationality IN ('Qatari','Non-Qatari')) AND (School_type IN ('Government')) GROUP BY Nationality",
 "sqlResult": "{Non-Qatari | 60 | 60} || {Qatari | 53 | 53}",
 "nlq": "What are the total and maximum numbers for each Nationality, of Non-Qatari or Qatari students in Government schools? Please, report the corresponding Nationality."},
{"name": "template 9",
 "sql": "SELECT min(Value) FROM DBdata WHERE (Nationality IN ('Non-Qatari')) AND (School_type IN ('Government','Private')) GROUP BY School_type",
 "sqlResult": "{60} || {76}",
 "nlq": "What is the minimum number for each School type, of Non-Qatari students in Government or Private schools?"},
{"name": "template 10",
 "sql": "SELECT School_type,avg(Value) FROM DBdata WHERE (Nationality IN ('Non-Qatari')) AND (School_type IN ('Government','Private')) GROUP BY School_type",
 "sqlResult": "{Government | 60} || {Private | 76}",
 "nlq": "What is the average number for each School type, of Non-Qatari students in Government or Private schools? Please, report the corresponding School type."},
{"name": "template 11",
 "sql": "SELECT School_type,Nationality,min(Value) FROM DBdata WHERE (Nationality IN ('Qatari','Non-Qatari')) AND (School_type IN ('Government','Private')) GROUP BY School_type,Nationality",
 "sqlResult": "{Government | Non-Qatari | 60} || {Government | Qatari | 53} || {Private | Non-Qatari | 76} || {Private | Qatari | 94}",
 "nlq": "What is the minimum number for each School type and Nationality, of Non-Qatari or Qatari students in Government or Private schools? Please, report the corresponding School type and Nationality."},
{"name": "template 12",
 "sql": "SELECT Value FROM DBdata WHERE (Nationality IN ('Non-Qatari')) AND (School_type IN ('Government','Private')) ORDER BY VALUE DESC LIMIT 2",
 "sqlResult": "{76} || {60}",
 "nlq": "What are the top 2 numbers of Non-Qatari students in Government or Private schools?"},
{"name": "template 13",
 "sql": "SELECT Value FROM DBdata WHERE (Nationality IN ('Qatari')) AND (School_type IN ('Government','Private')) ORDER BY VALUE ASC",
 "sqlResult": "{53} || {94}",
 "nlq": "What are the numbers ordered by increasing values of Qatari students in Government or Private schools?"},
{"name": "template 14",
 "sql": "SELECT School_type FROM DBdata WHERE (Nationality IN ('Non-Qatari')) AND Value > 70.75",
 "sqlResult": "{Private}",
 "nlq": "What is the School type for which the number of Non-Qatari students is greater than 70.75?"},
{"name": "template 15",
 "sql": "SELECT School_type,Value FROM DBdata WHERE (Nationality IN ('Qatari')) AND (School_type) IN (SELECT School_type FROM DBdata WHERE (Nationality IN ('Non-Qatari')) AND Value > 70.75)",
 "sqlResult": "{Private | 94}",
 "nlq": "What is the number of Qatari students in School type for which the number of Non-Qatari students is greater than 70.75? Please, report the corresponding School type and number of students."}]
}
