{
"filename": "Number_of_students_set79_2_DB.csv",
"questions": [{"name": "template 1",
 "sql": "SELECT Value FROM DBdata WHERE ((AA = 'AAgl' AND BB = 'BBgx')) AND (CC IN ('CCqw'))",
 "sqlResult": "{48}",
 "nlq": "What is the number of AAgl students in CCqw schools in BBgx?"},
{"name": "template 2",
 "sql": "SELECT Value FROM DBdata WHERE ((AA = 'AAgl' AND BB = 'BBgm')) AND (CC IN ('CCmz','CCqw'))",
 "sqlResult": "{12} || {88}",
 "nlq": "What is the number of AAgl students in CCmz or CCqw schools in BBgm?"},
{"name": "template 3",
 "sql": "SELECT Value FROM DBdata WHERE ((AA = 'AAgl' AND BB = 'BBgx') OR (AA = 'Non-AAgl' AND BB = 'BBgx') OR (AA = 'AAgl' AND BB = 'BBgm')) AND (CC IN ('CCmz'))",
 "sqlResult": "{73} || {3} || {12}",
 "nlq": "What is the number of Non-AAgl or AAgl students in CCmz schools in BBgx or of AAgl students in CCmz schools in BBgm?"},
{"name": "template 4",
 "sql": "SELECT max(Value),avg(Value) FROM DBdata WHERE ((AA = 'AAgl' AND BB = 'BBgx') OR (AA = 'AAgl' AND BB = 'BBgm') OR (AA = 'Non-AAgl' AND BB = 'BBgm')) AND (CC IN ('CCmz'))",
 "sqlResult": "{73 | 45.67}",
 "nlq": "What are the maximum and average numbers of AAgl students in CCmz schools in BBgx or BBgm or of Non-AAgl students in CCmz schools in BBgm?"},
{"name": "template 6",
 "sql": "SELECT Value FROM DBdata WHERE ((AA = 'AAgl' AND BB = 'BBgx') OR (AA = 'Non-AAgl' AND BB = 'BBgm')) AND (CC IN ('CCmz'))",
 "sqlResult": "{73} || {52}",
 "nlq": "What is the number of AAgl students in CCmz schools in BBgx or of Non-AAgl students in CCmz schools in BBgm?"},
{"name": "template 7",
 "sql": "SELECT max(Value),min(Value) FROM DBdata WHERE ((AA = 'Non-AAgl' AND BB = 'BBgm')) AND (CC IN ('CCqw'))",
 "sqlResult": "{10 | 10}",
 "nlq": "What are the maximum and minimum numbers of Non-AAgl students in CCqw schools in BBgm?"},
{"name": "template 8",
 "sql": "SELECT AA,BB,avg(Value),max(Value) FROM DBdata WHERE ((AA = 'AAgl' AND BB = 'BBgx') OR (AA = 'Non-AAgl' AND BB = 'BBgx') OR (AA = 'AAgl' AND BB = 'BBgm') OR (AA = 'Non-AAgl' AND BB = 'BBgm')) AND (CC IN ('CCmz','CCqw')) GROUP BY AA,BB",
 "sqlResult": "{Non-AAgl | BBgx | 28 | 53} || {Non-AAgl | BBgm | 31 | 52} || {AAgl | BBgx | 60.5 | 73} || {AAgl | BBgm | 50 | 88}",
 "nlq": "What are the average and maximum numbers for each AA and BB, of Non-AAgl or AAgl students in CCmz or CCqw schools in BBgx or BBgm? Please, report the corresponding AA and BB."},
{"name": "template 9",
 "sql": "SELECT min(Value) FROM DBdata WHERE ((AA = 'AAgl' AND BB = 'BBgx')) AND (CC IN ('CCmz','CCqw')) GROUP BY CC",
 "sqlResult": "{73} || {48}",
 "nlq": "What is the minimum number for each CC, of AAgl students in CCmz or CCqw schools in BBgx?"},
{"name": "template 10",
 "sql": "SELECT CC,min(Value) FROM DBdata WHERE ((AA = 'Non-AAgl' AND BB = 'BBgx')) AND (CC IN ('CCmz','CCqw')) GROUP BY CC",
 "sqlResult": "{CCmz | 3} || {CCqw | 53}",
 "nlq": "What is the minimum number for each CC, of Non-AAgl students in CCmz or CCqw schools in BBgx? Please, report the corresponding CC."},
{"name": "template 11",
 "sql": "SELECT CC,AA,BB,avg(Value) FROM DBdata WHERE ((AA = 'AAgl' AND BB = 'BBgx') OR (AA = 'Non-AAgl' AND BB = 'BBgx') OR (AA = 'Non-AAgl' AND BB = 'BBgm')) AND (CC IN ('CCmz','CCqw')) GROUP BY CC,AA,BB",
 "sqlResult": "{CCmz | Non-AAgl | BBgx | 3} || {CCmz | Non-AAgl | BBgm | 52} || {CCmz | AAgl | BBgx | 73} || {CCqw | Non-AAgl | BBgx | 53} || {CCqw | Non-AAgl | BBgm | 10} || {CCqw | AAgl | BBgx | 48}",
 "nlq": "What is the average number for each CC, AA, and BB, of Non-AAgl or AAgl students in CCmz or CCqw schools in BBgx or of Non-AAgl students in CCmz or CCqw schools in BBgm? Please, report the corresponding CC, AA, and BB."},
{"name": "template 12",
 "sql": "SELECT Value FROM DBdata WHERE ((AA = 'Non-AAgl' AND BB = 'BBgx')) AND (CC IN ('CCmz','CCqw')) ORDER BY VALUE DESC LIMIT 2",
 "sqlResult": "{53} || {3}",
 "nlq": "What are the top 2 numbers of Non-AAgl students in CCmz or CCqw schools in BBgx?"},
{"name": "template 13",
 "sql": "SELECT Value FROM DBdata WHERE ((AA = 'AAgl' AND BB = 'BBgx')) AND (CC IN ('CCmz','CCqw')) ORDER BY VALUE DESC",
 "sqlResult": "{73} || {48}",
 "nlq": "What are the numbers ordered by decreasing values of AAgl students in CCmz or CCqw schools in BBgx?"},
{"name": "template 14",
 "sql": "SELECT CC FROM DBdata WHERE ((AA = 'Non-AAgl' AND BB = 'BBgx')) AND Value > 42.38",
 "sqlResult": "{CCqw}",
 "nlq": "What is the CC for which the number of Non-AAgl students in BBgx is greater than 42.38?"},
{"name": "template 15",
 "sql": "SELECT CC,Value FROM DBdata WHERE ((AA = 'Non-AAgl' AND BB = 'BBgm')) AND (CC) IN (SELECT CC FROM DBdata WHERE ((AA = 'Non-AAgl' AND BB = 'BBgx')) AND Value > 42.38)",
 "sqlResult": "{CCqw | 10}",
 "nlq": "What is the number of Non-AAgl students in BBgm in CC for which the number of Non-AAgl students in BBgx is greater than 42.38? Please, report the corresponding CC and number of students."}]
}

