{
"filename": "Number_of_students_set82_3_DB.csv",
"questions": [{"name": "template 1",
 "sql": "SELECT Value FROM DBdata WHERE ((BB = 'BBct' AND AA = 'Non-AArz')) AND (CC IN ('CCnw'))",
 "sqlResult": "{2}",
 "nlq": "What is the number of Non-AArz students in CCnw schools in BBct?"},
{"name": "template 2",
 "sql": "SELECT Value FROM DBdata WHERE ((BB = 'BBbw' AND AA = 'AArz')) AND (CC IN ('CCjz','CCnw'))",
 "sqlResult": "{97} || {10}",
 "nlq": "What is the number of AArz students in CCjz or CCnw schools in BBbw?"},
{"name": "template 3",
 "sql": "SELECT Value FROM DBdata WHERE ((BB = 'BBct' AND AA = 'AArz') OR (BB = 'BBct' AND AA = 'Non-AArz') OR (BB = 'BBbw' AND AA = 'Non-AArz')) AND (CC IN ('CCjz'))",
 "sqlResult": "{54} || {35} || {62}",
 "nlq": "What is the number of Non-AArz or AArz students in CCjz schools in BBct or of Non-AArz students in CCjz schools in BBbw?"},
{"name": "template 4",
 "sql": "SELECT sum(Value),min(Value) FROM DBdata WHERE ((BB = 'BBct' AND AA = 'AArz') OR (BB = 'BBct' AND AA = 'Non-AArz') OR (BB = 'BBbw' AND AA = 'AArz') OR (BB = 'BBbw' AND AA = 'Non-AArz')) AND (CC IN ('CCjz'))",
 "sqlResult": "{248 | 35}",
 "nlq": "What are the total and minimum numbers of Non-AArz or AArz students in CCjz schools in BBct or BBbw?"},
{"name": "template 6",
 "sql": "SELECT Value FROM DBdata WHERE ((BB = 'BBct' AND AA = 'AArz') OR (BB = 'BBct' AND AA = 'Non-AArz') OR (BB = 'BBbw' AND AA = 'AArz') OR (BB = 'BBbw' AND AA = 'Non-AArz')) AND (CC IN ('CCjz','CCnw'))",
 "sqlResult": "{54} || {35} || {97} || {62} || {37} || {2} || {10} || {83}",
 "nlq": "What is the number of Non-AArz or AArz students in CCjz or CCnw schools in BBct or BBbw?"},
{"name": "template 7",
 "sql": "SELECT sum(Value),max(Value) FROM DBdata WHERE ((BB = 'BBct' AND AA = 'Non-AArz')) AND (CC IN ('CCjz','CCnw'))",
 "sqlResult": "{37 | 35}",
 "nlq": "What are the total and maximum numbers of Non-AArz students in CCjz or CCnw schools in BBct?"},
{"name": "template 8",
 "sql": "SELECT BB,AA,min(Value),max(Value) FROM DBdata WHERE ((BB = 'BBct' AND AA = 'AArz') OR (BB = 'BBct' AND AA = 'Non-AArz') OR (BB = 'BBbw' AND AA = 'AArz')) AND (CC IN ('CCjz')) GROUP BY BB,AA",
 "sqlResult": "{BBct | Non-AArz | 35 | 35} || {BBct | AArz | 54 | 54} || {BBbw | AArz | 97 | 97}",
 "nlq": "What are the minimum and maximum numbers for each BB and AA, of Non-AArz or AArz students in CCjz schools in BBct or of AArz students in CCjz schools in BBbw? Please, report the corresponding BB and AA."},
{"name": "template 9",
 "sql": "SELECT min(Value) FROM DBdata WHERE ((BB = 'BBbw' AND AA = 'AArz')) AND (CC IN ('CCjz','CCnw')) GROUP BY CC",
 "sqlResult": "{97} || {10}",
 "nlq": "What is the minimum number for each CC, of AArz students in CCjz or CCnw schools in BBbw?"},
{"name": "template 10",
 "sql": "SELECT CC,max(Value) FROM DBdata WHERE ((BB = 'BBbw' AND AA = 'AArz')) AND (CC IN ('CCjz','CCnw')) GROUP BY CC",
 "sqlResult": "{CCjz | 97} || {CCnw | 10}",
 "nlq": "What is the maximum number for each CC, of AArz students in CCjz or CCnw schools in BBbw? Please, report the corresponding CC."},
{"name": "template 11",
 "sql": "SELECT CC,BB,AA,avg(Value) FROM DBdata WHERE ((BB = 'BBct' AND AA = 'AArz') OR (BB = 'BBct' AND AA = 'Non-AArz') OR (BB = 'BBbw' AND AA = 'Non-AArz')) AND (CC IN ('CCjz','CCnw')) GROUP BY CC,BB,AA",
 "sqlResult": "{CCjz | BBct | Non-AArz | 35} || {CCjz | BBct | AArz | 54} || {CCjz | BBbw | Non-AArz | 62} || {CCnw | BBct | Non-AArz | 2} || {CCnw | BBct | AArz | 37} || {CCnw | BBbw | Non-AArz | 83}",
 "nlq": "What is the average number for each CC, BB, and AA, of Non-AArz or AArz students in CCjz or CCnw schools in BBct or of Non-AArz students in CCjz or CCnw schools in BBbw? Please, report the corresponding CC, BB, and AA."},
{"name": "template 12",
 "sql": "SELECT Value FROM DBdata WHERE ((BB = 'BBct' AND AA = 'Non-AArz')) AND (CC IN ('CCjz','CCnw')) ORDER BY VALUE ASC LIMIT 2",
 "sqlResult": "{2} || {35}",
 "nlq": "What are the bottom 2 numbers of Non-AArz students in CCjz or CCnw schools in BBct?"},
{"name": "template 13",
 "sql": "SELECT Value FROM DBdata WHERE ((BB = 'BBbw' AND AA = 'AArz')) AND (CC IN ('CCjz','CCnw')) ORDER BY VALUE DESC",
 "sqlResult": "{97} || {10}",
 "nlq": "What are the numbers ordered by decreasing values of AArz students in CCjz or CCnw schools in BBbw?"},
{"name": "template 14",
 "sql": "SELECT CC FROM DBdata WHERE ((BB = 'BBbw' AND AA = 'AArz')) AND Value < 47.5",
 "sqlResult": "{CCnw}",
 "nlq": "What is the CC for which the number of AArz students in BBbw is lower than 47.5?"},
{"name": "template 15",
 "sql": "SELECT CC,Value FROM DBdata WHERE ((BB = 'BBct' AND AA = 'Non-AArz')) AND (CC) IN (SELECT CC FROM DBdata WHERE ((BB = 'BBbw' AND AA = 'AArz')) AND Value < 47.5)",
 "sqlResult": "{CCnw | 2}",
 "nlq": "What is the number of Non-AArz students in BBct in CC for which the number of AArz students in BBbw is lower than 47.5? Please, report the corresponding CC and number of students."}]
}

