{
"filename": "Number_of_students_set74_4_DB.csv",
"questions": [{"name": "template 1",
 "sql": "SELECT Value FROM DBdata WHERE ((Year = '2016/2017' AND Nationality = 'Non-Qatari')) AND (School_type IN ('Private'))",
 "sqlResult": "{60}",
 "nlq": "What is the number of Non-Qatari students in Private schools in 2016/2017?"},
{"name": "template 2",
 "sql": "SELECT Value FROM DBdata WHERE ((Year = '2015/2016' AND Nationality = 'Qatari')) AND (School_type IN ('Government'))",
 "sqlResult": "{70}",
 "nlq": "What is the number of Qatari students in Government schools in 2015/2016?"},
{"name": "template 3",
 "sql": "SELECT Value FROM DBdata WHERE ((Year = '2015/2016' AND Nationality = 'Non-Qatari') OR (Year = '2016/2017' AND Nationality = 'Qatari') OR (Year = '2016/2017' AND Nationality = 'Non-Qatari') OR (Year = '2017/2018' AND Nationality = 'Qatari') OR (Year = '2017/2018' AND Nationality = 'Non-Qatari')) AND (School_type IN ('Private'))",
 "sqlResult": "{31} || {3} || {60} || {7} || {54}",
 "nlq": "What is the number of Non-Qatari students in Private schools in 2015/2016, 2016/2017, or 2017/2018 or of Qatari students in Private schools in 2016/2017 or 2017/2018?"},
{"name": "template 4",
 "sql": "SELECT max(Value),sum(Value) FROM DBdata WHERE ((Year = '2015/2016' AND Nationality = 'Non-Qatari') OR (Year = '2016/2017' AND Nationality = 'Qatari') OR (Year = '2016/2017' AND Nationality = 'Non-Qatari') OR (Year = '2017/2018' AND Nationality = 'Non-Qatari')) AND (School_type IN ('Private'))",
 "sqlResult": "{60 | 148}",
 "nlq": "What are the maximum and total numbers of Non-Qatari students in Private schools in 2015/2016, 2016/2017, or 2017/2018 or of Qatari students in Private schools in 2016/2017?"},
{"name": "template 6",
 "sql": "SELECT Value FROM DBdata WHERE ((Year = '2015/2016' AND Nationality = 'Non-Qatari') OR (Year = '2016/2017' AND Nationality = 'Qatari') OR (Year = '2017/2018' AND Nationality = 'Qatari') OR (Year = '2017/2018' AND Nationality = 'Non-Qatari')) AND (School_type IN ('Government','Private'))",
 "sqlResult": "{73} || {87} || {76} || {77} || {31} || {3} || {7} || {54}",
 "nlq": "What is the number of Non-Qatari students in Government or Private schools in 2015/2016, of Qatari students in Government or Private schools in 2016/2017, or of Non-Qatari or Qatari students in Government or Private schools in 2017/2018?"},
{"name": "template 7",
 "sql": "SELECT avg(Value),min(Value) FROM DBdata WHERE ((Year = '2016/2017' AND Nationality = 'Non-Qatari')) AND (School_type IN ('Government','Private'))",
 "sqlResult": "{43 | 26}",
 "nlq": "What are the average and minimum numbers of Non-Qatari students in Government or Private schools in 2016/2017?"},
{"name": "template 8",
 "sql": "SELECT Year,Nationality,avg(Value),min(Value) FROM DBdata WHERE ((Year = '2015/2016' AND Nationality = 'Non-Qatari') OR (Year = '2016/2017' AND Nationality = 'Non-Qatari')) AND (School_type IN ('Government','Private')) GROUP BY Year,Nationality",
 "sqlResult": "{2015/2016 | Non-Qatari | 52 | 31} || {2016/2017 | Non-Qatari | 43 | 26}",
 "nlq": "What are the average and minimum numbers for each Year and Nationality, of Non-Qatari students in Government or Private schools in 2015/2016 or 2016/2017? Please, report the corresponding Year and Nationality."},
{"name": "template 9",
 "sql": "SELECT min(Value) FROM DBdata WHERE ((Year = '2016/2017' AND Nationality = 'Non-Qatari')) AND (School_type IN ('Government','Private')) GROUP BY School_type",
 "sqlResult": "{26} || {60}",
 "nlq": "What is the minimum number for each School type, of Non-Qatari students in Government or Private schools in 2016/2017?"},
{"name": "template 10",
 "sql": "SELECT School_type,min(Value) FROM DBdata WHERE ((Year = '2017/2018' AND Nationality = 'Non-Qatari')) AND (School_type IN ('Government','Private')) GROUP BY School_type",
 "sqlResult": "{Government | 77} || {Private | 54}",
 "nlq": "What is the minimum number for each School type, of Non-Qatari students in Government or Private schools in 2017/2018? Please, report the corresponding School type."},
{"name": "template 11",
 "sql": "SELECT School_type,Year,Nationality,avg(Value) FROM DBdata WHERE ((Year = '2015/2016' AND Nationality = 'Non-Qatari') OR (Year = '2016/2017' AND Nationality = 'Non-Qatari') OR (Year = '2017/2018' AND Nationality = 'Non-Qatari')) AND (School_type IN ('Government','Private')) GROUP BY School_type,Year,Nationality",
 "sqlResult": "{Government | 2015/2016 | Non-Qatari | 73} || {Government | 2016/2017 | Non-Qatari | 26} || {Government | 2017/2018 | Non-Qatari | 77} || {Private | 2015/2016 | Non-Qatari | 31} || {Private | 2016/2017 | Non-Qatari | 60} || {Private | 2017/2018 | Non-Qatari | 54}",
 "nlq": "What is the average number for each School type, Year, and Nationality, of Non-Qatari students in Government or Private schools in 2015/2016, 2016/2017, or 2017/2018? Please, report the corresponding School type, Year, and Nationality."},
{"name": "template 12",
 "sql": "SELECT Value FROM DBdata WHERE ((Year = '2015/2016' AND Nationality = 'Non-Qatari')) AND (School_type IN ('Government','Private')) ORDER BY VALUE ASC LIMIT 2",
 "sqlResult": "{31} || {73}",
 "nlq": "What are the bottom 2 numbers of Non-Qatari students in Government or Private schools in 2015/2016?"},
{"name": "template 13",
 "sql": "SELECT Value FROM DBdata WHERE ((Year = '2016/2017' AND Nationality = 'Non-Qatari')) AND (School_type IN ('Government','Private')) ORDER BY VALUE DESC",
 "sqlResult": "{60} || {26}",
 "nlq": "What are the numbers ordered by decreasing values of Non-Qatari students in Government or Private schools in 2016/2017?"},
{"name": "template 14",
 "sql": "SELECT School_type FROM DBdata WHERE ((Year = '2016/2017' AND Nationality = 'Qatari')) AND Value > 51.58",
 "sqlResult": "{Government}",
 "nlq": "What is the School type for which the number of Qatari students in 2016/2017 is greater than 51.58?"},
{"name": "template 15",
 "sql": "SELECT School_type,Value FROM DBdata WHERE ((Year = '2015/2016' AND Nationality = 'Non-Qatari')) AND (School_type) IN (SELECT School_type FROM DBdata WHERE ((Year = '2016/2017' AND Nationality = 'Qatari')) AND Value > 51.58)",
 "sqlResult": "{Government | 73}",
 "nlq": "What is the number of Non-Qatari students in 2015/2016 in School type for which the number of Qatari students in 2016/2017 is greater than 51.58? Please, report the corresponding School type and number of students."}]
}
