{
"filename": "Number_of_students_set93_4_DB.csv",
"questions": [{"name": "template 1",
 "sql": "SELECT Value FROM DBdata WHERE ((AA = 'Non-AArs' AND BB = 'BBqr')) AND (CC IN ('CCdr'))",
 "sqlResult": "{23}",
 "nlq": "What is the number of Non-AArs students in CCdr schools in BBqr?"},
{"name": "template 2",
 "sql": "SELECT Value FROM DBdata WHERE ((AA = 'Non-AArs' AND BB = 'BBxy')) AND (CC IN ('CCfk'))",
 "sqlResult": "{77}",
 "nlq": "What is the number of Non-AArs students in CCfk schools in BBxy?"},
{"name": "template 3",
 "sql": "SELECT Value FROM DBdata WHERE ((AA = 'AArs' AND BB = 'BBqr') OR (AA = 'Non-AArs' AND BB = 'BBqr') OR (AA = 'AArs' AND BB = 'BBxy') OR (AA = 'Non-AArs' AND BB = 'BBxy') OR (AA = 'AArs' AND BB = 'BBhm')) AND (CC IN ('CCdr'))",
 "sqlResult": "{2} || {23} || {78} || {14} || {54}",
 "nlq": "What is the number of AArs students in CCdr schools in BBqr, BBxy, or BBhm or of Non-AArs students in CCdr schools in BBqr or BBxy?"},
{"name": "template 4",
 "sql": "SELECT min(Value),max(Value) FROM DBdata WHERE ((AA = 'AArs' AND BB = 'BBqr') OR (AA = 'Non-AArs' AND BB = 'BBqr') OR (AA = 'AArs' AND BB = 'BBxy') OR (AA = 'Non-AArs' AND BB = 'BBxy') OR (AA = 'AArs' AND BB = 'BBhm') OR (AA = 'Non-AArs' AND BB = 'BBhm')) AND (CC IN ('CCfk'))",
 "sqlResult": "{15 | 98}",
 "nlq": "What are the minimum and maximum numbers of Non-AArs or AArs students in CCfk schools in BBqr, BBxy, or BBhm?"},
{"name": "template 5",
 "sql": "SELECT sum(Value) FROM DBdata WHERE (AA IN ('AArs','Non-AArs')) AND (CC IN ('CCdr'))",
 "sqlResult": "{174}",
 "nlq": "What is the total number of Non-AArs or AArs students in CCdr schools?"},
{"name": "template 6",
 "sql": "SELECT Value FROM DBdata WHERE ((AA = 'Non-AArs' AND BB = 'BBqr') OR (AA = 'Non-AArs' AND BB = 'BBxy') OR (AA = 'AArs' AND BB = 'BBhm')) AND (CC IN ('CCfk','CCdr'))",
 "sqlResult": "{15} || {77} || {98} || {23} || {14} || {54}",
 "nlq": "What is the number of Non-AArs students in CCfk or CCdr schools in BBqr or BBxy or of AArs students in CCfk or CCdr schools in BBhm?"},
{"name": "template 7",
 "sql": "SELECT sum(Value),avg(Value) FROM DBdata WHERE ((AA = 'AArs' AND BB = 'BBhm')) AND (CC IN ('CCdr'))",
 "sqlResult": "{54 | 54}",
 "nlq": "What are the total and average numbers of AArs students in CCdr schools in BBhm?"},
{"name": "template 8",
 "sql": "SELECT AA,BB,avg(Value),sum(Value) FROM DBdata WHERE ((AA = 'AArs' AND BB = 'BBxy') OR (AA = 'Non-AArs' AND BB = 'BBxy')) AND (CC IN ('CCdr')) GROUP BY AA,BB",
 "sqlResult": "{Non-AArs | BBxy | 14 | 14} || {AArs | BBxy | 78 | 78}",
 "nlq": "What are the average and total numbers for each AA and BB, of Non-AArs or AArs students in CCdr schools in BBxy? Please, report the corresponding AA and BB."},
{"name": "template 9",
 "sql": "SELECT min(Value) FROM DBdata WHERE ((AA = 'Non-AArs' AND BB = 'BBxy')) AND (CC IN ('CCfk','CCdr')) GROUP BY CC",
 "sqlResult": "{77} || {14}",
 "nlq": "What is the minimum number for each CC, of Non-AArs students in CCfk or CCdr schools in BBxy?"},
{"name": "template 10",
 "sql": "SELECT CC,max(Value) FROM DBdata WHERE ((AA = 'AArs' AND BB = 'BBhm')) AND (CC IN ('CCfk','CCdr')) GROUP BY CC",
 "sqlResult": "{CCfk | 98} || {CCdr | 54}",
 "nlq": "What is the maximum number for each CC, of AArs students in CCfk or CCdr schools in BBhm? Please, report the corresponding CC."},
{"name": "template 11",
 "sql": "SELECT CC,AA,BB,sum(Value) FROM DBdata WHERE ((AA = 'Non-AArs' AND BB = 'BBqr') OR (AA = 'AArs' AND BB = 'BBhm')) AND (CC IN ('CCfk','CCdr')) GROUP BY CC,AA,BB",
 "sqlResult": "{CCfk | Non-AArs | BBqr | 15} || {CCfk | AArs | BBhm | 98} || {CCdr | Non-AArs | BBqr | 23} || {CCdr | AArs | BBhm | 54}",
 "nlq": "What is the total number for each CC, AA, and BB, of Non-AArs students in CCfk or CCdr schools in BBqr or of AArs students in CCfk or CCdr schools in BBhm? Please, report the corresponding CC, AA, and BB."},
{"name": "template 12",
 "sql": "SELECT Value FROM DBdata WHERE ((AA = 'AArs' AND BB = 'BBhm')) AND (CC IN ('CCfk','CCdr')) ORDER BY VALUE ASC LIMIT 2",
 "sqlResult": "{54} || {98}",
 "nlq": "What are the bottom 2 numbers of AArs students in CCfk or CCdr schools in BBhm?"},
{"name": "template 13",
 "sql": "SELECT Value FROM DBdata WHERE ((AA = 'AArs' AND BB = 'BBxy')) AND (CC IN ('CCfk','CCdr')) ORDER BY VALUE DESC",
 "sqlResult": "{87} || {78}",
 "nlq": "What are the numbers ordered by decreasing values of AArs students in CCfk or CCdr schools in BBxy?"},
{"name": "template 14",
 "sql": "SELECT CC FROM DBdata WHERE ((AA = 'AArs' AND BB = 'BBxy')) AND Value > 48.67",
 "sqlResult": "{CCfk} || {CCdr}",
 "nlq": "What is the CC for which the number of AArs students in BBxy is greater than 48.67?"},
{"name": "template 15",
 "sql": "SELECT CC,Value FROM DBdata WHERE ((AA = 'Non-AArs' AND BB = 'BBqr')) AND (CC) IN (SELECT CC FROM DBdata WHERE ((AA = 'AArs' AND BB = 'BBxy')) AND Value > 48.67)",
 "sqlResult": "{CCfk | 15} || {CCdr | 23}",
 "nlq": "What is the number of Non-AArs students in BBqr in CC for which the number of AArs students in BBxy is greater than 48.67? Please, report the corresponding CC and number of students."}]
}

