{
"filename": "Number_of_students_set74_1_DB.csv",
"questions": [{"name": "template 1",
 "sql": "SELECT Value FROM DBdata WHERE ((Year = '2022/2023' AND Nationality = 'Non-Qatari')) AND (School_type IN ('Government'))",
 "sqlResult": "{24}",
 "nlq": "What is the number of Non-Qatari students in Government schools in 2022/2023?"},
{"name": "template 2",
 "sql": "SELECT Value FROM DBdata WHERE ((Year = '2022/2023' AND Nationality = 'Qatari')) AND (School_type IN ('Government','Private'))",
 "sqlResult": "{50} || {26}",
 "nlq": "What is the number of Qatari students in Government or Private schools in 2022/2023?"},
{"name": "template 3",
 "sql": "SELECT Value FROM DBdata WHERE ((Year = '2019/2020' AND Nationality = 'Qatari') OR (Year = '2019/2020' AND Nationality = 'Non-Qatari') OR (Year = '2020/2021' AND Nationality = 'Qatari') OR (Year = '2020/2021' AND Nationality = 'Non-Qatari') OR (Year = '2021/2022' AND Nationality = 'Qatari') OR (Year = '2021/2022' AND Nationality = 'Non-Qatari')) AND (School_type IN ('Private'))",
 "sqlResult": "{45} || {20} || {42} || {32} || {1} || {57}",
 "nlq": "What is the number of Non-Qatari or Qatari students in Private schools in 2019/2020, 2020/2021, or 2021/2022?"},
{"name": "template 4",
 "sql": "SELECT sum(Value),min(Value) FROM DBdata WHERE ((Year = '2019/2020' AND Nationality = 'Qatari') OR (Year = '2020/2021' AND Nationality = 'Qatari') OR (Year = '2020/2021' AND Nationality = 'Non-Qatari') OR (Year = '2022/2023' AND Nationality = 'Qatari')) AND (School_type IN ('Private'))",
 "sqlResult": "{145 | 26}",
 "nlq": "What are the total and minimum numbers of Qatari students in Private schools in 2019/2020, 2020/2021, or 2022/2023 or of Non-Qatari students in Private schools in 2020/2021?"},
{"name": "template 6",
 "sql": "SELECT Value FROM DBdata WHERE ((Year = '2019/2020' AND Nationality = 'Non-Qatari') OR (Year = '2021/2022' AND Nationality = 'Qatari')) AND (School_type IN ('Government','Private'))",
 "sqlResult": "{28} || {66} || {20} || {1}",
 "nlq": "What is the number of Non-Qatari students in Government or Private schools in 2019/2020 or of Qatari students in Government or Private schools in 2021/2022?"},
{"name": "template 7",
 "sql": "SELECT min(Value),max(Value) FROM DBdata WHERE ((Year = '2022/2023' AND Nationality = 'Qatari')) AND (School_type IN ('Government','Private'))",
 "sqlResult": "{26 | 50}",
 "nlq": "What are the minimum and maximum numbers of Qatari students in Government or Private schools in 2022/2023?"},
{"name": "template 8",
 "sql": "SELECT Year,Nationality,max(Value),avg(Value) FROM DBdata WHERE ((Year = '2020/2021' AND Nationality = 'Qatari') OR (Year = '2021/2022' AND Nationality = 'Non-Qatari')) AND (School_type IN ('Private')) GROUP BY Year,Nationality",
 "sqlResult": "{2020/2021 | Qatari | 42 | 42} || {2021/2022 | Non-Qatari | 57 | 57}",
 "nlq": "What are the maximum and average numbers for each Year and Nationality, of Qatari students in Private schools in 2020/2021 or of Non-Qatari students in Private schools in 2021/2022? Please, report the corresponding Year and Nationality."},
{"name": "template 9",
 "sql": "SELECT min(Value) FROM DBdata WHERE ((Year = '2021/2022' AND Nationality = 'Non-Qatari')) AND (School_type IN ('Government','Private')) GROUP BY School_type",
 "sqlResult": "{90} || {57}",
 "nlq": "What is the minimum number for each School type, of Non-Qatari students in Government or Private schools in 2021/2022?"},
{"name": "template 10",
 "sql": "SELECT School_type,min(Value) FROM DBdata WHERE ((Year = '2021/2022' AND Nationality = 'Qatari')) AND (School_type IN ('Government','Private')) GROUP BY School_type",
 "sqlResult": "{Government | 66} || {Private | 1}",
 "nlq": "What is the minimum number for each School type, of Qatari students in Government or Private schools in 2021/2022? Please, report the corresponding School type."},
{"name": "template 11",
 "sql": "SELECT School_type,Year,Nationality,min(Value) FROM DBdata WHERE ((Year = '2020/2021' AND Nationality = 'Non-Qatari') OR (Year = '2021/2022' AND Nationality = 'Qatari')) AND (School_type IN ('Government','Private')) GROUP BY School_type,Year,Nationality",
 "sqlResult": "{Government | 2020/2021 | Non-Qatari | 93} || {Government | 2021/2022 | Qatari | 66} || {Private | 2020/2021 | Non-Qatari | 32} || {Private | 2021/2022 | Qatari | 1}",
 "nlq": "What is the minimum number for each School type, Year, and Nationality, of Non-Qatari students in Government or Private schools in 2020/2021 or of Qatari students in Government or Private schools in 2021/2022? Please, report the corresponding School type, Year, and Nationality."},
{"name": "template 12",
 "sql": "SELECT Value FROM DBdata WHERE ((Year = '2019/2020' AND Nationality = 'Non-Qatari')) AND (School_type IN ('Government','Private')) ORDER BY VALUE DESC LIMIT 2",
 "sqlResult": "{28} || {20}",
 "nlq": "What are the top 2 numbers of Non-Qatari students in Government or Private schools in 2019/2020?"},
{"name": "template 13",
 "sql": "SELECT Value FROM DBdata WHERE ((Year = '2022/2023' AND Nationality = 'Qatari')) AND (School_type IN ('Government','Private')) ORDER BY VALUE DESC",
 "sqlResult": "{50} || {26}",
 "nlq": "What are the numbers ordered by decreasing values of Qatari students in Government or Private schools in 2022/2023?"},
{"name": "template 14",
 "sql": "SELECT School_type FROM DBdata WHERE ((Year = '2019/2020' AND Nationality = 'Qatari')) AND Value > 47",
 "sqlResult": "{Government}",
 "nlq": "What is the School type for which the number of Qatari students in 2019/2020 is greater than 47?"},
{"name": "template 15",
 "sql": "SELECT School_type,Value FROM DBdata WHERE ((Year = '2020/2021' AND Nationality = 'Qatari')) AND (School_type) IN (SELECT School_type FROM DBdata WHERE ((Year = '2019/2020' AND Nationality = 'Qatari')) AND Value > 47)",
 "sqlResult": "{Government | 75}",
 "nlq": "What is the number of Qatari students in 2020/2021 in School type for which the number of Qatari students in 2019/2020 is greater than 47? Please, report the corresponding School type and number of students."}]
}
