{
"filename": "Number_of_students_set80_5_DB.csv",
"questions": [{"name": "template 1",
 "sql": "SELECT Value FROM DBdata WHERE ((Year = '2019/2020' AND Nationality = 'Non-Qatari')) AND (School_type IN ('Private'))",
 "sqlResult": "{38}",
 "nlq": "What is the number of Non-Qatari students in Private schools in 2019/2020?"},
{"name": "template 2",
 "sql": "SELECT Value FROM DBdata WHERE ((Year = '2020/2021' AND Nationality = 'Qatari')) AND (School_type IN ('Government','Private'))",
 "sqlResult": "{92} || {59}",
 "nlq": "What is the number of Qatari students in Government or Private schools in 2020/2021?"},
{"name": "template 3",
 "sql": "SELECT Value FROM DBdata WHERE ((Year = '2018/2019' AND Nationality = 'Qatari') OR (Year = '2018/2019' AND Nationality = 'Non-Qatari') OR (Year = '2019/2020' AND Nationality = 'Non-Qatari') OR (Year = '2020/2021' AND Nationality = 'Qatari') OR (Year = '2020/2021' AND Nationality = 'Non-Qatari') OR (Year = '2021/2022' AND Nationality = 'Qatari') OR (Year = '2021/2022' AND Nationality = 'Non-Qatari')) AND (School_type IN ('Private'))",
 "sqlResult": "{15} || {89} || {38} || {59} || {35} || {94} || {24}",
 "nlq": "What is the number of Qatari students in Private schools in 2018/2019, 2020/2021, or 2021/2022 or of Non-Qatari students in Private schools in 2018/2019, 2019/2020, 2020/2021, or 2021/2022?"},
{"name": "template 4",
 "sql": "SELECT avg(Value),sum(Value) FROM DBdata WHERE ((Year = '2018/2019' AND Nationality = 'Qatari') OR (Year = '2020/2021' AND Nationality = 'Non-Qatari') OR (Year = '2021/2022' AND Nationality = 'Qatari') OR (Year = '2021/2022' AND Nationality = 'Non-Qatari')) AND (School_type IN ('Government'))",
 "sqlResult": "{36.75 | 147}",
 "nlq": "What are the average and total numbers of Qatari students in Government schools in 2018/2019 or 2021/2022 or of Non-Qatari students in Government schools in 2020/2021 or 2021/2022?"},
{"name": "template 6",
 "sql": "SELECT Value FROM DBdata WHERE ((Year = '2018/2019' AND Nationality = 'Qatari') OR (Year = '2020/2021' AND Nationality = 'Non-Qatari')) AND (School_type IN ('Government','Private'))",
 "sqlResult": "{1} || {46} || {15} || {35}",
 "nlq": "What is the number of Qatari students in Government or Private schools in 2018/2019 or of Non-Qatari students in Government or Private schools in 2020/2021?"},
{"name": "template 7",
 "sql": "SELECT sum(Value),max(Value) FROM DBdata WHERE ((Year = '2018/2019' AND Nationality = 'Non-Qatari')) AND (School_type IN ('Government','Private'))",
 "sqlResult": "{186 | 97}",
 "nlq": "What are the total and maximum numbers of Non-Qatari students in Government or Private schools in 2018/2019?"},
{"name": "template 8",
 "sql": "SELECT Year,Nationality,sum(Value),avg(Value) FROM DBdata WHERE ((Year = '2018/2019' AND Nationality = 'Qatari') OR (Year = '2021/2022' AND Nationality = 'Non-Qatari')) AND (School_type IN ('Government','Private')) GROUP BY Year,Nationality",
 "sqlResult": "{2018/2019 | Qatari | 16 | 8} || {2021/2022 | Non-Qatari | 64 | 32}",
 "nlq": "What are the total and average numbers for each Year and Nationality, of Qatari students in Government or Private schools in 2018/2019 or of Non-Qatari students in Government or Private schools in 2021/2022? Please, report the corresponding Year and Nationality."},
{"name": "template 9",
 "sql": "SELECT min(Value) FROM DBdata WHERE ((Year = '2020/2021' AND Nationality = 'Non-Qatari')) AND (School_type IN ('Government','Private')) GROUP BY School_type",
 "sqlResult": "{46} || {35}",
 "nlq": "What is the minimum number for each School type, of Non-Qatari students in Government or Private schools in 2020/2021?"},
{"name": "template 10",
 "sql": "SELECT School_type,sum(Value) FROM DBdata WHERE ((Year = '2020/2021' AND Nationality = 'Qatari')) AND (School_type IN ('Government','Private')) GROUP BY School_type",
 "sqlResult": "{Government | 92} || {Private | 59}",
 "nlq": "What is the total number for each School type, of Qatari students in Government or Private schools in 2020/2021? Please, report the corresponding School type."},
{"name": "template 11",
 "sql": "SELECT School_type,Year,Nationality,sum(Value) FROM DBdata WHERE ((Year = '2019/2020' AND Nationality = 'Qatari') OR (Year = '2019/2020' AND Nationality = 'Non-Qatari') OR (Year = '2021/2022' AND Nationality = 'Non-Qatari')) AND (School_type IN ('Government','Private')) GROUP BY School_type,Year,Nationality",
 "sqlResult": "{Government | 2019/2020 | Non-Qatari | 54} || {Government | 2019/2020 | Qatari | 53} || {Government | 2021/2022 | Non-Qatari | 40} || {Private | 2019/2020 | Non-Qatari | 38} || {Private | 2019/2020 | Qatari | 80} || {Private | 2021/2022 | Non-Qatari | 24}",
 "nlq": "What is the total number for each School type, Year, and Nationality, of Non-Qatari or Qatari students in Government or Private schools in 2019/2020 or of Non-Qatari students in Government or Private schools in 2021/2022? Please, report the corresponding School type, Year, and Nationality."},
{"name": "template 12",
 "sql": "SELECT Value FROM DBdata WHERE ((Year = '2021/2022' AND Nationality = 'Qatari')) AND (School_type IN ('Government','Private')) ORDER BY VALUE DESC LIMIT 2",
 "sqlResult": "{94} || {60}",
 "nlq": "What are the top 2 numbers of Qatari students in Government or Private schools in 2021/2022?"},
{"name": "template 13",
 "sql": "SELECT Value FROM DBdata WHERE ((Year = '2019/2020' AND Nationality = 'Qatari')) AND (School_type IN ('Government','Private')) ORDER BY VALUE DESC",
 "sqlResult": "{80} || {53}",
 "nlq": "What are the numbers ordered by decreasing values of Qatari students in Government or Private schools in 2019/2020?"},
{"name": "template 14",
 "sql": "SELECT School_type FROM DBdata WHERE ((Year = '2020/2021' AND Nationality = 'Qatari')) AND Value > 54.81",
 "sqlResult": "{Government} || {Private}",
 "nlq": "What is the School type for which the number of Qatari students in 2020/2021 is greater than 54.81?"},
{"name": "template 15",
 "sql": "SELECT School_type,Value FROM DBdata WHERE ((Year = '2019/2020' AND Nationality = 'Qatari')) AND (School_type) IN (SELECT School_type FROM DBdata WHERE ((Year = '2020/2021' AND Nationality = 'Qatari')) AND Value > 54.81)",
 "sqlResult": "{Government | 53} || {Private | 80}",
 "nlq": "What is the number of Qatari students in 2019/2020 in School type for which the number of Qatari students in 2020/2021 is greater than 54.81? Please, report the corresponding School type and number of students."}]
}
