{
"filename": "Number_of_students_set1_2_DB.csv",
"questions": [{"name": "template 1",
 "sql": "SELECT Value FROM DBdata WHERE (AA IN ('AAcl')) AND (BB IN ('BBlq'))",
 "sqlResult": "{67}",
 "nlq": "What is the number of AAcl students in BBlq schools?"},
{"name": "template 2",
 "sql": "SELECT Value FROM DBdata WHERE (AA IN ('Non-AAcl')) AND (BB IN ('BBlq'))",
 "sqlResult": "{26}",
 "nlq": "What is the number of Non-AAcl students in BBlq schools?"},
{"name": "template 3",
 "sql": "SELECT Value FROM DBdata WHERE (AA IN ('AAcl','Non-AAcl')) AND (BB IN ('BBlq'))",
 "sqlResult": "{67} || {26}",
 "nlq": "What is the number of Non-AAcl or AAcl students in BBlq schools?"},
{"name": "template 4",
 "sql": "SELECT sum(Value),min(Value) FROM DBdata WHERE (AA IN ('AAcl')) AND (BB IN ('BBqw'))",
 "sqlResult": "{94 | 94}",
 "nlq": "What are the total and minimum numbers of AAcl students in BBqw schools?"},
{"name": "template 6",
 "sql": "SELECT Value FROM DBdata WHERE (AA IN ('AAcl')) AND (BB IN ('BBqw'))",
 "sqlResult": "{94}",
 "nlq": "What is the number of AAcl students in BBqw schools?"},
{"name": "template 7",
 "sql": "SELECT avg(Value),max(Value) FROM DBdata WHERE (AA IN ('Non-AAcl')) AND (BB IN ('BBlq'))",
 "sqlResult": "{26 | 26}",
 "nlq": "What are the average and maximum numbers of Non-AAcl students in BBlq schools?"},
{"name": "template 8",
 "sql": "SELECT AA,min(Value),sum(Value) FROM DBdata WHERE (AA IN ('AAcl')) AND (BB IN ('BBlq','BBqw')) GROUP BY AA",
 "sqlResult": "{AAcl | 67 | 161}",
 "nlq": "What are the minimum and total numbers for each AA, of AAcl students in BBlq or BBqw schools? Please, report the corresponding AA."},
{"name": "template 9",
 "sql": "SELECT min(Value) FROM DBdata WHERE (AA IN ('AAcl')) AND (BB IN ('BBlq','BBqw')) GROUP BY BB",
 "sqlResult": "{67} || {94}",
 "nlq": "What is the minimum number for each BB, of AAcl students in BBlq or BBqw schools?"},
{"name": "template 10",
 "sql": "SELECT BB,sum(Value) FROM DBdata WHERE (AA IN ('AAcl')) AND (BB IN ('BBlq','BBqw')) GROUP BY BB",
 "sqlResult": "{BBlq | 67} || {BBqw | 94}",
 "nlq": "What is the total number for each BB, of AAcl students in BBlq or BBqw schools? Please, report the corresponding BB."},
{"name": "template 11",
 "sql": "SELECT BB,AA,max(Value) FROM DBdata WHERE (AA IN ('Non-AAcl')) AND (BB IN ('BBlq','BBqw')) GROUP BY BB,AA",
 "sqlResult": "{BBlq | Non-AAcl | 26} || {BBqw | Non-AAcl | 16}",
 "nlq": "What is the maximum number for each BB and AA, of Non-AAcl students in BBlq or BBqw schools? Please, report the corresponding BB and AA."},
{"name": "template 12",
 "sql": "SELECT Value FROM DBdata WHERE (AA IN ('AAcl')) AND (BB IN ('BBlq','BBqw')) ORDER BY VALUE DESC LIMIT 2",
 "sqlResult": "{94} || {67}",
 "nlq": "What are the top 2 numbers of AAcl students in BBlq or BBqw schools?"},
{"name": "template 13",
 "sql": "SELECT Value FROM DBdata WHERE (AA IN ('Non-AAcl')) AND (BB IN ('BBlq','BBqw')) ORDER BY VALUE DESC",
 "sqlResult": "{26} || {16}",
 "nlq": "What are the numbers ordered by decreasing values of Non-AAcl students in BBlq or BBqw schools?"},
{"name": "template 14",
 "sql": "SELECT BB FROM DBdata WHERE (AA IN ('Non-AAcl')) AND Value < 50.75",
 "sqlResult": "{BBlq} || {BBqw}",
 "nlq": "What is the BB for which the number of Non-AAcl students is lower than 50.75?"},
{"name": "template 15",
 "sql": "SELECT BB,Value FROM DBdata WHERE (AA IN ('AAcl')) AND (BB) IN (SELECT BB FROM DBdata WHERE (AA IN ('Non-AAcl')) AND Value < 50.75)",
 "sqlResult": "{BBlq | 67} || {BBqw | 94}",
 "nlq": "What is the number of AAcl students in BB for which the number of Non-AAcl students is lower than 50.75? Please, report the corresponding BB and number of students."}]
}

