{
"filename": "Number_of_students_set79_3_DB.csv",
"questions": [{"name": "template 1",
 "sql": "SELECT Value FROM DBdata WHERE ((Nationality = 'Qatari' AND Year = '2017/2018')) AND (School_type IN ('Private'))",
 "sqlResult": "{28}",
 "nlq": "What is the number of Qatari students in Private schools in 2017/2018?"},
{"name": "template 2",
 "sql": "SELECT Value FROM DBdata WHERE ((Nationality = 'Qatari' AND Year = '2018/2019')) AND (School_type IN ('Private'))",
 "sqlResult": "{30}",
 "nlq": "What is the number of Qatari students in Private schools in 2018/2019?"},
{"name": "template 3",
 "sql": "SELECT Value FROM DBdata WHERE ((Nationality = 'Qatari' AND Year = '2016/2017') OR (Nationality = 'Non-Qatari' AND Year = '2016/2017') OR (Nationality = 'Non-Qatari' AND Year = '2017/2018') OR (Nationality = 'Qatari' AND Year = '2018/2019') OR (Nationality = 'Qatari' AND Year = '2019/2020') OR (Nationality = 'Non-Qatari' AND Year = '2019/2020')) AND (School_type IN ('Government'))",
 "sqlResult": "{19} || {42} || {31} || {85} || {93} || {6}",
 "nlq": "What is the number of Qatari students in Government schools in 2016/2017, 2018/2019, or 2019/2020 or of Non-Qatari students in Government schools in 2016/2017, 2017/2018, or 2019/2020?"},
{"name": "template 4",
 "sql": "SELECT min(Value),avg(Value) FROM DBdata WHERE ((Nationality = 'Non-Qatari' AND Year = '2016/2017') OR (Nationality = 'Qatari' AND Year = '2017/2018') OR (Nationality = 'Qatari' AND Year = '2018/2019') OR (Nationality = 'Non-Qatari' AND Year = '2018/2019') OR (Nationality = 'Qatari' AND Year = '2019/2020') OR (Nationality = 'Non-Qatari' AND Year = '2019/2020')) AND (School_type IN ('Private'))",
 "sqlResult": "{13 | 36.67}",
 "nlq": "What are the minimum and average numbers of Non-Qatari students in Private schools in 2016/2017, 2018/2019, or 2019/2020 or of Qatari students in Private schools in 2017/2018, 2018/2019, or 2019/2020?"},
{"name": "template 6",
 "sql": "SELECT Value FROM DBdata WHERE ((Nationality = 'Qatari' AND Year = '2017/2018') OR (Nationality = 'Non-Qatari' AND Year = '2017/2018') OR (Nationality = 'Qatari' AND Year = '2018/2019') OR (Nationality = 'Non-Qatari' AND Year = '2018/2019') OR (Nationality = 'Non-Qatari' AND Year = '2019/2020')) AND (School_type IN ('Government','Private'))",
 "sqlResult": "{21} || {31} || {85} || {3} || {6} || {28} || {56} || {30} || {48} || {37}",
 "nlq": "What is the number of Non-Qatari or Qatari students in Government or Private schools in 2017/2018 or 2018/2019 or of Non-Qatari students in Government or Private schools in 2019/2020?"},
{"name": "template 7",
 "sql": "SELECT max(Value),avg(Value) FROM DBdata WHERE ((Nationality = 'Qatari' AND Year = '2019/2020')) AND (School_type IN ('Government','Private'))",
 "sqlResult": "{93 | 53}",
 "nlq": "What are the maximum and average numbers of Qatari students in Government or Private schools in 2019/2020?"},
{"name": "template 8",
 "sql": "SELECT Nationality,Year,max(Value),sum(Value) FROM DBdata WHERE ((Nationality = 'Qatari' AND Year = '2017/2018') OR (Nationality = 'Non-Qatari' AND Year = '2017/2018') OR (Nationality = 'Qatari' AND Year = '2018/2019') OR (Nationality = 'Non-Qatari' AND Year = '2019/2020')) AND (School_type IN ('Private')) GROUP BY Nationality,Year",
 "sqlResult": "{Non-Qatari | 2017/2018 | 56 | 56} || {Non-Qatari | 2019/2020 | 37 | 37} || {Qatari | 2017/2018 | 28 | 28} || {Qatari | 2018/2019 | 30 | 30}",
 "nlq": "What are the maximum and total numbers for each Nationality and Year, of Non-Qatari or Qatari students in Private schools in 2017/2018, of Qatari students in Private schools in 2018/2019, or of Non-Qatari students in Private schools in 2019/2020? Please, report the corresponding Nationality and Year."},
{"name": "template 9",
 "sql": "SELECT min(Value) FROM DBdata WHERE ((Nationality = 'Non-Qatari' AND Year = '2018/2019')) AND (School_type IN ('Government','Private')) GROUP BY School_type",
 "sqlResult": "{3} || {48}",
 "nlq": "What is the minimum number for each School type, of Non-Qatari students in Government or Private schools in 2018/2019?"},
{"name": "template 10",
 "sql": "SELECT School_type,sum(Value) FROM DBdata WHERE ((Nationality = 'Non-Qatari' AND Year = '2019/2020')) AND (School_type IN ('Government','Private')) GROUP BY School_type",
 "sqlResult": "{Government | 6} || {Private | 37}",
 "nlq": "What is the total number for each School type, of Non-Qatari students in Government or Private schools in 2019/2020? Please, report the corresponding School type."},
{"name": "template 11",
 "sql": "SELECT School_type,Nationality,Year,min(Value) FROM DBdata WHERE ((Nationality = 'Non-Qatari' AND Year = '2016/2017') OR (Nationality = 'Qatari' AND Year = '2018/2019')) AND (School_type IN ('Government','Private')) GROUP BY School_type,Nationality,Year",
 "sqlResult": "{Government | Non-Qatari | 2016/2017 | 42} || {Government | Qatari | 2018/2019 | 85} || {Private | Non-Qatari | 2016/2017 | 64} || {Private | Qatari | 2018/2019 | 30}",
 "nlq": "What is the minimum number for each School type, Nationality, and Year, of Non-Qatari students in Government or Private schools in 2016/2017 or of Qatari students in Government or Private schools in 2018/2019? Please, report the corresponding School type, Nationality, and Year."},
{"name": "template 12",
 "sql": "SELECT Value FROM DBdata WHERE ((Nationality = 'Non-Qatari' AND Year = '2019/2020')) AND (School_type IN ('Government','Private')) ORDER BY VALUE ASC LIMIT 2",
 "sqlResult": "{6} || {37}",
 "nlq": "What are the bottom 2 numbers of Non-Qatari students in Government or Private schools in 2019/2020?"},
{"name": "template 13",
 "sql": "SELECT Value FROM DBdata WHERE ((Nationality = 'Non-Qatari' AND Year = '2016/2017')) AND (School_type IN ('Government','Private')) ORDER BY VALUE ASC",
 "sqlResult": "{42} || {64}",
 "nlq": "What are the numbers ordered by increasing values of Non-Qatari students in Government or Private schools in 2016/2017?"},
{"name": "template 14",
 "sql": "SELECT School_type FROM DBdata WHERE ((Nationality = 'Non-Qatari' AND Year = '2016/2017')) AND Value > 38.81",
 "sqlResult": "{Government} || {Private}",
 "nlq": "What is the School type for which the number of Non-Qatari students in 2016/2017 is greater than 38.81?"},
{"name": "template 15",
 "sql": "SELECT School_type,Value FROM DBdata WHERE ((Nationality = 'Qatari' AND Year = '2017/2018')) AND (School_type) IN (SELECT School_type FROM DBdata WHERE ((Nationality = 'Non-Qatari' AND Year = '2016/2017')) AND Value > 38.81)",
 "sqlResult": "{Government | 21} || {Private | 28}",
 "nlq": "What is the number of Qatari students in 2017/2018 in School type for which the number of Non-Qatari students in 2016/2017 is greater than 38.81? Please, report the corresponding School type and number of students."}]
}
