{
"filename": "Number_of_students_set83_2_DB.csv",
"questions": [{"name": "template 1",
 "sql": "SELECT Value FROM DBdata WHERE ((AA = 'Non-AAyz' AND BB = 'BBbv')) AND (CC IN ('CCbz'))",
 "sqlResult": "{32}",
 "nlq": "What is the number of Non-AAyz students in CCbz schools in BBbv?"},
{"name": "template 2",
 "sql": "SELECT Value FROM DBdata WHERE ((AA = 'AAyz' AND BB = 'BBbr')) AND (CC IN ('CCbw','CCbz'))",
 "sqlResult": "{22} || {63}",
 "nlq": "What is the number of AAyz students in CCbw or CCbz schools in BBbr?"},
{"name": "template 3",
 "sql": "SELECT Value FROM DBdata WHERE ((AA = 'Non-AAyz' AND BB = 'BBtx') OR (AA = 'AAyz' AND BB = 'BBbr') OR (AA = 'AAyz' AND BB = 'BBbv') OR (AA = 'Non-AAyz' AND BB = 'BBbv')) AND (CC IN ('CCbz'))",
 "sqlResult": "{75} || {63} || {52} || {32}",
 "nlq": "What is the number of Non-AAyz students in CCbz schools in BBtx or BBbv or of AAyz students in CCbz schools in BBbr or BBbv?"},
{"name": "template 4",
 "sql": "SELECT min(Value),sum(Value) FROM DBdata WHERE ((AA = 'Non-AAyz' AND BB = 'BBtx') OR (AA = 'AAyz' AND BB = 'BBbr')) AND (CC IN ('CCbw'))",
 "sqlResult": "{9 | 31}",
 "nlq": "What are the minimum and total numbers of Non-AAyz students in CCbw schools in BBtx or of AAyz students in CCbw schools in BBbr?"},
{"name": "template 6",
 "sql": "SELECT Value FROM DBdata WHERE ((AA = 'AAyz' AND BB = 'BBtx') OR (AA = 'AAyz' AND BB = 'BBbr') OR (AA = 'AAyz' AND BB = 'BBbv') OR (AA = 'Non-AAyz' AND BB = 'BBbv')) AND (CC IN ('CCbw','CCbz'))",
 "sqlResult": "{72} || {22} || {34} || {36} || {87} || {63} || {52} || {32}",
 "nlq": "What is the number of AAyz students in CCbw or CCbz schools in BBtx, BBbr, or BBbv or of Non-AAyz students in CCbw or CCbz schools in BBbv?"},
{"name": "template 7",
 "sql": "SELECT avg(Value),max(Value) FROM DBdata WHERE ((AA = 'Non-AAyz' AND BB = 'BBbv')) AND (CC IN ('CCbz'))",
 "sqlResult": "{32 | 32}",
 "nlq": "What are the average and maximum numbers of Non-AAyz students in CCbz schools in BBbv?"},
{"name": "template 8",
 "sql": "SELECT AA,BB,sum(Value),max(Value) FROM DBdata WHERE ((AA = 'AAyz' AND BB = 'BBtx') OR (AA = 'Non-AAyz' AND BB = 'BBtx') OR (AA = 'AAyz' AND BB = 'BBbr')) AND (CC IN ('CCbw','CCbz')) GROUP BY AA,BB",
 "sqlResult": "{Non-AAyz | BBtx | 84 | 75} || {AAyz | BBtx | 159 | 87} || {AAyz | BBbr | 85 | 63}",
 "nlq": "What are the total and maximum numbers for each AA and BB, of Non-AAyz or AAyz students in CCbw or CCbz schools in BBtx or of AAyz students in CCbw or CCbz schools in BBbr? Please, report the corresponding AA and BB."},
{"name": "template 9",
 "sql": "SELECT min(Value) FROM DBdata WHERE ((AA = 'AAyz' AND BB = 'BBtx')) AND (CC IN ('CCbw','CCbz')) GROUP BY CC",
 "sqlResult": "{72} || {87}",
 "nlq": "What is the minimum number for each CC, of AAyz students in CCbw or CCbz schools in BBtx?"},
{"name": "template 10",
 "sql": "SELECT CC,avg(Value) FROM DBdata WHERE ((AA = 'Non-AAyz' AND BB = 'BBbv')) AND (CC IN ('CCbw','CCbz')) GROUP BY CC",
 "sqlResult": "{CCbw | 36} || {CCbz | 32}",
 "nlq": "What is the average number for each CC, of Non-AAyz students in CCbw or CCbz schools in BBbv? Please, report the corresponding CC."},
{"name": "template 11",
 "sql": "SELECT CC,AA,BB,min(Value) FROM DBdata WHERE ((AA = 'Non-AAyz' AND BB = 'BBtx') OR (AA = 'Non-AAyz' AND BB = 'BBbr')) AND (CC IN ('CCbw','CCbz')) GROUP BY CC,AA,BB",
 "sqlResult": "{CCbw | Non-AAyz | BBtx | 9} || {CCbw | Non-AAyz | BBbr | 45} || {CCbz | Non-AAyz | BBtx | 75} || {CCbz | Non-AAyz | BBbr | 59}",
 "nlq": "What is the minimum number for each CC, AA, and BB, of Non-AAyz students in CCbw or CCbz schools in BBtx or BBbr? Please, report the corresponding CC, AA, and BB."},
{"name": "template 12",
 "sql": "SELECT Value FROM DBdata WHERE ((AA = 'AAyz' AND BB = 'BBtx')) AND (CC IN ('CCbw','CCbz')) ORDER BY VALUE ASC LIMIT 2",
 "sqlResult": "{72} || {87}",
 "nlq": "What are the bottom 2 numbers of AAyz students in CCbw or CCbz schools in BBtx?"},
{"name": "template 13",
 "sql": "SELECT Value FROM DBdata WHERE ((AA = 'Non-AAyz' AND BB = 'BBbr')) AND (CC IN ('CCbw','CCbz')) ORDER BY VALUE ASC",
 "sqlResult": "{45} || {59}",
 "nlq": "What are the numbers ordered by increasing values of Non-AAyz students in CCbw or CCbz schools in BBbr?"},
{"name": "template 14",
 "sql": "SELECT CC FROM DBdata WHERE ((AA = 'AAyz' AND BB = 'BBbr')) AND Value > 48.83",
 "sqlResult": "{CCbz}",
 "nlq": "What is the CC for which the number of AAyz students in BBbr is greater than 48.83?"},
{"name": "template 15",
 "sql": "SELECT CC,Value FROM DBdata WHERE ((AA = 'AAyz' AND BB = 'BBtx')) AND (CC) IN (SELECT CC FROM DBdata WHERE ((AA = 'AAyz' AND BB = 'BBbr')) AND Value > 48.83)",
 "sqlResult": "{CCbz | 87}",
 "nlq": "What is the number of AAyz students in BBtx in CC for which the number of AAyz students in BBbr is greater than 48.83? Please, report the corresponding CC and number of students."}]
}

