{
"filename": "Number_of_students_set77_1_DB.csv",
"questions": [{"name": "template 1",
 "sql": "SELECT Value FROM DBdata WHERE ((AA = 'AAgz' AND BB = 'BBfw')) AND (CC IN ('CCkp'))",
 "sqlResult": "{85}",
 "nlq": "What is the number of AAgz students in CCkp schools in BBfw?"},
{"name": "template 2",
 "sql": "SELECT Value FROM DBdata WHERE ((AA = 'Non-AAgz' AND BB = 'BBgx')) AND (CC IN ('CCjx'))",
 "sqlResult": "{31}",
 "nlq": "What is the number of Non-AAgz students in CCjx schools in BBgx?"},
{"name": "template 3",
 "sql": "SELECT Value FROM DBdata WHERE ((AA = 'AAgz' AND BB = 'BBgx') OR (AA = 'Non-AAgz' AND BB = 'BBfw')) AND (CC IN ('CCkp'))",
 "sqlResult": "{73} || {64}",
 "nlq": "What is the number of AAgz students in CCkp schools in BBgx or of Non-AAgz students in CCkp schools in BBfw?"},
{"name": "template 4",
 "sql": "SELECT avg(Value),sum(Value) FROM DBdata WHERE ((AA = 'Non-AAgz' AND BB = 'BBgx') OR (AA = 'AAgz' AND BB = 'BBfw') OR (AA = 'Non-AAgz' AND BB = 'BBfw')) AND (CC IN ('CCjx'))",
 "sqlResult": "{43.33 | 130}",
 "nlq": "What are the average and total numbers of Non-AAgz students in CCjx schools in BBgx or BBfw or of AAgz students in CCjx schools in BBfw?"},
{"name": "template 6",
 "sql": "SELECT Value FROM DBdata WHERE ((AA = 'AAgz' AND BB = 'BBgx') OR (AA = 'Non-AAgz' AND BB = 'BBgx') OR (AA = 'AAgz' AND BB = 'BBfw') OR (AA = 'Non-AAgz' AND BB = 'BBfw')) AND (CC IN ('CCjx'))",
 "sqlResult": "{7} || {31} || {28} || {71}",
 "nlq": "What is the number of Non-AAgz or AAgz students in CCjx schools in BBgx or BBfw?"},
{"name": "template 7",
 "sql": "SELECT min(Value),sum(Value) FROM DBdata WHERE ((AA = 'Non-AAgz' AND BB = 'BBgx')) AND (CC IN ('CCjx','CCkp'))",
 "sqlResult": "{31 | 85}",
 "nlq": "What are the minimum and total numbers of Non-AAgz students in CCjx or CCkp schools in BBgx?"},
{"name": "template 8",
 "sql": "SELECT AA,BB,sum(Value),max(Value) FROM DBdata WHERE ((AA = 'AAgz' AND BB = 'BBgx') OR (AA = 'Non-AAgz' AND BB = 'BBgx') OR (AA = 'AAgz' AND BB = 'BBfw') OR (AA = 'Non-AAgz' AND BB = 'BBfw')) AND (CC IN ('CCjx','CCkp')) GROUP BY AA,BB",
 "sqlResult": "{Non-AAgz | BBgx | 85 | 54} || {Non-AAgz | BBfw | 135 | 71} || {AAgz | BBgx | 80 | 73} || {AAgz | BBfw | 113 | 85}",
 "nlq": "What are the total and maximum numbers for each AA and BB, of Non-AAgz or AAgz students in CCjx or CCkp schools in BBgx or BBfw? Please, report the corresponding AA and BB."},
{"name": "template 9",
 "sql": "SELECT min(Value) FROM DBdata WHERE ((AA = 'AAgz' AND BB = 'BBfw')) AND (CC IN ('CCjx','CCkp')) GROUP BY CC",
 "sqlResult": "{28} || {85}",
 "nlq": "What is the minimum number for each CC, of AAgz students in CCjx or CCkp schools in BBfw?"},
{"name": "template 10",
 "sql": "SELECT CC,sum(Value) FROM DBdata WHERE ((AA = 'Non-AAgz' AND BB = 'BBfw')) AND (CC IN ('CCjx','CCkp')) GROUP BY CC",
 "sqlResult": "{CCjx | 71} || {CCkp | 64}",
 "nlq": "What is the total number for each CC, of Non-AAgz students in CCjx or CCkp schools in BBfw? Please, report the corresponding CC."},
{"name": "template 11",
 "sql": "SELECT CC,AA,BB,max(Value) FROM DBdata WHERE ((AA = 'Non-AAgz' AND BB = 'BBgx') OR (AA = 'AAgz' AND BB = 'BBfw')) AND (CC IN ('CCjx','CCkp')) GROUP BY CC,AA,BB",
 "sqlResult": "{CCjx | Non-AAgz | BBgx | 31} || {CCjx | AAgz | BBfw | 28} || {CCkp | Non-AAgz | BBgx | 54} || {CCkp | AAgz | BBfw | 85}",
 "nlq": "What is the maximum number for each CC, AA, and BB, of Non-AAgz students in CCjx or CCkp schools in BBgx or of AAgz students in CCjx or CCkp schools in BBfw? Please, report the corresponding CC, AA, and BB."},
{"name": "template 12",
 "sql": "SELECT Value FROM DBdata WHERE ((AA = 'AAgz' AND BB = 'BBfw')) AND (CC IN ('CCjx','CCkp')) ORDER BY VALUE DESC LIMIT 2",
 "sqlResult": "{85} || {28}",
 "nlq": "What are the top 2 numbers of AAgz students in CCjx or CCkp schools in BBfw?"},
{"name": "template 13",
 "sql": "SELECT Value FROM DBdata WHERE ((AA = 'AAgz' AND BB = 'BBfw')) AND (CC IN ('CCjx','CCkp')) ORDER BY VALUE ASC",
 "sqlResult": "{28} || {85}",
 "nlq": "What are the numbers ordered by increasing values of AAgz students in CCjx or CCkp schools in BBfw?"},
{"name": "template 14",
 "sql": "SELECT CC FROM DBdata WHERE ((AA = 'AAgz' AND BB = 'BBgx')) AND Value < 51.62",
 "sqlResult": "{CCjx}",
 "nlq": "What is the CC for which the number of AAgz students in BBgx is lower than 51.62?"},
{"name": "template 15",
 "sql": "SELECT CC,Value FROM DBdata WHERE ((AA = 'Non-AAgz' AND BB = 'BBgx')) AND (CC) IN (SELECT CC FROM DBdata WHERE ((AA = 'AAgz' AND BB = 'BBgx')) AND Value < 51.62)",
 "sqlResult": "{CCjx | 31}",
 "nlq": "What is the number of Non-AAgz students in BBgx in CC for which the number of AAgz students in BBgx is lower than 51.62? Please, report the corresponding CC and number of students."}]
}

