{
"filename": "Number_of_students_set38_4_DB.csv",
"questions": [{"name": "template 1",
 "sql": "SELECT Value FROM DBdata WHERE (AA IN ('Non-AAsv')) AND ((CC = 'CCcy' AND BB = 'BBkm'))",
 "sqlResult": "{30}",
 "nlq": "What is the number of Non-AAsv CCcy students in BBkm schools?"},
{"name": "template 2",
 "sql": "SELECT Value FROM DBdata WHERE (AA IN ('Non-AAsv')) AND ((CC = 'CCjx' AND BB = 'BBkm') OR (CC = 'CCjx' AND BB = 'BBmz') OR (CC = 'CCcy' AND BB = 'BBkm') OR (CC = 'CCcy' AND BB = 'BBmz'))",
 "sqlResult": "{70} || {35} || {30} || {10}",
 "nlq": "What is the number of Non-AAsv CCcy or CCjx students in BBkm or BBmz schools?"},
{"name": "template 3",
 "sql": "SELECT Value FROM DBdata WHERE (AA IN ('Non-AAsv')) AND ((CC = 'CCcy' AND BB = 'BBkm'))",
 "sqlResult": "{30}",
 "nlq": "What is the number of Non-AAsv CCcy students in BBkm schools?"},
{"name": "template 4",
 "sql": "SELECT sum(Value),min(Value) FROM DBdata WHERE (AA IN ('AAsv')) AND ((CC = 'CCcy' AND BB = 'BBkm'))",
 "sqlResult": "{42 | 42}",
 "nlq": "What are the total and minimum numbers of AAsv CCcy students in BBkm schools?"},
{"name": "template 6",
 "sql": "SELECT Value FROM DBdata WHERE (AA IN ('AAsv','Non-AAsv')) AND ((CC = 'CCjx' AND BB = 'BBmz') OR (CC = 'CCcy' AND BB = 'BBkm'))",
 "sqlResult": "{71} || {35} || {42} || {30}",
 "nlq": "What is the number of Non-AAsv or AAsv CCjx students in BBmz schools or of Non-AAsv or AAsv CCcy students in BBkm schools?"},
{"name": "template 7",
 "sql": "SELECT min(Value),avg(Value) FROM DBdata WHERE (AA IN ('AAsv')) AND ((CC = 'CCjx' AND BB = 'BBkm') OR (CC = 'CCjx' AND BB = 'BBmz') OR (CC = 'CCcy' AND BB = 'BBkm'))",
 "sqlResult": "{27 | 46.67}",
 "nlq": "What are the minimum and average numbers of AAsv CCcy or CCjx students in BBkm schools or of AAsv CCjx students in BBmz schools?"},
{"name": "template 8",
 "sql": "SELECT AA,sum(Value),max(Value) FROM DBdata WHERE (AA IN ('AAsv')) AND ((CC = 'CCjx' AND BB = 'BBkm') OR (CC = 'CCcy' AND BB = 'BBkm')) GROUP BY AA",
 "sqlResult": "{AAsv | 69 | 42}",
 "nlq": "What are the total and maximum numbers for each AA, of AAsv CCcy or CCjx students in BBkm schools? Please, report the corresponding AA."},
{"name": "template 9",
 "sql": "SELECT min(Value) FROM DBdata WHERE (AA IN ('Non-AAsv')) AND (CC IN ('CCjx','CCcy')) GROUP BY CC",
 "sqlResult": "{10} || {35}",
 "nlq": "What is the minimum number for each CC, of Non-AAsv CCcy or CCjx students?"},
{"name": "template 10",
 "sql": "SELECT CC,max(Value) FROM DBdata WHERE (AA IN ('Non-AAsv')) AND (CC IN ('CCjx','CCcy')) GROUP BY CC",
 "sqlResult": "{CCcy | 30} || {CCjx | 70}",
 "nlq": "What is the maximum number for each CC, of Non-AAsv CCcy or CCjx students? Please, report the corresponding CC."},
{"name": "template 11",
 "sql": "SELECT CC,AA,sum(Value) FROM DBdata WHERE (AA IN ('AAsv')) AND (CC IN ('CCjx','CCcy')) GROUP BY CC,AA",
 "sqlResult": "{CCcy | AAsv | 70} || {CCjx | AAsv | 98}",
 "nlq": "What is the total number for each CC and AA, of AAsv CCcy or CCjx students? Please, report the corresponding CC and AA."},
{"name": "template 12",
 "sql": "SELECT Value FROM DBdata WHERE (AA IN ('AAsv')) AND (CC IN ('CCjx','CCcy')) ORDER BY VALUE DESC LIMIT 2",
 "sqlResult": "{71} || {42}",
 "nlq": "What are the top 2 numbers of AAsv CCcy or CCjx students?"},
{"name": "template 13",
 "sql": "SELECT Value FROM DBdata WHERE (AA IN ('AAsv')) AND (CC IN ('CCjx','CCcy')) ORDER BY VALUE DESC",
 "sqlResult": "{71} || {42} || {28} || {27}",
 "nlq": "What are the numbers ordered by decreasing values of AAsv CCcy or CCjx students?"},
{"name": "template 14",
 "sql": "SELECT CC,BB FROM DBdata WHERE (AA IN ('Non-AAsv')) AND Value < 39.12",
 "sqlResult": "{CCjx | BBmz} || {CCcy | BBkm} || {CCcy | BBmz}",
 "nlq": "What are the CC and BB for which the number of Non-AAsv students is lower than 39.12?"},
{"name": "template 15",
 "sql": "SELECT CC,BB,Value FROM DBdata WHERE (AA IN ('AAsv')) AND (CC,BB) IN (SELECT CC,BB FROM DBdata WHERE (AA IN ('Non-AAsv')) AND Value < 39.12)",
 "sqlResult": "{CCjx | BBmz | 71} || {CCcy | BBkm | 42} || {CCcy | BBmz | 28}",
 "nlq": "What is the number of AAsv students of CC and in BB for which the number of Non-AAsv students is lower than 39.12? Please, report the corresponding CC, BB, and number of students."}]
}

