{
"filename": "Number_of_students_set78_1_DB.csv",
"questions": [{"name": "template 1",
 "sql": "SELECT Value FROM DBdata WHERE ((Nationality = 'Qatari' AND Year = '2021/2022')) AND (School_type IN ('Government'))",
 "sqlResult": "{58}",
 "nlq": "What is the number of Qatari students in Government schools in 2021/2022?"},
{"name": "template 2",
 "sql": "SELECT Value FROM DBdata WHERE ((Nationality = 'Qatari' AND Year = '2020/2021')) AND (School_type IN ('Government'))",
 "sqlResult": "{12}",
 "nlq": "What is the number of Qatari students in Government schools in 2020/2021?"},
{"name": "template 3",
 "sql": "SELECT Value FROM DBdata WHERE ((Nationality = 'Non-Qatari' AND Year = '2019/2020') OR (Nationality = 'Non-Qatari' AND Year = '2020/2021') OR (Nationality = 'Qatari' AND Year = '2021/2022') OR (Nationality = 'Non-Qatari' AND Year = '2021/2022') OR (Nationality = 'Qatari' AND Year = '2022/2023') OR (Nationality = 'Non-Qatari' AND Year = '2022/2023')) AND (School_type IN ('Government'))",
 "sqlResult": "{41} || {33} || {58} || {6} || {46} || {2}",
 "nlq": "What is the number of Non-Qatari students in Government schools in 2019/2020, 2020/2021, 2021/2022, or 2022/2023 or of Qatari students in Government schools in 2021/2022 or 2022/2023?"},
{"name": "template 4",
 "sql": "SELECT max(Value),avg(Value) FROM DBdata WHERE ((Nationality = 'Qatari' AND Year = '2019/2020') OR (Nationality = 'Qatari' AND Year = '2020/2021') OR (Nationality = 'Non-Qatari' AND Year = '2020/2021') OR (Nationality = 'Qatari' AND Year = '2021/2022') OR (Nationality = 'Non-Qatari' AND Year = '2021/2022') OR (Nationality = 'Non-Qatari' AND Year = '2022/2023')) AND (School_type IN ('Government'))",
 "sqlResult": "{83 | 32.33}",
 "nlq": "What are the maximum and average numbers of Qatari students in Government schools in 2019/2020, 2020/2021, or 2021/2022 or of Non-Qatari students in Government schools in 2020/2021, 2021/2022, or 2022/2023?"},
{"name": "template 6",
 "sql": "SELECT Value FROM DBdata WHERE ((Nationality = 'Qatari' AND Year = '2020/2021') OR (Nationality = 'Qatari' AND Year = '2021/2022') OR (Nationality = 'Non-Qatari' AND Year = '2021/2022') OR (Nationality = 'Non-Qatari' AND Year = '2022/2023')) AND (School_type IN ('Private'))",
 "sqlResult": "{95} || {62} || {7} || {39}",
 "nlq": "What is the number of Qatari students in Private schools in 2020/2021 or 2021/2022 or of Non-Qatari students in Private schools in 2021/2022 or 2022/2023?"},
{"name": "template 7",
 "sql": "SELECT min(Value),max(Value) FROM DBdata WHERE ((Nationality = 'Non-Qatari' AND Year = '2022/2023')) AND (School_type IN ('Private'))",
 "sqlResult": "{39 | 39}",
 "nlq": "What are the minimum and maximum numbers of Non-Qatari students in Private schools in 2022/2023?"},
{"name": "template 8",
 "sql": "SELECT Nationality,Year,max(Value),sum(Value) FROM DBdata WHERE ((Nationality = 'Non-Qatari' AND Year = '2020/2021') OR (Nationality = 'Qatari' AND Year = '2021/2022') OR (Nationality = 'Non-Qatari' AND Year = '2021/2022') OR (Nationality = 'Non-Qatari' AND Year = '2022/2023')) AND (School_type IN ('Government','Private')) GROUP BY Nationality,Year",
 "sqlResult": "{Non-Qatari | 2020/2021 | 33 | 60} || {Non-Qatari | 2021/2022 | 7 | 13} || {Non-Qatari | 2022/2023 | 39 | 41} || {Qatari | 2021/2022 | 62 | 120}",
 "nlq": "What are the maximum and total numbers for each Nationality and Year, of Non-Qatari students in Government or Private schools in 2020/2021, 2021/2022, or 2022/2023 or of Qatari students in Government or Private schools in 2021/2022? Please, report the corresponding Nationality and Year."},
{"name": "template 9",
 "sql": "SELECT min(Value) FROM DBdata WHERE ((Nationality = 'Non-Qatari' AND Year = '2022/2023')) AND (School_type IN ('Government','Private')) GROUP BY School_type",
 "sqlResult": "{2} || {39}",
 "nlq": "What is the minimum number for each School type, of Non-Qatari students in Government or Private schools in 2022/2023?"},
{"name": "template 10",
 "sql": "SELECT School_type,sum(Value) FROM DBdata WHERE ((Nationality = 'Qatari' AND Year = '2022/2023')) AND (School_type IN ('Government','Private')) GROUP BY School_type",
 "sqlResult": "{Government | 46} || {Private | 100}",
 "nlq": "What is the total number for each School type, of Qatari students in Government or Private schools in 2022/2023? Please, report the corresponding School type."},
{"name": "template 11",
 "sql": "SELECT School_type,Nationality,Year,avg(Value) FROM DBdata WHERE ((Nationality = 'Qatari' AND Year = '2020/2021') OR (Nationality = 'Non-Qatari' AND Year = '2020/2021') OR (Nationality = 'Qatari' AND Year = '2021/2022')) AND (School_type IN ('Government','Private')) GROUP BY School_type,Nationality,Year",
 "sqlResult": "{Government | Non-Qatari | 2020/2021 | 33} || {Government | Qatari | 2020/2021 | 12} || {Government | Qatari | 2021/2022 | 58} || {Private | Non-Qatari | 2020/2021 | 27} || {Private | Qatari | 2020/2021 | 95} || {Private | Qatari | 2021/2022 | 62}",
 "nlq": "What is the average number for each School type, Nationality, and Year, of Non-Qatari or Qatari students in Government or Private schools in 2020/2021 or of Qatari students in Government or Private schools in 2021/2022? Please, report the corresponding School type, Nationality, and Year."},
{"name": "template 12",
 "sql": "SELECT Value FROM DBdata WHERE ((Nationality = 'Qatari' AND Year = '2019/2020')) AND (School_type IN ('Government','Private')) ORDER BY VALUE DESC LIMIT 2",
 "sqlResult": "{83} || {16}",
 "nlq": "What are the top 2 numbers of Qatari students in Government or Private schools in 2019/2020?"},
{"name": "template 13",
 "sql": "SELECT Value FROM DBdata WHERE ((Nationality = 'Non-Qatari' AND Year = '2022/2023')) AND (School_type IN ('Government','Private')) ORDER BY VALUE DESC",
 "sqlResult": "{39} || {2}",
 "nlq": "What are the numbers ordered by decreasing values of Non-Qatari students in Government or Private schools in 2022/2023?"},
{"name": "template 14",
 "sql": "SELECT School_type FROM DBdata WHERE ((Nationality = 'Qatari' AND Year = '2019/2020')) AND Value > 42.19",
 "sqlResult": "{Government}",
 "nlq": "What is the School type for which the number of Qatari students in 2019/2020 is greater than 42.19?"},
{"name": "template 15",
 "sql": "SELECT School_type,Value FROM DBdata WHERE ((Nationality = 'Non-Qatari' AND Year = '2020/2021')) AND (School_type) IN (SELECT School_type FROM DBdata WHERE ((Nationality = 'Qatari' AND Year = '2019/2020')) AND Value > 42.19)",
 "sqlResult": "{Government | 33}",
 "nlq": "What is the number of Non-Qatari students in 2020/2021 in School type for which the number of Qatari students in 2019/2020 is greater than 42.19? Please, report the corresponding School type and number of students."}]
}
