{
"filename": "Number_of_students_set76_4_DB.csv",
"questions": [{"name": "template 1",
 "sql": "SELECT Value FROM DBdata WHERE ((AA = 'AAqy' AND BB = 'BBgj')) AND (CC IN ('CCdp'))",
 "sqlResult": "{29}",
 "nlq": "What is the number of AAqy students in CCdp schools in BBgj?"},
{"name": "template 2",
 "sql": "SELECT Value FROM DBdata WHERE ((AA = 'Non-AAqy' AND BB = 'BBfq')) AND (CC IN ('CCdp','CCby'))",
 "sqlResult": "{19} || {64}",
 "nlq": "What is the number of Non-AAqy students in CCdp or CCby schools in BBfq?"},
{"name": "template 3",
 "sql": "SELECT Value FROM DBdata WHERE ((AA = 'Non-AAqy' AND BB = 'BBgq') OR (AA = 'Non-AAqy' AND BB = 'BBgj') OR (AA = 'AAqy' AND BB = 'BBfq') OR (AA = 'Non-AAqy' AND BB = 'BBfq')) AND (CC IN ('CCby'))",
 "sqlResult": "{72} || {93} || {39} || {64}",
 "nlq": "What is the number of Non-AAqy students in CCby schools in BBgq, BBgj, or BBfq or of AAqy students in CCby schools in BBfq?"},
{"name": "template 4",
 "sql": "SELECT min(Value),sum(Value) FROM DBdata WHERE ((AA = 'AAqy' AND BB = 'BBgq') OR (AA = 'AAqy' AND BB = 'BBfq')) AND (CC IN ('CCby'))",
 "sqlResult": "{5 | 44}",
 "nlq": "What are the minimum and total numbers of AAqy students in CCby schools in BBgq or BBfq?"},
{"name": "template 6",
 "sql": "SELECT Value FROM DBdata WHERE ((AA = 'AAqy' AND BB = 'BBgq') OR (AA = 'Non-AAqy' AND BB = 'BBgq') OR (AA = 'AAqy' AND BB = 'BBgj') OR (AA = 'Non-AAqy' AND BB = 'BBgj') OR (AA = 'Non-AAqy' AND BB = 'BBfq')) AND (CC IN ('CCdp','CCby'))",
 "sqlResult": "{85} || {28} || {29} || {33} || {19} || {5} || {72} || {40} || {93} || {64}",
 "nlq": "What is the number of Non-AAqy or AAqy students in CCdp or CCby schools in BBgq or BBgj or of Non-AAqy students in CCdp or CCby schools in BBfq?"},
{"name": "template 7",
 "sql": "SELECT sum(Value),max(Value) FROM DBdata WHERE ((AA = 'Non-AAqy' AND BB = 'BBgq')) AND (CC IN ('CCby'))",
 "sqlResult": "{72 | 72}",
 "nlq": "What are the total and maximum numbers of Non-AAqy students in CCby schools in BBgq?"},
{"name": "template 8",
 "sql": "SELECT AA,BB,avg(Value),sum(Value) FROM DBdata WHERE ((AA = 'AAqy' AND BB = 'BBgq') OR (AA = 'Non-AAqy' AND BB = 'BBgq') OR (AA = 'AAqy' AND BB = 'BBgj') OR (AA = 'Non-AAqy' AND BB = 'BBgj') OR (AA = 'AAqy' AND BB = 'BBfq')) AND (CC IN ('CCdp','CCby')) GROUP BY AA,BB",
 "sqlResult": "{Non-AAqy | BBgq | 50 | 100} || {Non-AAqy | BBgj | 63 | 126} || {AAqy | BBgq | 45 | 90} || {AAqy | BBgj | 34.5 | 69} || {AAqy | BBfq | 43 | 86}",
 "nlq": "What are the average and total numbers for each AA and BB, of AAqy students in CCdp or CCby schools in BBgq, BBgj, or BBfq or of Non-AAqy students in CCdp or CCby schools in BBgq or BBgj? Please, report the corresponding AA and BB."},
{"name": "template 9",
 "sql": "SELECT min(Value) FROM DBdata WHERE ((AA = 'AAqy' AND BB = 'BBfq')) AND (CC IN ('CCdp','CCby')) GROUP BY CC",
 "sqlResult": "{47} || {39}",
 "nlq": "What is the minimum number for each CC, of AAqy students in CCdp or CCby schools in BBfq?"},
{"name": "template 10",
 "sql": "SELECT CC,max(Value) FROM DBdata WHERE ((AA = 'Non-AAqy' AND BB = 'BBgq')) AND (CC IN ('CCdp','CCby')) GROUP BY CC",
 "sqlResult": "{CCdp | 28} || {CCby | 72}",
 "nlq": "What is the maximum number for each CC, of Non-AAqy students in CCdp or CCby schools in BBgq? Please, report the corresponding CC."},
{"name": "template 11",
 "sql": "SELECT CC,AA,BB,avg(Value) FROM DBdata WHERE ((AA = 'Non-AAqy' AND BB = 'BBgq') OR (AA = 'Non-AAqy' AND BB = 'BBfq')) AND (CC IN ('CCdp','CCby')) GROUP BY CC,AA,BB",
 "sqlResult": "{CCdp | Non-AAqy | BBgq | 28} || {CCdp | Non-AAqy | BBfq | 19} || {CCby | Non-AAqy | BBgq | 72} || {CCby | Non-AAqy | BBfq | 64}",
 "nlq": "What is the average number for each CC, AA, and BB, of Non-AAqy students in CCdp or CCby schools in BBgq or BBfq? Please, report the corresponding CC, AA, and BB."},
{"name": "template 12",
 "sql": "SELECT Value FROM DBdata WHERE ((AA = 'Non-AAqy' AND BB = 'BBgq')) AND (CC IN ('CCdp','CCby')) ORDER BY VALUE ASC LIMIT 2",
 "sqlResult": "{28} || {72}",
 "nlq": "What are the bottom 2 numbers of Non-AAqy students in CCdp or CCby schools in BBgq?"},
{"name": "template 13",
 "sql": "SELECT Value FROM DBdata WHERE ((AA = 'Non-AAqy' AND BB = 'BBfq')) AND (CC IN ('CCdp','CCby')) ORDER BY VALUE DESC",
 "sqlResult": "{64} || {19}",
 "nlq": "What are the numbers ordered by decreasing values of Non-AAqy students in CCdp or CCby schools in BBfq?"},
{"name": "template 14",
 "sql": "SELECT CC FROM DBdata WHERE ((AA = 'AAqy' AND BB = 'BBfq')) AND Value > 46.17",
 "sqlResult": "{CCdp}",
 "nlq": "What is the CC for which the number of AAqy students in BBfq is greater than 46.17?"},
{"name": "template 15",
 "sql": "SELECT CC,Value FROM DBdata WHERE ((AA = 'AAqy' AND BB = 'BBgq')) AND (CC) IN (SELECT CC FROM DBdata WHERE ((AA = 'AAqy' AND BB = 'BBfq')) AND Value > 46.17)",
 "sqlResult": "{CCdp | 85}",
 "nlq": "What is the number of AAqy students in BBgq in CC for which the number of AAqy students in BBfq is greater than 46.17? Please, report the corresponding CC and number of students."}]
}

