{
"filename": "Number_of_students_set73_4_DB.csv",
"questions": [{"name": "template 1",
 "sql": "SELECT Value FROM DBdata WHERE ((AA = 'AAgt' AND BB = 'BBrx')) AND (CC IN ('CCwz'))",
 "sqlResult": "{28}",
 "nlq": "What is the number of AAgt students in CCwz schools in BBrx?"},
{"name": "template 2",
 "sql": "SELECT Value FROM DBdata WHERE ((AA = 'Non-AAgt' AND BB = 'BBrx')) AND (CC IN ('CCsz'))",
 "sqlResult": "{37}",
 "nlq": "What is the number of Non-AAgt students in CCsz schools in BBrx?"},
{"name": "template 3",
 "sql": "SELECT Value FROM DBdata WHERE ((AA = 'AAgt' AND BB = 'BBfp') OR (AA = 'Non-AAgt' AND BB = 'BBfp') OR (AA = 'Non-AAgt' AND BB = 'BBrx')) AND (CC IN ('CCsz'))",
 "sqlResult": "{72} || {88} || {37}",
 "nlq": "What is the number of Non-AAgt or AAgt students in CCsz schools in BBfp or of Non-AAgt students in CCsz schools in BBrx?"},
{"name": "template 4",
 "sql": "SELECT avg(Value),max(Value) FROM DBdata WHERE ((AA = 'AAgt' AND BB = 'BBdv') OR (AA = 'Non-AAgt' AND BB = 'BBdv') OR (AA = 'AAgt' AND BB = 'BBfp') OR (AA = 'Non-AAgt' AND BB = 'BBfp') OR (AA = 'AAgt' AND BB = 'BBrx') OR (AA = 'Non-AAgt' AND BB = 'BBrx')) AND (CC IN ('CCsz'))",
 "sqlResult": "{46.83 | 88}",
 "nlq": "What are the average and maximum numbers of Non-AAgt or AAgt students in CCsz schools in BBdv, BBfp, or BBrx?"},
{"name": "template 6",
 "sql": "SELECT Value FROM DBdata WHERE ((AA = 'AAgt' AND BB = 'BBdv') OR (AA = 'Non-AAgt' AND BB = 'BBdv') OR (AA = 'AAgt' AND BB = 'BBfp') OR (AA = 'Non-AAgt' AND BB = 'BBfp') OR (AA = 'Non-AAgt' AND BB = 'BBrx')) AND (CC IN ('CCwz'))",
 "sqlResult": "{77} || {38} || {0} || {52} || {71}",
 "nlq": "What is the number of Non-AAgt or AAgt students in CCwz schools in BBdv or BBfp or of Non-AAgt students in CCwz schools in BBrx?"},
{"name": "template 7",
 "sql": "SELECT min(Value),sum(Value) FROM DBdata WHERE ((AA = 'Non-AAgt' AND BB = 'BBrx')) AND (CC IN ('CCwz','CCsz'))",
 "sqlResult": "{37 | 108}",
 "nlq": "What are the minimum and total numbers of Non-AAgt students in CCwz or CCsz schools in BBrx?"},
{"name": "template 8",
 "sql": "SELECT AA,BB,avg(Value),max(Value) FROM DBdata WHERE ((AA = 'AAgt' AND BB = 'BBdv') OR (AA = 'Non-AAgt' AND BB = 'BBdv') OR (AA = 'AAgt' AND BB = 'BBfp') OR (AA = 'Non-AAgt' AND BB = 'BBrx')) AND (CC IN ('CCsz')) GROUP BY AA,BB",
 "sqlResult": "{Non-AAgt | BBdv | 32 | 32} || {Non-AAgt | BBrx | 37 | 37} || {AAgt | BBdv | 47 | 47} || {AAgt | BBfp | 72 | 72}",
 "nlq": "What are the average and maximum numbers for each AA and BB, of Non-AAgt or AAgt students in CCsz schools in BBdv, of AAgt students in CCsz schools in BBfp, or of Non-AAgt students in CCsz schools in BBrx? Please, report the corresponding AA and BB."},
{"name": "template 9",
 "sql": "SELECT min(Value) FROM DBdata WHERE ((AA = 'AAgt' AND BB = 'BBfp')) AND (CC IN ('CCwz','CCsz')) GROUP BY CC",
 "sqlResult": "{0} || {72}",
 "nlq": "What is the minimum number for each CC, of AAgt students in CCwz or CCsz schools in BBfp?"},
{"name": "template 10",
 "sql": "SELECT CC,max(Value) FROM DBdata WHERE ((AA = 'AAgt' AND BB = 'BBdv')) AND (CC IN ('CCwz','CCsz')) GROUP BY CC",
 "sqlResult": "{CCwz | 77} || {CCsz | 47}",
 "nlq": "What is the maximum number for each CC, of AAgt students in CCwz or CCsz schools in BBdv? Please, report the corresponding CC."},
{"name": "template 11",
 "sql": "SELECT CC,AA,BB,avg(Value) FROM DBdata WHERE ((AA = 'Non-AAgt' AND BB = 'BBdv') OR (AA = 'AAgt' AND BB = 'BBfp') OR (AA = 'AAgt' AND BB = 'BBrx')) AND (CC IN ('CCwz','CCsz')) GROUP BY CC,AA,BB",
 "sqlResult": "{CCwz | Non-AAgt | BBdv | 38} || {CCwz | AAgt | BBfp | 0} || {CCwz | AAgt | BBrx | 28} || {CCsz | Non-AAgt | BBdv | 32} || {CCsz | AAgt | BBfp | 72} || {CCsz | AAgt | BBrx | 5}",
 "nlq": "What is the average number for each CC, AA, and BB, of Non-AAgt students in CCwz or CCsz schools in BBdv or of AAgt students in CCwz or CCsz schools in BBfp or BBrx? Please, report the corresponding CC, AA, and BB."},
{"name": "template 12",
 "sql": "SELECT Value FROM DBdata WHERE ((AA = 'Non-AAgt' AND BB = 'BBdv')) AND (CC IN ('CCwz','CCsz')) ORDER BY VALUE ASC LIMIT 2",
 "sqlResult": "{32} || {38}",
 "nlq": "What are the bottom 2 numbers of Non-AAgt students in CCwz or CCsz schools in BBdv?"},
{"name": "template 13",
 "sql": "SELECT Value FROM DBdata WHERE ((AA = 'Non-AAgt' AND BB = 'BBrx')) AND (CC IN ('CCwz','CCsz')) ORDER BY VALUE ASC",
 "sqlResult": "{37} || {71}",
 "nlq": "What are the numbers ordered by increasing values of Non-AAgt students in CCwz or CCsz schools in BBrx?"},
{"name": "template 14",
 "sql": "SELECT CC FROM DBdata WHERE ((AA = 'AAgt' AND BB = 'BBrx')) AND Value < 45.58",
 "sqlResult": "{CCwz} || {CCsz}",
 "nlq": "What is the CC for which the number of AAgt students in BBrx is lower than 45.58?"},
{"name": "template 15",
 "sql": "SELECT CC,Value FROM DBdata WHERE ((AA = 'Non-AAgt' AND BB = 'BBrx')) AND (CC) IN (SELECT CC FROM DBdata WHERE ((AA = 'AAgt' AND BB = 'BBrx')) AND Value < 45.58)",
 "sqlResult": "{CCwz | 71} || {CCsz | 37}",
 "nlq": "What is the number of Non-AAgt students in BBrx in CC for which the number of AAgt students in BBrx is lower than 45.58? Please, report the corresponding CC and number of students."}]
}

