{
"filename": "Number_of_students_set81_4_DB.csv",
"questions": [{"name": "template 1",
 "sql": "SELECT Value FROM DBdata WHERE ((Nationality = 'Qatari' AND Year = '2017/2018')) AND (School_type IN ('Government'))",
 "sqlResult": "{38}",
 "nlq": "What is the number of Qatari students in Government schools in 2017/2018?"},
{"name": "template 2",
 "sql": "SELECT Value FROM DBdata WHERE ((Nationality = 'Non-Qatari' AND Year = '2017/2018')) AND (School_type IN ('Government','Private'))",
 "sqlResult": "{7} || {29}",
 "nlq": "What is the number of Non-Qatari students in Government or Private schools in 2017/2018?"},
{"name": "template 3",
 "sql": "SELECT Value FROM DBdata WHERE ((Nationality = 'Qatari' AND Year = '2018/2019') OR (Nationality = 'Non-Qatari' AND Year = '2019/2020')) AND (School_type IN ('Private'))",
 "sqlResult": "{74} || {48}",
 "nlq": "What is the number of Qatari students in Private schools in 2018/2019 or of Non-Qatari students in Private schools in 2019/2020?"},
{"name": "template 4",
 "sql": "SELECT min(Value),avg(Value) FROM DBdata WHERE ((Nationality = 'Non-Qatari' AND Year = '2017/2018') OR (Nationality = 'Qatari' AND Year = '2018/2019') OR (Nationality = 'Non-Qatari' AND Year = '2018/2019') OR (Nationality = 'Qatari' AND Year = '2019/2020')) AND (School_type IN ('Government'))",
 "sqlResult": "{7 | 48.25}",
 "nlq": "What are the minimum and average numbers of Non-Qatari students in Government schools in 2017/2018 or 2018/2019 or of Qatari students in Government schools in 2018/2019 or 2019/2020?"},
{"name": "template 6",
 "sql": "SELECT Value FROM DBdata WHERE ((Nationality = 'Non-Qatari' AND Year = '2017/2018') OR (Nationality = 'Qatari' AND Year = '2018/2019') OR (Nationality = 'Non-Qatari' AND Year = '2018/2019') OR (Nationality = 'Qatari' AND Year = '2019/2020') OR (Nationality = 'Non-Qatari' AND Year = '2019/2020')) AND (School_type IN ('Private'))",
 "sqlResult": "{29} || {74} || {53} || {23} || {48}",
 "nlq": "What is the number of Non-Qatari students in Private schools in 2017/2018, 2018/2019, or 2019/2020 or of Qatari students in Private schools in 2018/2019 or 2019/2020?"},
{"name": "template 7",
 "sql": "SELECT min(Value),sum(Value) FROM DBdata WHERE ((Nationality = 'Qatari' AND Year = '2019/2020')) AND (School_type IN ('Private'))",
 "sqlResult": "{23 | 23}",
 "nlq": "What are the minimum and total numbers of Qatari students in Private schools in 2019/2020?"},
{"name": "template 8",
 "sql": "SELECT Nationality,Year,min(Value),sum(Value) FROM DBdata WHERE ((Nationality = 'Non-Qatari' AND Year = '2017/2018') OR (Nationality = 'Non-Qatari' AND Year = '2018/2019') OR (Nationality = 'Qatari' AND Year = '2019/2020')) AND (School_type IN ('Private')) GROUP BY Nationality,Year",
 "sqlResult": "{Non-Qatari | 2017/2018 | 29 | 29} || {Non-Qatari | 2018/2019 | 53 | 53} || {Qatari | 2019/2020 | 23 | 23}",
 "nlq": "What are the minimum and total numbers for each Nationality and Year, of Non-Qatari students in Private schools in 2017/2018 or 2018/2019 or of Qatari students in Private schools in 2019/2020? Please, report the corresponding Nationality and Year."},
{"name": "template 9",
 "sql": "SELECT min(Value) FROM DBdata WHERE ((Nationality = 'Non-Qatari' AND Year = '2017/2018')) AND (School_type IN ('Government','Private')) GROUP BY School_type",
 "sqlResult": "{7} || {29}",
 "nlq": "What is the minimum number for each School type, of Non-Qatari students in Government or Private schools in 2017/2018?"},
{"name": "template 10",
 "sql": "SELECT School_type,min(Value) FROM DBdata WHERE ((Nationality = 'Non-Qatari' AND Year = '2018/2019')) AND (School_type IN ('Government','Private')) GROUP BY School_type",
 "sqlResult": "{Government | 63} || {Private | 53}",
 "nlq": "What is the minimum number for each School type, of Non-Qatari students in Government or Private schools in 2018/2019? Please, report the corresponding School type."},
{"name": "template 11",
 "sql": "SELECT School_type,Nationality,Year,avg(Value) FROM DBdata WHERE ((Nationality = 'Non-Qatari' AND Year = '2017/2018') OR (Nationality = 'Qatari' AND Year = '2019/2020') OR (Nationality = 'Non-Qatari' AND Year = '2019/2020')) AND (School_type IN ('Government','Private')) GROUP BY School_type,Nationality,Year",
 "sqlResult": "{Government | Non-Qatari | 2017/2018 | 7} || {Government | Non-Qatari | 2019/2020 | 77} || {Government | Qatari | 2019/2020 | 65} || {Private | Non-Qatari | 2017/2018 | 29} || {Private | Non-Qatari | 2019/2020 | 48} || {Private | Qatari | 2019/2020 | 23}",
 "nlq": "What is the average number for each School type, Nationality, and Year, of Non-Qatari students in Government or Private schools in 2017/2018 or of Non-Qatari or Qatari students in Government or Private schools in 2019/2020? Please, report the corresponding School type, Nationality, and Year."},
{"name": "template 12",
 "sql": "SELECT Value FROM DBdata WHERE ((Nationality = 'Non-Qatari' AND Year = '2017/2018')) AND (School_type IN ('Government','Private')) ORDER BY VALUE ASC LIMIT 2",
 "sqlResult": "{7} || {29}",
 "nlq": "What are the bottom 2 numbers of Non-Qatari students in Government or Private schools in 2017/2018?"},
{"name": "template 13",
 "sql": "SELECT Value FROM DBdata WHERE ((Nationality = 'Non-Qatari' AND Year = '2017/2018')) AND (School_type IN ('Government','Private')) ORDER BY VALUE DESC",
 "sqlResult": "{29} || {7}",
 "nlq": "What are the numbers ordered by decreasing values of Non-Qatari students in Government or Private schools in 2017/2018?"},
{"name": "template 14",
 "sql": "SELECT School_type FROM DBdata WHERE ((Nationality = 'Non-Qatari' AND Year = '2017/2018')) AND Value < 48.67",
 "sqlResult": "{Government} || {Private}",
 "nlq": "What is the School type for which the number of Non-Qatari students in 2017/2018 is lower than 48.67?"},
{"name": "template 15",
 "sql": "SELECT School_type,Value FROM DBdata WHERE ((Nationality = 'Qatari' AND Year = '2019/2020')) AND (School_type) IN (SELECT School_type FROM DBdata WHERE ((Nationality = 'Non-Qatari' AND Year = '2017/2018')) AND Value < 48.67)",
 "sqlResult": "{Government | 65} || {Private | 23}",
 "nlq": "What is the number of Qatari students in 2019/2020 in School type for which the number of Non-Qatari students in 2017/2018 is lower than 48.67? Please, report the corresponding School type and number of students."}]
}
