{
"filename": "Number_of_students_set37_2_DB.csv",
"questions": [{"name": "template 1",
 "sql": "SELECT Value FROM DBdata WHERE (Nationality IN ('Non-Qatari')) AND ((School_type = 'Private' AND Gender = 'Female'))",
 "sqlResult": "{19}",
 "nlq": "What is the number of Non-Qatari Female students in Private schools?"},
{"name": "template 2",
 "sql": "SELECT Value FROM DBdata WHERE (Nationality IN ('Qatari')) AND ((School_type = 'Private' AND Gender = 'Male') OR (School_type = 'Private' AND Gender = 'Female'))",
 "sqlResult": "{6} || {26}",
 "nlq": "What is the number of Qatari Female or Male students in Private schools?"},
{"name": "template 3",
 "sql": "SELECT Value FROM DBdata WHERE (Nationality IN ('Qatari','Non-Qatari')) AND ((School_type = 'Government' AND Gender = 'Female'))",
 "sqlResult": "{51} || {24}",
 "nlq": "What is the number of Non-Qatari or Qatari Female students in Government schools?"},
{"name": "template 4",
 "sql": "SELECT avg(Value),min(Value) FROM DBdata WHERE (Nationality IN ('Qatari','Non-Qatari')) AND ((School_type = 'Private' AND Gender = 'Female'))",
 "sqlResult": "{22.5 | 19}",
 "nlq": "What are the average and minimum numbers of Non-Qatari or Qatari Female students in Private schools?"},
{"name": "template 6",
 "sql": "SELECT Value FROM DBdata WHERE (Nationality IN ('Non-Qatari')) AND ((School_type = 'Government' AND Gender = 'Male') OR (School_type = 'Private' AND Gender = 'Male'))",
 "sqlResult": "{91} || {92}",
 "nlq": "What is the number of Non-Qatari Male students in Government or Private schools?"},
{"name": "template 7",
 "sql": "SELECT sum(Value),min(Value) FROM DBdata WHERE (Nationality IN ('Non-Qatari')) AND ((School_type = 'Government' AND Gender = 'Male') OR (School_type = 'Private' AND Gender = 'Male') OR (School_type = 'Government' AND Gender = 'Female') OR (School_type = 'Private' AND Gender = 'Female'))",
 "sqlResult": "{226 | 19}",
 "nlq": "What are the total and minimum numbers of Non-Qatari Female or Male students in Government or Private schools?"},
{"name": "template 8",
 "sql": "SELECT Nationality,min(Value),sum(Value) FROM DBdata WHERE (Nationality IN ('Non-Qatari')) AND ((School_type = 'Private' AND Gender = 'Male') OR (School_type = 'Private' AND Gender = 'Female')) GROUP BY Nationality",
 "sqlResult": "{Non-Qatari | 19 | 111}",
 "nlq": "What are the minimum and total numbers for each Nationality, of Non-Qatari Female or Male students in Private schools? Please, report the corresponding Nationality."},
{"name": "template 9",
 "sql": "SELECT min(Value) FROM DBdata WHERE (Nationality IN ('Non-Qatari')) AND (School_type IN ('Government','Private')) GROUP BY School_type",
 "sqlResult": "{24} || {19}",
 "nlq": "What is the minimum number for each School type, of Non-Qatari students in Government or Private schools?"},
{"name": "template 10",
 "sql": "SELECT School_type,sum(Value) FROM DBdata WHERE (Nationality IN ('Non-Qatari')) AND (School_type IN ('Government','Private')) GROUP BY School_type",
 "sqlResult": "{Government | 115} || {Private | 111}",
 "nlq": "What is the total number for each School type, of Non-Qatari students in Government or Private schools? Please, report the corresponding School type."},
{"name": "template 11",
 "sql": "SELECT School_type,Nationality,avg(Value) FROM DBdata WHERE (Nationality IN ('Qatari','Non-Qatari')) AND (School_type IN ('Government','Private')) GROUP BY School_type,Nationality",
 "sqlResult": "{Government | Non-Qatari | 57.5} || {Government | Qatari | 48.5} || {Private | Non-Qatari | 55.5} || {Private | Qatari | 16}",
 "nlq": "What is the average number for each School type and Nationality, of Non-Qatari or Qatari students in Government or Private schools? Please, report the corresponding School type and Nationality."},
{"name": "template 12",
 "sql": "SELECT Value FROM DBdata WHERE (Nationality IN ('Non-Qatari')) AND (School_type IN ('Government','Private')) ORDER BY VALUE DESC LIMIT 3",
 "sqlResult": "{92} || {91} || {24}",
 "nlq": "What are the top 3 numbers of Non-Qatari students in Government or Private schools?"},
{"name": "template 13",
 "sql": "SELECT Value FROM DBdata WHERE (Nationality IN ('Non-Qatari')) AND (School_type IN ('Government','Private')) ORDER BY VALUE DESC",
 "sqlResult": "{92} || {91} || {24} || {19}",
 "nlq": "What are the numbers ordered by decreasing values of Non-Qatari students in Government or Private schools?"},
{"name": "template 14",
 "sql": "SELECT School_type,Gender FROM DBdata WHERE (Nationality IN ('Qatari')) AND Value < 44.38",
 "sqlResult": "{Private | Male} || {Private | Female}",
 "nlq": "What are the School type and Gender for which the number of Qatari students is lower than 44.38?"},
{"name": "template 15",
 "sql": "SELECT School_type,Gender,Value FROM DBdata WHERE (Nationality IN ('Non-Qatari')) AND (School_type,Gender) IN (SELECT School_type,Gender FROM DBdata WHERE (Nationality IN ('Qatari')) AND Value < 44.38)",
 "sqlResult": "{Private | Male | 92} || {Private | Female | 19}",
 "nlq": "What is the number of Non-Qatari students in School type and of Gender for which the number of Qatari students is lower than 44.38? Please, report the corresponding School type, Gender, and number of students."}]
}
