{
"filename": "Number_of_students_set91_5_DB.csv",
"questions": [{"name": "template 1",
 "sql": "SELECT Value FROM DBdata WHERE ((Nationality = 'Qatari' AND Year = '2017/2018')) AND (School_type IN ('Government'))",
 "sqlResult": "{29}",
 "nlq": "What is the number of Qatari students in Government schools in 2017/2018?"},
{"name": "template 2",
 "sql": "SELECT Value FROM DBdata WHERE ((Nationality = 'Qatari' AND Year = '2017/2018')) AND (School_type IN ('Private'))",
 "sqlResult": "{52}",
 "nlq": "What is the number of Qatari students in Private schools in 2017/2018?"},
{"name": "template 3",
 "sql": "SELECT Value FROM DBdata WHERE ((Nationality = 'Non-Qatari' AND Year = '2016/2017') OR (Nationality = 'Non-Qatari' AND Year = '2018/2019')) AND (School_type IN ('Private'))",
 "sqlResult": "{59} || {79}",
 "nlq": "What is the number of Non-Qatari students in Private schools in 2016/2017 or 2018/2019?"},
{"name": "template 4",
 "sql": "SELECT min(Value),max(Value) FROM DBdata WHERE ((Nationality = 'Non-Qatari' AND Year = '2015/2016') OR (Nationality = 'Qatari' AND Year = '2016/2017') OR (Nationality = 'Non-Qatari' AND Year = '2016/2017') OR (Nationality = 'Non-Qatari' AND Year = '2017/2018') OR (Nationality = 'Qatari' AND Year = '2018/2019') OR (Nationality = 'Non-Qatari' AND Year = '2018/2019')) AND (School_type IN ('Private'))",
 "sqlResult": "{23 | 92}",
 "nlq": "What are the minimum and maximum numbers of Non-Qatari students in Private schools in 2015/2016, 2016/2017, 2017/2018, or 2018/2019 or of Qatari students in Private schools in 2016/2017 or 2018/2019?"},
{"name": "template 5",
 "sql": "SELECT sum(Value) FROM DBdata WHERE (Nationality IN ('Qatari','Non-Qatari')) AND (School_type IN ('Private'))",
 "sqlResult": "{550}",
 "nlq": "What is the total number of Non-Qatari or Qatari students in Private schools?"},
{"name": "template 6",
 "sql": "SELECT Value FROM DBdata WHERE ((Nationality = 'Non-Qatari' AND Year = '2015/2016') OR (Nationality = 'Qatari' AND Year = '2016/2017')) AND (School_type IN ('Government'))",
 "sqlResult": "{40} || {43}",
 "nlq": "What is the number of Non-Qatari students in Government schools in 2015/2016 or of Qatari students in Government schools in 2016/2017?"},
{"name": "template 7",
 "sql": "SELECT min(Value),avg(Value) FROM DBdata WHERE ((Nationality = 'Qatari' AND Year = '2015/2016')) AND (School_type IN ('Government','Private'))",
 "sqlResult": "{93 | 96.5}",
 "nlq": "What are the minimum and average numbers of Qatari students in Government or Private schools in 2015/2016?"},
{"name": "template 8",
 "sql": "SELECT Nationality,Year,avg(Value),sum(Value) FROM DBdata WHERE ((Nationality = 'Qatari' AND Year = '2015/2016') OR (Nationality = 'Non-Qatari' AND Year = '2015/2016') OR (Nationality = 'Qatari' AND Year = '2016/2017') OR (Nationality = 'Non-Qatari' AND Year = '2017/2018') OR (Nationality = 'Qatari' AND Year = '2018/2019')) AND (School_type IN ('Private')) GROUP BY Nationality,Year",
 "sqlResult": "{Non-Qatari | 2015/2016 | 23 | 23} || {Non-Qatari | 2017/2018 | 77 | 77} || {Qatari | 2015/2016 | 93 | 93} || {Qatari | 2016/2017 | 92 | 92} || {Qatari | 2018/2019 | 75 | 75}",
 "nlq": "What are the average and total numbers for each Nationality and Year, of Qatari students in Private schools in 2015/2016, 2016/2017, or 2018/2019 or of Non-Qatari students in Private schools in 2015/2016 or 2017/2018? Please, report the corresponding Nationality and Year."},
{"name": "template 9",
 "sql": "SELECT min(Value) FROM DBdata WHERE ((Nationality = 'Non-Qatari' AND Year = '2018/2019')) AND (School_type IN ('Government','Private')) GROUP BY School_type",
 "sqlResult": "{46} || {79}",
 "nlq": "What is the minimum number for each School type, of Non-Qatari students in Government or Private schools in 2018/2019?"},
{"name": "template 10",
 "sql": "SELECT School_type,max(Value) FROM DBdata WHERE ((Nationality = 'Non-Qatari' AND Year = '2018/2019')) AND (School_type IN ('Government','Private')) GROUP BY School_type",
 "sqlResult": "{Government | 46} || {Private | 79}",
 "nlq": "What is the maximum number for each School type, of Non-Qatari students in Government or Private schools in 2018/2019? Please, report the corresponding School type."},
{"name": "template 11",
 "sql": "SELECT School_type,Nationality,Year,avg(Value) FROM DBdata WHERE ((Nationality = 'Non-Qatari' AND Year = '2017/2018') OR (Nationality = 'Qatari' AND Year = '2018/2019')) AND (School_type IN ('Government','Private')) GROUP BY School_type,Nationality,Year",
 "sqlResult": "{Government | Non-Qatari | 2017/2018 | 97} || {Government | Qatari | 2018/2019 | 66} || {Private | Non-Qatari | 2017/2018 | 77} || {Private | Qatari | 2018/2019 | 75}",
 "nlq": "What is the average number for each School type, Nationality, and Year, of Non-Qatari students in Government or Private schools in 2017/2018 or of Qatari students in Government or Private schools in 2018/2019? Please, report the corresponding School type, Nationality, and Year."},
{"name": "template 12",
 "sql": "SELECT Value FROM DBdata WHERE ((Nationality = 'Non-Qatari' AND Year = '2015/2016')) AND (School_type IN ('Government','Private')) ORDER BY VALUE ASC LIMIT 2",
 "sqlResult": "{23} || {40}",
 "nlq": "What are the bottom 2 numbers of Non-Qatari students in Government or Private schools in 2015/2016?"},
{"name": "template 13",
 "sql": "SELECT Value FROM DBdata WHERE ((Nationality = 'Non-Qatari' AND Year = '2018/2019')) AND (School_type IN ('Government','Private')) ORDER BY VALUE ASC",
 "sqlResult": "{46} || {79}",
 "nlq": "What are the numbers ordered by increasing values of Non-Qatari students in Government or Private schools in 2018/2019?"},
{"name": "template 14",
 "sql": "SELECT School_type FROM DBdata WHERE ((Nationality = 'Non-Qatari' AND Year = '2015/2016')) AND Value < 63.5",
 "sqlResult": "{Government} || {Private}",
 "nlq": "What is the School type for which the number of Non-Qatari students in 2015/2016 is lower than 63.5?"},
{"name": "template 15",
 "sql": "SELECT School_type,Value FROM DBdata WHERE ((Nationality = 'Qatari' AND Year = '2017/2018')) AND (School_type) IN (SELECT School_type FROM DBdata WHERE ((Nationality = 'Non-Qatari' AND Year = '2015/2016')) AND Value < 63.5)",
 "sqlResult": "{Government | 29} || {Private | 52}",
 "nlq": "What is the number of Qatari students in 2017/2018 in School type for which the number of Non-Qatari students in 2015/2016 is lower than 63.5? Please, report the corresponding School type and number of students."}]
}
