{
"filename": "Number_of_students_set73_1_DB.csv",
"questions": [{"name": "template 1",
 "sql": "SELECT Value FROM DBdata WHERE ((Nationality = 'Qatari' AND Year = '2018/2019')) AND (School_type IN ('Private'))",
 "sqlResult": "{21}",
 "nlq": "What is the number of Qatari students in Private schools in 2018/2019?"},
{"name": "template 2",
 "sql": "SELECT Value FROM DBdata WHERE ((Nationality = 'Non-Qatari' AND Year = '2017/2018')) AND (School_type IN ('Government','Private'))",
 "sqlResult": "{62} || {57}",
 "nlq": "What is the number of Non-Qatari students in Government or Private schools in 2017/2018?"},
{"name": "template 3",
 "sql": "SELECT Value FROM DBdata WHERE ((Nationality = 'Qatari' AND Year = '2017/2018') OR (Nationality = 'Qatari' AND Year = '2018/2019')) AND (School_type IN ('Private'))",
 "sqlResult": "{78} || {21}",
 "nlq": "What is the number of Qatari students in Private schools in 2017/2018 or 2018/2019?"},
{"name": "template 4",
 "sql": "SELECT avg(Value),sum(Value) FROM DBdata WHERE ((Nationality = 'Qatari' AND Year = '2017/2018') OR (Nationality = 'Non-Qatari' AND Year = '2017/2018') OR (Nationality = 'Qatari' AND Year = '2018/2019') OR (Nationality = 'Non-Qatari' AND Year = '2018/2019')) AND (School_type IN ('Government'))",
 "sqlResult": "{58.25 | 233}",
 "nlq": "What are the average and total numbers of Non-Qatari or Qatari students in Government schools in 2017/2018 or 2018/2019?"},
{"name": "template 6",
 "sql": "SELECT Value FROM DBdata WHERE ((Nationality = 'Qatari' AND Year = '2017/2018') OR (Nationality = 'Non-Qatari' AND Year = '2017/2018') OR (Nationality = 'Qatari' AND Year = '2018/2019') OR (Nationality = 'Non-Qatari' AND Year = '2018/2019')) AND (School_type IN ('Government','Private'))",
 "sqlResult": "{54} || {62} || {72} || {45} || {78} || {57} || {21} || {58}",
 "nlq": "What is the number of Non-Qatari or Qatari students in Government or Private schools in 2017/2018 or 2018/2019?"},
{"name": "template 7",
 "sql": "SELECT max(Value),sum(Value) FROM DBdata WHERE ((Nationality = 'Qatari' AND Year = '2018/2019')) AND (School_type IN ('Government','Private'))",
 "sqlResult": "{72 | 93}",
 "nlq": "What are the maximum and total numbers of Qatari students in Government or Private schools in 2018/2019?"},
{"name": "template 8",
 "sql": "SELECT Nationality,Year,avg(Value),sum(Value) FROM DBdata WHERE ((Nationality = 'Qatari' AND Year = '2017/2018') OR (Nationality = 'Non-Qatari' AND Year = '2017/2018') OR (Nationality = 'Qatari' AND Year = '2018/2019') OR (Nationality = 'Non-Qatari' AND Year = '2018/2019')) AND (School_type IN ('Government','Private')) GROUP BY Nationality,Year",
 "sqlResult": "{Non-Qatari | 2017/2018 | 59.5 | 119} || {Non-Qatari | 2018/2019 | 51.5 | 103} || {Qatari | 2017/2018 | 66 | 132} || {Qatari | 2018/2019 | 46.5 | 93}",
 "nlq": "What are the average and total numbers for each Nationality and Year, of Non-Qatari or Qatari students in Government or Private schools in 2017/2018 or 2018/2019? Please, report the corresponding Nationality and Year."},
{"name": "template 9",
 "sql": "SELECT min(Value) FROM DBdata WHERE ((Nationality = 'Qatari' AND Year = '2018/2019')) AND (School_type IN ('Government','Private')) GROUP BY School_type",
 "sqlResult": "{72} || {21}",
 "nlq": "What is the minimum number for each School type, of Qatari students in Government or Private schools in 2018/2019?"},
{"name": "template 10",
 "sql": "SELECT School_type,min(Value) FROM DBdata WHERE ((Nationality = 'Qatari' AND Year = '2018/2019')) AND (School_type IN ('Government','Private')) GROUP BY School_type",
 "sqlResult": "{Government | 72} || {Private | 21}",
 "nlq": "What is the minimum number for each School type, of Qatari students in Government or Private schools in 2018/2019? Please, report the corresponding School type."},
{"name": "template 11",
 "sql": "SELECT School_type,Nationality,Year,max(Value) FROM DBdata WHERE ((Nationality = 'Qatari' AND Year = '2017/2018') OR (Nationality = 'Qatari' AND Year = '2018/2019')) AND (School_type IN ('Government','Private')) GROUP BY School_type,Nationality,Year",
 "sqlResult": "{Government | Qatari | 2017/2018 | 54} || {Government | Qatari | 2018/2019 | 72} || {Private | Qatari | 2017/2018 | 78} || {Private | Qatari | 2018/2019 | 21}",
 "nlq": "What is the maximum number for each School type, Nationality, and Year, of Qatari students in Government or Private schools in 2017/2018 or 2018/2019? Please, report the corresponding School type, Nationality, and Year."},
{"name": "template 12",
 "sql": "SELECT Value FROM DBdata WHERE ((Nationality = 'Qatari' AND Year = '2018/2019')) AND (School_type IN ('Government','Private')) ORDER BY VALUE DESC LIMIT 2",
 "sqlResult": "{72} || {21}",
 "nlq": "What are the top 2 numbers of Qatari students in Government or Private schools in 2018/2019?"},
{"name": "template 13",
 "sql": "SELECT Value FROM DBdata WHERE ((Nationality = 'Qatari' AND Year = '2018/2019')) AND (School_type IN ('Government','Private')) ORDER BY VALUE DESC",
 "sqlResult": "{72} || {21}",
 "nlq": "What are the numbers ordered by decreasing values of Qatari students in Government or Private schools in 2018/2019?"},
{"name": "template 14",
 "sql": "SELECT School_type FROM DBdata WHERE ((Nationality = 'Non-Qatari' AND Year = '2017/2018')) AND Value > 55.88",
 "sqlResult": "{Government} || {Private}",
 "nlq": "What is the School type for which the number of Non-Qatari students in 2017/2018 is greater than 55.88?"},
{"name": "template 15",
 "sql": "SELECT School_type,Value FROM DBdata WHERE ((Nationality = 'Non-Qatari' AND Year = '2018/2019')) AND (School_type) IN (SELECT School_type FROM DBdata WHERE ((Nationality = 'Non-Qatari' AND Year = '2017/2018')) AND Value > 55.88)",
 "sqlResult": "{Government | 45} || {Private | 58}",
 "nlq": "What is the number of Non-Qatari students in 2018/2019 in School type for which the number of Non-Qatari students in 2017/2018 is greater than 55.88? Please, report the corresponding School type and number of students."}]
}
