{
"filename": "Number_of_students_set1_1_DB.csv",
"questions": [{"name": "template 1",
 "sql": "SELECT Value FROM DBdata WHERE (AA IN ('AAqr')) AND (BB IN ('BBbj'))",
 "sqlResult": "{53}",
 "nlq": "What is the number of AAqr students in BBbj schools?"},
{"name": "template 2",
 "sql": "SELECT Value FROM DBdata WHERE (AA IN ('Non-AAqr')) AND (BB IN ('BBbj','BBkm'))",
 "sqlResult": "{60} || {76}",
 "nlq": "What is the number of Non-AAqr students in BBbj or BBkm schools?"},
{"name": "template 3",
 "sql": "SELECT Value FROM DBdata WHERE (AA IN ('Non-AAqr')) AND (BB IN ('BBkm'))",
 "sqlResult": "{76}",
 "nlq": "What is the number of Non-AAqr students in BBkm schools?"},
{"name": "template 4",
 "sql": "SELECT avg(Value),sum(Value) FROM DBdata WHERE (AA IN ('Non-AAqr')) AND (BB IN ('BBkm'))",
 "sqlResult": "{76 | 76}",
 "nlq": "What are the average and total numbers of Non-AAqr students in BBkm schools?"},
{"name": "template 6",
 "sql": "SELECT Value FROM DBdata WHERE (AA IN ('AAqr','Non-AAqr')) AND (BB IN ('BBbj','BBkm'))",
 "sqlResult": "{53} || {60} || {94} || {76}",
 "nlq": "What is the number of Non-AAqr or AAqr students in BBbj or BBkm schools?"},
{"name": "template 7",
 "sql": "SELECT min(Value),avg(Value) FROM DBdata WHERE (AA IN ('AAqr')) AND (BB IN ('BBbj','BBkm'))",
 "sqlResult": "{53 | 73.5}",
 "nlq": "What are the minimum and average numbers of AAqr students in BBbj or BBkm schools?"},
{"name": "template 8",
 "sql": "SELECT AA,sum(Value),max(Value) FROM DBdata WHERE (AA IN ('AAqr','Non-AAqr')) AND (BB IN ('BBbj')) GROUP BY AA",
 "sqlResult": "{Non-AAqr | 60 | 60} || {AAqr | 53 | 53}",
 "nlq": "What are the total and maximum numbers for each AA, of Non-AAqr or AAqr students in BBbj schools? Please, report the corresponding AA."},
{"name": "template 9",
 "sql": "SELECT min(Value) FROM DBdata WHERE (AA IN ('Non-AAqr')) AND (BB IN ('BBbj','BBkm')) GROUP BY BB",
 "sqlResult": "{60} || {76}",
 "nlq": "What is the minimum number for each BB, of Non-AAqr students in BBbj or BBkm schools?"},
{"name": "template 10",
 "sql": "SELECT BB,avg(Value) FROM DBdata WHERE (AA IN ('Non-AAqr')) AND (BB IN ('BBbj','BBkm')) GROUP BY BB",
 "sqlResult": "{BBbj | 60} || {BBkm | 76}",
 "nlq": "What is the average number for each BB, of Non-AAqr students in BBbj or BBkm schools? Please, report the corresponding BB."},
{"name": "template 11",
 "sql": "SELECT BB,AA,min(Value) FROM DBdata WHERE (AA IN ('AAqr','Non-AAqr')) AND (BB IN ('BBbj','BBkm')) GROUP BY BB,AA",
 "sqlResult": "{BBbj | Non-AAqr | 60} || {BBbj | AAqr | 53} || {BBkm | Non-AAqr | 76} || {BBkm | AAqr | 94}",
 "nlq": "What is the minimum number for each BB and AA, of Non-AAqr or AAqr students in BBbj or BBkm schools? Please, report the corresponding BB and AA."},
{"name": "template 12",
 "sql": "SELECT Value FROM DBdata WHERE (AA IN ('Non-AAqr')) AND (BB IN ('BBbj','BBkm')) ORDER BY VALUE DESC LIMIT 2",
 "sqlResult": "{76} || {60}",
 "nlq": "What are the top 2 numbers of Non-AAqr students in BBbj or BBkm schools?"},
{"name": "template 13",
 "sql": "SELECT Value FROM DBdata WHERE (AA IN ('AAqr')) AND (BB IN ('BBbj','BBkm')) ORDER BY VALUE ASC",
 "sqlResult": "{53} || {94}",
 "nlq": "What are the numbers ordered by increasing values of AAqr students in BBbj or BBkm schools?"},
{"name": "template 14",
 "sql": "SELECT BB FROM DBdata WHERE (AA IN ('Non-AAqr')) AND Value > 70.75",
 "sqlResult": "{BBkm}",
 "nlq": "What is the BB for which the number of Non-AAqr students is greater than 70.75?"},
{"name": "template 15",
 "sql": "SELECT BB,Value FROM DBdata WHERE (AA IN ('AAqr')) AND (BB) IN (SELECT BB FROM DBdata WHERE (AA IN ('Non-AAqr')) AND Value > 70.75)",
 "sqlResult": "{BBkm | 94}",
 "nlq": "What is the number of AAqr students in BB for which the number of Non-AAqr students is greater than 70.75? Please, report the corresponding BB and number of students."}]
}

