{
"filename": "Number_of_students_set78_5_DB.csv",
"questions": [{"name": "template 1",
 "sql": "SELECT Value FROM DBdata WHERE ((Nationality = 'Qatari' AND Year = '2016/2017')) AND (School_type IN ('Private'))",
 "sqlResult": "{51}",
 "nlq": "What is the number of Qatari students in Private schools in 2016/2017?"},
{"name": "template 2",
 "sql": "SELECT Value FROM DBdata WHERE ((Nationality = 'Qatari' AND Year = '2016/2017')) AND (School_type IN ('Government','Private'))",
 "sqlResult": "{8} || {51}",
 "nlq": "What is the number of Qatari students in Government or Private schools in 2016/2017?"},
{"name": "template 3",
 "sql": "SELECT Value FROM DBdata WHERE ((Nationality = 'Qatari' AND Year = '2016/2017') OR (Nationality = 'Non-Qatari' AND Year = '2016/2017') OR (Nationality = 'Qatari' AND Year = '2017/2018') OR (Nationality = 'Non-Qatari' AND Year = '2017/2018')) AND (School_type IN ('Government'))",
 "sqlResult": "{8} || {58} || {12} || {92}",
 "nlq": "What is the number of Non-Qatari or Qatari students in Government schools in 2016/2017 or 2017/2018?"},
{"name": "template 4",
 "sql": "SELECT sum(Value),avg(Value) FROM DBdata WHERE ((Nationality = 'Qatari' AND Year = '2016/2017') OR (Nationality = 'Qatari' AND Year = '2017/2018') OR (Nationality = 'Non-Qatari' AND Year = '2017/2018')) AND (School_type IN ('Government'))",
 "sqlResult": "{112 | 37.33}",
 "nlq": "What are the total and average numbers of Qatari students in Government schools in 2016/2017 or 2017/2018 or of Non-Qatari students in Government schools in 2017/2018?"},
{"name": "template 6",
 "sql": "SELECT Value FROM DBdata WHERE ((Nationality = 'Qatari' AND Year = '2016/2017') OR (Nationality = 'Non-Qatari' AND Year = '2016/2017') OR (Nationality = 'Qatari' AND Year = '2017/2018') OR (Nationality = 'Non-Qatari' AND Year = '2017/2018')) AND (School_type IN ('Government','Private'))",
 "sqlResult": "{8} || {58} || {12} || {92} || {51} || {32} || {20} || {83}",
 "nlq": "What is the number of Non-Qatari or Qatari students in Government or Private schools in 2016/2017 or 2017/2018?"},
{"name": "template 7",
 "sql": "SELECT avg(Value),max(Value) FROM DBdata WHERE ((Nationality = 'Qatari' AND Year = '2016/2017')) AND (School_type IN ('Government','Private'))",
 "sqlResult": "{29.5 | 51}",
 "nlq": "What are the average and maximum numbers of Qatari students in Government or Private schools in 2016/2017?"},
{"name": "template 8",
 "sql": "SELECT Nationality,Year,max(Value),avg(Value) FROM DBdata WHERE ((Nationality = 'Qatari' AND Year = '2016/2017') OR (Nationality = 'Non-Qatari' AND Year = '2016/2017')) AND (School_type IN ('Government','Private')) GROUP BY Nationality,Year",
 "sqlResult": "{Non-Qatari | 2016/2017 | 58 | 45} || {Qatari | 2016/2017 | 51 | 29.5}",
 "nlq": "What are the maximum and average numbers for each Nationality and Year, of Non-Qatari or Qatari students in Government or Private schools in 2016/2017? Please, report the corresponding Nationality and Year."},
{"name": "template 9",
 "sql": "SELECT min(Value) FROM DBdata WHERE ((Nationality = 'Qatari' AND Year = '2016/2017')) AND (School_type IN ('Government','Private')) GROUP BY School_type",
 "sqlResult": "{8} || {51}",
 "nlq": "What is the minimum number for each School type, of Qatari students in Government or Private schools in 2016/2017?"},
{"name": "template 10",
 "sql": "SELECT School_type,sum(Value) FROM DBdata WHERE ((Nationality = 'Qatari' AND Year = '2017/2018')) AND (School_type IN ('Government','Private')) GROUP BY School_type",
 "sqlResult": "{Government | 12} || {Private | 20}",
 "nlq": "What is the total number for each School type, of Qatari students in Government or Private schools in 2017/2018? Please, report the corresponding School type."},
{"name": "template 11",
 "sql": "SELECT School_type,Nationality,Year,min(Value) FROM DBdata WHERE ((Nationality = 'Qatari' AND Year = '2016/2017') OR (Nationality = 'Non-Qatari' AND Year = '2016/2017') OR (Nationality = 'Qatari' AND Year = '2017/2018')) AND (School_type IN ('Government','Private')) GROUP BY School_type,Nationality,Year",
 "sqlResult": "{Government | Non-Qatari | 2016/2017 | 58} || {Government | Qatari | 2016/2017 | 8} || {Government | Qatari | 2017/2018 | 12} || {Private | Non-Qatari | 2016/2017 | 32} || {Private | Qatari | 2016/2017 | 51} || {Private | Qatari | 2017/2018 | 20}",
 "nlq": "What is the minimum number for each School type, Nationality, and Year, of Non-Qatari or Qatari students in Government or Private schools in 2016/2017 or of Qatari students in Government or Private schools in 2017/2018? Please, report the corresponding School type, Nationality, and Year."},
{"name": "template 12",
 "sql": "SELECT Value FROM DBdata WHERE ((Nationality = 'Qatari' AND Year = '2017/2018')) AND (School_type IN ('Government','Private')) ORDER BY VALUE ASC LIMIT 2",
 "sqlResult": "{12} || {20}",
 "nlq": "What are the bottom 2 numbers of Qatari students in Government or Private schools in 2017/2018?"},
{"name": "template 13",
 "sql": "SELECT Value FROM DBdata WHERE ((Nationality = 'Non-Qatari' AND Year = '2017/2018')) AND (School_type IN ('Government','Private')) ORDER BY VALUE ASC",
 "sqlResult": "{83} || {92}",
 "nlq": "What are the numbers ordered by increasing values of Non-Qatari students in Government or Private schools in 2017/2018?"},
{"name": "template 14",
 "sql": "SELECT School_type FROM DBdata WHERE ((Nationality = 'Non-Qatari' AND Year = '2017/2018')) AND Value > 44.5",
 "sqlResult": "{Government} || {Private}",
 "nlq": "What is the School type for which the number of Non-Qatari students in 2017/2018 is greater than 44.5?"},
{"name": "template 15",
 "sql": "SELECT School_type,Value FROM DBdata WHERE ((Nationality = 'Qatari' AND Year = '2016/2017')) AND (School_type) IN (SELECT School_type FROM DBdata WHERE ((Nationality = 'Non-Qatari' AND Year = '2017/2018')) AND Value > 44.5)",
 "sqlResult": "{Government | 8} || {Private | 51}",
 "nlq": "What is the number of Qatari students in 2016/2017 in School type for which the number of Non-Qatari students in 2017/2018 is greater than 44.5? Please, report the corresponding School type and number of students."}]
}
