{
"filename": "Number_of_students_set91_5_DB.csv",
"questions": [{"name": "template 1",
 "sql": "SELECT Value FROM DBdata WHERE ((AA = 'AAgp' AND BB = 'BBhq')) AND (CC IN ('CCfg'))",
 "sqlResult": "{29}",
 "nlq": "What is the number of AAgp students in CCfg schools in BBhq?"},
{"name": "template 2",
 "sql": "SELECT Value FROM DBdata WHERE ((AA = 'AAgp' AND BB = 'BBhq')) AND (CC IN ('CCxy'))",
 "sqlResult": "{52}",
 "nlq": "What is the number of AAgp students in CCxy schools in BBhq?"},
{"name": "template 3",
 "sql": "SELECT Value FROM DBdata WHERE ((AA = 'Non-AAgp' AND BB = 'BBbn') OR (AA = 'Non-AAgp' AND BB = 'BBqw')) AND (CC IN ('CCxy'))",
 "sqlResult": "{59} || {79}",
 "nlq": "What is the number of Non-AAgp students in CCxy schools in BBbn or BBqw?"},
{"name": "template 4",
 "sql": "SELECT min(Value),max(Value) FROM DBdata WHERE ((AA = 'Non-AAgp' AND BB = 'BBnr') OR (AA = 'AAgp' AND BB = 'BBbn') OR (AA = 'Non-AAgp' AND BB = 'BBbn') OR (AA = 'Non-AAgp' AND BB = 'BBhq') OR (AA = 'AAgp' AND BB = 'BBqw') OR (AA = 'Non-AAgp' AND BB = 'BBqw')) AND (CC IN ('CCxy'))",
 "sqlResult": "{23 | 92}",
 "nlq": "What are the minimum and maximum numbers of Non-AAgp students in CCxy schools in BBnr, BBbn, BBhq, or BBqw or of AAgp students in CCxy schools in BBbn or BBqw?"},
{"name": "template 5",
 "sql": "SELECT sum(Value) FROM DBdata WHERE (AA IN ('AAgp','Non-AAgp')) AND (CC IN ('CCxy'))",
 "sqlResult": "{550}",
 "nlq": "What is the total number of Non-AAgp or AAgp students in CCxy schools?"},
{"name": "template 6",
 "sql": "SELECT Value FROM DBdata WHERE ((AA = 'Non-AAgp' AND BB = 'BBnr') OR (AA = 'AAgp' AND BB = 'BBbn')) AND (CC IN ('CCfg'))",
 "sqlResult": "{40} || {43}",
 "nlq": "What is the number of Non-AAgp students in CCfg schools in BBnr or of AAgp students in CCfg schools in BBbn?"},
{"name": "template 7",
 "sql": "SELECT min(Value),avg(Value) FROM DBdata WHERE ((AA = 'AAgp' AND BB = 'BBnr')) AND (CC IN ('CCfg','CCxy'))",
 "sqlResult": "{93 | 96.5}",
 "nlq": "What are the minimum and average numbers of AAgp students in CCfg or CCxy schools in BBnr?"},
{"name": "template 8",
 "sql": "SELECT AA,BB,avg(Value),sum(Value) FROM DBdata WHERE ((AA = 'AAgp' AND BB = 'BBnr') OR (AA = 'Non-AAgp' AND BB = 'BBnr') OR (AA = 'AAgp' AND BB = 'BBbn') OR (AA = 'Non-AAgp' AND BB = 'BBhq') OR (AA = 'AAgp' AND BB = 'BBqw')) AND (CC IN ('CCxy')) GROUP BY AA,BB",
 "sqlResult": "{Non-AAgp | BBnr | 23 | 23} || {Non-AAgp | BBhq | 77 | 77} || {AAgp | BBnr | 93 | 93} || {AAgp | BBbn | 92 | 92} || {AAgp | BBqw | 75 | 75}",
 "nlq": "What are the average and total numbers for each AA and BB, of AAgp students in CCxy schools in BBnr, BBbn, or BBqw or of Non-AAgp students in CCxy schools in BBnr or BBhq? Please, report the corresponding AA and BB."},
{"name": "template 9",
 "sql": "SELECT min(Value) FROM DBdata WHERE ((AA = 'Non-AAgp' AND BB = 'BBqw')) AND (CC IN ('CCfg','CCxy')) GROUP BY CC",
 "sqlResult": "{46} || {79}",
 "nlq": "What is the minimum number for each CC, of Non-AAgp students in CCfg or CCxy schools in BBqw?"},
{"name": "template 10",
 "sql": "SELECT CC,max(Value) FROM DBdata WHERE ((AA = 'Non-AAgp' AND BB = 'BBqw')) AND (CC IN ('CCfg','CCxy')) GROUP BY CC",
 "sqlResult": "{CCfg | 46} || {CCxy | 79}",
 "nlq": "What is the maximum number for each CC, of Non-AAgp students in CCfg or CCxy schools in BBqw? Please, report the corresponding CC."},
{"name": "template 11",
 "sql": "SELECT CC,AA,BB,avg(Value) FROM DBdata WHERE ((AA = 'Non-AAgp' AND BB = 'BBhq') OR (AA = 'AAgp' AND BB = 'BBqw')) AND (CC IN ('CCfg','CCxy')) GROUP BY CC,AA,BB",
 "sqlResult": "{CCfg | Non-AAgp | BBhq | 97} || {CCfg | AAgp | BBqw | 66} || {CCxy | Non-AAgp | BBhq | 77} || {CCxy | AAgp | BBqw | 75}",
 "nlq": "What is the average number for each CC, AA, and BB, of Non-AAgp students in CCfg or CCxy schools in BBhq or of AAgp students in CCfg or CCxy schools in BBqw? Please, report the corresponding CC, AA, and BB."},
{"name": "template 12",
 "sql": "SELECT Value FROM DBdata WHERE ((AA = 'Non-AAgp' AND BB = 'BBnr')) AND (CC IN ('CCfg','CCxy')) ORDER BY VALUE ASC LIMIT 2",
 "sqlResult": "{23} || {40}",
 "nlq": "What are the bottom 2 numbers of Non-AAgp students in CCfg or CCxy schools in BBnr?"},
{"name": "template 13",
 "sql": "SELECT Value FROM DBdata WHERE ((AA = 'Non-AAgp' AND BB = 'BBqw')) AND (CC IN ('CCfg','CCxy')) ORDER BY VALUE ASC",
 "sqlResult": "{46} || {79}",
 "nlq": "What are the numbers ordered by increasing values of Non-AAgp students in CCfg or CCxy schools in BBqw?"},
{"name": "template 14",
 "sql": "SELECT CC FROM DBdata WHERE ((AA = 'Non-AAgp' AND BB = 'BBnr')) AND Value < 63.5",
 "sqlResult": "{CCfg} || {CCxy}",
 "nlq": "What is the CC for which the number of Non-AAgp students in BBnr is lower than 63.5?"},
{"name": "template 15",
 "sql": "SELECT CC,Value FROM DBdata WHERE ((AA = 'AAgp' AND BB = 'BBhq')) AND (CC) IN (SELECT CC FROM DBdata WHERE ((AA = 'Non-AAgp' AND BB = 'BBnr')) AND Value < 63.5)",
 "sqlResult": "{CCfg | 29} || {CCxy | 52}",
 "nlq": "What is the number of AAgp students in BBhq in CC for which the number of Non-AAgp students in BBnr is lower than 63.5? Please, report the corresponding CC and number of students."}]
}

