{
"filename": "Number_of_students_set73_2_DB.csv",
"questions": [{"name": "template 1",
 "sql": "SELECT Value FROM DBdata WHERE ((Nationality = 'Non-Qatari' AND Year = '2017/2018')) AND (School_type IN ('Private'))",
 "sqlResult": "{58}",
 "nlq": "What is the number of Non-Qatari students in Private schools in 2017/2018?"},
{"name": "template 2",
 "sql": "SELECT Value FROM DBdata WHERE ((Nationality = 'Qatari' AND Year = '2017/2018')) AND (School_type IN ('Private'))",
 "sqlResult": "{7}",
 "nlq": "What is the number of Qatari students in Private schools in 2017/2018?"},
{"name": "template 3",
 "sql": "SELECT Value FROM DBdata WHERE ((Nationality = 'Qatari' AND Year = '2017/2018') OR (Nationality = 'Non-Qatari' AND Year = '2017/2018') OR (Nationality = 'Non-Qatari' AND Year = '2018/2019')) AND (School_type IN ('Government'))",
 "sqlResult": "{26} || {21} || {30}",
 "nlq": "What is the number of Non-Qatari or Qatari students in Government schools in 2017/2018 or of Non-Qatari students in Government schools in 2018/2019?"},
{"name": "template 4",
 "sql": "SELECT avg(Value),sum(Value) FROM DBdata WHERE ((Nationality = 'Qatari' AND Year = '2015/2016') OR (Nationality = 'Non-Qatari' AND Year = '2015/2016') OR (Nationality = 'Qatari' AND Year = '2016/2017') OR (Nationality = 'Non-Qatari' AND Year = '2016/2017') OR (Nationality = 'Qatari' AND Year = '2017/2018') OR (Nationality = 'Non-Qatari' AND Year = '2017/2018') OR (Nationality = 'Qatari' AND Year = '2018/2019') OR (Nationality = 'Non-Qatari' AND Year = '2018/2019')) AND (School_type IN ('Private'))",
 "sqlResult": "{33.62 | 269}",
 "nlq": "What are the average and total numbers of Non-Qatari or Qatari students in Private schools in 2015/2016, 2016/2017, 2017/2018, or 2018/2019?"},
{"name": "template 6",
 "sql": "SELECT Value FROM DBdata WHERE ((Nationality = 'Non-Qatari' AND Year = '2015/2016') OR (Nationality = 'Qatari' AND Year = '2017/2018') OR (Nationality = 'Non-Qatari' AND Year = '2018/2019')) AND (School_type IN ('Government'))",
 "sqlResult": "{63} || {26} || {30}",
 "nlq": "What is the number of Non-Qatari students in Government schools in 2015/2016 or 2018/2019 or of Qatari students in Government schools in 2017/2018?"},
{"name": "template 7",
 "sql": "SELECT sum(Value),avg(Value) FROM DBdata WHERE ((Nationality = 'Qatari' AND Year = '2017/2018')) AND (School_type IN ('Government','Private'))",
 "sqlResult": "{33 | 16.5}",
 "nlq": "What are the total and average numbers of Qatari students in Government or Private schools in 2017/2018?"},
{"name": "template 8",
 "sql": "SELECT Nationality,Year,max(Value),sum(Value) FROM DBdata WHERE ((Nationality = 'Qatari' AND Year = '2016/2017') OR (Nationality = 'Non-Qatari' AND Year = '2016/2017') OR (Nationality = 'Non-Qatari' AND Year = '2017/2018') OR (Nationality = 'Non-Qatari' AND Year = '2018/2019')) AND (School_type IN ('Government')) GROUP BY Nationality,Year",
 "sqlResult": "{Non-Qatari | 2016/2017 | 17 | 17} || {Non-Qatari | 2017/2018 | 21 | 21} || {Non-Qatari | 2018/2019 | 30 | 30} || {Qatari | 2016/2017 | 34 | 34}",
 "nlq": "What are the maximum and total numbers for each Nationality and Year, of Non-Qatari or Qatari students in Government schools in 2016/2017 or of Non-Qatari students in Government schools in 2017/2018 or 2018/2019? Please, report the corresponding Nationality and Year."},
{"name": "template 9",
 "sql": "SELECT min(Value) FROM DBdata WHERE ((Nationality = 'Non-Qatari' AND Year = '2015/2016')) AND (School_type IN ('Government','Private')) GROUP BY School_type",
 "sqlResult": "{63} || {65}",
 "nlq": "What is the minimum number for each School type, of Non-Qatari students in Government or Private schools in 2015/2016?"},
{"name": "template 10",
 "sql": "SELECT School_type,min(Value) FROM DBdata WHERE ((Nationality = 'Qatari' AND Year = '2016/2017')) AND (School_type IN ('Government','Private')) GROUP BY School_type",
 "sqlResult": "{Government | 34} || {Private | 25}",
 "nlq": "What is the minimum number for each School type, of Qatari students in Government or Private schools in 2016/2017? Please, report the corresponding School type."},
{"name": "template 11",
 "sql": "SELECT School_type,Nationality,Year,min(Value) FROM DBdata WHERE ((Nationality = 'Qatari' AND Year = '2016/2017') OR (Nationality = 'Non-Qatari' AND Year = '2017/2018') OR (Nationality = 'Qatari' AND Year = '2018/2019')) AND (School_type IN ('Government','Private')) GROUP BY School_type,Nationality,Year",
 "sqlResult": "{Government | Non-Qatari | 2017/2018 | 21} || {Government | Qatari | 2016/2017 | 34} || {Government | Qatari | 2018/2019 | 73} || {Private | Non-Qatari | 2017/2018 | 58} || {Private | Qatari | 2016/2017 | 25} || {Private | Qatari | 2018/2019 | 57}",
 "nlq": "What is the minimum number for each School type, Nationality, and Year, of Qatari students in Government or Private schools in 2016/2017 or 2018/2019 or of Non-Qatari students in Government or Private schools in 2017/2018? Please, report the corresponding School type, Nationality, and Year."},
{"name": "template 12",
 "sql": "SELECT Value FROM DBdata WHERE ((Nationality = 'Non-Qatari' AND Year = '2017/2018')) AND (School_type IN ('Government','Private')) ORDER BY VALUE ASC LIMIT 2",
 "sqlResult": "{21} || {58}",
 "nlq": "What are the bottom 2 numbers of Non-Qatari students in Government or Private schools in 2017/2018?"},
{"name": "template 13",
 "sql": "SELECT Value FROM DBdata WHERE ((Nationality = 'Non-Qatari' AND Year = '2018/2019')) AND (School_type IN ('Government','Private')) ORDER BY VALUE DESC",
 "sqlResult": "{30} || {19}",
 "nlq": "What are the numbers ordered by decreasing values of Non-Qatari students in Government or Private schools in 2018/2019?"},
{"name": "template 14",
 "sql": "SELECT School_type FROM DBdata WHERE ((Nationality = 'Qatari' AND Year = '2017/2018')) AND Value < 33.88",
 "sqlResult": "{Government} || {Private}",
 "nlq": "What is the School type for which the number of Qatari students in 2017/2018 is lower than 33.88?"},
{"name": "template 15",
 "sql": "SELECT School_type,Value FROM DBdata WHERE ((Nationality = 'Non-Qatari' AND Year = '2016/2017')) AND (School_type) IN (SELECT School_type FROM DBdata WHERE ((Nationality = 'Qatari' AND Year = '2017/2018')) AND Value < 33.88)",
 "sqlResult": "{Government | 17} || {Private | 38}",
 "nlq": "What is the number of Non-Qatari students in 2016/2017 in School type for which the number of Qatari students in 2017/2018 is lower than 33.88? Please, report the corresponding School type and number of students."}]
}
