{
"filename": "Number_of_students_set92_3_DB.csv",
"questions": [{"name": "template 1",
 "sql": "SELECT Value FROM DBdata WHERE ((BB = 'BBqr' AND AA = 'Non-AAcz')) AND (CC IN ('CCgl'))",
 "sqlResult": "{19}",
 "nlq": "What is the number of Non-AAcz students in CCgl schools in BBqr?"},
{"name": "template 2",
 "sql": "SELECT Value FROM DBdata WHERE ((BB = 'BBkm' AND AA = 'Non-AAcz')) AND (CC IN ('CCbf'))",
 "sqlResult": "{1}",
 "nlq": "What is the number of Non-AAcz students in CCbf schools in BBkm?"},
{"name": "template 3",
 "sql": "SELECT Value FROM DBdata WHERE ((BB = 'BBkm' AND AA = 'Non-AAcz') OR (BB = 'BBqr' AND AA = 'AAcz') OR (BB = 'BBqr' AND AA = 'Non-AAcz') OR (BB = 'BBhj' AND AA = 'AAcz') OR (BB = 'BBhj' AND AA = 'Non-AAcz')) AND (CC IN ('CCbf'))",
 "sqlResult": "{1} || {38} || {31} || {63} || {34}",
 "nlq": "What is the number of Non-AAcz students in CCbf schools in BBkm, BBqr, or BBhj or of AAcz students in CCbf schools in BBqr or BBhj?"},
{"name": "template 4",
 "sql": "SELECT avg(Value),min(Value) FROM DBdata WHERE ((BB = 'BBkm' AND AA = 'AAcz') OR (BB = 'BBkm' AND AA = 'Non-AAcz') OR (BB = 'BBqr' AND AA = 'Non-AAcz') OR (BB = 'BBhj' AND AA = 'Non-AAcz')) AND (CC IN ('CCgl'))",
 "sqlResult": "{45 | 19}",
 "nlq": "What are the average and minimum numbers of Non-AAcz or AAcz students in CCgl schools in BBkm or of Non-AAcz students in CCgl schools in BBqr or BBhj?"},
{"name": "template 5",
 "sql": "SELECT sum(Value) FROM DBdata WHERE (BB IN ('BBkm','BBqr','BBhj')) AND (CC IN ('CCgl'))",
 "sqlResult": "{215}",
 "nlq": "What is the total number of students in CCgl schools in BBkm, BBqr, or BBhj?"},
{"name": "template 6",
 "sql": "SELECT Value FROM DBdata WHERE ((BB = 'BBkm' AND AA = 'AAcz') OR (BB = 'BBkm' AND AA = 'Non-AAcz') OR (BB = 'BBqr' AND AA = 'AAcz') OR (BB = 'BBqr' AND AA = 'Non-AAcz') OR (BB = 'BBhj' AND AA = 'AAcz')) AND (CC IN ('CCbf'))",
 "sqlResult": "{71} || {1} || {38} || {31} || {63}",
 "nlq": "What is the number of AAcz students in CCbf schools in BBkm, BBqr, or BBhj or of Non-AAcz students in CCbf schools in BBkm or BBqr?"},
{"name": "template 7",
 "sql": "SELECT sum(Value),avg(Value) FROM DBdata WHERE ((BB = 'BBkm' AND AA = 'AAcz')) AND (CC IN ('CCgl'))",
 "sqlResult": "{22 | 22}",
 "nlq": "What are the total and average numbers of AAcz students in CCgl schools in BBkm?"},
{"name": "template 8",
 "sql": "SELECT BB,AA,max(Value),avg(Value) FROM DBdata WHERE ((BB = 'BBkm' AND AA = 'AAcz') OR (BB = 'BBkm' AND AA = 'Non-AAcz') OR (BB = 'BBqr' AND AA = 'AAcz') OR (BB = 'BBqr' AND AA = 'Non-AAcz')) AND (CC IN ('CCbf','CCgl')) GROUP BY BB,AA",
 "sqlResult": "{BBkm | Non-AAcz | 49 | 25} || {BBkm | AAcz | 71 | 46.5} || {BBqr | Non-AAcz | 31 | 25} || {BBqr | AAcz | 38 | 35.5}",
 "nlq": "What are the maximum and average numbers for each BB and AA, of Non-AAcz or AAcz students in CCbf or CCgl schools in BBkm or BBqr? Please, report the corresponding BB and AA."},
{"name": "template 9",
 "sql": "SELECT min(Value) FROM DBdata WHERE ((BB = 'BBqr' AND AA = 'AAcz')) AND (CC IN ('CCbf','CCgl')) GROUP BY CC",
 "sqlResult": "{38} || {33}",
 "nlq": "What is the minimum number for each CC, of AAcz students in CCbf or CCgl schools in BBqr?"},
{"name": "template 10",
 "sql": "SELECT CC,sum(Value) FROM DBdata WHERE ((BB = 'BBkm' AND AA = 'Non-AAcz')) AND (CC IN ('CCbf','CCgl')) GROUP BY CC",
 "sqlResult": "{CCbf | 1} || {CCgl | 49}",
 "nlq": "What is the total number for each CC, of Non-AAcz students in CCbf or CCgl schools in BBkm? Please, report the corresponding CC."},
{"name": "template 11",
 "sql": "SELECT CC,BB,AA,sum(Value) FROM DBdata WHERE ((BB = 'BBkm' AND AA = 'AAcz') OR (BB = 'BBkm' AND AA = 'Non-AAcz')) AND (CC IN ('CCbf','CCgl')) GROUP BY CC,BB,AA",
 "sqlResult": "{CCbf | BBkm | Non-AAcz | 1} || {CCbf | BBkm | AAcz | 71} || {CCgl | BBkm | Non-AAcz | 49} || {CCgl | BBkm | AAcz | 22}",
 "nlq": "What is the total number for each CC, BB, and AA, of Non-AAcz or AAcz students in CCbf or CCgl schools in BBkm? Please, report the corresponding CC, BB, and AA."},
{"name": "template 12",
 "sql": "SELECT Value FROM DBdata WHERE ((BB = 'BBqr' AND AA = 'Non-AAcz')) AND (CC IN ('CCbf','CCgl')) ORDER BY VALUE DESC LIMIT 2",
 "sqlResult": "{31} || {19}",
 "nlq": "What are the top 2 numbers of Non-AAcz students in CCbf or CCgl schools in BBqr?"},
{"name": "template 13",
 "sql": "SELECT Value FROM DBdata WHERE ((BB = 'BBkm' AND AA = 'AAcz')) AND (CC IN ('CCbf','CCgl')) ORDER BY VALUE ASC",
 "sqlResult": "{22} || {71}",
 "nlq": "What are the numbers ordered by increasing values of AAcz students in CCbf or CCgl schools in BBkm?"},
{"name": "template 14",
 "sql": "SELECT CC FROM DBdata WHERE ((BB = 'BBhj' AND AA = 'AAcz')) AND Value < 37.75",
 "sqlResult": "{CCgl}",
 "nlq": "What is the CC for which the number of AAcz students in BBhj is lower than 37.75?"},
{"name": "template 15",
 "sql": "SELECT CC,Value FROM DBdata WHERE ((BB = 'BBqr' AND AA = 'AAcz')) AND (CC) IN (SELECT CC FROM DBdata WHERE ((BB = 'BBhj' AND AA = 'AAcz')) AND Value < 37.75)",
 "sqlResult": "{CCgl | 33}",
 "nlq": "What is the number of AAcz students in BBqr in CC for which the number of AAcz students in BBhj is lower than 37.75? Please, report the corresponding CC and number of students."}]
}

