{
"filename": "Number_of_students_set1_2_DB.csv",
"questions": [{"name": "template 1",
 "sql": "SELECT Value FROM DBdata WHERE (Nationality IN ('Qatari')) AND (School_type IN ('Government'))",
 "sqlResult": "{67}",
 "nlq": "What is the number of Qatari students in Government schools?"},
{"name": "template 2",
 "sql": "SELECT Value FROM DBdata WHERE (Nationality IN ('Non-Qatari')) AND (School_type IN ('Government'))",
 "sqlResult": "{26}",
 "nlq": "What is the number of Non-Qatari students in Government schools?"},
{"name": "template 3",
 "sql": "SELECT Value FROM DBdata WHERE (Nationality IN ('Qatari','Non-Qatari')) AND (School_type IN ('Government'))",
 "sqlResult": "{67} || {26}",
 "nlq": "What is the number of Non-Qatari or Qatari students in Government schools?"},
{"name": "template 4",
 "sql": "SELECT sum(Value),min(Value) FROM DBdata WHERE (Nationality IN ('Qatari')) AND (School_type IN ('Private'))",
 "sqlResult": "{94 | 94}",
 "nlq": "What are the total and minimum numbers of Qatari students in Private schools?"},
{"name": "template 6",
 "sql": "SELECT Value FROM DBdata WHERE (Nationality IN ('Qatari')) AND (School_type IN ('Private'))",
 "sqlResult": "{94}",
 "nlq": "What is the number of Qatari students in Private schools?"},
{"name": "template 7",
 "sql": "SELECT avg(Value),max(Value) FROM DBdata WHERE (Nationality IN ('Non-Qatari')) AND (School_type IN ('Government'))",
 "sqlResult": "{26 | 26}",
 "nlq": "What are the average and maximum numbers of Non-Qatari students in Government schools?"},
{"name": "template 8",
 "sql": "SELECT Nationality,min(Value),sum(Value) FROM DBdata WHERE (Nationality IN ('Qatari')) AND (School_type IN ('Government','Private')) GROUP BY Nationality",
 "sqlResult": "{Qatari | 67 | 161}",
 "nlq": "What are the minimum and total numbers for each Nationality, of Qatari students in Government or Private schools? Please, report the corresponding Nationality."},
{"name": "template 9",
 "sql": "SELECT min(Value) FROM DBdata WHERE (Nationality IN ('Qatari')) AND (School_type IN ('Government','Private')) GROUP BY School_type",
 "sqlResult": "{67} || {94}",
 "nlq": "What is the minimum number for each School type, of Qatari students in Government or Private schools?"},
{"name": "template 10",
 "sql": "SELECT School_type,sum(Value) FROM DBdata WHERE (Nationality IN ('Qatari')) AND (School_type IN ('Government','Private')) GROUP BY School_type",
 "sqlResult": "{Government | 67} || {Private | 94}",
 "nlq": "What is the total number for each School type, of Qatari students in Government or Private schools? Please, report the corresponding School type."},
{"name": "template 11",
 "sql": "SELECT School_type,Nationality,max(Value) FROM DBdata WHERE (Nationality IN ('Non-Qatari')) AND (School_type IN ('Government','Private')) GROUP BY School_type,Nationality",
 "sqlResult": "{Government | Non-Qatari | 26} || {Private | Non-Qatari | 16}",
 "nlq": "What is the maximum number for each School type and Nationality, of Non-Qatari students in Government or Private schools? Please, report the corresponding School type and Nationality."},
{"name": "template 12",
 "sql": "SELECT Value FROM DBdata WHERE (Nationality IN ('Qatari')) AND (School_type IN ('Government','Private')) ORDER BY VALUE DESC LIMIT 2",
 "sqlResult": "{94} || {67}",
 "nlq": "What are the top 2 numbers of Qatari students in Government or Private schools?"},
{"name": "template 13",
 "sql": "SELECT Value FROM DBdata WHERE (Nationality IN ('Non-Qatari')) AND (School_type IN ('Government','Private')) ORDER BY VALUE DESC",
 "sqlResult": "{26} || {16}",
 "nlq": "What are the numbers ordered by decreasing values of Non-Qatari students in Government or Private schools?"},
{"name": "template 14",
 "sql": "SELECT School_type FROM DBdata WHERE (Nationality IN ('Non-Qatari')) AND Value < 50.75",
 "sqlResult": "{Government} || {Private}",
 "nlq": "What is the School type for which the number of Non-Qatari students is lower than 50.75?"},
{"name": "template 15",
 "sql": "SELECT School_type,Value FROM DBdata WHERE (Nationality IN ('Qatari')) AND (School_type) IN (SELECT School_type FROM DBdata WHERE (Nationality IN ('Non-Qatari')) AND Value < 50.75)",
 "sqlResult": "{Government | 67} || {Private | 94}",
 "nlq": "What is the number of Qatari students in School type for which the number of Non-Qatari students is lower than 50.75? Please, report the corresponding School type and number of students."}]
}
