{
"filename": "Number_of_students_set84_1_DB.csv",
"questions": [{"name": "template 1",
 "sql": "SELECT Value FROM DBdata WHERE ((Year = '2015/2016' AND Nationality = 'Non-Qatari')) AND (School_type IN ('Government'))",
 "sqlResult": "{7}",
 "nlq": "What is the number of Non-Qatari students in Government schools in 2015/2016?"},
{"name": "template 2",
 "sql": "SELECT Value FROM DBdata WHERE ((Year = '2015/2016' AND Nationality = 'Non-Qatari')) AND (School_type IN ('Government','Private'))",
 "sqlResult": "{7} || {73}",
 "nlq": "What is the number of Non-Qatari students in Government or Private schools in 2015/2016?"},
{"name": "template 3",
 "sql": "SELECT Value FROM DBdata WHERE ((Year = '2015/2016' AND Nationality = 'Qatari') OR (Year = '2016/2017' AND Nationality = 'Qatari') OR (Year = '2016/2017' AND Nationality = 'Non-Qatari') OR (Year = '2017/2018' AND Nationality = 'Qatari') OR (Year = '2017/2018' AND Nationality = 'Non-Qatari')) AND (School_type IN ('Private'))",
 "sqlResult": "{11} || {59} || {77} || {41} || {98}",
 "nlq": "What is the number of Qatari students in Private schools in 2015/2016, 2016/2017, or 2017/2018 or of Non-Qatari students in Private schools in 2016/2017 or 2017/2018?"},
{"name": "template 4",
 "sql": "SELECT min(Value),max(Value) FROM DBdata WHERE ((Year = '2015/2016' AND Nationality = 'Qatari') OR (Year = '2016/2017' AND Nationality = 'Qatari') OR (Year = '2016/2017' AND Nationality = 'Non-Qatari') OR (Year = '2017/2018' AND Nationality = 'Qatari') OR (Year = '2017/2018' AND Nationality = 'Non-Qatari')) AND (School_type IN ('Government'))",
 "sqlResult": "{51 | 99}",
 "nlq": "What are the minimum and maximum numbers of Qatari students in Government schools in 2015/2016, 2016/2017, or 2017/2018 or of Non-Qatari students in Government schools in 2016/2017 or 2017/2018?"},
{"name": "template 6",
 "sql": "SELECT Value FROM DBdata WHERE ((Year = '2015/2016' AND Nationality = 'Qatari') OR (Year = '2015/2016' AND Nationality = 'Non-Qatari')) AND (School_type IN ('Government','Private'))",
 "sqlResult": "{51} || {7} || {11} || {73}",
 "nlq": "What is the number of Non-Qatari or Qatari students in Government or Private schools in 2015/2016?"},
{"name": "template 7",
 "sql": "SELECT min(Value),sum(Value) FROM DBdata WHERE ((Year = '2015/2016' AND Nationality = 'Non-Qatari')) AND (School_type IN ('Private'))",
 "sqlResult": "{73 | 73}",
 "nlq": "What are the minimum and total numbers of Non-Qatari students in Private schools in 2015/2016?"},
{"name": "template 8",
 "sql": "SELECT Year,Nationality,avg(Value),sum(Value) FROM DBdata WHERE ((Year = '2015/2016' AND Nationality = 'Qatari') OR (Year = '2015/2016' AND Nationality = 'Non-Qatari') OR (Year = '2016/2017' AND Nationality = 'Non-Qatari') OR (Year = '2017/2018' AND Nationality = 'Non-Qatari')) AND (School_type IN ('Government','Private')) GROUP BY Year,Nationality",
 "sqlResult": "{2015/2016 | Non-Qatari | 40 | 80} || {2015/2016 | Qatari | 31 | 62} || {2016/2017 | Non-Qatari | 73 | 146} || {2017/2018 | Non-Qatari | 98.5 | 197}",
 "nlq": "What are the average and total numbers for each Year and Nationality, of Non-Qatari or Qatari students in Government or Private schools in 2015/2016 or of Non-Qatari students in Government or Private schools in 2016/2017 or 2017/2018? Please, report the corresponding Year and Nationality."},
{"name": "template 9",
 "sql": "SELECT min(Value) FROM DBdata WHERE ((Year = '2015/2016' AND Nationality = 'Qatari')) AND (School_type IN ('Government','Private')) GROUP BY School_type",
 "sqlResult": "{51} || {11}",
 "nlq": "What is the minimum number for each School type, of Qatari students in Government or Private schools in 2015/2016?"},
{"name": "template 10",
 "sql": "SELECT School_type,max(Value) FROM DBdata WHERE ((Year = '2017/2018' AND Nationality = 'Qatari')) AND (School_type IN ('Government','Private')) GROUP BY School_type",
 "sqlResult": "{Government | 83} || {Private | 41}",
 "nlq": "What is the maximum number for each School type, of Qatari students in Government or Private schools in 2017/2018? Please, report the corresponding School type."},
{"name": "template 11",
 "sql": "SELECT School_type,Year,Nationality,max(Value) FROM DBdata WHERE ((Year = '2015/2016' AND Nationality = 'Non-Qatari') OR (Year = '2017/2018' AND Nationality = 'Qatari')) AND (School_type IN ('Government','Private')) GROUP BY School_type,Year,Nationality",
 "sqlResult": "{Government | 2015/2016 | Non-Qatari | 7} || {Government | 2017/2018 | Qatari | 83} || {Private | 2015/2016 | Non-Qatari | 73} || {Private | 2017/2018 | Qatari | 41}",
 "nlq": "What is the maximum number for each School type, Year, and Nationality, of Non-Qatari students in Government or Private schools in 2015/2016 or of Qatari students in Government or Private schools in 2017/2018? Please, report the corresponding School type, Year, and Nationality."},
{"name": "template 12",
 "sql": "SELECT Value FROM DBdata WHERE ((Year = '2017/2018' AND Nationality = 'Non-Qatari')) AND (School_type IN ('Government','Private')) ORDER BY VALUE DESC LIMIT 2",
 "sqlResult": "{99} || {98}",
 "nlq": "What are the top 2 numbers of Non-Qatari students in Government or Private schools in 2017/2018?"},
{"name": "template 13",
 "sql": "SELECT Value FROM DBdata WHERE ((Year = '2016/2017' AND Nationality = 'Non-Qatari')) AND (School_type IN ('Government','Private')) ORDER BY VALUE ASC",
 "sqlResult": "{69} || {77}",
 "nlq": "What are the numbers ordered by increasing values of Non-Qatari students in Government or Private schools in 2016/2017?"},
{"name": "template 14",
 "sql": "SELECT School_type FROM DBdata WHERE ((Year = '2016/2017' AND Nationality = 'Qatari')) AND Value < 60.33",
 "sqlResult": "{Government} || {Private}",
 "nlq": "What is the School type for which the number of Qatari students in 2016/2017 is lower than 60.33?"},
{"name": "template 15",
 "sql": "SELECT School_type,Value FROM DBdata WHERE ((Year = '2017/2018' AND Nationality = 'Qatari')) AND (School_type) IN (SELECT School_type FROM DBdata WHERE ((Year = '2016/2017' AND Nationality = 'Qatari')) AND Value < 60.33)",
 "sqlResult": "{Government | 83} || {Private | 41}",
 "nlq": "What is the number of Qatari students in 2017/2018 in School type for which the number of Qatari students in 2016/2017 is lower than 60.33? Please, report the corresponding School type and number of students."}]
}
