Nationality,Year,School type,Value
Nationality,Year,School_type,Value
Qatari,2018/2019,Government,12
Non-Qatari,2018/2019,Government,16
Qatari,2019/2020,Government,40
Non-Qatari,2019/2020,Government,28
Qatari,2020/2021,Government,23
Non-Qatari,2020/2021,Government,42
Qatari,2021/2022,Government,27
Non-Qatari,2021/2022,Government,41
Qatari,2018/2019,Private,70
Non-Qatari,2018/2019,Private,5
Qatari,2019/2020,Private,25
Non-Qatari,2019/2020,Private,7
Qatari,2020/2021,Private,48
Non-Qatari,2020/2021,Private,93
Qatari,2021/2022,Private,84
Non-Qatari,2021/2022,Private,63
