{
"filename": "Number_of_students_set95_1_DB.csv",
"questions": [{"name": "template 1",
 "sql": "SELECT Value FROM DBdata WHERE ((Nationality = 'Qatari' AND Year = '2015/2016')) AND (School_type IN ('Private'))",
 "sqlResult": "{70}",
 "nlq": "What is the number of Qatari students in Private schools in 2015/2016?"},
{"name": "template 2",
 "sql": "SELECT Value FROM DBdata WHERE ((Nationality = 'Qatari' AND Year = '2015/2016')) AND (School_type IN ('Government','Private'))",
 "sqlResult": "{92} || {70}",
 "nlq": "What is the number of Qatari students in Government or Private schools in 2015/2016?"},
{"name": "template 3",
 "sql": "SELECT Value FROM DBdata WHERE ((Nationality = 'Non-Qatari' AND Year = '2015/2016') OR (Nationality = 'Qatari' AND Year = '2016/2017') OR (Nationality = 'Non-Qatari' AND Year = '2016/2017')) AND (School_type IN ('Government'))",
 "sqlResult": "{35} || {29} || {2}",
 "nlq": "What is the number of Non-Qatari students in Government schools in 2015/2016 or 2016/2017 or of Qatari students in Government schools in 2016/2017?"},
{"name": "template 4",
 "sql": "SELECT min(Value),avg(Value) FROM DBdata WHERE ((Nationality = 'Qatari' AND Year = '2015/2016') OR (Nationality = 'Qatari' AND Year = '2016/2017') OR (Nationality = 'Qatari' AND Year = '2017/2018')) AND (School_type IN ('Private'))",
 "sqlResult": "{38 | 52}",
 "nlq": "What are the minimum and average numbers of Qatari students in Private schools in 2015/2016, 2016/2017, or 2017/2018?"},
{"name": "template 5",
 "sql": "SELECT sum(Value) FROM DBdata WHERE Nationality = 'Non-Qatari' AND (Year IN ('2015/2016','2016/2017','2017/2018')) AND (School_type IN ('Private'))",
 "sqlResult": "{72}",
 "nlq": "What is the total number of Non-Qatari students in Private schools in 2015/2016, 2016/2017, or 2017/2018?"},
{"name": "template 6",
 "sql": "SELECT Value FROM DBdata WHERE ((Nationality = 'Non-Qatari' AND Year = '2015/2016') OR (Nationality = 'Qatari' AND Year = '2016/2017') OR (Nationality = 'Qatari' AND Year = '2017/2018')) AND (School_type IN ('Government','Private'))",
 "sqlResult": "{35} || {29} || {13} || {61} || {38} || {48}",
 "nlq": "What is the number of Non-Qatari students in Government or Private schools in 2015/2016 or of Qatari students in Government or Private schools in 2016/2017 or 2017/2018?"},
{"name": "template 7",
 "sql": "SELECT max(Value),min(Value) FROM DBdata WHERE ((Nationality = 'Non-Qatari' AND Year = '2017/2018')) AND (School_type IN ('Government','Private'))",
 "sqlResult": "{73 | 8}",
 "nlq": "What are the maximum and minimum numbers of Non-Qatari students in Government or Private schools in 2017/2018?"},
{"name": "template 8",
 "sql": "SELECT Nationality,Year,min(Value),sum(Value) FROM DBdata WHERE ((Nationality = 'Non-Qatari' AND Year = '2015/2016') OR (Nationality = 'Qatari' AND Year = '2016/2017') OR (Nationality = 'Non-Qatari' AND Year = '2016/2017')) AND (School_type IN ('Government','Private')) GROUP BY Nationality,Year",
 "sqlResult": "{Non-Qatari | 2015/2016 | 35 | 96} || {Non-Qatari | 2016/2017 | 2 | 5} || {Qatari | 2016/2017 | 29 | 67}",
 "nlq": "What are the minimum and total numbers for each Nationality and Year, of Non-Qatari students in Government or Private schools in 2015/2016 or of Non-Qatari or Qatari students in Government or Private schools in 2016/2017? Please, report the corresponding Nationality and Year."},
{"name": "template 9",
 "sql": "SELECT min(Value) FROM DBdata WHERE ((Nationality = 'Non-Qatari' AND Year = '2015/2016')) AND (School_type IN ('Government','Private')) GROUP BY School_type",
 "sqlResult": "{35} || {61}",
 "nlq": "What is the minimum number for each School type, of Non-Qatari students in Government or Private schools in 2015/2016?"},
{"name": "template 10",
 "sql": "SELECT School_type,avg(Value) FROM DBdata WHERE ((Nationality = 'Non-Qatari' AND Year = '2016/2017')) AND (School_type IN ('Government','Private')) GROUP BY School_type",
 "sqlResult": "{Government | 2} || {Private | 3}",
 "nlq": "What is the average number for each School type, of Non-Qatari students in Government or Private schools in 2016/2017? Please, report the corresponding School type."},
{"name": "template 11",
 "sql": "SELECT School_type,Nationality,Year,sum(Value) FROM DBdata WHERE ((Nationality = 'Non-Qatari' AND Year = '2015/2016') OR (Nationality = 'Qatari' AND Year = '2016/2017') OR (Nationality = 'Non-Qatari' AND Year = '2017/2018')) AND (School_type IN ('Government','Private')) GROUP BY School_type,Nationality,Year",
 "sqlResult": "{Government | Non-Qatari | 2015/2016 | 35} || {Government | Non-Qatari | 2017/2018 | 73} || {Government | Qatari | 2016/2017 | 29} || {Private | Non-Qatari | 2015/2016 | 61} || {Private | Non-Qatari | 2017/2018 | 8} || {Private | Qatari | 2016/2017 | 38}",
 "nlq": "What is the total number for each School type, Nationality, and Year, of Non-Qatari students in Government or Private schools in 2015/2016 or 2017/2018 or of Qatari students in Government or Private schools in 2016/2017? Please, report the corresponding School type, Nationality, and Year."},
{"name": "template 12",
 "sql": "SELECT Value FROM DBdata WHERE ((Nationality = 'Qatari' AND Year = '2016/2017')) AND (School_type IN ('Government','Private')) ORDER BY VALUE DESC LIMIT 2",
 "sqlResult": "{38} || {29}",
 "nlq": "What are the top 2 numbers of Qatari students in Government or Private schools in 2016/2017?"},
{"name": "template 13",
 "sql": "SELECT Value FROM DBdata WHERE ((Nationality = 'Non-Qatari' AND Year = '2016/2017')) AND (School_type IN ('Government','Private')) ORDER BY VALUE DESC",
 "sqlResult": "{3} || {2}",
 "nlq": "What are the numbers ordered by decreasing values of Non-Qatari students in Government or Private schools in 2016/2017?"},
{"name": "template 14",
 "sql": "SELECT School_type FROM DBdata WHERE ((Nationality = 'Qatari' AND Year = '2016/2017')) AND Value < 39.33",
 "sqlResult": "{Government} || {Private}",
 "nlq": "What is the School type for which the number of Qatari students in 2016/2017 is lower than 39.33?"},
{"name": "template 15",
 "sql": "SELECT School_type,Value FROM DBdata WHERE ((Nationality = 'Qatari' AND Year = '2017/2018')) AND (School_type) IN (SELECT School_type FROM DBdata WHERE ((Nationality = 'Qatari' AND Year = '2016/2017')) AND Value < 39.33)",
 "sqlResult": "{Government | 13} || {Private | 48}",
 "nlq": "What is the number of Qatari students in 2017/2018 in School type for which the number of Qatari students in 2016/2017 is lower than 39.33? Please, report the corresponding School type and number of students."}]
}
