{
"filename": "Number_of_students_set79_1_DB.csv",
"questions": [{"name": "template 1",
 "sql": "SELECT Value FROM DBdata WHERE ((Nationality = 'Qatari' AND Year = '2019/2020')) AND (School_type IN ('Private'))",
 "sqlResult": "{67}",
 "nlq": "What is the number of Qatari students in Private schools in 2019/2020?"},
{"name": "template 2",
 "sql": "SELECT Value FROM DBdata WHERE ((Nationality = 'Non-Qatari' AND Year = '2019/2020')) AND (School_type IN ('Private'))",
 "sqlResult": "{49}",
 "nlq": "What is the number of Non-Qatari students in Private schools in 2019/2020?"},
{"name": "template 3",
 "sql": "SELECT Value FROM DBdata WHERE ((Nationality = 'Qatari' AND Year = '2017/2018') OR (Nationality = 'Non-Qatari' AND Year = '2017/2018') OR (Nationality = 'Qatari' AND Year = '2018/2019') OR (Nationality = 'Non-Qatari' AND Year = '2019/2020') OR (Nationality = 'Qatari' AND Year = '2020/2021')) AND (School_type IN ('Government'))",
 "sqlResult": "{60} || {63} || {6} || {30} || {16}",
 "nlq": "What is the number of Qatari students in Government schools in 2017/2018, 2018/2019, or 2020/2021 or of Non-Qatari students in Government schools in 2017/2018 or 2019/2020?"},
{"name": "template 4",
 "sql": "SELECT min(Value),avg(Value) FROM DBdata WHERE ((Nationality = 'Non-Qatari' AND Year = '2017/2018') OR (Nationality = 'Qatari' AND Year = '2018/2019') OR (Nationality = 'Non-Qatari' AND Year = '2019/2020') OR (Nationality = 'Qatari' AND Year = '2020/2021') OR (Nationality = 'Non-Qatari' AND Year = '2020/2021')) AND (School_type IN ('Private'))",
 "sqlResult": "{35 | 49}",
 "nlq": "What are the minimum and average numbers of Non-Qatari students in Private schools in 2017/2018, 2019/2020, or 2020/2021 or of Qatari students in Private schools in 2018/2019 or 2020/2021?"},
{"name": "template 6",
 "sql": "SELECT Value FROM DBdata WHERE ((Nationality = 'Non-Qatari' AND Year = '2018/2019') OR (Nationality = 'Qatari' AND Year = '2019/2020') OR (Nationality = 'Non-Qatari' AND Year = '2019/2020') OR (Nationality = 'Qatari' AND Year = '2020/2021') OR (Nationality = 'Non-Qatari' AND Year = '2020/2021')) AND (School_type IN ('Government','Private'))",
 "sqlResult": "{52} || {84} || {30} || {16} || {26} || {99} || {67} || {49} || {48} || {59}",
 "nlq": "What is the number of Non-Qatari students in Government or Private schools in 2018/2019, 2019/2020, or 2020/2021 or of Qatari students in Government or Private schools in 2019/2020 or 2020/2021?"},
{"name": "template 7",
 "sql": "SELECT max(Value),sum(Value) FROM DBdata WHERE ((Nationality = 'Non-Qatari' AND Year = '2019/2020')) AND (School_type IN ('Government','Private'))",
 "sqlResult": "{49 | 79}",
 "nlq": "What are the maximum and total numbers of Non-Qatari students in Government or Private schools in 2019/2020?"},
{"name": "template 8",
 "sql": "SELECT Nationality,Year,avg(Value),sum(Value) FROM DBdata WHERE ((Nationality = 'Qatari' AND Year = '2018/2019') OR (Nationality = 'Non-Qatari' AND Year = '2018/2019') OR (Nationality = 'Qatari' AND Year = '2020/2021')) AND (School_type IN ('Government')) GROUP BY Nationality,Year",
 "sqlResult": "{Non-Qatari | 2018/2019 | 52 | 52} || {Qatari | 2018/2019 | 6 | 6} || {Qatari | 2020/2021 | 16 | 16}",
 "nlq": "What are the average and total numbers for each Nationality and Year, of Non-Qatari or Qatari students in Government schools in 2018/2019 or of Qatari students in Government schools in 2020/2021? Please, report the corresponding Nationality and Year."},
{"name": "template 9",
 "sql": "SELECT min(Value) FROM DBdata WHERE ((Nationality = 'Non-Qatari' AND Year = '2018/2019')) AND (School_type IN ('Government','Private')) GROUP BY School_type",
 "sqlResult": "{52} || {99}",
 "nlq": "What is the minimum number for each School type, of Non-Qatari students in Government or Private schools in 2018/2019?"},
{"name": "template 10",
 "sql": "SELECT School_type,max(Value) FROM DBdata WHERE ((Nationality = 'Non-Qatari' AND Year = '2019/2020')) AND (School_type IN ('Government','Private')) GROUP BY School_type",
 "sqlResult": "{Government | 30} || {Private | 49}",
 "nlq": "What is the maximum number for each School type, of Non-Qatari students in Government or Private schools in 2019/2020? Please, report the corresponding School type."},
{"name": "template 11",
 "sql": "SELECT School_type,Nationality,Year,min(Value) FROM DBdata WHERE ((Nationality = 'Qatari' AND Year = '2019/2020') OR (Nationality = 'Non-Qatari' AND Year = '2020/2021')) AND (School_type IN ('Government','Private')) GROUP BY School_type,Nationality,Year",
 "sqlResult": "{Government | Non-Qatari | 2020/2021 | 26} || {Government | Qatari | 2019/2020 | 84} || {Private | Non-Qatari | 2020/2021 | 59} || {Private | Qatari | 2019/2020 | 67}",
 "nlq": "What is the minimum number for each School type, Nationality, and Year, of Qatari students in Government or Private schools in 2019/2020 or of Non-Qatari students in Government or Private schools in 2020/2021? Please, report the corresponding School type, Nationality, and Year."},
{"name": "template 12",
 "sql": "SELECT Value FROM DBdata WHERE ((Nationality = 'Qatari' AND Year = '2020/2021')) AND (School_type IN ('Government','Private')) ORDER BY VALUE DESC LIMIT 2",
 "sqlResult": "{48} || {16}",
 "nlq": "What are the top 2 numbers of Qatari students in Government or Private schools in 2020/2021?"},
{"name": "template 13",
 "sql": "SELECT Value FROM DBdata WHERE ((Nationality = 'Non-Qatari' AND Year = '2020/2021')) AND (School_type IN ('Government','Private')) ORDER BY VALUE DESC",
 "sqlResult": "{59} || {26}",
 "nlq": "What are the numbers ordered by decreasing values of Non-Qatari students in Government or Private schools in 2020/2021?"},
{"name": "template 14",
 "sql": "SELECT School_type FROM DBdata WHERE ((Nationality = 'Qatari' AND Year = '2020/2021')) AND Value < 52.12",
 "sqlResult": "{Government} || {Private}",
 "nlq": "What is the School type for which the number of Qatari students in 2020/2021 is lower than 52.12?"},
{"name": "template 15",
 "sql": "SELECT School_type,Value FROM DBdata WHERE ((Nationality = 'Non-Qatari' AND Year = '2019/2020')) AND (School_type) IN (SELECT School_type FROM DBdata WHERE ((Nationality = 'Qatari' AND Year = '2020/2021')) AND Value < 52.12)",
 "sqlResult": "{Government | 30} || {Private | 49}",
 "nlq": "What is the number of Non-Qatari students in 2019/2020 in School type for which the number of Qatari students in 2020/2021 is lower than 52.12? Please, report the corresponding School type and number of students."}]
}
