{
"filename": "Number_of_students_set74_3_DB.csv",
"questions": [{"name": "template 1",
 "sql": "SELECT Value FROM DBdata WHERE ((Nationality = 'Qatari' AND Year = '2022/2023')) AND (School_type IN ('Private'))",
 "sqlResult": "{48}",
 "nlq": "What is the number of Qatari students in Private schools in 2022/2023?"},
{"name": "template 2",
 "sql": "SELECT Value FROM DBdata WHERE ((Nationality = 'Non-Qatari' AND Year = '2019/2020')) AND (School_type IN ('Government','Private'))",
 "sqlResult": "{100} || {13}",
 "nlq": "What is the number of Non-Qatari students in Government or Private schools in 2019/2020?"},
{"name": "template 3",
 "sql": "SELECT Value FROM DBdata WHERE ((Nationality = 'Qatari' AND Year = '2019/2020') OR (Nationality = 'Non-Qatari' AND Year = '2019/2020') OR (Nationality = 'Qatari' AND Year = '2020/2021') OR (Nationality = 'Non-Qatari' AND Year = '2020/2021') OR (Nationality = 'Qatari' AND Year = '2021/2022') OR (Nationality = 'Non-Qatari' AND Year = '2021/2022') OR (Nationality = 'Qatari' AND Year = '2022/2023')) AND (School_type IN ('Private'))",
 "sqlResult": "{19} || {13} || {47} || {61} || {76} || {25} || {48}",
 "nlq": "What is the number of Qatari students in Private schools in 2019/2020, 2020/2021, 2021/2022, or 2022/2023 or of Non-Qatari students in Private schools in 2019/2020, 2020/2021, or 2021/2022?"},
{"name": "template 4",
 "sql": "SELECT max(Value),sum(Value) FROM DBdata WHERE ((Nationality = 'Non-Qatari' AND Year = '2020/2021') OR (Nationality = 'Qatari' AND Year = '2022/2023') OR (Nationality = 'Non-Qatari' AND Year = '2022/2023')) AND (School_type IN ('Government'))",
 "sqlResult": "{92 | 195}",
 "nlq": "What are the maximum and total numbers of Non-Qatari students in Government schools in 2020/2021 or 2022/2023 or of Qatari students in Government schools in 2022/2023?"},
{"name": "template 6",
 "sql": "SELECT Value FROM DBdata WHERE ((Nationality = 'Qatari' AND Year = '2019/2020') OR (Nationality = 'Non-Qatari' AND Year = '2020/2021') OR (Nationality = 'Qatari' AND Year = '2021/2022')) AND (School_type IN ('Government','Private'))",
 "sqlResult": "{49} || {92} || {42} || {19} || {61} || {76}",
 "nlq": "What is the number of Qatari students in Government or Private schools in 2019/2020 or 2021/2022 or of Non-Qatari students in Government or Private schools in 2020/2021?"},
{"name": "template 7",
 "sql": "SELECT min(Value),avg(Value) FROM DBdata WHERE ((Nationality = 'Qatari' AND Year = '2021/2022')) AND (School_type IN ('Government','Private'))",
 "sqlResult": "{42 | 59}",
 "nlq": "What are the minimum and average numbers of Qatari students in Government or Private schools in 2021/2022?"},
{"name": "template 8",
 "sql": "SELECT Nationality,Year,sum(Value),min(Value) FROM DBdata WHERE ((Nationality = 'Non-Qatari' AND Year = '2019/2020') OR (Nationality = 'Qatari' AND Year = '2020/2021') OR (Nationality = 'Non-Qatari' AND Year = '2020/2021')) AND (School_type IN ('Government','Private')) GROUP BY Nationality,Year",
 "sqlResult": "{Non-Qatari | 2019/2020 | 113 | 13} || {Non-Qatari | 2020/2021 | 153 | 61} || {Qatari | 2020/2021 | 117 | 47}",
 "nlq": "What are the total and minimum numbers for each Nationality and Year, of Non-Qatari students in Government or Private schools in 2019/2020 or of Non-Qatari or Qatari students in Government or Private schools in 2020/2021? Please, report the corresponding Nationality and Year."},
{"name": "template 9",
 "sql": "SELECT min(Value) FROM DBdata WHERE ((Nationality = 'Qatari' AND Year = '2020/2021')) AND (School_type IN ('Government','Private')) GROUP BY School_type",
 "sqlResult": "{70} || {47}",
 "nlq": "What is the minimum number for each School type, of Qatari students in Government or Private schools in 2020/2021?"},
{"name": "template 10",
 "sql": "SELECT School_type,max(Value) FROM DBdata WHERE ((Nationality = 'Non-Qatari' AND Year = '2022/2023')) AND (School_type IN ('Government','Private')) GROUP BY School_type",
 "sqlResult": "{Government | 46} || {Private | 63}",
 "nlq": "What is the maximum number for each School type, of Non-Qatari students in Government or Private schools in 2022/2023? Please, report the corresponding School type."},
{"name": "template 11",
 "sql": "SELECT School_type,Nationality,Year,max(Value) FROM DBdata WHERE ((Nationality = 'Qatari' AND Year = '2020/2021') OR (Nationality = 'Non-Qatari' AND Year = '2022/2023')) AND (School_type IN ('Government','Private')) GROUP BY School_type,Nationality,Year",
 "sqlResult": "{Government | Non-Qatari | 2022/2023 | 46} || {Government | Qatari | 2020/2021 | 70} || {Private | Non-Qatari | 2022/2023 | 63} || {Private | Qatari | 2020/2021 | 47}",
 "nlq": "What is the maximum number for each School type, Nationality, and Year, of Qatari students in Government or Private schools in 2020/2021 or of Non-Qatari students in Government or Private schools in 2022/2023? Please, report the corresponding School type, Nationality, and Year."},
{"name": "template 12",
 "sql": "SELECT Value FROM DBdata WHERE ((Nationality = 'Qatari' AND Year = '2019/2020')) AND (School_type IN ('Government','Private')) ORDER BY VALUE DESC LIMIT 2",
 "sqlResult": "{49} || {19}",
 "nlq": "What are the top 2 numbers of Qatari students in Government or Private schools in 2019/2020?"},
{"name": "template 13",
 "sql": "SELECT Value FROM DBdata WHERE ((Nationality = 'Non-Qatari' AND Year = '2022/2023')) AND (School_type IN ('Government','Private')) ORDER BY VALUE ASC",
 "sqlResult": "{46} || {63}",
 "nlq": "What are the numbers ordered by increasing values of Non-Qatari students in Government or Private schools in 2022/2023?"},
{"name": "template 14",
 "sql": "SELECT School_type FROM DBdata WHERE ((Nationality = 'Qatari' AND Year = '2019/2020')) AND Value < 56.31",
 "sqlResult": "{Government} || {Private}",
 "nlq": "What is the School type for which the number of Qatari students in 2019/2020 is lower than 56.31?"},
{"name": "template 15",
 "sql": "SELECT School_type,Value FROM DBdata WHERE ((Nationality = 'Non-Qatari' AND Year = '2020/2021')) AND (School_type) IN (SELECT School_type FROM DBdata WHERE ((Nationality = 'Qatari' AND Year = '2019/2020')) AND Value < 56.31)",
 "sqlResult": "{Government | 92} || {Private | 61}",
 "nlq": "What is the number of Non-Qatari students in 2020/2021 in School type for which the number of Qatari students in 2019/2020 is lower than 56.31? Please, report the corresponding School type and number of students."}]
}
