Nationality,Year,School type,Value
Nationality,Year,School_type,Value
Qatari,2015/2016,Government,31
Non-Qatari,2015/2016,Government,48
Qatari,2016/2017,Government,75
Non-Qatari,2016/2017,Government,7
Qatari,2017/2018,Government,85
Non-Qatari,2017/2018,Government,65
Qatari,2018/2019,Government,38
Non-Qatari,2018/2019,Government,13
Qatari,2015/2016,Private,26
Non-Qatari,2015/2016,Private,49
Qatari,2016/2017,Private,19
Non-Qatari,2016/2017,Private,5
Qatari,2017/2018,Private,43
Non-Qatari,2017/2018,Private,92
Qatari,2018/2019,Private,0
Non-Qatari,2018/2019,Private,64
