Nationality,Year,School type,Value
Nationality,Year,School_type,Value
Qatari,2015/2016,Government,100
Non-Qatari,2015/2016,Government,40
Qatari,2016/2017,Government,43
Non-Qatari,2016/2017,Government,45
Qatari,2017/2018,Government,29
Non-Qatari,2017/2018,Government,97
Qatari,2018/2019,Government,66
Non-Qatari,2018/2019,Government,46
Qatari,2015/2016,Private,93
Non-Qatari,2015/2016,Private,23
Qatari,2016/2017,Private,92
Non-Qatari,2016/2017,Private,59
Qatari,2017/2018,Private,52
Non-Qatari,2017/2018,Private,77
Qatari,2018/2019,Private,75
Non-Qatari,2018/2019,Private,79
