{
"filename": "Number_of_students_set38_1_DB.csv",
"questions": [{"name": "template 1",
 "sql": "SELECT Value FROM DBdata WHERE (AA IN ('Non-AAdy')) AND ((CC = 'CClx' AND BB = 'BBnq'))",
 "sqlResult": "{72}",
 "nlq": "What is the number of Non-AAdy CClx students in BBnq schools?"},
{"name": "template 2",
 "sql": "SELECT Value FROM DBdata WHERE (AA IN ('AAdy')) AND ((CC = 'CClx' AND BB = 'BBnq') OR (CC = 'CClx' AND BB = 'BBpy') OR (CC = 'CCbq' AND BB = 'BBnq') OR (CC = 'CCbq' AND BB = 'BBpy'))",
 "sqlResult": "{99} || {42} || {28} || {73}",
 "nlq": "What is the number of AAdy CCbq or CClx students in BBnq or BBpy schools?"},
{"name": "template 3",
 "sql": "SELECT Value FROM DBdata WHERE (AA IN ('AAdy','Non-AAdy')) AND ((CC = 'CClx' AND BB = 'BBnq'))",
 "sqlResult": "{99} || {72}",
 "nlq": "What is the number of Non-AAdy or AAdy CClx students in BBnq schools?"},
{"name": "template 4",
 "sql": "SELECT sum(Value),min(Value) FROM DBdata WHERE (AA IN ('AAdy','Non-AAdy')) AND ((CC = 'CCbq' AND BB = 'BBnq'))",
 "sqlResult": "{120 | 28}",
 "nlq": "What are the total and minimum numbers of Non-AAdy or AAdy CCbq students in BBnq schools?"},
{"name": "template 6",
 "sql": "SELECT Value FROM DBdata WHERE (AA IN ('AAdy','Non-AAdy')) AND ((CC = 'CClx' AND BB = 'BBnq') OR (CC = 'CCbq' AND BB = 'BBnq') OR (CC = 'CCbq' AND BB = 'BBpy'))",
 "sqlResult": "{99} || {72} || {28} || {92} || {73} || {87}",
 "nlq": "What is the number of Non-AAdy or AAdy CCbq or CClx students in BBnq schools or of Non-AAdy or AAdy CCbq students in BBpy schools?"},
{"name": "template 7",
 "sql": "SELECT avg(Value),min(Value) FROM DBdata WHERE (AA IN ('AAdy')) AND ((CC = 'CClx' AND BB = 'BBnq') OR (CC = 'CClx' AND BB = 'BBpy') OR (CC = 'CCbq' AND BB = 'BBnq') OR (CC = 'CCbq' AND BB = 'BBpy'))",
 "sqlResult": "{60.5 | 28}",
 "nlq": "What are the average and minimum numbers of AAdy CCbq or CClx students in BBnq or BBpy schools?"},
{"name": "template 8",
 "sql": "SELECT AA,min(Value),max(Value) FROM DBdata WHERE (AA IN ('AAdy','Non-AAdy')) AND ((CC = 'CClx' AND BB = 'BBpy') OR (CC = 'CCbq' AND BB = 'BBnq')) GROUP BY AA",
 "sqlResult": "{Non-AAdy | 76 | 92} || {AAdy | 28 | 42}",
 "nlq": "What are the minimum and maximum numbers for each AA, of Non-AAdy or AAdy CClx students in BBpy schools or of Non-AAdy or AAdy CCbq students in BBnq schools? Please, report the corresponding AA."},
{"name": "template 9",
 "sql": "SELECT min(Value) FROM DBdata WHERE (AA IN ('AAdy')) AND (CC IN ('CClx','CCbq')) GROUP BY CC",
 "sqlResult": "{28} || {42}",
 "nlq": "What is the minimum number for each CC, of AAdy CCbq or CClx students?"},
{"name": "template 10",
 "sql": "SELECT CC,sum(Value) FROM DBdata WHERE (AA IN ('AAdy')) AND (CC IN ('CClx','CCbq')) GROUP BY CC",
 "sqlResult": "{CCbq | 101} || {CClx | 141}",
 "nlq": "What is the total number for each CC, of AAdy CCbq or CClx students? Please, report the corresponding CC."},
{"name": "template 11",
 "sql": "SELECT CC,AA,sum(Value) FROM DBdata WHERE (AA IN ('AAdy','Non-AAdy')) AND (CC IN ('CClx','CCbq')) GROUP BY CC,AA",
 "sqlResult": "{CCbq | Non-AAdy | 179} || {CCbq | AAdy | 101} || {CClx | Non-AAdy | 148} || {CClx | AAdy | 141}",
 "nlq": "What is the total number for each CC and AA, of Non-AAdy or AAdy CCbq or CClx students? Please, report the corresponding CC and AA."},
{"name": "template 12",
 "sql": "SELECT Value FROM DBdata WHERE (AA IN ('Non-AAdy')) AND (CC IN ('CClx','CCbq')) ORDER BY VALUE ASC LIMIT 3",
 "sqlResult": "{72} || {76} || {87}",
 "nlq": "What are the bottom 3 numbers of Non-AAdy CCbq or CClx students?"},
{"name": "template 13",
 "sql": "SELECT Value FROM DBdata WHERE (AA IN ('AAdy')) AND (CC IN ('CClx','CCbq')) ORDER BY VALUE DESC",
 "sqlResult": "{99} || {73} || {42} || {28}",
 "nlq": "What are the numbers ordered by decreasing values of AAdy CCbq or CClx students?"},
{"name": "template 14",
 "sql": "SELECT CC,BB FROM DBdata WHERE (AA IN ('Non-AAdy')) AND Value > 71.12",
 "sqlResult": "{CClx | BBnq} || {CClx | BBpy} || {CCbq | BBnq} || {CCbq | BBpy}",
 "nlq": "What are the CC and BB for which the number of Non-AAdy students is greater than 71.12?"},
{"name": "template 15",
 "sql": "SELECT CC,BB,Value FROM DBdata WHERE (AA IN ('AAdy')) AND (CC,BB) IN (SELECT CC,BB FROM DBdata WHERE (AA IN ('Non-AAdy')) AND Value > 71.12)",
 "sqlResult": "{CClx | BBnq | 99} || {CClx | BBpy | 42} || {CCbq | BBnq | 28} || {CCbq | BBpy | 73}",
 "nlq": "What is the number of AAdy students of CC and in BB for which the number of Non-AAdy students is greater than 71.12? Please, report the corresponding CC, BB, and number of students."}]
}

