{
"filename": "Number_of_students_set73_3_DB.csv",
"questions": [{"name": "template 1",
 "sql": "SELECT Value FROM DBdata WHERE ((Nationality = 'Non-Qatari' AND Year = '2022/2023')) AND (School_type IN ('Government'))",
 "sqlResult": "{48}",
 "nlq": "What is the number of Non-Qatari students in Government schools in 2022/2023?"},
{"name": "template 2",
 "sql": "SELECT Value FROM DBdata WHERE ((Nationality = 'Qatari' AND Year = '2021/2022')) AND (School_type IN ('Private'))",
 "sqlResult": "{96}",
 "nlq": "What is the number of Qatari students in Private schools in 2021/2022?"},
{"name": "template 3",
 "sql": "SELECT Value FROM DBdata WHERE ((Nationality = 'Qatari' AND Year = '2021/2022') OR (Nationality = 'Non-Qatari' AND Year = '2021/2022') OR (Nationality = 'Qatari' AND Year = '2022/2023')) AND (School_type IN ('Private'))",
 "sqlResult": "{96} || {26} || {56}",
 "nlq": "What is the number of Non-Qatari or Qatari students in Private schools in 2021/2022 or of Qatari students in Private schools in 2022/2023?"},
{"name": "template 4",
 "sql": "SELECT sum(Value),avg(Value) FROM DBdata WHERE ((Nationality = 'Qatari' AND Year = '2021/2022') OR (Nationality = 'Non-Qatari' AND Year = '2021/2022') OR (Nationality = 'Qatari' AND Year = '2022/2023')) AND (School_type IN ('Private'))",
 "sqlResult": "{178 | 59.33}",
 "nlq": "What are the total and average numbers of Non-Qatari or Qatari students in Private schools in 2021/2022 or of Qatari students in Private schools in 2022/2023?"},
{"name": "template 6",
 "sql": "SELECT Value FROM DBdata WHERE ((Nationality = 'Qatari' AND Year = '2021/2022') OR (Nationality = 'Non-Qatari' AND Year = '2021/2022') OR (Nationality = 'Qatari' AND Year = '2022/2023') OR (Nationality = 'Non-Qatari' AND Year = '2022/2023')) AND (School_type IN ('Government'))",
 "sqlResult": "{77} || {89} || {54} || {48}",
 "nlq": "What is the number of Non-Qatari or Qatari students in Government schools in 2021/2022 or 2022/2023?"},
{"name": "template 7",
 "sql": "SELECT min(Value),sum(Value) FROM DBdata WHERE ((Nationality = 'Non-Qatari' AND Year = '2021/2022')) AND (School_type IN ('Private'))",
 "sqlResult": "{26 | 26}",
 "nlq": "What are the minimum and total numbers of Non-Qatari students in Private schools in 2021/2022?"},
{"name": "template 8",
 "sql": "SELECT Nationality,Year,max(Value),avg(Value) FROM DBdata WHERE ((Nationality = 'Qatari' AND Year = '2021/2022') OR (Nationality = 'Non-Qatari' AND Year = '2021/2022') OR (Nationality = 'Qatari' AND Year = '2022/2023') OR (Nationality = 'Non-Qatari' AND Year = '2022/2023')) AND (School_type IN ('Government')) GROUP BY Nationality,Year",
 "sqlResult": "{Non-Qatari | 2021/2022 | 89 | 89} || {Non-Qatari | 2022/2023 | 48 | 48} || {Qatari | 2021/2022 | 77 | 77} || {Qatari | 2022/2023 | 54 | 54}",
 "nlq": "What are the maximum and average numbers for each Nationality and Year, of Non-Qatari or Qatari students in Government schools in 2021/2022 or 2022/2023? Please, report the corresponding Nationality and Year."},
{"name": "template 9",
 "sql": "SELECT min(Value) FROM DBdata WHERE ((Nationality = 'Qatari' AND Year = '2021/2022')) AND (School_type IN ('Government','Private')) GROUP BY School_type",
 "sqlResult": "{77} || {96}",
 "nlq": "What is the minimum number for each School type, of Qatari students in Government or Private schools in 2021/2022?"},
{"name": "template 10",
 "sql": "SELECT School_type,max(Value) FROM DBdata WHERE ((Nationality = 'Non-Qatari' AND Year = '2022/2023')) AND (School_type IN ('Government','Private')) GROUP BY School_type",
 "sqlResult": "{Government | 48} || {Private | 44}",
 "nlq": "What is the maximum number for each School type, of Non-Qatari students in Government or Private schools in 2022/2023? Please, report the corresponding School type."},
{"name": "template 11",
 "sql": "SELECT School_type,Nationality,Year,avg(Value) FROM DBdata WHERE ((Nationality = 'Qatari' AND Year = '2021/2022') OR (Nationality = 'Non-Qatari' AND Year = '2022/2023')) AND (School_type IN ('Government','Private')) GROUP BY School_type,Nationality,Year",
 "sqlResult": "{Government | Non-Qatari | 2022/2023 | 48} || {Government | Qatari | 2021/2022 | 77} || {Private | Non-Qatari | 2022/2023 | 44} || {Private | Qatari | 2021/2022 | 96}",
 "nlq": "What is the average number for each School type, Nationality, and Year, of Qatari students in Government or Private schools in 2021/2022 or of Non-Qatari students in Government or Private schools in 2022/2023? Please, report the corresponding School type, Nationality, and Year."},
{"name": "template 12",
 "sql": "SELECT Value FROM DBdata WHERE ((Nationality = 'Qatari' AND Year = '2021/2022')) AND (School_type IN ('Government','Private')) ORDER BY VALUE ASC LIMIT 2",
 "sqlResult": "{77} || {96}",
 "nlq": "What are the bottom 2 numbers of Qatari students in Government or Private schools in 2021/2022?"},
{"name": "template 13",
 "sql": "SELECT Value FROM DBdata WHERE ((Nationality = 'Non-Qatari' AND Year = '2021/2022')) AND (School_type IN ('Government','Private')) ORDER BY VALUE ASC",
 "sqlResult": "{26} || {89}",
 "nlq": "What are the numbers ordered by increasing values of Non-Qatari students in Government or Private schools in 2021/2022?"},
{"name": "template 14",
 "sql": "SELECT School_type FROM DBdata WHERE ((Nationality = 'Non-Qatari' AND Year = '2021/2022')) AND Value < 61.25",
 "sqlResult": "{Private}",
 "nlq": "What is the School type for which the number of Non-Qatari students in 2021/2022 is lower than 61.25?"},
{"name": "template 15",
 "sql": "SELECT School_type,Value FROM DBdata WHERE ((Nationality = 'Qatari' AND Year = '2021/2022')) AND (School_type) IN (SELECT School_type FROM DBdata WHERE ((Nationality = 'Non-Qatari' AND Year = '2021/2022')) AND Value < 61.25)",
 "sqlResult": "{Private | 96}",
 "nlq": "What is the number of Qatari students in 2021/2022 in School type for which the number of Non-Qatari students in 2021/2022 is lower than 61.25? Please, report the corresponding School type and number of students."}]
}
