{
"filename": "Number_of_students_set80_2_DB.csv",
"questions": [{"name": "template 1",
 "sql": "SELECT Value FROM DBdata WHERE ((BB = 'BBdh' AND AA = 'AAht')) AND (CC IN ('CCkq'))",
 "sqlResult": "{43}",
 "nlq": "What is the number of AAht students in CCkq schools in BBdh?"},
{"name": "template 2",
 "sql": "SELECT Value FROM DBdata WHERE ((BB = 'BBjl' AND AA = 'Non-AAht')) AND (CC IN ('CCtz','CCkq'))",
 "sqlResult": "{7} || {5}",
 "nlq": "What is the number of Non-AAht students in CCtz or CCkq schools in BBjl?"},
{"name": "template 3",
 "sql": "SELECT Value FROM DBdata WHERE ((BB = 'BBls' AND AA = 'AAht') OR (BB = 'BBls' AND AA = 'Non-AAht') OR (BB = 'BBjl' AND AA = 'AAht') OR (BB = 'BBjl' AND AA = 'Non-AAht') OR (BB = 'BBcs' AND AA = 'AAht') OR (BB = 'BBcs' AND AA = 'Non-AAht')) AND (CC IN ('CCtz'))",
 "sqlResult": "{31} || {48} || {75} || {7} || {38} || {13}",
 "nlq": "What is the number of Non-AAht or AAht students in CCtz schools in BBls, BBjl, or BBcs?"},
{"name": "template 4",
 "sql": "SELECT min(Value),avg(Value) FROM DBdata WHERE ((BB = 'BBls' AND AA = 'AAht') OR (BB = 'BBls' AND AA = 'Non-AAht') OR (BB = 'BBjl' AND AA = 'AAht') OR (BB = 'BBdh' AND AA = 'Non-AAht') OR (BB = 'BBcs' AND AA = 'AAht') OR (BB = 'BBcs' AND AA = 'Non-AAht')) AND (CC IN ('CCtz'))",
 "sqlResult": "{13 | 45}",
 "nlq": "What are the minimum and average numbers of AAht students in CCtz schools in BBls, BBjl, or BBcs or of Non-AAht students in CCtz schools in BBls, BBdh, or BBcs?"},
{"name": "template 6",
 "sql": "SELECT Value FROM DBdata WHERE ((BB = 'BBls' AND AA = 'Non-AAht') OR (BB = 'BBdh' AND AA = 'AAht')) AND (CC IN ('CCtz','CCkq'))",
 "sqlResult": "{48} || {85} || {49} || {43}",
 "nlq": "What is the number of Non-AAht students in CCtz or CCkq schools in BBls or of AAht students in CCtz or CCkq schools in BBdh?"},
{"name": "template 7",
 "sql": "SELECT min(Value),sum(Value) FROM DBdata WHERE ((BB = 'BBdh' AND AA = 'Non-AAht')) AND (CC IN ('CCtz','CCkq'))",
 "sqlResult": "{65 | 157}",
 "nlq": "What are the minimum and total numbers of Non-AAht students in CCtz or CCkq schools in BBdh?"},
{"name": "template 8",
 "sql": "SELECT BB,AA,avg(Value),min(Value) FROM DBdata WHERE ((BB = 'BBjl' AND AA = 'AAht') OR (BB = 'BBdh' AND AA = 'AAht')) AND (CC IN ('CCtz','CCkq')) GROUP BY BB,AA",
 "sqlResult": "{BBjl | AAht | 47 | 19} || {BBdh | AAht | 64 | 43}",
 "nlq": "What are the average and minimum numbers for each BB and AA, of AAht students in CCtz or CCkq schools in BBjl or BBdh? Please, report the corresponding BB and AA."},
{"name": "template 9",
 "sql": "SELECT min(Value) FROM DBdata WHERE ((BB = 'BBls' AND AA = 'Non-AAht')) AND (CC IN ('CCtz','CCkq')) GROUP BY CC",
 "sqlResult": "{48} || {49}",
 "nlq": "What is the minimum number for each CC, of Non-AAht students in CCtz or CCkq schools in BBls?"},
{"name": "template 10",
 "sql": "SELECT CC,min(Value) FROM DBdata WHERE ((BB = 'BBdh' AND AA = 'AAht')) AND (CC IN ('CCtz','CCkq')) GROUP BY CC",
 "sqlResult": "{CCtz | 85} || {CCkq | 43}",
 "nlq": "What is the minimum number for each CC, of AAht students in CCtz or CCkq schools in BBdh? Please, report the corresponding CC."},
{"name": "template 11",
 "sql": "SELECT CC,BB,AA,max(Value) FROM DBdata WHERE ((BB = 'BBls' AND AA = 'Non-AAht') OR (BB = 'BBjl' AND AA = 'AAht')) AND (CC IN ('CCtz','CCkq')) GROUP BY CC,BB,AA",
 "sqlResult": "{CCtz | BBls | Non-AAht | 48} || {CCtz | BBjl | AAht | 75} || {CCkq | BBls | Non-AAht | 49} || {CCkq | BBjl | AAht | 19}",
 "nlq": "What is the maximum number for each CC, BB, and AA, of Non-AAht students in CCtz or CCkq schools in BBls or of AAht students in CCtz or CCkq schools in BBjl? Please, report the corresponding CC, BB, and AA."},
{"name": "template 12",
 "sql": "SELECT Value FROM DBdata WHERE ((BB = 'BBls' AND AA = 'AAht')) AND (CC IN ('CCtz','CCkq')) ORDER BY VALUE ASC LIMIT 2",
 "sqlResult": "{26} || {31}",
 "nlq": "What are the bottom 2 numbers of AAht students in CCtz or CCkq schools in BBls?"},
{"name": "template 13",
 "sql": "SELECT Value FROM DBdata WHERE ((BB = 'BBdh' AND AA = 'AAht')) AND (CC IN ('CCtz','CCkq')) ORDER BY VALUE ASC",
 "sqlResult": "{43} || {85}",
 "nlq": "What are the numbers ordered by increasing values of AAht students in CCtz or CCkq schools in BBdh?"},
{"name": "template 14",
 "sql": "SELECT CC FROM DBdata WHERE ((BB = 'BBls' AND AA = 'AAht')) AND Value < 41.25",
 "sqlResult": "{CCtz} || {CCkq}",
 "nlq": "What is the CC for which the number of AAht students in BBls is lower than 41.25?"},
{"name": "template 15",
 "sql": "SELECT CC,Value FROM DBdata WHERE ((BB = 'BBdh' AND AA = 'Non-AAht')) AND (CC) IN (SELECT CC FROM DBdata WHERE ((BB = 'BBls' AND AA = 'AAht')) AND Value < 41.25)",
 "sqlResult": "{CCtz | 65} || {CCkq | 92}",
 "nlq": "What is the number of Non-AAht students in BBdh in CC for which the number of AAht students in BBls is lower than 41.25? Please, report the corresponding CC and number of students."}]
}

