{
"filename": "Number_of_students_set73_5_DB.csv",
"questions": [{"name": "template 1",
 "sql": "SELECT Value FROM DBdata WHERE ((Nationality = 'Qatari' AND Year = '2021/2022')) AND (School_type IN ('Government'))",
 "sqlResult": "{68}",
 "nlq": "What is the number of Qatari students in Government schools in 2021/2022?"},
{"name": "template 2",
 "sql": "SELECT Value FROM DBdata WHERE ((Nationality = 'Non-Qatari' AND Year = '2020/2021')) AND (School_type IN ('Government','Private'))",
 "sqlResult": "{31} || {38}",
 "nlq": "What is the number of Non-Qatari students in Government or Private schools in 2020/2021?"},
{"name": "template 3",
 "sql": "SELECT Value FROM DBdata WHERE ((Nationality = 'Qatari' AND Year = '2021/2022') OR (Nationality = 'Non-Qatari' AND Year = '2021/2022')) AND (School_type IN ('Government'))",
 "sqlResult": "{68} || {75}",
 "nlq": "What is the number of Non-Qatari or Qatari students in Government schools in 2021/2022?"},
{"name": "template 4",
 "sql": "SELECT max(Value),min(Value) FROM DBdata WHERE ((Nationality = 'Qatari' AND Year = '2020/2021') OR (Nationality = 'Non-Qatari' AND Year = '2020/2021') OR (Nationality = 'Qatari' AND Year = '2021/2022') OR (Nationality = 'Non-Qatari' AND Year = '2021/2022')) AND (School_type IN ('Private'))",
 "sqlResult": "{81 | 22}",
 "nlq": "What are the maximum and minimum numbers of Non-Qatari or Qatari students in Private schools in 2020/2021 or 2021/2022?"},
{"name": "template 6",
 "sql": "SELECT Value FROM DBdata WHERE ((Nationality = 'Qatari' AND Year = '2020/2021') OR (Nationality = 'Non-Qatari' AND Year = '2020/2021') OR (Nationality = 'Non-Qatari' AND Year = '2021/2022')) AND (School_type IN ('Government','Private'))",
 "sqlResult": "{87} || {31} || {75} || {22} || {38} || {81}",
 "nlq": "What is the number of Non-Qatari or Qatari students in Government or Private schools in 2020/2021 or of Non-Qatari students in Government or Private schools in 2021/2022?"},
{"name": "template 7",
 "sql": "SELECT max(Value),sum(Value) FROM DBdata WHERE ((Nationality = 'Non-Qatari' AND Year = '2021/2022')) AND (School_type IN ('Government','Private'))",
 "sqlResult": "{81 | 156}",
 "nlq": "What are the maximum and total numbers of Non-Qatari students in Government or Private schools in 2021/2022?"},
{"name": "template 8",
 "sql": "SELECT Nationality,Year,min(Value),sum(Value) FROM DBdata WHERE ((Nationality = 'Qatari' AND Year = '2020/2021') OR (Nationality = 'Non-Qatari' AND Year = '2020/2021') OR (Nationality = 'Non-Qatari' AND Year = '2021/2022')) AND (School_type IN ('Government','Private')) GROUP BY Nationality,Year",
 "sqlResult": "{Non-Qatari | 2020/2021 | 31 | 69} || {Non-Qatari | 2021/2022 | 75 | 156} || {Qatari | 2020/2021 | 22 | 109}",
 "nlq": "What are the minimum and total numbers for each Nationality and Year, of Non-Qatari or Qatari students in Government or Private schools in 2020/2021 or of Non-Qatari students in Government or Private schools in 2021/2022? Please, report the corresponding Nationality and Year."},
{"name": "template 9",
 "sql": "SELECT min(Value) FROM DBdata WHERE ((Nationality = 'Non-Qatari' AND Year = '2021/2022')) AND (School_type IN ('Government','Private')) GROUP BY School_type",
 "sqlResult": "{75} || {81}",
 "nlq": "What is the minimum number for each School type, of Non-Qatari students in Government or Private schools in 2021/2022?"},
{"name": "template 10",
 "sql": "SELECT School_type,min(Value) FROM DBdata WHERE ((Nationality = 'Non-Qatari' AND Year = '2021/2022')) AND (School_type IN ('Government','Private')) GROUP BY School_type",
 "sqlResult": "{Government | 75} || {Private | 81}",
 "nlq": "What is the minimum number for each School type, of Non-Qatari students in Government or Private schools in 2021/2022? Please, report the corresponding School type."},
{"name": "template 11",
 "sql": "SELECT School_type,Nationality,Year,min(Value) FROM DBdata WHERE ((Nationality = 'Qatari' AND Year = '2020/2021') OR (Nationality = 'Non-Qatari' AND Year = '2020/2021') OR (Nationality = 'Non-Qatari' AND Year = '2021/2022')) AND (School_type IN ('Government','Private')) GROUP BY School_type,Nationality,Year",
 "sqlResult": "{Government | Non-Qatari | 2020/2021 | 31} || {Government | Non-Qatari | 2021/2022 | 75} || {Government | Qatari | 2020/2021 | 87} || {Private | Non-Qatari | 2020/2021 | 38} || {Private | Non-Qatari | 2021/2022 | 81} || {Private | Qatari | 2020/2021 | 22}",
 "nlq": "What is the minimum number for each School type, Nationality, and Year, of Non-Qatari or Qatari students in Government or Private schools in 2020/2021 or of Non-Qatari students in Government or Private schools in 2021/2022? Please, report the corresponding School type, Nationality, and Year."},
{"name": "template 12",
 "sql": "SELECT Value FROM DBdata WHERE ((Nationality = 'Qatari' AND Year = '2020/2021')) AND (School_type IN ('Government','Private')) ORDER BY VALUE DESC LIMIT 2",
 "sqlResult": "{87} || {22}",
 "nlq": "What are the top 2 numbers of Qatari students in Government or Private schools in 2020/2021?"},
{"name": "template 13",
 "sql": "SELECT Value FROM DBdata WHERE ((Nationality = 'Qatari' AND Year = '2020/2021')) AND (School_type IN ('Government','Private')) ORDER BY VALUE ASC",
 "sqlResult": "{22} || {87}",
 "nlq": "What are the numbers ordered by increasing values of Qatari students in Government or Private schools in 2020/2021?"},
{"name": "template 14",
 "sql": "SELECT School_type FROM DBdata WHERE ((Nationality = 'Qatari' AND Year = '2020/2021')) AND Value < 54.38",
 "sqlResult": "{Private}",
 "nlq": "What is the School type for which the number of Qatari students in 2020/2021 is lower than 54.38?"},
{"name": "template 15",
 "sql": "SELECT School_type,Value FROM DBdata WHERE ((Nationality = 'Qatari' AND Year = '2021/2022')) AND (School_type) IN (SELECT School_type FROM DBdata WHERE ((Nationality = 'Qatari' AND Year = '2020/2021')) AND Value < 54.38)",
 "sqlResult": "{Private | 33}",
 "nlq": "What is the number of Qatari students in 2021/2022 in School type for which the number of Qatari students in 2020/2021 is lower than 54.38? Please, report the corresponding School type and number of students."}]
}
