{
"filename": "Number_of_students_set76_2_DB.csv",
"questions": [{"name": "template 1",
 "sql": "SELECT Value FROM DBdata WHERE ((Nationality = 'Qatari' AND Year = '2022/2023')) AND (School_type IN ('Government'))",
 "sqlResult": "{14}",
 "nlq": "What is the number of Qatari students in Government schools in 2022/2023?"},
{"name": "template 2",
 "sql": "SELECT Value FROM DBdata WHERE ((Nationality = 'Qatari' AND Year = '2022/2023')) AND (School_type IN ('Government'))",
 "sqlResult": "{14}",
 "nlq": "What is the number of Qatari students in Government schools in 2022/2023?"},
{"name": "template 3",
 "sql": "SELECT Value FROM DBdata WHERE ((Nationality = 'Qatari' AND Year = '2020/2021') OR (Nationality = 'Non-Qatari' AND Year = '2020/2021') OR (Nationality = 'Qatari' AND Year = '2021/2022') OR (Nationality = 'Non-Qatari' AND Year = '2021/2022') OR (Nationality = 'Qatari' AND Year = '2022/2023') OR (Nationality = 'Non-Qatari' AND Year = '2022/2023')) AND (School_type IN ('Private'))",
 "sqlResult": "{72} || {92} || {9} || {44} || {56} || {54}",
 "nlq": "What is the number of Non-Qatari or Qatari students in Private schools in 2020/2021, 2021/2022, or 2022/2023?"},
{"name": "template 4",
 "sql": "SELECT avg(Value),sum(Value) FROM DBdata WHERE ((Nationality = 'Qatari' AND Year = '2020/2021') OR (Nationality = 'Non-Qatari' AND Year = '2020/2021') OR (Nationality = 'Qatari' AND Year = '2021/2022') OR (Nationality = 'Non-Qatari' AND Year = '2021/2022') OR (Nationality = 'Qatari' AND Year = '2022/2023') OR (Nationality = 'Non-Qatari' AND Year = '2022/2023')) AND (School_type IN ('Government'))",
 "sqlResult": "{42.5 | 255}",
 "nlq": "What are the average and total numbers of Non-Qatari or Qatari students in Government schools in 2020/2021, 2021/2022, or 2022/2023?"},
{"name": "template 6",
 "sql": "SELECT Value FROM DBdata WHERE ((Nationality = 'Qatari' AND Year = '2020/2021') OR (Nationality = 'Non-Qatari' AND Year = '2020/2021') OR (Nationality = 'Non-Qatari' AND Year = '2021/2022') OR (Nationality = 'Qatari' AND Year = '2022/2023') OR (Nationality = 'Non-Qatari' AND Year = '2022/2023')) AND (School_type IN ('Private'))",
 "sqlResult": "{72} || {92} || {44} || {56} || {54}",
 "nlq": "What is the number of Non-Qatari or Qatari students in Private schools in 2020/2021, of Non-Qatari students in Private schools in 2021/2022 or 2022/2023, or of Qatari students in Private schools in 2022/2023?"},
{"name": "template 7",
 "sql": "SELECT min(Value),sum(Value) FROM DBdata WHERE ((Nationality = 'Qatari' AND Year = '2020/2021')) AND (School_type IN ('Government','Private'))",
 "sqlResult": "{64 | 136}",
 "nlq": "What are the minimum and total numbers of Qatari students in Government or Private schools in 2020/2021?"},
{"name": "template 8",
 "sql": "SELECT Nationality,Year,max(Value),min(Value) FROM DBdata WHERE ((Nationality = 'Non-Qatari' AND Year = '2020/2021') OR (Nationality = 'Non-Qatari' AND Year = '2021/2022') OR (Nationality = 'Qatari' AND Year = '2022/2023') OR (Nationality = 'Non-Qatari' AND Year = '2022/2023')) AND (School_type IN ('Government','Private')) GROUP BY Nationality,Year",
 "sqlResult": "{Non-Qatari | 2020/2021 | 92 | 49} || {Non-Qatari | 2021/2022 | 79 | 44} || {Non-Qatari | 2022/2023 | 54 | 17} || {Qatari | 2022/2023 | 56 | 14}",
 "nlq": "What are the maximum and minimum numbers for each Nationality and Year, of Non-Qatari students in Government or Private schools in 2020/2021, 2021/2022, or 2022/2023 or of Qatari students in Government or Private schools in 2022/2023? Please, report the corresponding Nationality and Year."},
{"name": "template 9",
 "sql": "SELECT min(Value) FROM DBdata WHERE ((Nationality = 'Non-Qatari' AND Year = '2022/2023')) AND (School_type IN ('Government','Private')) GROUP BY School_type",
 "sqlResult": "{17} || {54}",
 "nlq": "What is the minimum number for each School type, of Non-Qatari students in Government or Private schools in 2022/2023?"},
{"name": "template 10",
 "sql": "SELECT School_type,min(Value) FROM DBdata WHERE ((Nationality = 'Qatari' AND Year = '2021/2022')) AND (School_type IN ('Government','Private')) GROUP BY School_type",
 "sqlResult": "{Government | 32} || {Private | 9}",
 "nlq": "What is the minimum number for each School type, of Qatari students in Government or Private schools in 2021/2022? Please, report the corresponding School type."},
{"name": "template 11",
 "sql": "SELECT School_type,Nationality,Year,avg(Value) FROM DBdata WHERE ((Nationality = 'Qatari' AND Year = '2021/2022') OR (Nationality = 'Non-Qatari' AND Year = '2021/2022') OR (Nationality = 'Non-Qatari' AND Year = '2022/2023')) AND (School_type IN ('Government','Private')) GROUP BY School_type,Nationality,Year",
 "sqlResult": "{Government | Non-Qatari | 2021/2022 | 79} || {Government | Non-Qatari | 2022/2023 | 17} || {Government | Qatari | 2021/2022 | 32} || {Private | Non-Qatari | 2021/2022 | 44} || {Private | Non-Qatari | 2022/2023 | 54} || {Private | Qatari | 2021/2022 | 9}",
 "nlq": "What is the average number for each School type, Nationality, and Year, of Non-Qatari or Qatari students in Government or Private schools in 2021/2022 or of Non-Qatari students in Government or Private schools in 2022/2023? Please, report the corresponding School type, Nationality, and Year."},
{"name": "template 12",
 "sql": "SELECT Value FROM DBdata WHERE ((Nationality = 'Qatari' AND Year = '2022/2023')) AND (School_type IN ('Government','Private')) ORDER BY VALUE ASC LIMIT 2",
 "sqlResult": "{14} || {56}",
 "nlq": "What are the bottom 2 numbers of Qatari students in Government or Private schools in 2022/2023?"},
{"name": "template 13",
 "sql": "SELECT Value FROM DBdata WHERE ((Nationality = 'Qatari' AND Year = '2021/2022')) AND (School_type IN ('Government','Private')) ORDER BY VALUE ASC",
 "sqlResult": "{9} || {32}",
 "nlq": "What are the numbers ordered by increasing values of Qatari students in Government or Private schools in 2021/2022?"},
{"name": "template 14",
 "sql": "SELECT School_type FROM DBdata WHERE ((Nationality = 'Qatari' AND Year = '2020/2021')) AND Value > 48.5",
 "sqlResult": "{Government} || {Private}",
 "nlq": "What is the School type for which the number of Qatari students in 2020/2021 is greater than 48.5?"},
{"name": "template 15",
 "sql": "SELECT School_type,Value FROM DBdata WHERE ((Nationality = 'Non-Qatari' AND Year = '2020/2021')) AND (School_type) IN (SELECT School_type FROM DBdata WHERE ((Nationality = 'Qatari' AND Year = '2020/2021')) AND Value > 48.5)",
 "sqlResult": "{Government | 49} || {Private | 92}",
 "nlq": "What is the number of Non-Qatari students in 2020/2021 in School type for which the number of Qatari students in 2020/2021 is greater than 48.5? Please, report the corresponding School type and number of students."}]
}
