{
"filename": "Number_of_students_set76_1_DB.csv",
"questions": [{"name": "template 1",
 "sql": "SELECT Value FROM DBdata WHERE ((AA = 'AAhv' AND BB = 'BBhl')) AND (CC IN ('CChn'))",
 "sqlResult": "{12}",
 "nlq": "What is the number of AAhv students in CChn schools in BBhl?"},
{"name": "template 2",
 "sql": "SELECT Value FROM DBdata WHERE ((AA = 'Non-AAhv' AND BB = 'BBdw')) AND (CC IN ('CChn','CChw'))",
 "sqlResult": "{36} || {29}",
 "nlq": "What is the number of Non-AAhv students in CChn or CChw schools in BBdw?"},
{"name": "template 3",
 "sql": "SELECT Value FROM DBdata WHERE ((AA = 'AAhv' AND BB = 'BBdw') OR (AA = 'Non-AAhv' AND BB = 'BBdw')) AND (CC IN ('CChn'))",
 "sqlResult": "{15} || {36}",
 "nlq": "What is the number of Non-AAhv or AAhv students in CChn schools in BBdw?"},
{"name": "template 4",
 "sql": "SELECT sum(Value),avg(Value) FROM DBdata WHERE ((AA = 'Non-AAhv' AND BB = 'BBdw') OR (AA = 'AAhv' AND BB = 'BBhl') OR (AA = 'Non-AAhv' AND BB = 'BBhl')) AND (CC IN ('CChn'))",
 "sqlResult": "{115 | 38.33}",
 "nlq": "What are the total and average numbers of Non-AAhv students in CChn schools in BBdw or BBhl or of AAhv students in CChn schools in BBhl?"},
{"name": "template 6",
 "sql": "SELECT Value FROM DBdata WHERE ((AA = 'AAhv' AND BB = 'BBdw') OR (AA = 'AAhv' AND BB = 'BBhl')) AND (CC IN ('CChn','CChw'))",
 "sqlResult": "{15} || {12} || {27} || {97}",
 "nlq": "What is the number of AAhv students in CChn or CChw schools in BBdw or BBhl?"},
{"name": "template 7",
 "sql": "SELECT max(Value),min(Value) FROM DBdata WHERE ((AA = 'Non-AAhv' AND BB = 'BBdw')) AND (CC IN ('CChn'))",
 "sqlResult": "{36 | 36}",
 "nlq": "What are the maximum and minimum numbers of Non-AAhv students in CChn schools in BBdw?"},
{"name": "template 8",
 "sql": "SELECT AA,BB,sum(Value),avg(Value) FROM DBdata WHERE ((AA = 'AAhv' AND BB = 'BBdw') OR (AA = 'Non-AAhv' AND BB = 'BBdw') OR (AA = 'AAhv' AND BB = 'BBhl')) AND (CC IN ('CChn','CChw')) GROUP BY AA,BB",
 "sqlResult": "{Non-AAhv | BBdw | 65 | 32.5} || {AAhv | BBdw | 42 | 21} || {AAhv | BBhl | 109 | 54.5}",
 "nlq": "What are the total and average numbers for each AA and BB, of Non-AAhv or AAhv students in CChn or CChw schools in BBdw or of AAhv students in CChn or CChw schools in BBhl? Please, report the corresponding AA and BB."},
{"name": "template 9",
 "sql": "SELECT min(Value) FROM DBdata WHERE ((AA = 'Non-AAhv' AND BB = 'BBhl')) AND (CC IN ('CChn','CChw')) GROUP BY CC",
 "sqlResult": "{67} || {64}",
 "nlq": "What is the minimum number for each CC, of Non-AAhv students in CChn or CChw schools in BBhl?"},
{"name": "template 10",
 "sql": "SELECT CC,max(Value) FROM DBdata WHERE ((AA = 'AAhv' AND BB = 'BBdw')) AND (CC IN ('CChn','CChw')) GROUP BY CC",
 "sqlResult": "{CChn | 15} || {CChw | 27}",
 "nlq": "What is the maximum number for each CC, of AAhv students in CChn or CChw schools in BBdw? Please, report the corresponding CC."},
{"name": "template 11",
 "sql": "SELECT CC,AA,BB,max(Value) FROM DBdata WHERE ((AA = 'AAhv' AND BB = 'BBdw') OR (AA = 'Non-AAhv' AND BB = 'BBdw') OR (AA = 'AAhv' AND BB = 'BBhl')) AND (CC IN ('CChn','CChw')) GROUP BY CC,AA,BB",
 "sqlResult": "{CChn | Non-AAhv | BBdw | 36} || {CChn | AAhv | BBdw | 15} || {CChn | AAhv | BBhl | 12} || {CChw | Non-AAhv | BBdw | 29} || {CChw | AAhv | BBdw | 27} || {CChw | AAhv | BBhl | 97}",
 "nlq": "What is the maximum number for each CC, AA, and BB, of Non-AAhv or AAhv students in CChn or CChw schools in BBdw or of AAhv students in CChn or CChw schools in BBhl? Please, report the corresponding CC, AA, and BB."},
{"name": "template 12",
 "sql": "SELECT Value FROM DBdata WHERE ((AA = 'AAhv' AND BB = 'BBdw')) AND (CC IN ('CChn','CChw')) ORDER BY VALUE DESC LIMIT 2",
 "sqlResult": "{27} || {15}",
 "nlq": "What are the top 2 numbers of AAhv students in CChn or CChw schools in BBdw?"},
{"name": "template 13",
 "sql": "SELECT Value FROM DBdata WHERE ((AA = 'Non-AAhv' AND BB = 'BBdw')) AND (CC IN ('CChn','CChw')) ORDER BY VALUE DESC",
 "sqlResult": "{36} || {29}",
 "nlq": "What are the numbers ordered by decreasing values of Non-AAhv students in CChn or CChw schools in BBdw?"},
{"name": "template 14",
 "sql": "SELECT CC FROM DBdata WHERE ((AA = 'Non-AAhv' AND BB = 'BBhl')) AND Value > 43.38",
 "sqlResult": "{CChn} || {CChw}",
 "nlq": "What is the CC for which the number of Non-AAhv students in BBhl is greater than 43.38?"},
{"name": "template 15",
 "sql": "SELECT CC,Value FROM DBdata WHERE ((AA = 'AAhv' AND BB = 'BBdw')) AND (CC) IN (SELECT CC FROM DBdata WHERE ((AA = 'Non-AAhv' AND BB = 'BBhl')) AND Value > 43.38)",
 "sqlResult": "{CChn | 15} || {CChw | 27}",
 "nlq": "What is the number of AAhv students in BBdw in CC for which the number of Non-AAhv students in BBhl is greater than 43.38? Please, report the corresponding CC and number of students."}]
}

