Nationality,Year,School type,Value
Nationality,Year,School_type,Value
Qatari,2017/2018,Government,69
Non-Qatari,2017/2018,Government,75
Qatari,2018/2019,Government,41
Non-Qatari,2018/2019,Government,10
Qatari,2019/2020,Government,39
Non-Qatari,2019/2020,Government,96
Qatari,2020/2021,Government,32
Non-Qatari,2020/2021,Government,90
Qatari,2017/2018,Private,17
Non-Qatari,2017/2018,Private,9
Qatari,2018/2019,Private,83
Non-Qatari,2018/2019,Private,35
Qatari,2019/2020,Private,98
Non-Qatari,2019/2020,Private,33
Qatari,2020/2021,Private,0
Non-Qatari,2020/2021,Private,78
