{
"filename": "Number_of_students_set79_3_DB.csv",
"questions": [{"name": "template 1",
 "sql": "SELECT Value FROM DBdata WHERE ((AA = 'AAtx' AND BB = 'BBhk')) AND (CC IN ('CCck'))",
 "sqlResult": "{28}",
 "nlq": "What is the number of AAtx students in CCck schools in BBhk?"},
{"name": "template 2",
 "sql": "SELECT Value FROM DBdata WHERE ((AA = 'AAtx' AND BB = 'BBlt')) AND (CC IN ('CCck'))",
 "sqlResult": "{30}",
 "nlq": "What is the number of AAtx students in CCck schools in BBlt?"},
{"name": "template 3",
 "sql": "SELECT Value FROM DBdata WHERE ((AA = 'AAtx' AND BB = 'BBgj') OR (AA = 'Non-AAtx' AND BB = 'BBgj') OR (AA = 'Non-AAtx' AND BB = 'BBhk') OR (AA = 'AAtx' AND BB = 'BBlt') OR (AA = 'AAtx' AND BB = 'BBkn') OR (AA = 'Non-AAtx' AND BB = 'BBkn')) AND (CC IN ('CCdr'))",
 "sqlResult": "{19} || {42} || {31} || {85} || {93} || {6}",
 "nlq": "What is the number of AAtx students in CCdr schools in BBgj, BBlt, or BBkn or of Non-AAtx students in CCdr schools in BBgj, BBhk, or BBkn?"},
{"name": "template 4",
 "sql": "SELECT min(Value),avg(Value) FROM DBdata WHERE ((AA = 'Non-AAtx' AND BB = 'BBgj') OR (AA = 'AAtx' AND BB = 'BBhk') OR (AA = 'AAtx' AND BB = 'BBlt') OR (AA = 'Non-AAtx' AND BB = 'BBlt') OR (AA = 'AAtx' AND BB = 'BBkn') OR (AA = 'Non-AAtx' AND BB = 'BBkn')) AND (CC IN ('CCck'))",
 "sqlResult": "{13 | 36.67}",
 "nlq": "What are the minimum and average numbers of Non-AAtx students in CCck schools in BBgj, BBlt, or BBkn or of AAtx students in CCck schools in BBhk, BBlt, or BBkn?"},
{"name": "template 6",
 "sql": "SELECT Value FROM DBdata WHERE ((AA = 'AAtx' AND BB = 'BBhk') OR (AA = 'Non-AAtx' AND BB = 'BBhk') OR (AA = 'AAtx' AND BB = 'BBlt') OR (AA = 'Non-AAtx' AND BB = 'BBlt') OR (AA = 'Non-AAtx' AND BB = 'BBkn')) AND (CC IN ('CCdr','CCck'))",
 "sqlResult": "{21} || {31} || {85} || {3} || {6} || {28} || {56} || {30} || {48} || {37}",
 "nlq": "What is the number of Non-AAtx or AAtx students in CCdr or CCck schools in BBhk or BBlt or of Non-AAtx students in CCdr or CCck schools in BBkn?"},
{"name": "template 7",
 "sql": "SELECT max(Value),avg(Value) FROM DBdata WHERE ((AA = 'AAtx' AND BB = 'BBkn')) AND (CC IN ('CCdr','CCck'))",
 "sqlResult": "{93 | 53}",
 "nlq": "What are the maximum and average numbers of AAtx students in CCdr or CCck schools in BBkn?"},
{"name": "template 8",
 "sql": "SELECT AA,BB,max(Value),sum(Value) FROM DBdata WHERE ((AA = 'AAtx' AND BB = 'BBhk') OR (AA = 'Non-AAtx' AND BB = 'BBhk') OR (AA = 'AAtx' AND BB = 'BBlt') OR (AA = 'Non-AAtx' AND BB = 'BBkn')) AND (CC IN ('CCck')) GROUP BY AA,BB",
 "sqlResult": "{Non-AAtx | BBhk | 56 | 56} || {Non-AAtx | BBkn | 37 | 37} || {AAtx | BBhk | 28 | 28} || {AAtx | BBlt | 30 | 30}",
 "nlq": "What are the maximum and total numbers for each AA and BB, of Non-AAtx or AAtx students in CCck schools in BBhk, of AAtx students in CCck schools in BBlt, or of Non-AAtx students in CCck schools in BBkn? Please, report the corresponding AA and BB."},
{"name": "template 9",
 "sql": "SELECT min(Value) FROM DBdata WHERE ((AA = 'Non-AAtx' AND BB = 'BBlt')) AND (CC IN ('CCdr','CCck')) GROUP BY CC",
 "sqlResult": "{3} || {48}",
 "nlq": "What is the minimum number for each CC, of Non-AAtx students in CCdr or CCck schools in BBlt?"},
{"name": "template 10",
 "sql": "SELECT CC,sum(Value) FROM DBdata WHERE ((AA = 'Non-AAtx' AND BB = 'BBkn')) AND (CC IN ('CCdr','CCck')) GROUP BY CC",
 "sqlResult": "{CCdr | 6} || {CCck | 37}",
 "nlq": "What is the total number for each CC, of Non-AAtx students in CCdr or CCck schools in BBkn? Please, report the corresponding CC."},
{"name": "template 11",
 "sql": "SELECT CC,AA,BB,min(Value) FROM DBdata WHERE ((AA = 'Non-AAtx' AND BB = 'BBgj') OR (AA = 'AAtx' AND BB = 'BBlt')) AND (CC IN ('CCdr','CCck')) GROUP BY CC,AA,BB",
 "sqlResult": "{CCdr | Non-AAtx | BBgj | 42} || {CCdr | AAtx | BBlt | 85} || {CCck | Non-AAtx | BBgj | 64} || {CCck | AAtx | BBlt | 30}",
 "nlq": "What is the minimum number for each CC, AA, and BB, of Non-AAtx students in CCdr or CCck schools in BBgj or of AAtx students in CCdr or CCck schools in BBlt? Please, report the corresponding CC, AA, and BB."},
{"name": "template 12",
 "sql": "SELECT Value FROM DBdata WHERE ((AA = 'Non-AAtx' AND BB = 'BBkn')) AND (CC IN ('CCdr','CCck')) ORDER BY VALUE ASC LIMIT 2",
 "sqlResult": "{6} || {37}",
 "nlq": "What are the bottom 2 numbers of Non-AAtx students in CCdr or CCck schools in BBkn?"},
{"name": "template 13",
 "sql": "SELECT Value FROM DBdata WHERE ((AA = 'Non-AAtx' AND BB = 'BBgj')) AND (CC IN ('CCdr','CCck')) ORDER BY VALUE ASC",
 "sqlResult": "{42} || {64}",
 "nlq": "What are the numbers ordered by increasing values of Non-AAtx students in CCdr or CCck schools in BBgj?"},
{"name": "template 14",
 "sql": "SELECT CC FROM DBdata WHERE ((AA = 'Non-AAtx' AND BB = 'BBgj')) AND Value > 38.81",
 "sqlResult": "{CCdr} || {CCck}",
 "nlq": "What is the CC for which the number of Non-AAtx students in BBgj is greater than 38.81?"},
{"name": "template 15",
 "sql": "SELECT CC,Value FROM DBdata WHERE ((AA = 'AAtx' AND BB = 'BBhk')) AND (CC) IN (SELECT CC FROM DBdata WHERE ((AA = 'Non-AAtx' AND BB = 'BBgj')) AND Value > 38.81)",
 "sqlResult": "{CCdr | 21} || {CCck | 28}",
 "nlq": "What is the number of AAtx students in BBhk in CC for which the number of Non-AAtx students in BBgj is greater than 38.81? Please, report the corresponding CC and number of students."}]
}

