{
"filename": "Number_of_students_set79_5_DB.csv",
"questions": [{"name": "template 1",
 "sql": "SELECT Value FROM DBdata WHERE ((AA = 'AAkp' AND BB = 'BBfm')) AND (CC IN ('CCbd'))",
 "sqlResult": "{53}",
 "nlq": "What is the number of AAkp students in CCbd schools in BBfm?"},
{"name": "template 2",
 "sql": "SELECT Value FROM DBdata WHERE ((AA = 'Non-AAkp' AND BB = 'BBbs')) AND (CC IN ('CCrs'))",
 "sqlResult": "{59}",
 "nlq": "What is the number of Non-AAkp students in CCrs schools in BBbs?"},
{"name": "template 3",
 "sql": "SELECT Value FROM DBdata WHERE ((AA = 'AAkp' AND BB = 'BBbs') OR (AA = 'Non-AAkp' AND BB = 'BBbs') OR (AA = 'AAkp' AND BB = 'BBxz') OR (AA = 'Non-AAkp' AND BB = 'BBxz')) AND (CC IN ('CCbd'))",
 "sqlResult": "{26} || {35} || {60} || {50}",
 "nlq": "What is the number of Non-AAkp or AAkp students in CCbd schools in BBbs or BBxz?"},
{"name": "template 4",
 "sql": "SELECT min(Value),avg(Value) FROM DBdata WHERE ((AA = 'AAkp' AND BB = 'BBbs') OR (AA = 'Non-AAkp' AND BB = 'BBbs') OR (AA = 'AAkp' AND BB = 'BBfm') OR (AA = 'Non-AAkp' AND BB = 'BBfm') OR (AA = 'AAkp' AND BB = 'BBxz') OR (AA = 'Non-AAkp' AND BB = 'BBxz')) AND (CC IN ('CCbd'))",
 "sqlResult": "{23 | 41.17}",
 "nlq": "What are the minimum and average numbers of Non-AAkp or AAkp students in CCbd schools in BBbs, BBfm, or BBxz?"},
{"name": "template 6",
 "sql": "SELECT Value FROM DBdata WHERE ((AA = 'AAkp' AND BB = 'BBbs') OR (AA = 'Non-AAkp' AND BB = 'BBbs') OR (AA = 'Non-AAkp' AND BB = 'BBfm') OR (AA = 'AAkp' AND BB = 'BBxz') OR (AA = 'Non-AAkp' AND BB = 'BBxz')) AND (CC IN ('CCbd','CCrs'))",
 "sqlResult": "{26} || {35} || {23} || {60} || {50} || {100} || {59} || {65} || {47} || {17}",
 "nlq": "What is the number of Non-AAkp or AAkp students in CCbd or CCrs schools in BBbs or BBxz or of Non-AAkp students in CCbd or CCrs schools in BBfm?"},
{"name": "template 7",
 "sql": "SELECT sum(Value),min(Value) FROM DBdata WHERE ((AA = 'Non-AAkp' AND BB = 'BBxz')) AND (CC IN ('CCrs'))",
 "sqlResult": "{17 | 17}",
 "nlq": "What are the total and minimum numbers of Non-AAkp students in CCrs schools in BBxz?"},
{"name": "template 8",
 "sql": "SELECT AA,BB,max(Value),avg(Value) FROM DBdata WHERE ((AA = 'AAkp' AND BB = 'BBbs') OR (AA = 'AAkp' AND BB = 'BBfm') OR (AA = 'AAkp' AND BB = 'BBxz') OR (AA = 'Non-AAkp' AND BB = 'BBxz')) AND (CC IN ('CCbd')) GROUP BY AA,BB",
 "sqlResult": "{Non-AAkp | BBxz | 50 | 50} || {AAkp | BBbs | 26 | 26} || {AAkp | BBfm | 53 | 53} || {AAkp | BBxz | 60 | 60}",
 "nlq": "What are the maximum and average numbers for each AA and BB, of AAkp students in CCbd schools in BBbs, BBfm, or BBxz or of Non-AAkp students in CCbd schools in BBxz? Please, report the corresponding AA and BB."},
{"name": "template 9",
 "sql": "SELECT min(Value) FROM DBdata WHERE ((AA = 'AAkp' AND BB = 'BBbs')) AND (CC IN ('CCbd','CCrs')) GROUP BY CC",
 "sqlResult": "{26} || {100}",
 "nlq": "What is the minimum number for each CC, of AAkp students in CCbd or CCrs schools in BBbs?"},
{"name": "template 10",
 "sql": "SELECT CC,avg(Value) FROM DBdata WHERE ((AA = 'Non-AAkp' AND BB = 'BBfm')) AND (CC IN ('CCbd','CCrs')) GROUP BY CC",
 "sqlResult": "{CCbd | 23} || {CCrs | 65}",
 "nlq": "What is the average number for each CC, of Non-AAkp students in CCbd or CCrs schools in BBfm? Please, report the corresponding CC."},
{"name": "template 11",
 "sql": "SELECT CC,AA,BB,avg(Value) FROM DBdata WHERE ((AA = 'AAkp' AND BB = 'BBbs') OR (AA = 'Non-AAkp' AND BB = 'BBbs') OR (AA = 'Non-AAkp' AND BB = 'BBfm')) AND (CC IN ('CCbd','CCrs')) GROUP BY CC,AA,BB",
 "sqlResult": "{CCbd | Non-AAkp | BBbs | 35} || {CCbd | Non-AAkp | BBfm | 23} || {CCbd | AAkp | BBbs | 26} || {CCrs | Non-AAkp | BBbs | 59} || {CCrs | Non-AAkp | BBfm | 65} || {CCrs | AAkp | BBbs | 100}",
 "nlq": "What is the average number for each CC, AA, and BB, of Non-AAkp or AAkp students in CCbd or CCrs schools in BBbs or of Non-AAkp students in CCbd or CCrs schools in BBfm? Please, report the corresponding CC, AA, and BB."},
{"name": "template 12",
 "sql": "SELECT Value FROM DBdata WHERE ((AA = 'Non-AAkp' AND BB = 'BBfm')) AND (CC IN ('CCbd','CCrs')) ORDER BY VALUE DESC LIMIT 2",
 "sqlResult": "{65} || {23}",
 "nlq": "What are the top 2 numbers of Non-AAkp students in CCbd or CCrs schools in BBfm?"},
{"name": "template 13",
 "sql": "SELECT Value FROM DBdata WHERE ((AA = 'Non-AAkp' AND BB = 'BBfm')) AND (CC IN ('CCbd','CCrs')) ORDER BY VALUE DESC",
 "sqlResult": "{65} || {23}",
 "nlq": "What are the numbers ordered by decreasing values of Non-AAkp students in CCbd or CCrs schools in BBfm?"},
{"name": "template 14",
 "sql": "SELECT CC FROM DBdata WHERE ((AA = 'AAkp' AND BB = 'BBxz')) AND Value > 44.92",
 "sqlResult": "{CCbd} || {CCrs}",
 "nlq": "What is the CC for which the number of AAkp students in BBxz is greater than 44.92?"},
{"name": "template 15",
 "sql": "SELECT CC,Value FROM DBdata WHERE ((AA = 'AAkp' AND BB = 'BBbs')) AND (CC) IN (SELECT CC FROM DBdata WHERE ((AA = 'AAkp' AND BB = 'BBxz')) AND Value > 44.92)",
 "sqlResult": "{CCbd | 26} || {CCrs | 100}",
 "nlq": "What is the number of AAkp students in BBbs in CC for which the number of AAkp students in BBxz is greater than 44.92? Please, report the corresponding CC and number of students."}]
}

