{
"filename": "Number_of_students_set75_1_DB.csv",
"questions": [{"name": "template 1",
 "sql": "SELECT Value FROM DBdata WHERE ((Nationality = 'Non-Qatari' AND Year = '2018/2019')) AND (School_type IN ('Private'))",
 "sqlResult": "{3}",
 "nlq": "What is the number of Non-Qatari students in Private schools in 2018/2019?"},
{"name": "template 2",
 "sql": "SELECT Value FROM DBdata WHERE ((Nationality = 'Non-Qatari' AND Year = '2018/2019')) AND (School_type IN ('Private'))",
 "sqlResult": "{3}",
 "nlq": "What is the number of Non-Qatari students in Private schools in 2018/2019?"},
{"name": "template 3",
 "sql": "SELECT Value FROM DBdata WHERE ((Nationality = 'Qatari' AND Year = '2017/2018') OR (Nationality = 'Non-Qatari' AND Year = '2017/2018') OR (Nationality = 'Non-Qatari' AND Year = '2018/2019')) AND (School_type IN ('Government'))",
 "sqlResult": "{38} || {87} || {70}",
 "nlq": "What is the number of Non-Qatari or Qatari students in Government schools in 2017/2018 or of Non-Qatari students in Government schools in 2018/2019?"},
{"name": "template 4",
 "sql": "SELECT min(Value),avg(Value) FROM DBdata WHERE ((Nationality = 'Qatari' AND Year = '2017/2018') OR (Nationality = 'Qatari' AND Year = '2018/2019')) AND (School_type IN ('Private'))",
 "sqlResult": "{14 | 29}",
 "nlq": "What are the minimum and average numbers of Qatari students in Private schools in 2017/2018 or 2018/2019?"},
{"name": "template 6",
 "sql": "SELECT Value FROM DBdata WHERE ((Nationality = 'Non-Qatari' AND Year = '2017/2018') OR (Nationality = 'Qatari' AND Year = '2018/2019') OR (Nationality = 'Non-Qatari' AND Year = '2018/2019')) AND (School_type IN ('Government','Private'))",
 "sqlResult": "{87} || {51} || {70} || {26} || {44} || {3}",
 "nlq": "What is the number of Non-Qatari students in Government or Private schools in 2017/2018 or of Non-Qatari or Qatari students in Government or Private schools in 2018/2019?"},
{"name": "template 7",
 "sql": "SELECT min(Value),sum(Value) FROM DBdata WHERE ((Nationality = 'Non-Qatari' AND Year = '2017/2018')) AND (School_type IN ('Government'))",
 "sqlResult": "{87 | 87}",
 "nlq": "What are the minimum and total numbers of Non-Qatari students in Government schools in 2017/2018?"},
{"name": "template 8",
 "sql": "SELECT Nationality,Year,min(Value),max(Value) FROM DBdata WHERE ((Nationality = 'Non-Qatari' AND Year = '2017/2018') OR (Nationality = 'Qatari' AND Year = '2018/2019')) AND (School_type IN ('Private')) GROUP BY Nationality,Year",
 "sqlResult": "{Non-Qatari | 2017/2018 | 26 | 26} || {Qatari | 2018/2019 | 44 | 44}",
 "nlq": "What are the minimum and maximum numbers for each Nationality and Year, of Non-Qatari students in Private schools in 2017/2018 or of Qatari students in Private schools in 2018/2019? Please, report the corresponding Nationality and Year."},
{"name": "template 9",
 "sql": "SELECT min(Value) FROM DBdata WHERE ((Nationality = 'Qatari' AND Year = '2017/2018')) AND (School_type IN ('Government','Private')) GROUP BY School_type",
 "sqlResult": "{38} || {14}",
 "nlq": "What is the minimum number for each School type, of Qatari students in Government or Private schools in 2017/2018?"},
{"name": "template 10",
 "sql": "SELECT School_type,sum(Value) FROM DBdata WHERE ((Nationality = 'Non-Qatari' AND Year = '2018/2019')) AND (School_type IN ('Government','Private')) GROUP BY School_type",
 "sqlResult": "{Government | 70} || {Private | 3}",
 "nlq": "What is the total number for each School type, of Non-Qatari students in Government or Private schools in 2018/2019? Please, report the corresponding School type."},
{"name": "template 11",
 "sql": "SELECT School_type,Nationality,Year,avg(Value) FROM DBdata WHERE ((Nationality = 'Non-Qatari' AND Year = '2017/2018') OR (Nationality = 'Qatari' AND Year = '2018/2019') OR (Nationality = 'Non-Qatari' AND Year = '2018/2019')) AND (School_type IN ('Government','Private')) GROUP BY School_type,Nationality,Year",
 "sqlResult": "{Government | Non-Qatari | 2017/2018 | 87} || {Government | Non-Qatari | 2018/2019 | 70} || {Government | Qatari | 2018/2019 | 51} || {Private | Non-Qatari | 2017/2018 | 26} || {Private | Non-Qatari | 2018/2019 | 3} || {Private | Qatari | 2018/2019 | 44}",
 "nlq": "What is the average number for each School type, Nationality, and Year, of Non-Qatari students in Government or Private schools in 2017/2018 or of Non-Qatari or Qatari students in Government or Private schools in 2018/2019? Please, report the corresponding School type, Nationality, and Year."},
{"name": "template 12",
 "sql": "SELECT Value FROM DBdata WHERE ((Nationality = 'Qatari' AND Year = '2017/2018')) AND (School_type IN ('Government','Private')) ORDER BY VALUE ASC LIMIT 2",
 "sqlResult": "{14} || {38}",
 "nlq": "What are the bottom 2 numbers of Qatari students in Government or Private schools in 2017/2018?"},
{"name": "template 13",
 "sql": "SELECT Value FROM DBdata WHERE ((Nationality = 'Non-Qatari' AND Year = '2018/2019')) AND (School_type IN ('Government','Private')) ORDER BY VALUE DESC",
 "sqlResult": "{70} || {3}",
 "nlq": "What are the numbers ordered by decreasing values of Non-Qatari students in Government or Private schools in 2018/2019?"},
{"name": "template 14",
 "sql": "SELECT School_type FROM DBdata WHERE ((Nationality = 'Non-Qatari' AND Year = '2017/2018')) AND Value < 41.62",
 "sqlResult": "{Private}",
 "nlq": "What is the School type for which the number of Non-Qatari students in 2017/2018 is lower than 41.62?"},
{"name": "template 15",
 "sql": "SELECT School_type,Value FROM DBdata WHERE ((Nationality = 'Qatari' AND Year = '2018/2019')) AND (School_type) IN (SELECT School_type FROM DBdata WHERE ((Nationality = 'Non-Qatari' AND Year = '2017/2018')) AND Value < 41.62)",
 "sqlResult": "{Private | 44}",
 "nlq": "What is the number of Qatari students in 2018/2019 in School type for which the number of Non-Qatari students in 2017/2018 is lower than 41.62? Please, report the corresponding School type and number of students."}]
}
