{
"filename": "Number_of_students_set74_4_DB.csv",
"questions": [{"name": "template 1",
 "sql": "SELECT Value FROM DBdata WHERE ((BB = 'BBdk' AND AA = 'Non-AAvx')) AND (CC IN ('CCqt'))",
 "sqlResult": "{60}",
 "nlq": "What is the number of Non-AAvx students in CCqt schools in BBdk?"},
{"name": "template 2",
 "sql": "SELECT Value FROM DBdata WHERE ((BB = 'BBcs' AND AA = 'AAvx')) AND (CC IN ('CCbv'))",
 "sqlResult": "{70}",
 "nlq": "What is the number of AAvx students in CCbv schools in BBcs?"},
{"name": "template 3",
 "sql": "SELECT Value FROM DBdata WHERE ((BB = 'BBcs' AND AA = 'Non-AAvx') OR (BB = 'BBdk' AND AA = 'AAvx') OR (BB = 'BBdk' AND AA = 'Non-AAvx') OR (BB = 'BBrx' AND AA = 'AAvx') OR (BB = 'BBrx' AND AA = 'Non-AAvx')) AND (CC IN ('CCqt'))",
 "sqlResult": "{31} || {3} || {60} || {7} || {54}",
 "nlq": "What is the number of Non-AAvx students in CCqt schools in BBcs, BBdk, or BBrx or of AAvx students in CCqt schools in BBdk or BBrx?"},
{"name": "template 4",
 "sql": "SELECT max(Value),sum(Value) FROM DBdata WHERE ((BB = 'BBcs' AND AA = 'Non-AAvx') OR (BB = 'BBdk' AND AA = 'AAvx') OR (BB = 'BBdk' AND AA = 'Non-AAvx') OR (BB = 'BBrx' AND AA = 'Non-AAvx')) AND (CC IN ('CCqt'))",
 "sqlResult": "{60 | 148}",
 "nlq": "What are the maximum and total numbers of Non-AAvx students in CCqt schools in BBcs, BBdk, or BBrx or of AAvx students in CCqt schools in BBdk?"},
{"name": "template 6",
 "sql": "SELECT Value FROM DBdata WHERE ((BB = 'BBcs' AND AA = 'Non-AAvx') OR (BB = 'BBdk' AND AA = 'AAvx') OR (BB = 'BBrx' AND AA = 'AAvx') OR (BB = 'BBrx' AND AA = 'Non-AAvx')) AND (CC IN ('CCbv','CCqt'))",
 "sqlResult": "{73} || {87} || {76} || {77} || {31} || {3} || {7} || {54}",
 "nlq": "What is the number of Non-AAvx students in CCbv or CCqt schools in BBcs, of AAvx students in CCbv or CCqt schools in BBdk, or of Non-AAvx or AAvx students in CCbv or CCqt schools in BBrx?"},
{"name": "template 7",
 "sql": "SELECT avg(Value),min(Value) FROM DBdata WHERE ((BB = 'BBdk' AND AA = 'Non-AAvx')) AND (CC IN ('CCbv','CCqt'))",
 "sqlResult": "{43 | 26}",
 "nlq": "What are the average and minimum numbers of Non-AAvx students in CCbv or CCqt schools in BBdk?"},
{"name": "template 8",
 "sql": "SELECT BB,AA,avg(Value),min(Value) FROM DBdata WHERE ((BB = 'BBcs' AND AA = 'Non-AAvx') OR (BB = 'BBdk' AND AA = 'Non-AAvx')) AND (CC IN ('CCbv','CCqt')) GROUP BY BB,AA",
 "sqlResult": "{BBcs | Non-AAvx | 52 | 31} || {BBdk | Non-AAvx | 43 | 26}",
 "nlq": "What are the average and minimum numbers for each BB and AA, of Non-AAvx students in CCbv or CCqt schools in BBcs or BBdk? Please, report the corresponding BB and AA."},
{"name": "template 9",
 "sql": "SELECT min(Value) FROM DBdata WHERE ((BB = 'BBdk' AND AA = 'Non-AAvx')) AND (CC IN ('CCbv','CCqt')) GROUP BY CC",
 "sqlResult": "{26} || {60}",
 "nlq": "What is the minimum number for each CC, of Non-AAvx students in CCbv or CCqt schools in BBdk?"},
{"name": "template 10",
 "sql": "SELECT CC,min(Value) FROM DBdata WHERE ((BB = 'BBrx' AND AA = 'Non-AAvx')) AND (CC IN ('CCbv','CCqt')) GROUP BY CC",
 "sqlResult": "{CCbv | 77} || {CCqt | 54}",
 "nlq": "What is the minimum number for each CC, of Non-AAvx students in CCbv or CCqt schools in BBrx? Please, report the corresponding CC."},
{"name": "template 11",
 "sql": "SELECT CC,BB,AA,avg(Value) FROM DBdata WHERE ((BB = 'BBcs' AND AA = 'Non-AAvx') OR (BB = 'BBdk' AND AA = 'Non-AAvx') OR (BB = 'BBrx' AND AA = 'Non-AAvx')) AND (CC IN ('CCbv','CCqt')) GROUP BY CC,BB,AA",
 "sqlResult": "{CCbv | BBcs | Non-AAvx | 73} || {CCbv | BBdk | Non-AAvx | 26} || {CCbv | BBrx | Non-AAvx | 77} || {CCqt | BBcs | Non-AAvx | 31} || {CCqt | BBdk | Non-AAvx | 60} || {CCqt | BBrx | Non-AAvx | 54}",
 "nlq": "What is the average number for each CC, BB, and AA, of Non-AAvx students in CCbv or CCqt schools in BBcs, BBdk, or BBrx? Please, report the corresponding CC, BB, and AA."},
{"name": "template 12",
 "sql": "SELECT Value FROM DBdata WHERE ((BB = 'BBcs' AND AA = 'Non-AAvx')) AND (CC IN ('CCbv','CCqt')) ORDER BY VALUE ASC LIMIT 2",
 "sqlResult": "{31} || {73}",
 "nlq": "What are the bottom 2 numbers of Non-AAvx students in CCbv or CCqt schools in BBcs?"},
{"name": "template 13",
 "sql": "SELECT Value FROM DBdata WHERE ((BB = 'BBdk' AND AA = 'Non-AAvx')) AND (CC IN ('CCbv','CCqt')) ORDER BY VALUE DESC",
 "sqlResult": "{60} || {26}",
 "nlq": "What are the numbers ordered by decreasing values of Non-AAvx students in CCbv or CCqt schools in BBdk?"},
{"name": "template 14",
 "sql": "SELECT CC FROM DBdata WHERE ((BB = 'BBdk' AND AA = 'AAvx')) AND Value > 51.58",
 "sqlResult": "{CCbv}",
 "nlq": "What is the CC for which the number of AAvx students in BBdk is greater than 51.58?"},
{"name": "template 15",
 "sql": "SELECT CC,Value FROM DBdata WHERE ((BB = 'BBcs' AND AA = 'Non-AAvx')) AND (CC) IN (SELECT CC FROM DBdata WHERE ((BB = 'BBdk' AND AA = 'AAvx')) AND Value > 51.58)",
 "sqlResult": "{CCbv | 73}",
 "nlq": "What is the number of Non-AAvx students in BBcs in CC for which the number of AAvx students in BBdk is greater than 51.58? Please, report the corresponding CC and number of students."}]
}

