{
"filename": "Number_of_students_set75_2_DB.csv",
"questions": [{"name": "template 1",
 "sql": "SELECT Value FROM DBdata WHERE ((Nationality = 'Non-Qatari' AND Year = '2020/2021')) AND (School_type IN ('Government'))",
 "sqlResult": "{79}",
 "nlq": "What is the number of Non-Qatari students in Government schools in 2020/2021?"},
{"name": "template 2",
 "sql": "SELECT Value FROM DBdata WHERE ((Nationality = 'Non-Qatari' AND Year = '2020/2021')) AND (School_type IN ('Government','Private'))",
 "sqlResult": "{79} || {62}",
 "nlq": "What is the number of Non-Qatari students in Government or Private schools in 2020/2021?"},
{"name": "template 3",
 "sql": "SELECT Value FROM DBdata WHERE ((Nationality = 'Non-Qatari' AND Year = '2020/2021') OR (Nationality = 'Qatari' AND Year = '2021/2022') OR (Nationality = 'Non-Qatari' AND Year = '2021/2022')) AND (School_type IN ('Private'))",
 "sqlResult": "{62} || {54} || {42}",
 "nlq": "What is the number of Non-Qatari students in Private schools in 2020/2021 or 2021/2022 or of Qatari students in Private schools in 2021/2022?"},
{"name": "template 4",
 "sql": "SELECT avg(Value),max(Value) FROM DBdata WHERE ((Nationality = 'Qatari' AND Year = '2020/2021') OR (Nationality = 'Non-Qatari' AND Year = '2020/2021') OR (Nationality = 'Qatari' AND Year = '2021/2022') OR (Nationality = 'Non-Qatari' AND Year = '2021/2022')) AND (School_type IN ('Government'))",
 "sqlResult": "{49.75 | 79}",
 "nlq": "What are the average and maximum numbers of Non-Qatari or Qatari students in Government schools in 2020/2021 or 2021/2022?"},
{"name": "template 6",
 "sql": "SELECT Value FROM DBdata WHERE ((Nationality = 'Qatari' AND Year = '2020/2021') OR (Nationality = 'Non-Qatari' AND Year = '2020/2021') OR (Nationality = 'Qatari' AND Year = '2021/2022') OR (Nationality = 'Non-Qatari' AND Year = '2021/2022')) AND (School_type IN ('Government'))",
 "sqlResult": "{43} || {79} || {32} || {45}",
 "nlq": "What is the number of Non-Qatari or Qatari students in Government schools in 2020/2021 or 2021/2022?"},
{"name": "template 7",
 "sql": "SELECT max(Value),sum(Value) FROM DBdata WHERE ((Nationality = 'Non-Qatari' AND Year = '2021/2022')) AND (School_type IN ('Private'))",
 "sqlResult": "{42 | 42}",
 "nlq": "What are the maximum and total numbers of Non-Qatari students in Private schools in 2021/2022?"},
{"name": "template 8",
 "sql": "SELECT Nationality,Year,avg(Value),sum(Value) FROM DBdata WHERE ((Nationality = 'Non-Qatari' AND Year = '2020/2021') OR (Nationality = 'Qatari' AND Year = '2021/2022')) AND (School_type IN ('Government')) GROUP BY Nationality,Year",
 "sqlResult": "{Non-Qatari | 2020/2021 | 79 | 79} || {Qatari | 2021/2022 | 32 | 32}",
 "nlq": "What are the average and total numbers for each Nationality and Year, of Non-Qatari students in Government schools in 2020/2021 or of Qatari students in Government schools in 2021/2022? Please, report the corresponding Nationality and Year."},
{"name": "template 9",
 "sql": "SELECT min(Value) FROM DBdata WHERE ((Nationality = 'Non-Qatari' AND Year = '2021/2022')) AND (School_type IN ('Government','Private')) GROUP BY School_type",
 "sqlResult": "{45} || {42}",
 "nlq": "What is the minimum number for each School type, of Non-Qatari students in Government or Private schools in 2021/2022?"},
{"name": "template 10",
 "sql": "SELECT School_type,sum(Value) FROM DBdata WHERE ((Nationality = 'Qatari' AND Year = '2021/2022')) AND (School_type IN ('Government','Private')) GROUP BY School_type",
 "sqlResult": "{Government | 32} || {Private | 54}",
 "nlq": "What is the total number for each School type, of Qatari students in Government or Private schools in 2021/2022? Please, report the corresponding School type."},
{"name": "template 11",
 "sql": "SELECT School_type,Nationality,Year,max(Value) FROM DBdata WHERE ((Nationality = 'Qatari' AND Year = '2020/2021') OR (Nationality = 'Qatari' AND Year = '2021/2022') OR (Nationality = 'Non-Qatari' AND Year = '2021/2022')) AND (School_type IN ('Government','Private')) GROUP BY School_type,Nationality,Year",
 "sqlResult": "{Government | Non-Qatari | 2021/2022 | 45} || {Government | Qatari | 2020/2021 | 43} || {Government | Qatari | 2021/2022 | 32} || {Private | Non-Qatari | 2021/2022 | 42} || {Private | Qatari | 2020/2021 | 36} || {Private | Qatari | 2021/2022 | 54}",
 "nlq": "What is the maximum number for each School type, Nationality, and Year, of Qatari students in Government or Private schools in 2020/2021 or of Non-Qatari or Qatari students in Government or Private schools in 2021/2022? Please, report the corresponding School type, Nationality, and Year."},
{"name": "template 12",
 "sql": "SELECT Value FROM DBdata WHERE ((Nationality = 'Qatari' AND Year = '2020/2021')) AND (School_type IN ('Government','Private')) ORDER BY VALUE ASC LIMIT 2",
 "sqlResult": "{36} || {43}",
 "nlq": "What are the bottom 2 numbers of Qatari students in Government or Private schools in 2020/2021?"},
{"name": "template 13",
 "sql": "SELECT Value FROM DBdata WHERE ((Nationality = 'Qatari' AND Year = '2021/2022')) AND (School_type IN ('Government','Private')) ORDER BY VALUE DESC",
 "sqlResult": "{54} || {32}",
 "nlq": "What are the numbers ordered by decreasing values of Qatari students in Government or Private schools in 2021/2022?"},
{"name": "template 14",
 "sql": "SELECT School_type FROM DBdata WHERE ((Nationality = 'Non-Qatari' AND Year = '2020/2021')) AND Value > 49.12",
 "sqlResult": "{Government} || {Private}",
 "nlq": "What is the School type for which the number of Non-Qatari students in 2020/2021 is greater than 49.12?"},
{"name": "template 15",
 "sql": "SELECT School_type,Value FROM DBdata WHERE ((Nationality = 'Qatari' AND Year = '2020/2021')) AND (School_type) IN (SELECT School_type FROM DBdata WHERE ((Nationality = 'Non-Qatari' AND Year = '2020/2021')) AND Value > 49.12)",
 "sqlResult": "{Government | 43} || {Private | 36}",
 "nlq": "What is the number of Qatari students in 2020/2021 in School type for which the number of Non-Qatari students in 2020/2021 is greater than 49.12? Please, report the corresponding School type and number of students."}]
}
