{
"filename": "Number_of_students_set80_1_DB.csv",
"questions": [{"name": "template 1",
 "sql": "SELECT Value FROM DBdata WHERE ((Year = '2015/2016' AND Nationality = 'Qatari')) AND (School_type IN ('Government'))",
 "sqlResult": "{16}",
 "nlq": "What is the number of Qatari students in Government schools in 2015/2016?"},
{"name": "template 2",
 "sql": "SELECT Value FROM DBdata WHERE ((Year = '2015/2016' AND Nationality = 'Non-Qatari')) AND (School_type IN ('Government','Private'))",
 "sqlResult": "{32} || {55}",
 "nlq": "What is the number of Non-Qatari students in Government or Private schools in 2015/2016?"},
{"name": "template 3",
 "sql": "SELECT Value FROM DBdata WHERE ((Year = '2015/2016' AND Nationality = 'Qatari') OR (Year = '2015/2016' AND Nationality = 'Non-Qatari') OR (Year = '2016/2017' AND Nationality = 'Qatari') OR (Year = '2016/2017' AND Nationality = 'Non-Qatari')) AND (School_type IN ('Private'))",
 "sqlResult": "{90} || {55} || {19} || {68}",
 "nlq": "What is the number of Non-Qatari or Qatari students in Private schools in 2015/2016 or 2016/2017?"},
{"name": "template 4",
 "sql": "SELECT avg(Value),min(Value) FROM DBdata WHERE ((Year = '2015/2016' AND Nationality = 'Qatari') OR (Year = '2015/2016' AND Nationality = 'Non-Qatari') OR (Year = '2016/2017' AND Nationality = 'Qatari') OR (Year = '2016/2017' AND Nationality = 'Non-Qatari')) AND (School_type IN ('Private'))",
 "sqlResult": "{58 | 19}",
 "nlq": "What are the average and minimum numbers of Non-Qatari or Qatari students in Private schools in 2015/2016 or 2016/2017?"},
{"name": "template 6",
 "sql": "SELECT Value FROM DBdata WHERE ((Year = '2015/2016' AND Nationality = 'Qatari') OR (Year = '2015/2016' AND Nationality = 'Non-Qatari') OR (Year = '2016/2017' AND Nationality = 'Qatari') OR (Year = '2016/2017' AND Nationality = 'Non-Qatari')) AND (School_type IN ('Private'))",
 "sqlResult": "{90} || {55} || {19} || {68}",
 "nlq": "What is the number of Non-Qatari or Qatari students in Private schools in 2015/2016 or 2016/2017?"},
{"name": "template 7",
 "sql": "SELECT avg(Value),max(Value) FROM DBdata WHERE ((Year = '2016/2017' AND Nationality = 'Qatari')) AND (School_type IN ('Government','Private'))",
 "sqlResult": "{9.5 | 19}",
 "nlq": "What are the average and maximum numbers of Qatari students in Government or Private schools in 2016/2017?"},
{"name": "template 8",
 "sql": "SELECT Year,Nationality,sum(Value),avg(Value) FROM DBdata WHERE ((Year = '2015/2016' AND Nationality = 'Qatari') OR (Year = '2015/2016' AND Nationality = 'Non-Qatari') OR (Year = '2016/2017' AND Nationality = 'Qatari') OR (Year = '2016/2017' AND Nationality = 'Non-Qatari')) AND (School_type IN ('Private')) GROUP BY Year,Nationality",
 "sqlResult": "{2015/2016 | Non-Qatari | 55 | 55} || {2015/2016 | Qatari | 90 | 90} || {2016/2017 | Non-Qatari | 68 | 68} || {2016/2017 | Qatari | 19 | 19}",
 "nlq": "What are the total and average numbers for each Year and Nationality, of Non-Qatari or Qatari students in Private schools in 2015/2016 or 2016/2017? Please, report the corresponding Year and Nationality."},
{"name": "template 9",
 "sql": "SELECT min(Value) FROM DBdata WHERE ((Year = '2015/2016' AND Nationality = 'Qatari')) AND (School_type IN ('Government','Private')) GROUP BY School_type",
 "sqlResult": "{16} || {90}",
 "nlq": "What is the minimum number for each School type, of Qatari students in Government or Private schools in 2015/2016?"},
{"name": "template 10",
 "sql": "SELECT School_type,max(Value) FROM DBdata WHERE ((Year = '2016/2017' AND Nationality = 'Qatari')) AND (School_type IN ('Government','Private')) GROUP BY School_type",
 "sqlResult": "{Government | 0} || {Private | 19}",
 "nlq": "What is the maximum number for each School type, of Qatari students in Government or Private schools in 2016/2017? Please, report the corresponding School type."},
{"name": "template 11",
 "sql": "SELECT School_type,Year,Nationality,min(Value) FROM DBdata WHERE ((Year = '2015/2016' AND Nationality = 'Non-Qatari') OR (Year = '2016/2017' AND Nationality = 'Qatari')) AND (School_type IN ('Government','Private')) GROUP BY School_type,Year,Nationality",
 "sqlResult": "{Government | 2015/2016 | Non-Qatari | 32} || {Government | 2016/2017 | Qatari | 0} || {Private | 2015/2016 | Non-Qatari | 55} || {Private | 2016/2017 | Qatari | 19}",
 "nlq": "What is the minimum number for each School type, Year, and Nationality, of Non-Qatari students in Government or Private schools in 2015/2016 or of Qatari students in Government or Private schools in 2016/2017? Please, report the corresponding School type, Year, and Nationality."},
{"name": "template 12",
 "sql": "SELECT Value FROM DBdata WHERE ((Year = '2015/2016' AND Nationality = 'Qatari')) AND (School_type IN ('Government','Private')) ORDER BY VALUE DESC LIMIT 2",
 "sqlResult": "{90} || {16}",
 "nlq": "What are the top 2 numbers of Qatari students in Government or Private schools in 2015/2016?"},
{"name": "template 13",
 "sql": "SELECT Value FROM DBdata WHERE ((Year = '2016/2017' AND Nationality = 'Non-Qatari')) AND (School_type IN ('Government','Private')) ORDER BY VALUE ASC",
 "sqlResult": "{37} || {68}",
 "nlq": "What are the numbers ordered by increasing values of Non-Qatari students in Government or Private schools in 2016/2017?"},
{"name": "template 14",
 "sql": "SELECT School_type FROM DBdata WHERE ((Year = '2015/2016' AND Nationality = 'Qatari')) AND Value < 39.62",
 "sqlResult": "{Government}",
 "nlq": "What is the School type for which the number of Qatari students in 2015/2016 is lower than 39.62?"},
{"name": "template 15",
 "sql": "SELECT School_type,Value FROM DBdata WHERE ((Year = '2016/2017' AND Nationality = 'Qatari')) AND (School_type) IN (SELECT School_type FROM DBdata WHERE ((Year = '2015/2016' AND Nationality = 'Qatari')) AND Value < 39.62)",
 "sqlResult": "{Government | 0}",
 "nlq": "What is the number of Qatari students in 2016/2017 in School type for which the number of Qatari students in 2015/2016 is lower than 39.62? Please, report the corresponding School type and number of students."}]
}
