{
"filename": "Number_of_students_set94_5_DB.csv",
"questions": [{"name": "template 1",
 "sql": "SELECT Value FROM DBdata WHERE ((Nationality = 'Non-Qatari' AND Year = '2020/2021')) AND (School_type IN ('Government'))",
 "sqlResult": "{58}",
 "nlq": "What is the number of Non-Qatari students in Government schools in 2020/2021?"},
{"name": "template 2",
 "sql": "SELECT Value FROM DBdata WHERE ((Nationality = 'Non-Qatari' AND Year = '2018/2019')) AND (School_type IN ('Government','Private'))",
 "sqlResult": "{97} || {92}",
 "nlq": "What is the number of Non-Qatari students in Government or Private schools in 2018/2019?"},
{"name": "template 3",
 "sql": "SELECT Value FROM DBdata WHERE ((Nationality = 'Qatari' AND Year = '2019/2020') OR (Nationality = 'Non-Qatari' AND Year = '2019/2020') OR (Nationality = 'Qatari' AND Year = '2020/2021')) AND (School_type IN ('Private'))",
 "sqlResult": "{31} || {76} || {37}",
 "nlq": "What is the number of Non-Qatari or Qatari students in Private schools in 2019/2020 or of Qatari students in Private schools in 2020/2021?"},
{"name": "template 4",
 "sql": "SELECT avg(Value),max(Value) FROM DBdata WHERE ((Nationality = 'Qatari' AND Year = '2018/2019') OR (Nationality = 'Qatari' AND Year = '2020/2021') OR (Nationality = 'Non-Qatari' AND Year = '2020/2021')) AND (School_type IN ('Government'))",
 "sqlResult": "{24.67 | 58}",
 "nlq": "What are the average and maximum numbers of Qatari students in Government schools in 2018/2019 or 2020/2021 or of Non-Qatari students in Government schools in 2020/2021?"},
{"name": "template 5",
 "sql": "SELECT sum(Value) FROM DBdata WHERE (Nationality IN ('Qatari','Non-Qatari')) AND (School_type IN ('Private'))",
 "sqlResult": "{296}",
 "nlq": "What is the total number of Non-Qatari or Qatari students in Private schools?"},
{"name": "template 6",
 "sql": "SELECT Value FROM DBdata WHERE ((Nationality = 'Qatari' AND Year = '2018/2019') OR (Nationality = 'Non-Qatari' AND Year = '2019/2020') OR (Nationality = 'Non-Qatari' AND Year = '2020/2021')) AND (School_type IN ('Government','Private'))",
 "sqlResult": "{2} || {8} || {58} || {32} || {76} || {28}",
 "nlq": "What is the number of Qatari students in Government or Private schools in 2018/2019 or of Non-Qatari students in Government or Private schools in 2019/2020 or 2020/2021?"},
{"name": "template 7",
 "sql": "SELECT avg(Value),sum(Value) FROM DBdata WHERE ((Nationality = 'Qatari' AND Year = '2020/2021')) AND (School_type IN ('Government','Private'))",
 "sqlResult": "{25.5 | 51}",
 "nlq": "What are the average and total numbers of Qatari students in Government or Private schools in 2020/2021?"},
{"name": "template 8",
 "sql": "SELECT Nationality,Year,sum(Value),avg(Value) FROM DBdata WHERE ((Nationality = 'Qatari' AND Year = '2018/2019') OR (Nationality = 'Non-Qatari' AND Year = '2018/2019') OR (Nationality = 'Qatari' AND Year = '2019/2020') OR (Nationality = 'Qatari' AND Year = '2020/2021')) AND (School_type IN ('Government','Private')) GROUP BY Nationality,Year",
 "sqlResult": "{Non-Qatari | 2018/2019 | 189 | 94.5} || {Qatari | 2018/2019 | 34 | 17} || {Qatari | 2019/2020 | 60 | 30} || {Qatari | 2020/2021 | 51 | 25.5}",
 "nlq": "What are the total and average numbers for each Nationality and Year, of Qatari students in Government or Private schools in 2018/2019, 2019/2020, or 2020/2021 or of Non-Qatari students in Government or Private schools in 2018/2019? Please, report the corresponding Nationality and Year."},
{"name": "template 9",
 "sql": "SELECT min(Value) FROM DBdata WHERE ((Nationality = 'Qatari' AND Year = '2019/2020')) AND (School_type IN ('Government','Private')) GROUP BY School_type",
 "sqlResult": "{29} || {31}",
 "nlq": "What is the minimum number for each School type, of Qatari students in Government or Private schools in 2019/2020?"},
{"name": "template 10",
 "sql": "SELECT School_type,min(Value) FROM DBdata WHERE ((Nationality = 'Qatari' AND Year = '2018/2019')) AND (School_type IN ('Government','Private')) GROUP BY School_type",
 "sqlResult": "{Government | 2} || {Private | 32}",
 "nlq": "What is the minimum number for each School type, of Qatari students in Government or Private schools in 2018/2019? Please, report the corresponding School type."},
{"name": "template 11",
 "sql": "SELECT School_type,Nationality,Year,avg(Value) FROM DBdata WHERE ((Nationality = 'Qatari' AND Year = '2018/2019') OR (Nationality = 'Qatari' AND Year = '2020/2021')) AND (School_type IN ('Government','Private')) GROUP BY School_type,Nationality,Year",
 "sqlResult": "{Government | Qatari | 2018/2019 | 2} || {Government | Qatari | 2020/2021 | 14} || {Private | Qatari | 2018/2019 | 32} || {Private | Qatari | 2020/2021 | 37}",
 "nlq": "What is the average number for each School type, Nationality, and Year, of Qatari students in Government or Private schools in 2018/2019 or 2020/2021? Please, report the corresponding School type, Nationality, and Year."},
{"name": "template 12",
 "sql": "SELECT Value FROM DBdata WHERE ((Nationality = 'Qatari' AND Year = '2018/2019')) AND (School_type IN ('Government','Private')) ORDER BY VALUE ASC LIMIT 2",
 "sqlResult": "{2} || {32}",
 "nlq": "What are the bottom 2 numbers of Qatari students in Government or Private schools in 2018/2019?"},
{"name": "template 13",
 "sql": "SELECT Value FROM DBdata WHERE ((Nationality = 'Non-Qatari' AND Year = '2018/2019')) AND (School_type IN ('Government','Private')) ORDER BY VALUE ASC",
 "sqlResult": "{92} || {97}",
 "nlq": "What are the numbers ordered by increasing values of Non-Qatari students in Government or Private schools in 2018/2019?"},
{"name": "template 14",
 "sql": "SELECT School_type FROM DBdata WHERE ((Nationality = 'Qatari' AND Year = '2018/2019')) AND Value < 42",
 "sqlResult": "{Government} || {Private}",
 "nlq": "What is the School type for which the number of Qatari students in 2018/2019 is lower than 42?"},
{"name": "template 15",
 "sql": "SELECT School_type,Value FROM DBdata WHERE ((Nationality = 'Qatari' AND Year = '2020/2021')) AND (School_type) IN (SELECT School_type FROM DBdata WHERE ((Nationality = 'Qatari' AND Year = '2018/2019')) AND Value < 42)",
 "sqlResult": "{Government | 14} || {Private | 37}",
 "nlq": "What is the number of Qatari students in 2020/2021 in School type for which the number of Qatari students in 2018/2019 is lower than 42? Please, report the corresponding School type and number of students."}]
}
