{
"filename": "Number_of_students_set80_1_DB.csv",
"questions": [{"name": "template 1",
 "sql": "SELECT Value FROM DBdata WHERE ((BB = 'BBjp' AND AA = 'AAbn')) AND (CC IN ('CCjr'))",
 "sqlResult": "{16}",
 "nlq": "What is the number of AAbn students in CCjr schools in BBjp?"},
{"name": "template 2",
 "sql": "SELECT Value FROM DBdata WHERE ((BB = 'BBjp' AND AA = 'Non-AAbn')) AND (CC IN ('CCjr','CCfq'))",
 "sqlResult": "{32} || {55}",
 "nlq": "What is the number of Non-AAbn students in CCjr or CCfq schools in BBjp?"},
{"name": "template 3",
 "sql": "SELECT Value FROM DBdata WHERE ((BB = 'BBjp' AND AA = 'AAbn') OR (BB = 'BBjp' AND AA = 'Non-AAbn') OR (BB = 'BBbm' AND AA = 'AAbn') OR (BB = 'BBbm' AND AA = 'Non-AAbn')) AND (CC IN ('CCfq'))",
 "sqlResult": "{90} || {55} || {19} || {68}",
 "nlq": "What is the number of Non-AAbn or AAbn students in CCfq schools in BBjp or BBbm?"},
{"name": "template 4",
 "sql": "SELECT avg(Value),min(Value) FROM DBdata WHERE ((BB = 'BBjp' AND AA = 'AAbn') OR (BB = 'BBjp' AND AA = 'Non-AAbn') OR (BB = 'BBbm' AND AA = 'AAbn') OR (BB = 'BBbm' AND AA = 'Non-AAbn')) AND (CC IN ('CCfq'))",
 "sqlResult": "{58 | 19}",
 "nlq": "What are the average and minimum numbers of Non-AAbn or AAbn students in CCfq schools in BBjp or BBbm?"},
{"name": "template 6",
 "sql": "SELECT Value FROM DBdata WHERE ((BB = 'BBjp' AND AA = 'AAbn') OR (BB = 'BBjp' AND AA = 'Non-AAbn') OR (BB = 'BBbm' AND AA = 'AAbn') OR (BB = 'BBbm' AND AA = 'Non-AAbn')) AND (CC IN ('CCfq'))",
 "sqlResult": "{90} || {55} || {19} || {68}",
 "nlq": "What is the number of Non-AAbn or AAbn students in CCfq schools in BBjp or BBbm?"},
{"name": "template 7",
 "sql": "SELECT avg(Value),max(Value) FROM DBdata WHERE ((BB = 'BBbm' AND AA = 'AAbn')) AND (CC IN ('CCjr','CCfq'))",
 "sqlResult": "{9.5 | 19}",
 "nlq": "What are the average and maximum numbers of AAbn students in CCjr or CCfq schools in BBbm?"},
{"name": "template 8",
 "sql": "SELECT BB,AA,sum(Value),avg(Value) FROM DBdata WHERE ((BB = 'BBjp' AND AA = 'AAbn') OR (BB = 'BBjp' AND AA = 'Non-AAbn') OR (BB = 'BBbm' AND AA = 'AAbn') OR (BB = 'BBbm' AND AA = 'Non-AAbn')) AND (CC IN ('CCfq')) GROUP BY BB,AA",
 "sqlResult": "{BBjp | Non-AAbn | 55 | 55} || {BBjp | AAbn | 90 | 90} || {BBbm | Non-AAbn | 68 | 68} || {BBbm | AAbn | 19 | 19}",
 "nlq": "What are the total and average numbers for each BB and AA, of Non-AAbn or AAbn students in CCfq schools in BBjp or BBbm? Please, report the corresponding BB and AA."},
{"name": "template 9",
 "sql": "SELECT min(Value) FROM DBdata WHERE ((BB = 'BBjp' AND AA = 'AAbn')) AND (CC IN ('CCjr','CCfq')) GROUP BY CC",
 "sqlResult": "{16} || {90}",
 "nlq": "What is the minimum number for each CC, of AAbn students in CCjr or CCfq schools in BBjp?"},
{"name": "template 10",
 "sql": "SELECT CC,max(Value) FROM DBdata WHERE ((BB = 'BBbm' AND AA = 'AAbn')) AND (CC IN ('CCjr','CCfq')) GROUP BY CC",
 "sqlResult": "{CCjr | 0} || {CCfq | 19}",
 "nlq": "What is the maximum number for each CC, of AAbn students in CCjr or CCfq schools in BBbm? Please, report the corresponding CC."},
{"name": "template 11",
 "sql": "SELECT CC,BB,AA,min(Value) FROM DBdata WHERE ((BB = 'BBjp' AND AA = 'Non-AAbn') OR (BB = 'BBbm' AND AA = 'AAbn')) AND (CC IN ('CCjr','CCfq')) GROUP BY CC,BB,AA",
 "sqlResult": "{CCjr | BBjp | Non-AAbn | 32} || {CCjr | BBbm | AAbn | 0} || {CCfq | BBjp | Non-AAbn | 55} || {CCfq | BBbm | AAbn | 19}",
 "nlq": "What is the minimum number for each CC, BB, and AA, of Non-AAbn students in CCjr or CCfq schools in BBjp or of AAbn students in CCjr or CCfq schools in BBbm? Please, report the corresponding CC, BB, and AA."},
{"name": "template 12",
 "sql": "SELECT Value FROM DBdata WHERE ((BB = 'BBjp' AND AA = 'AAbn')) AND (CC IN ('CCjr','CCfq')) ORDER BY VALUE DESC LIMIT 2",
 "sqlResult": "{90} || {16}",
 "nlq": "What are the top 2 numbers of AAbn students in CCjr or CCfq schools in BBjp?"},
{"name": "template 13",
 "sql": "SELECT Value FROM DBdata WHERE ((BB = 'BBbm' AND AA = 'Non-AAbn')) AND (CC IN ('CCjr','CCfq')) ORDER BY VALUE ASC",
 "sqlResult": "{37} || {68}",
 "nlq": "What are the numbers ordered by increasing values of Non-AAbn students in CCjr or CCfq schools in BBbm?"},
{"name": "template 14",
 "sql": "SELECT CC FROM DBdata WHERE ((BB = 'BBjp' AND AA = 'AAbn')) AND Value < 39.62",
 "sqlResult": "{CCjr}",
 "nlq": "What is the CC for which the number of AAbn students in BBjp is lower than 39.62?"},
{"name": "template 15",
 "sql": "SELECT CC,Value FROM DBdata WHERE ((BB = 'BBbm' AND AA = 'AAbn')) AND (CC) IN (SELECT CC FROM DBdata WHERE ((BB = 'BBjp' AND AA = 'AAbn')) AND Value < 39.62)",
 "sqlResult": "{CCjr | 0}",
 "nlq": "What is the number of AAbn students in BBbm in CC for which the number of AAbn students in BBjp is lower than 39.62? Please, report the corresponding CC and number of students."}]
}

