{
"filename": "Number_of_students_set75_5_DB.csv",
"questions": [{"name": "template 1",
 "sql": "SELECT Value FROM DBdata WHERE ((Nationality = 'Qatari' AND Year = '2019/2020')) AND (School_type IN ('Government'))",
 "sqlResult": "{85}",
 "nlq": "What is the number of Qatari students in Government schools in 2019/2020?"},
{"name": "template 2",
 "sql": "SELECT Value FROM DBdata WHERE ((Nationality = 'Non-Qatari' AND Year = '2019/2020')) AND (School_type IN ('Government'))",
 "sqlResult": "{13}",
 "nlq": "What is the number of Non-Qatari students in Government schools in 2019/2020?"},
{"name": "template 3",
 "sql": "SELECT Value FROM DBdata WHERE ((Nationality = 'Non-Qatari' AND Year = '2018/2019') OR (Nationality = 'Qatari' AND Year = '2019/2020')) AND (School_type IN ('Private'))",
 "sqlResult": "{2} || {74}",
 "nlq": "What is the number of Non-Qatari students in Private schools in 2018/2019 or of Qatari students in Private schools in 2019/2020?"},
{"name": "template 4",
 "sql": "SELECT sum(Value),min(Value) FROM DBdata WHERE ((Nationality = 'Qatari' AND Year = '2016/2017') OR (Nationality = 'Qatari' AND Year = '2018/2019') OR (Nationality = 'Non-Qatari' AND Year = '2018/2019') OR (Nationality = 'Qatari' AND Year = '2019/2020')) AND (School_type IN ('Private'))",
 "sqlResult": "{184 | 2}",
 "nlq": "What are the total and minimum numbers of Qatari students in Private schools in 2016/2017, 2018/2019, or 2019/2020 or of Non-Qatari students in Private schools in 2018/2019?"},
{"name": "template 6",
 "sql": "SELECT Value FROM DBdata WHERE ((Nationality = 'Qatari' AND Year = '2017/2018') OR (Nationality = 'Qatari' AND Year = '2018/2019') OR (Nationality = 'Non-Qatari' AND Year = '2018/2019')) AND (School_type IN ('Government','Private'))",
 "sqlResult": "{64} || {90} || {80} || {8} || {40} || {2}",
 "nlq": "What is the number of Qatari students in Government or Private schools in 2017/2018 or of Non-Qatari or Qatari students in Government or Private schools in 2018/2019?"},
{"name": "template 7",
 "sql": "SELECT max(Value),sum(Value) FROM DBdata WHERE ((Nationality = 'Non-Qatari' AND Year = '2016/2017')) AND (School_type IN ('Government','Private'))",
 "sqlResult": "{59 | 59}",
 "nlq": "What are the maximum and total numbers of Non-Qatari students in Government or Private schools in 2016/2017?"},
{"name": "template 8",
 "sql": "SELECT Nationality,Year,avg(Value),min(Value) FROM DBdata WHERE ((Nationality = 'Non-Qatari' AND Year = '2016/2017') OR (Nationality = 'Non-Qatari' AND Year = '2017/2018') OR (Nationality = 'Qatari' AND Year = '2019/2020') OR (Nationality = 'Non-Qatari' AND Year = '2019/2020')) AND (School_type IN ('Government','Private')) GROUP BY Nationality,Year",
 "sqlResult": "{Non-Qatari | 2016/2017 | 29.5 | 0} || {Non-Qatari | 2017/2018 | 67 | 57} || {Non-Qatari | 2019/2020 | 29 | 13} || {Qatari | 2019/2020 | 79.5 | 74}",
 "nlq": "What are the average and minimum numbers for each Nationality and Year, of Non-Qatari students in Government or Private schools in 2016/2017, 2017/2018, or 2019/2020 or of Qatari students in Government or Private schools in 2019/2020? Please, report the corresponding Nationality and Year."},
{"name": "template 9",
 "sql": "SELECT min(Value) FROM DBdata WHERE ((Nationality = 'Qatari' AND Year = '2019/2020')) AND (School_type IN ('Government','Private')) GROUP BY School_type",
 "sqlResult": "{85} || {74}",
 "nlq": "What is the minimum number for each School type, of Qatari students in Government or Private schools in 2019/2020?"},
{"name": "template 10",
 "sql": "SELECT School_type,max(Value) FROM DBdata WHERE ((Nationality = 'Qatari' AND Year = '2018/2019')) AND (School_type IN ('Government','Private')) GROUP BY School_type",
 "sqlResult": "{Government | 90} || {Private | 40}",
 "nlq": "What is the maximum number for each School type, of Qatari students in Government or Private schools in 2018/2019? Please, report the corresponding School type."},
{"name": "template 11",
 "sql": "SELECT School_type,Nationality,Year,sum(Value) FROM DBdata WHERE ((Nationality = 'Qatari' AND Year = '2018/2019') OR (Nationality = 'Non-Qatari' AND Year = '2018/2019') OR (Nationality = 'Non-Qatari' AND Year = '2019/2020')) AND (School_type IN ('Government','Private')) GROUP BY School_type,Nationality,Year",
 "sqlResult": "{Government | Non-Qatari | 2018/2019 | 80} || {Government | Non-Qatari | 2019/2020 | 13} || {Government | Qatari | 2018/2019 | 90} || {Private | Non-Qatari | 2018/2019 | 2} || {Private | Non-Qatari | 2019/2020 | 45} || {Private | Qatari | 2018/2019 | 40}",
 "nlq": "What is the total number for each School type, Nationality, and Year, of Non-Qatari or Qatari students in Government or Private schools in 2018/2019 or of Non-Qatari students in Government or Private schools in 2019/2020? Please, report the corresponding School type, Nationality, and Year."},
{"name": "template 12",
 "sql": "SELECT Value FROM DBdata WHERE ((Nationality = 'Qatari' AND Year = '2018/2019')) AND (School_type IN ('Government','Private')) ORDER BY VALUE DESC LIMIT 2",
 "sqlResult": "{90} || {40}",
 "nlq": "What are the top 2 numbers of Qatari students in Government or Private schools in 2018/2019?"},
{"name": "template 13",
 "sql": "SELECT Value FROM DBdata WHERE ((Nationality = 'Qatari' AND Year = '2017/2018')) AND (School_type IN ('Government','Private')) ORDER BY VALUE ASC",
 "sqlResult": "{8} || {64}",
 "nlq": "What are the numbers ordered by increasing values of Qatari students in Government or Private schools in 2017/2018?"},
{"name": "template 14",
 "sql": "SELECT School_type FROM DBdata WHERE ((Nationality = 'Non-Qatari' AND Year = '2018/2019')) AND Value > 52.12",
 "sqlResult": "{Government}",
 "nlq": "What is the School type for which the number of Non-Qatari students in 2018/2019 is greater than 52.12?"},
{"name": "template 15",
 "sql": "SELECT School_type,Value FROM DBdata WHERE ((Nationality = 'Qatari' AND Year = '2017/2018')) AND (School_type) IN (SELECT School_type FROM DBdata WHERE ((Nationality = 'Non-Qatari' AND Year = '2018/2019')) AND Value > 52.12)",
 "sqlResult": "{Government | 64}",
 "nlq": "What is the number of Qatari students in 2017/2018 in School type for which the number of Non-Qatari students in 2018/2019 is greater than 52.12? Please, report the corresponding School type and number of students."}]
}
