{
"filename": "Number_of_students_set75_5_DB.csv",
"questions": [{"name": "template 1",
 "sql": "SELECT Value FROM DBdata WHERE ((AA = 'AAjt' AND BB = 'BBbn')) AND (CC IN ('CCwx'))",
 "sqlResult": "{85}",
 "nlq": "What is the number of AAjt students in CCwx schools in BBbn?"},
{"name": "template 2",
 "sql": "SELECT Value FROM DBdata WHERE ((AA = 'Non-AAjt' AND BB = 'BBbn')) AND (CC IN ('CCwx'))",
 "sqlResult": "{13}",
 "nlq": "What is the number of Non-AAjt students in CCwx schools in BBbn?"},
{"name": "template 3",
 "sql": "SELECT Value FROM DBdata WHERE ((AA = 'Non-AAjt' AND BB = 'BBqt') OR (AA = 'AAjt' AND BB = 'BBbn')) AND (CC IN ('CCgh'))",
 "sqlResult": "{2} || {74}",
 "nlq": "What is the number of Non-AAjt students in CCgh schools in BBqt or of AAjt students in CCgh schools in BBbn?"},
{"name": "template 4",
 "sql": "SELECT sum(Value),min(Value) FROM DBdata WHERE ((AA = 'AAjt' AND BB = 'BBcz') OR (AA = 'AAjt' AND BB = 'BBqt') OR (AA = 'Non-AAjt' AND BB = 'BBqt') OR (AA = 'AAjt' AND BB = 'BBbn')) AND (CC IN ('CCgh'))",
 "sqlResult": "{184 | 2}",
 "nlq": "What are the total and minimum numbers of AAjt students in CCgh schools in BBcz, BBqt, or BBbn or of Non-AAjt students in CCgh schools in BBqt?"},
{"name": "template 6",
 "sql": "SELECT Value FROM DBdata WHERE ((AA = 'AAjt' AND BB = 'BBnq') OR (AA = 'AAjt' AND BB = 'BBqt') OR (AA = 'Non-AAjt' AND BB = 'BBqt')) AND (CC IN ('CCwx','CCgh'))",
 "sqlResult": "{64} || {90} || {80} || {8} || {40} || {2}",
 "nlq": "What is the number of AAjt students in CCwx or CCgh schools in BBnq or of Non-AAjt or AAjt students in CCwx or CCgh schools in BBqt?"},
{"name": "template 7",
 "sql": "SELECT max(Value),sum(Value) FROM DBdata WHERE ((AA = 'Non-AAjt' AND BB = 'BBcz')) AND (CC IN ('CCwx','CCgh'))",
 "sqlResult": "{59 | 59}",
 "nlq": "What are the maximum and total numbers of Non-AAjt students in CCwx or CCgh schools in BBcz?"},
{"name": "template 8",
 "sql": "SELECT AA,BB,avg(Value),min(Value) FROM DBdata WHERE ((AA = 'Non-AAjt' AND BB = 'BBcz') OR (AA = 'Non-AAjt' AND BB = 'BBnq') OR (AA = 'AAjt' AND BB = 'BBbn') OR (AA = 'Non-AAjt' AND BB = 'BBbn')) AND (CC IN ('CCwx','CCgh')) GROUP BY AA,BB",
 "sqlResult": "{Non-AAjt | BBcz | 29.5 | 0} || {Non-AAjt | BBnq | 67 | 57} || {Non-AAjt | BBbn | 29 | 13} || {AAjt | BBbn | 79.5 | 74}",
 "nlq": "What are the average and minimum numbers for each AA and BB, of Non-AAjt students in CCwx or CCgh schools in BBcz, BBnq, or BBbn or of AAjt students in CCwx or CCgh schools in BBbn? Please, report the corresponding AA and BB."},
{"name": "template 9",
 "sql": "SELECT min(Value) FROM DBdata WHERE ((AA = 'AAjt' AND BB = 'BBbn')) AND (CC IN ('CCwx','CCgh')) GROUP BY CC",
 "sqlResult": "{85} || {74}",
 "nlq": "What is the minimum number for each CC, of AAjt students in CCwx or CCgh schools in BBbn?"},
{"name": "template 10",
 "sql": "SELECT CC,max(Value) FROM DBdata WHERE ((AA = 'AAjt' AND BB = 'BBqt')) AND (CC IN ('CCwx','CCgh')) GROUP BY CC",
 "sqlResult": "{CCwx | 90} || {CCgh | 40}",
 "nlq": "What is the maximum number for each CC, of AAjt students in CCwx or CCgh schools in BBqt? Please, report the corresponding CC."},
{"name": "template 11",
 "sql": "SELECT CC,AA,BB,sum(Value) FROM DBdata WHERE ((AA = 'AAjt' AND BB = 'BBqt') OR (AA = 'Non-AAjt' AND BB = 'BBqt') OR (AA = 'Non-AAjt' AND BB = 'BBbn')) AND (CC IN ('CCwx','CCgh')) GROUP BY CC,AA,BB",
 "sqlResult": "{CCwx | Non-AAjt | BBqt | 80} || {CCwx | Non-AAjt | BBbn | 13} || {CCwx | AAjt | BBqt | 90} || {CCgh | Non-AAjt | BBqt | 2} || {CCgh | Non-AAjt | BBbn | 45} || {CCgh | AAjt | BBqt | 40}",
 "nlq": "What is the total number for each CC, AA, and BB, of Non-AAjt or AAjt students in CCwx or CCgh schools in BBqt or of Non-AAjt students in CCwx or CCgh schools in BBbn? Please, report the corresponding CC, AA, and BB."},
{"name": "template 12",
 "sql": "SELECT Value FROM DBdata WHERE ((AA = 'AAjt' AND BB = 'BBqt')) AND (CC IN ('CCwx','CCgh')) ORDER BY VALUE DESC LIMIT 2",
 "sqlResult": "{90} || {40}",
 "nlq": "What are the top 2 numbers of AAjt students in CCwx or CCgh schools in BBqt?"},
{"name": "template 13",
 "sql": "SELECT Value FROM DBdata WHERE ((AA = 'AAjt' AND BB = 'BBnq')) AND (CC IN ('CCwx','CCgh')) ORDER BY VALUE ASC",
 "sqlResult": "{8} || {64}",
 "nlq": "What are the numbers ordered by increasing values of AAjt students in CCwx or CCgh schools in BBnq?"},
{"name": "template 14",
 "sql": "SELECT CC FROM DBdata WHERE ((AA = 'Non-AAjt' AND BB = 'BBqt')) AND Value > 52.12",
 "sqlResult": "{CCwx}",
 "nlq": "What is the CC for which the number of Non-AAjt students in BBqt is greater than 52.12?"},
{"name": "template 15",
 "sql": "SELECT CC,Value FROM DBdata WHERE ((AA = 'AAjt' AND BB = 'BBnq')) AND (CC) IN (SELECT CC FROM DBdata WHERE ((AA = 'Non-AAjt' AND BB = 'BBqt')) AND Value > 52.12)",
 "sqlResult": "{CCwx | 64}",
 "nlq": "What is the number of AAjt students in BBnq in CC for which the number of Non-AAjt students in BBqt is greater than 52.12? Please, report the corresponding CC and number of students."}]
}

