{
"filename": "Number_of_students_set84_5_DB.csv",
"questions": [{"name": "template 1",
 "sql": "SELECT Value FROM DBdata WHERE ((BB = 'BBhr' AND AA = 'Non-AAln')) AND (CC IN ('CCgy'))",
 "sqlResult": "{18}",
 "nlq": "What is the number of Non-AAln students in CCgy schools in BBhr?"},
{"name": "template 2",
 "sql": "SELECT Value FROM DBdata WHERE ((BB = 'BBhr' AND AA = 'AAln')) AND (CC IN ('CCgy'))",
 "sqlResult": "{55}",
 "nlq": "What is the number of AAln students in CCgy schools in BBhr?"},
{"name": "template 3",
 "sql": "SELECT Value FROM DBdata WHERE ((BB = 'BBnw' AND AA = 'Non-AAln') OR (BB = 'BBhr' AND AA = 'AAln') OR (BB = 'BBhr' AND AA = 'Non-AAln') OR (BB = 'BBfm' AND AA = 'Non-AAln') OR (BB = 'BBpz' AND AA = 'Non-AAln')) AND (CC IN ('CCgy'))",
 "sqlResult": "{100} || {55} || {18} || {47} || {64}",
 "nlq": "What is the number of Non-AAln students in CCgy schools in BBnw, BBhr, BBfm, or BBpz or of AAln students in CCgy schools in BBhr?"},
{"name": "template 4",
 "sql": "SELECT avg(Value),min(Value) FROM DBdata WHERE ((BB = 'BBnw' AND AA = 'AAln') OR (BB = 'BBhr' AND AA = 'AAln') OR (BB = 'BBhr' AND AA = 'Non-AAln') OR (BB = 'BBfm' AND AA = 'AAln') OR (BB = 'BBfm' AND AA = 'Non-AAln') OR (BB = 'BBpz' AND AA = 'AAln') OR (BB = 'BBpz' AND AA = 'Non-AAln')) AND (CC IN ('CCgy'))",
 "sqlResult": "{37.14 | 4}",
 "nlq": "What are the average and minimum numbers of AAln students in CCgy schools in BBnw, BBhr, BBfm, or BBpz or of Non-AAln students in CCgy schools in BBhr, BBfm, or BBpz?"},
{"name": "template 6",
 "sql": "SELECT Value FROM DBdata WHERE ((BB = 'BBhr' AND AA = 'AAln') OR (BB = 'BBfm' AND AA = 'AAln') OR (BB = 'BBpz' AND AA = 'AAln') OR (BB = 'BBpz' AND AA = 'Non-AAln')) AND (CC IN ('CCgy','CCcz'))",
 "sqlResult": "{55} || {10} || {4} || {64} || {50} || {14} || {48} || {17}",
 "nlq": "What is the number of AAln students in CCgy or CCcz schools in BBhr, BBfm, or BBpz or of Non-AAln students in CCgy or CCcz schools in BBpz?"},
{"name": "template 7",
 "sql": "SELECT sum(Value),min(Value) FROM DBdata WHERE ((BB = 'BBhr' AND AA = 'AAln')) AND (CC IN ('CCgy','CCcz'))",
 "sqlResult": "{105 | 50}",
 "nlq": "What are the total and minimum numbers of AAln students in CCgy or CCcz schools in BBhr?"},
{"name": "template 8",
 "sql": "SELECT BB,AA,max(Value),avg(Value) FROM DBdata WHERE ((BB = 'BBnw' AND AA = 'AAln') OR (BB = 'BBnw' AND AA = 'Non-AAln') OR (BB = 'BBhr' AND AA = 'AAln') OR (BB = 'BBhr' AND AA = 'Non-AAln') OR (BB = 'BBpz' AND AA = 'AAln')) AND (CC IN ('CCgy','CCcz')) GROUP BY BB,AA",
 "sqlResult": "{BBnw | Non-AAln | 100 | 85} || {BBnw | AAln | 92 | 77} || {BBhr | Non-AAln | 77 | 47.5} || {BBhr | AAln | 55 | 52.5} || {BBpz | AAln | 48 | 26}",
 "nlq": "What are the maximum and average numbers for each BB and AA, of AAln students in CCgy or CCcz schools in BBnw, BBhr, or BBpz or of Non-AAln students in CCgy or CCcz schools in BBnw or BBhr? Please, report the corresponding BB and AA."},
{"name": "template 9",
 "sql": "SELECT min(Value) FROM DBdata WHERE ((BB = 'BBfm' AND AA = 'AAln')) AND (CC IN ('CCgy','CCcz')) GROUP BY CC",
 "sqlResult": "{10} || {14}",
 "nlq": "What is the minimum number for each CC, of AAln students in CCgy or CCcz schools in BBfm?"},
{"name": "template 10",
 "sql": "SELECT CC,sum(Value) FROM DBdata WHERE ((BB = 'BBnw' AND AA = 'Non-AAln')) AND (CC IN ('CCgy','CCcz')) GROUP BY CC",
 "sqlResult": "{CCgy | 100} || {CCcz | 70}",
 "nlq": "What is the total number for each CC, of Non-AAln students in CCgy or CCcz schools in BBnw? Please, report the corresponding CC."},
{"name": "template 11",
 "sql": "SELECT CC,BB,AA,max(Value) FROM DBdata WHERE ((BB = 'BBnw' AND AA = 'AAln') OR (BB = 'BBhr' AND AA = 'Non-AAln') OR (BB = 'BBfm' AND AA = 'AAln')) AND (CC IN ('CCgy','CCcz')) GROUP BY CC,BB,AA",
 "sqlResult": "{CCgy | BBnw | AAln | 62} || {CCgy | BBhr | Non-AAln | 18} || {CCgy | BBfm | AAln | 10} || {CCcz | BBnw | AAln | 92} || {CCcz | BBhr | Non-AAln | 77} || {CCcz | BBfm | AAln | 14}",
 "nlq": "What is the maximum number for each CC, BB, and AA, of AAln students in CCgy or CCcz schools in BBnw or BBfm or of Non-AAln students in CCgy or CCcz schools in BBhr? Please, report the corresponding CC, BB, and AA."},
{"name": "template 12",
 "sql": "SELECT Value FROM DBdata WHERE ((BB = 'BBpz' AND AA = 'Non-AAln')) AND (CC IN ('CCgy','CCcz')) ORDER BY VALUE DESC LIMIT 2",
 "sqlResult": "{64} || {17}",
 "nlq": "What are the top 2 numbers of Non-AAln students in CCgy or CCcz schools in BBpz?"},
{"name": "template 13",
 "sql": "SELECT Value FROM DBdata WHERE ((BB = 'BBnw' AND AA = 'Non-AAln')) AND (CC IN ('CCgy','CCcz')) ORDER BY VALUE DESC",
 "sqlResult": "{100} || {70}",
 "nlq": "What are the numbers ordered by decreasing values of Non-AAln students in CCgy or CCcz schools in BBnw?"},
{"name": "template 14",
 "sql": "SELECT CC FROM DBdata WHERE ((BB = 'BBfm' AND AA = 'AAln')) AND Value < 50.88",
 "sqlResult": "{CCgy} || {CCcz}",
 "nlq": "What is the CC for which the number of AAln students in BBfm is lower than 50.88?"},
{"name": "template 15",
 "sql": "SELECT CC,Value FROM DBdata WHERE ((BB = 'BBnw' AND AA = 'Non-AAln')) AND (CC) IN (SELECT CC FROM DBdata WHERE ((BB = 'BBfm' AND AA = 'AAln')) AND Value < 50.88)",
 "sqlResult": "{CCgy | 100} || {CCcz | 70}",
 "nlq": "What is the number of Non-AAln students in BBnw in CC for which the number of AAln students in BBfm is lower than 50.88? Please, report the corresponding CC and number of students."}]
}

