Nationality,Year,School type,Value
Nationality,Year,School_type,Value
Qatari,2019/2020,Government,49
Non-Qatari,2019/2020,Government,100
Qatari,2020/2021,Government,70
Non-Qatari,2020/2021,Government,92
Qatari,2021/2022,Government,42
Non-Qatari,2021/2022,Government,93
Qatari,2022/2023,Government,57
Non-Qatari,2022/2023,Government,46
Qatari,2019/2020,Private,19
Non-Qatari,2019/2020,Private,13
Qatari,2020/2021,Private,47
Non-Qatari,2020/2021,Private,61
Qatari,2021/2022,Private,76
Non-Qatari,2021/2022,Private,25
Qatari,2022/2023,Private,48
Non-Qatari,2022/2023,Private,63
