{
"filename": "Number_of_students_set82_1_DB.csv",
"questions": [{"name": "template 1",
 "sql": "SELECT Value FROM DBdata WHERE ((Year = '2019/2020' AND Nationality = 'Non-Qatari')) AND (School_type IN ('Private'))",
 "sqlResult": "{14}",
 "nlq": "What is the number of Non-Qatari students in Private schools in 2019/2020?"},
{"name": "template 2",
 "sql": "SELECT Value FROM DBdata WHERE ((Year = '2019/2020' AND Nationality = 'Non-Qatari')) AND (School_type IN ('Government','Private'))",
 "sqlResult": "{41} || {14}",
 "nlq": "What is the number of Non-Qatari students in Government or Private schools in 2019/2020?"},
{"name": "template 3",
 "sql": "SELECT Value FROM DBdata WHERE ((Year = '2018/2019' AND Nationality = 'Qatari') OR (Year = '2018/2019' AND Nationality = 'Non-Qatari') OR (Year = '2019/2020' AND Nationality = 'Qatari') OR (Year = '2019/2020' AND Nationality = 'Non-Qatari') OR (Year = '2020/2021' AND Nationality = 'Qatari') OR (Year = '2020/2021' AND Nationality = 'Non-Qatari')) AND (School_type IN ('Government'))",
 "sqlResult": "{25} || {67} || {93} || {41} || {71} || {63}",
 "nlq": "What is the number of Non-Qatari or Qatari students in Government schools in 2018/2019, 2019/2020, or 2020/2021?"},
{"name": "template 4",
 "sql": "SELECT avg(Value),sum(Value) FROM DBdata WHERE ((Year = '2018/2019' AND Nationality = 'Qatari') OR (Year = '2018/2019' AND Nationality = 'Non-Qatari') OR (Year = '2019/2020' AND Nationality = 'Qatari') OR (Year = '2019/2020' AND Nationality = 'Non-Qatari') OR (Year = '2020/2021' AND Nationality = 'Qatari') OR (Year = '2020/2021' AND Nationality = 'Non-Qatari')) AND (School_type IN ('Private'))",
 "sqlResult": "{28.5 | 171}",
 "nlq": "What are the average and total numbers of Non-Qatari or Qatari students in Private schools in 2018/2019, 2019/2020, or 2020/2021?"},
{"name": "template 6",
 "sql": "SELECT Value FROM DBdata WHERE ((Year = '2018/2019' AND Nationality = 'Qatari') OR (Year = '2018/2019' AND Nationality = 'Non-Qatari') OR (Year = '2019/2020' AND Nationality = 'Qatari') OR (Year = '2019/2020' AND Nationality = 'Non-Qatari') OR (Year = '2020/2021' AND Nationality = 'Qatari')) AND (School_type IN ('Government','Private'))",
 "sqlResult": "{25} || {67} || {93} || {41} || {71} || {52} || {53} || {29} || {14} || {12}",
 "nlq": "What is the number of Qatari students in Government or Private schools in 2018/2019, 2019/2020, or 2020/2021 or of Non-Qatari students in Government or Private schools in 2018/2019 or 2019/2020?"},
{"name": "template 7",
 "sql": "SELECT max(Value),min(Value) FROM DBdata WHERE ((Year = '2018/2019' AND Nationality = 'Non-Qatari')) AND (School_type IN ('Government'))",
 "sqlResult": "{67 | 67}",
 "nlq": "What are the maximum and minimum numbers of Non-Qatari students in Government schools in 2018/2019?"},
{"name": "template 8",
 "sql": "SELECT Year,Nationality,min(Value),sum(Value) FROM DBdata WHERE ((Year = '2018/2019' AND Nationality = 'Non-Qatari') OR (Year = '2019/2020' AND Nationality = 'Qatari') OR (Year = '2019/2020' AND Nationality = 'Non-Qatari') OR (Year = '2020/2021' AND Nationality = 'Qatari') OR (Year = '2020/2021' AND Nationality = 'Non-Qatari')) AND (School_type IN ('Private')) GROUP BY Year,Nationality",
 "sqlResult": "{2018/2019 | Non-Qatari | 53 | 53} || {2019/2020 | Non-Qatari | 14 | 14} || {2019/2020 | Qatari | 29 | 29} || {2020/2021 | Non-Qatari | 11 | 11} || {2020/2021 | Qatari | 12 | 12}",
 "nlq": "What are the minimum and total numbers for each Year and Nationality, of Non-Qatari students in Private schools in 2018/2019, 2019/2020, or 2020/2021 or of Qatari students in Private schools in 2019/2020 or 2020/2021? Please, report the corresponding Year and Nationality."},
{"name": "template 9",
 "sql": "SELECT min(Value) FROM DBdata WHERE ((Year = '2018/2019' AND Nationality = 'Non-Qatari')) AND (School_type IN ('Government','Private')) GROUP BY School_type",
 "sqlResult": "{67} || {53}",
 "nlq": "What is the minimum number for each School type, of Non-Qatari students in Government or Private schools in 2018/2019?"},
{"name": "template 10",
 "sql": "SELECT School_type,min(Value) FROM DBdata WHERE ((Year = '2020/2021' AND Nationality = 'Non-Qatari')) AND (School_type IN ('Government','Private')) GROUP BY School_type",
 "sqlResult": "{Government | 63} || {Private | 11}",
 "nlq": "What is the minimum number for each School type, of Non-Qatari students in Government or Private schools in 2020/2021? Please, report the corresponding School type."},
{"name": "template 11",
 "sql": "SELECT School_type,Year,Nationality,avg(Value) FROM DBdata WHERE ((Year = '2018/2019' AND Nationality = 'Non-Qatari') OR (Year = '2020/2021' AND Nationality = 'Qatari') OR (Year = '2020/2021' AND Nationality = 'Non-Qatari')) AND (School_type IN ('Government','Private')) GROUP BY School_type,Year,Nationality",
 "sqlResult": "{Government | 2018/2019 | Non-Qatari | 67} || {Government | 2020/2021 | Non-Qatari | 63} || {Government | 2020/2021 | Qatari | 71} || {Private | 2018/2019 | Non-Qatari | 53} || {Private | 2020/2021 | Non-Qatari | 11} || {Private | 2020/2021 | Qatari | 12}",
 "nlq": "What is the average number for each School type, Year, and Nationality, of Non-Qatari students in Government or Private schools in 2018/2019 or of Non-Qatari or Qatari students in Government or Private schools in 2020/2021? Please, report the corresponding School type, Year, and Nationality."},
{"name": "template 12",
 "sql": "SELECT Value FROM DBdata WHERE ((Year = '2019/2020' AND Nationality = 'Non-Qatari')) AND (School_type IN ('Government','Private')) ORDER BY VALUE ASC LIMIT 2",
 "sqlResult": "{14} || {41}",
 "nlq": "What are the bottom 2 numbers of Non-Qatari students in Government or Private schools in 2019/2020?"},
{"name": "template 13",
 "sql": "SELECT Value FROM DBdata WHERE ((Year = '2020/2021' AND Nationality = 'Non-Qatari')) AND (School_type IN ('Government','Private')) ORDER BY VALUE ASC",
 "sqlResult": "{11} || {63}",
 "nlq": "What are the numbers ordered by increasing values of Non-Qatari students in Government or Private schools in 2020/2021?"},
{"name": "template 14",
 "sql": "SELECT School_type FROM DBdata WHERE ((Year = '2018/2019' AND Nationality = 'Non-Qatari')) AND Value > 44.25",
 "sqlResult": "{Government} || {Private}",
 "nlq": "What is the School type for which the number of Non-Qatari students in 2018/2019 is greater than 44.25?"},
{"name": "template 15",
 "sql": "SELECT School_type,Value FROM DBdata WHERE ((Year = '2020/2021' AND Nationality = 'Non-Qatari')) AND (School_type) IN (SELECT School_type FROM DBdata WHERE ((Year = '2018/2019' AND Nationality = 'Non-Qatari')) AND Value > 44.25)",
 "sqlResult": "{Government | 63} || {Private | 11}",
 "nlq": "What is the number of Non-Qatari students in 2020/2021 in School type for which the number of Non-Qatari students in 2018/2019 is greater than 44.25? Please, report the corresponding School type and number of students."}]
}
