{
"filename": "Number_of_students_set76_2_DB.csv",
"questions": [{"name": "template 1",
 "sql": "SELECT Value FROM DBdata WHERE ((AA = 'AAdt' AND BB = 'BBmy')) AND (CC IN ('CCkm'))",
 "sqlResult": "{14}",
 "nlq": "What is the number of AAdt students in CCkm schools in BBmy?"},
{"name": "template 2",
 "sql": "SELECT Value FROM DBdata WHERE ((AA = 'AAdt' AND BB = 'BBmy')) AND (CC IN ('CCkm'))",
 "sqlResult": "{14}",
 "nlq": "What is the number of AAdt students in CCkm schools in BBmy?"},
{"name": "template 3",
 "sql": "SELECT Value FROM DBdata WHERE ((AA = 'AAdt' AND BB = 'BBhn') OR (AA = 'Non-AAdt' AND BB = 'BBhn') OR (AA = 'AAdt' AND BB = 'BBkw') OR (AA = 'Non-AAdt' AND BB = 'BBkw') OR (AA = 'AAdt' AND BB = 'BBmy') OR (AA = 'Non-AAdt' AND BB = 'BBmy')) AND (CC IN ('CCpq'))",
 "sqlResult": "{72} || {92} || {9} || {44} || {56} || {54}",
 "nlq": "What is the number of Non-AAdt or AAdt students in CCpq schools in BBhn, BBkw, or BBmy?"},
{"name": "template 4",
 "sql": "SELECT avg(Value),sum(Value) FROM DBdata WHERE ((AA = 'AAdt' AND BB = 'BBhn') OR (AA = 'Non-AAdt' AND BB = 'BBhn') OR (AA = 'AAdt' AND BB = 'BBkw') OR (AA = 'Non-AAdt' AND BB = 'BBkw') OR (AA = 'AAdt' AND BB = 'BBmy') OR (AA = 'Non-AAdt' AND BB = 'BBmy')) AND (CC IN ('CCkm'))",
 "sqlResult": "{42.5 | 255}",
 "nlq": "What are the average and total numbers of Non-AAdt or AAdt students in CCkm schools in BBhn, BBkw, or BBmy?"},
{"name": "template 6",
 "sql": "SELECT Value FROM DBdata WHERE ((AA = 'AAdt' AND BB = 'BBhn') OR (AA = 'Non-AAdt' AND BB = 'BBhn') OR (AA = 'Non-AAdt' AND BB = 'BBkw') OR (AA = 'AAdt' AND BB = 'BBmy') OR (AA = 'Non-AAdt' AND BB = 'BBmy')) AND (CC IN ('CCpq'))",
 "sqlResult": "{72} || {92} || {44} || {56} || {54}",
 "nlq": "What is the number of Non-AAdt or AAdt students in CCpq schools in BBhn, of Non-AAdt students in CCpq schools in BBkw or BBmy, or of AAdt students in CCpq schools in BBmy?"},
{"name": "template 7",
 "sql": "SELECT min(Value),sum(Value) FROM DBdata WHERE ((AA = 'AAdt' AND BB = 'BBhn')) AND (CC IN ('CCkm','CCpq'))",
 "sqlResult": "{64 | 136}",
 "nlq": "What are the minimum and total numbers of AAdt students in CCkm or CCpq schools in BBhn?"},
{"name": "template 8",
 "sql": "SELECT AA,BB,max(Value),min(Value) FROM DBdata WHERE ((AA = 'Non-AAdt' AND BB = 'BBhn') OR (AA = 'Non-AAdt' AND BB = 'BBkw') OR (AA = 'AAdt' AND BB = 'BBmy') OR (AA = 'Non-AAdt' AND BB = 'BBmy')) AND (CC IN ('CCkm','CCpq')) GROUP BY AA,BB",
 "sqlResult": "{Non-AAdt | BBhn | 92 | 49} || {Non-AAdt | BBkw | 79 | 44} || {Non-AAdt | BBmy | 54 | 17} || {AAdt | BBmy | 56 | 14}",
 "nlq": "What are the maximum and minimum numbers for each AA and BB, of Non-AAdt students in CCkm or CCpq schools in BBhn, BBkw, or BBmy or of AAdt students in CCkm or CCpq schools in BBmy? Please, report the corresponding AA and BB."},
{"name": "template 9",
 "sql": "SELECT min(Value) FROM DBdata WHERE ((AA = 'Non-AAdt' AND BB = 'BBmy')) AND (CC IN ('CCkm','CCpq')) GROUP BY CC",
 "sqlResult": "{17} || {54}",
 "nlq": "What is the minimum number for each CC, of Non-AAdt students in CCkm or CCpq schools in BBmy?"},
{"name": "template 10",
 "sql": "SELECT CC,min(Value) FROM DBdata WHERE ((AA = 'AAdt' AND BB = 'BBkw')) AND (CC IN ('CCkm','CCpq')) GROUP BY CC",
 "sqlResult": "{CCkm | 32} || {CCpq | 9}",
 "nlq": "What is the minimum number for each CC, of AAdt students in CCkm or CCpq schools in BBkw? Please, report the corresponding CC."},
{"name": "template 11",
 "sql": "SELECT CC,AA,BB,avg(Value) FROM DBdata WHERE ((AA = 'AAdt' AND BB = 'BBkw') OR (AA = 'Non-AAdt' AND BB = 'BBkw') OR (AA = 'Non-AAdt' AND BB = 'BBmy')) AND (CC IN ('CCkm','CCpq')) GROUP BY CC,AA,BB",
 "sqlResult": "{CCkm | Non-AAdt | BBkw | 79} || {CCkm | Non-AAdt | BBmy | 17} || {CCkm | AAdt | BBkw | 32} || {CCpq | Non-AAdt | BBkw | 44} || {CCpq | Non-AAdt | BBmy | 54} || {CCpq | AAdt | BBkw | 9}",
 "nlq": "What is the average number for each CC, AA, and BB, of Non-AAdt or AAdt students in CCkm or CCpq schools in BBkw or of Non-AAdt students in CCkm or CCpq schools in BBmy? Please, report the corresponding CC, AA, and BB."},
{"name": "template 12",
 "sql": "SELECT Value FROM DBdata WHERE ((AA = 'AAdt' AND BB = 'BBmy')) AND (CC IN ('CCkm','CCpq')) ORDER BY VALUE ASC LIMIT 2",
 "sqlResult": "{14} || {56}",
 "nlq": "What are the bottom 2 numbers of AAdt students in CCkm or CCpq schools in BBmy?"},
{"name": "template 13",
 "sql": "SELECT Value FROM DBdata WHERE ((AA = 'AAdt' AND BB = 'BBkw')) AND (CC IN ('CCkm','CCpq')) ORDER BY VALUE ASC",
 "sqlResult": "{9} || {32}",
 "nlq": "What are the numbers ordered by increasing values of AAdt students in CCkm or CCpq schools in BBkw?"},
{"name": "template 14",
 "sql": "SELECT CC FROM DBdata WHERE ((AA = 'AAdt' AND BB = 'BBhn')) AND Value > 48.5",
 "sqlResult": "{CCkm} || {CCpq}",
 "nlq": "What is the CC for which the number of AAdt students in BBhn is greater than 48.5?"},
{"name": "template 15",
 "sql": "SELECT CC,Value FROM DBdata WHERE ((AA = 'Non-AAdt' AND BB = 'BBhn')) AND (CC) IN (SELECT CC FROM DBdata WHERE ((AA = 'AAdt' AND BB = 'BBhn')) AND Value > 48.5)",
 "sqlResult": "{CCkm | 49} || {CCpq | 92}",
 "nlq": "What is the number of Non-AAdt students in BBhn in CC for which the number of AAdt students in BBhn is greater than 48.5? Please, report the corresponding CC and number of students."}]
}

