Nationality,Year,School type,Value
Nationality,Year,School_type,Value
Qatari,2019/2020,Government,64
Non-Qatari,2019/2020,Government,28
Qatari,2020/2021,Government,75
Non-Qatari,2020/2021,Government,93
Qatari,2021/2022,Government,66
Non-Qatari,2021/2022,Government,90
Qatari,2022/2023,Government,50
Non-Qatari,2022/2023,Government,24
Qatari,2019/2020,Private,45
Non-Qatari,2019/2020,Private,20
Qatari,2020/2021,Private,42
Non-Qatari,2020/2021,Private,32
Qatari,2021/2022,Private,1
Non-Qatari,2021/2022,Private,57
Qatari,2022/2023,Private,26
Non-Qatari,2022/2023,Private,39
