{
"filename": "Number_of_students_set81_4_DB.csv",
"questions": [{"name": "template 1",
 "sql": "SELECT Value FROM DBdata WHERE ((AA = 'AAcq' AND BB = 'BBpr')) AND (CC IN ('CCcy'))",
 "sqlResult": "{38}",
 "nlq": "What is the number of AAcq students in CCcy schools in BBpr?"},
{"name": "template 2",
 "sql": "SELECT Value FROM DBdata WHERE ((AA = 'Non-AAcq' AND BB = 'BBpr')) AND (CC IN ('CCcy','CCdw'))",
 "sqlResult": "{7} || {29}",
 "nlq": "What is the number of Non-AAcq students in CCcy or CCdw schools in BBpr?"},
{"name": "template 3",
 "sql": "SELECT Value FROM DBdata WHERE ((AA = 'AAcq' AND BB = 'BBdr') OR (AA = 'Non-AAcq' AND BB = 'BBkv')) AND (CC IN ('CCdw'))",
 "sqlResult": "{74} || {48}",
 "nlq": "What is the number of AAcq students in CCdw schools in BBdr or of Non-AAcq students in CCdw schools in BBkv?"},
{"name": "template 4",
 "sql": "SELECT min(Value),avg(Value) FROM DBdata WHERE ((AA = 'Non-AAcq' AND BB = 'BBpr') OR (AA = 'AAcq' AND BB = 'BBdr') OR (AA = 'Non-AAcq' AND BB = 'BBdr') OR (AA = 'AAcq' AND BB = 'BBkv')) AND (CC IN ('CCcy'))",
 "sqlResult": "{7 | 48.25}",
 "nlq": "What are the minimum and average numbers of Non-AAcq students in CCcy schools in BBpr or BBdr or of AAcq students in CCcy schools in BBdr or BBkv?"},
{"name": "template 6",
 "sql": "SELECT Value FROM DBdata WHERE ((AA = 'Non-AAcq' AND BB = 'BBpr') OR (AA = 'AAcq' AND BB = 'BBdr') OR (AA = 'Non-AAcq' AND BB = 'BBdr') OR (AA = 'AAcq' AND BB = 'BBkv') OR (AA = 'Non-AAcq' AND BB = 'BBkv')) AND (CC IN ('CCdw'))",
 "sqlResult": "{29} || {74} || {53} || {23} || {48}",
 "nlq": "What is the number of Non-AAcq students in CCdw schools in BBpr, BBdr, or BBkv or of AAcq students in CCdw schools in BBdr or BBkv?"},
{"name": "template 7",
 "sql": "SELECT min(Value),sum(Value) FROM DBdata WHERE ((AA = 'AAcq' AND BB = 'BBkv')) AND (CC IN ('CCdw'))",
 "sqlResult": "{23 | 23}",
 "nlq": "What are the minimum and total numbers of AAcq students in CCdw schools in BBkv?"},
{"name": "template 8",
 "sql": "SELECT AA,BB,min(Value),sum(Value) FROM DBdata WHERE ((AA = 'Non-AAcq' AND BB = 'BBpr') OR (AA = 'Non-AAcq' AND BB = 'BBdr') OR (AA = 'AAcq' AND BB = 'BBkv')) AND (CC IN ('CCdw')) GROUP BY AA,BB",
 "sqlResult": "{Non-AAcq | BBpr | 29 | 29} || {Non-AAcq | BBdr | 53 | 53} || {AAcq | BBkv | 23 | 23}",
 "nlq": "What are the minimum and total numbers for each AA and BB, of Non-AAcq students in CCdw schools in BBpr or BBdr or of AAcq students in CCdw schools in BBkv? Please, report the corresponding AA and BB."},
{"name": "template 9",
 "sql": "SELECT min(Value) FROM DBdata WHERE ((AA = 'Non-AAcq' AND BB = 'BBpr')) AND (CC IN ('CCcy','CCdw')) GROUP BY CC",
 "sqlResult": "{7} || {29}",
 "nlq": "What is the minimum number for each CC, of Non-AAcq students in CCcy or CCdw schools in BBpr?"},
{"name": "template 10",
 "sql": "SELECT CC,min(Value) FROM DBdata WHERE ((AA = 'Non-AAcq' AND BB = 'BBdr')) AND (CC IN ('CCcy','CCdw')) GROUP BY CC",
 "sqlResult": "{CCcy | 63} || {CCdw | 53}",
 "nlq": "What is the minimum number for each CC, of Non-AAcq students in CCcy or CCdw schools in BBdr? Please, report the corresponding CC."},
{"name": "template 11",
 "sql": "SELECT CC,AA,BB,avg(Value) FROM DBdata WHERE ((AA = 'Non-AAcq' AND BB = 'BBpr') OR (AA = 'AAcq' AND BB = 'BBkv') OR (AA = 'Non-AAcq' AND BB = 'BBkv')) AND (CC IN ('CCcy','CCdw')) GROUP BY CC,AA,BB",
 "sqlResult": "{CCcy | Non-AAcq | BBpr | 7} || {CCcy | Non-AAcq | BBkv | 77} || {CCcy | AAcq | BBkv | 65} || {CCdw | Non-AAcq | BBpr | 29} || {CCdw | Non-AAcq | BBkv | 48} || {CCdw | AAcq | BBkv | 23}",
 "nlq": "What is the average number for each CC, AA, and BB, of Non-AAcq students in CCcy or CCdw schools in BBpr or of Non-AAcq or AAcq students in CCcy or CCdw schools in BBkv? Please, report the corresponding CC, AA, and BB."},
{"name": "template 12",
 "sql": "SELECT Value FROM DBdata WHERE ((AA = 'Non-AAcq' AND BB = 'BBpr')) AND (CC IN ('CCcy','CCdw')) ORDER BY VALUE ASC LIMIT 2",
 "sqlResult": "{7} || {29}",
 "nlq": "What are the bottom 2 numbers of Non-AAcq students in CCcy or CCdw schools in BBpr?"},
{"name": "template 13",
 "sql": "SELECT Value FROM DBdata WHERE ((AA = 'Non-AAcq' AND BB = 'BBpr')) AND (CC IN ('CCcy','CCdw')) ORDER BY VALUE DESC",
 "sqlResult": "{29} || {7}",
 "nlq": "What are the numbers ordered by decreasing values of Non-AAcq students in CCcy or CCdw schools in BBpr?"},
{"name": "template 14",
 "sql": "SELECT CC FROM DBdata WHERE ((AA = 'Non-AAcq' AND BB = 'BBpr')) AND Value < 48.67",
 "sqlResult": "{CCcy} || {CCdw}",
 "nlq": "What is the CC for which the number of Non-AAcq students in BBpr is lower than 48.67?"},
{"name": "template 15",
 "sql": "SELECT CC,Value FROM DBdata WHERE ((AA = 'AAcq' AND BB = 'BBkv')) AND (CC) IN (SELECT CC FROM DBdata WHERE ((AA = 'Non-AAcq' AND BB = 'BBpr')) AND Value < 48.67)",
 "sqlResult": "{CCcy | 65} || {CCdw | 23}",
 "nlq": "What is the number of AAcq students in BBkv in CC for which the number of Non-AAcq students in BBpr is lower than 48.67? Please, report the corresponding CC and number of students."}]
}

