{
"filename": "Number_of_students_set83_1_DB.csv",
"questions": [{"name": "template 1",
 "sql": "SELECT Value FROM DBdata WHERE ((Nationality = 'Qatari' AND Year = '2018/2019')) AND (School_type IN ('Government'))",
 "sqlResult": "{41}",
 "nlq": "What is the number of Qatari students in Government schools in 2018/2019?"},
{"name": "template 2",
 "sql": "SELECT Value FROM DBdata WHERE ((Nationality = 'Qatari' AND Year = '2019/2020')) AND (School_type IN ('Government'))",
 "sqlResult": "{39}",
 "nlq": "What is the number of Qatari students in Government schools in 2019/2020?"},
{"name": "template 3",
 "sql": "SELECT Value FROM DBdata WHERE ((Nationality = 'Non-Qatari' AND Year = '2019/2020') OR (Nationality = 'Qatari' AND Year = '2020/2021') OR (Nationality = 'Non-Qatari' AND Year = '2020/2021')) AND (School_type IN ('Private'))",
 "sqlResult": "{33} || {0} || {78}",
 "nlq": "What is the number of Non-Qatari students in Private schools in 2019/2020 or 2020/2021 or of Qatari students in Private schools in 2020/2021?"},
{"name": "template 4",
 "sql": "SELECT sum(Value),avg(Value) FROM DBdata WHERE ((Nationality = 'Qatari' AND Year = '2017/2018') OR (Nationality = 'Non-Qatari' AND Year = '2017/2018') OR (Nationality = 'Qatari' AND Year = '2018/2019') OR (Nationality = 'Non-Qatari' AND Year = '2018/2019') OR (Nationality = 'Qatari' AND Year = '2020/2021')) AND (School_type IN ('Government'))",
 "sqlResult": "{227 | 45.4}",
 "nlq": "What are the total and average numbers of Qatari students in Government schools in 2017/2018, 2018/2019, or 2020/2021 or of Non-Qatari students in Government schools in 2017/2018 or 2018/2019?"},
{"name": "template 6",
 "sql": "SELECT Value FROM DBdata WHERE ((Nationality = 'Non-Qatari' AND Year = '2018/2019') OR (Nationality = 'Qatari' AND Year = '2020/2021')) AND (School_type IN ('Government','Private'))",
 "sqlResult": "{10} || {32} || {35} || {0}",
 "nlq": "What is the number of Non-Qatari students in Government or Private schools in 2018/2019 or of Qatari students in Government or Private schools in 2020/2021?"},
{"name": "template 7",
 "sql": "SELECT sum(Value),max(Value) FROM DBdata WHERE ((Nationality = 'Non-Qatari' AND Year = '2019/2020')) AND (School_type IN ('Private'))",
 "sqlResult": "{33 | 33}",
 "nlq": "What are the total and maximum numbers of Non-Qatari students in Private schools in 2019/2020?"},
{"name": "template 8",
 "sql": "SELECT Nationality,Year,avg(Value),sum(Value) FROM DBdata WHERE ((Nationality = 'Qatari' AND Year = '2018/2019') OR (Nationality = 'Non-Qatari' AND Year = '2018/2019') OR (Nationality = 'Qatari' AND Year = '2020/2021')) AND (School_type IN ('Private')) GROUP BY Nationality,Year",
 "sqlResult": "{Non-Qatari | 2018/2019 | 35 | 35} || {Qatari | 2018/2019 | 83 | 83} || {Qatari | 2020/2021 | 0 | 0}",
 "nlq": "What are the average and total numbers for each Nationality and Year, of Non-Qatari or Qatari students in Private schools in 2018/2019 or of Qatari students in Private schools in 2020/2021? Please, report the corresponding Nationality and Year."},
{"name": "template 9",
 "sql": "SELECT min(Value) FROM DBdata WHERE ((Nationality = 'Non-Qatari' AND Year = '2019/2020')) AND (School_type IN ('Government','Private')) GROUP BY School_type",
 "sqlResult": "{96} || {33}",
 "nlq": "What is the minimum number for each School type, of Non-Qatari students in Government or Private schools in 2019/2020?"},
{"name": "template 10",
 "sql": "SELECT School_type,sum(Value) FROM DBdata WHERE ((Nationality = 'Non-Qatari' AND Year = '2019/2020')) AND (School_type IN ('Government','Private')) GROUP BY School_type",
 "sqlResult": "{Government | 96} || {Private | 33}",
 "nlq": "What is the total number for each School type, of Non-Qatari students in Government or Private schools in 2019/2020? Please, report the corresponding School type."},
{"name": "template 11",
 "sql": "SELECT School_type,Nationality,Year,avg(Value) FROM DBdata WHERE ((Nationality = 'Qatari' AND Year = '2018/2019') OR (Nationality = 'Non-Qatari' AND Year = '2018/2019')) AND (School_type IN ('Government','Private')) GROUP BY School_type,Nationality,Year",
 "sqlResult": "{Government | Non-Qatari | 2018/2019 | 10} || {Government | Qatari | 2018/2019 | 41} || {Private | Non-Qatari | 2018/2019 | 35} || {Private | Qatari | 2018/2019 | 83}",
 "nlq": "What is the average number for each School type, Nationality, and Year, of Non-Qatari or Qatari students in Government or Private schools in 2018/2019? Please, report the corresponding School type, Nationality, and Year."},
{"name": "template 12",
 "sql": "SELECT Value FROM DBdata WHERE ((Nationality = 'Qatari' AND Year = '2018/2019')) AND (School_type IN ('Government','Private')) ORDER BY VALUE ASC LIMIT 2",
 "sqlResult": "{41} || {83}",
 "nlq": "What are the bottom 2 numbers of Qatari students in Government or Private schools in 2018/2019?"},
{"name": "template 13",
 "sql": "SELECT Value FROM DBdata WHERE ((Nationality = 'Non-Qatari' AND Year = '2017/2018')) AND (School_type IN ('Government','Private')) ORDER BY VALUE DESC",
 "sqlResult": "{75} || {9}",
 "nlq": "What are the numbers ordered by decreasing values of Non-Qatari students in Government or Private schools in 2017/2018?"},
{"name": "template 14",
 "sql": "SELECT School_type FROM DBdata WHERE ((Nationality = 'Non-Qatari' AND Year = '2017/2018')) AND Value < 50.31",
 "sqlResult": "{Private}",
 "nlq": "What is the School type for which the number of Non-Qatari students in 2017/2018 is lower than 50.31?"},
{"name": "template 15",
 "sql": "SELECT School_type,Value FROM DBdata WHERE ((Nationality = 'Non-Qatari' AND Year = '2019/2020')) AND (School_type) IN (SELECT School_type FROM DBdata WHERE ((Nationality = 'Non-Qatari' AND Year = '2017/2018')) AND Value < 50.31)",
 "sqlResult": "{Private | 33}",
 "nlq": "What is the number of Non-Qatari students in 2019/2020 in School type for which the number of Non-Qatari students in 2017/2018 is lower than 50.31? Please, report the corresponding School type and number of students."}]
}
