{
"filename": "Number_of_students_set92_3_DB.csv",
"questions": [{"name": "template 1",
 "sql": "SELECT Value FROM DBdata WHERE ((Year = '2021/2022' AND Nationality = 'Non-Qatari')) AND (School_type IN ('Private'))",
 "sqlResult": "{19}",
 "nlq": "What is the number of Non-Qatari students in Private schools in 2021/2022?"},
{"name": "template 2",
 "sql": "SELECT Value FROM DBdata WHERE ((Year = '2020/2021' AND Nationality = 'Non-Qatari')) AND (School_type IN ('Government'))",
 "sqlResult": "{1}",
 "nlq": "What is the number of Non-Qatari students in Government schools in 2020/2021?"},
{"name": "template 3",
 "sql": "SELECT Value FROM DBdata WHERE ((Year = '2020/2021' AND Nationality = 'Non-Qatari') OR (Year = '2021/2022' AND Nationality = 'Qatari') OR (Year = '2021/2022' AND Nationality = 'Non-Qatari') OR (Year = '2022/2023' AND Nationality = 'Qatari') OR (Year = '2022/2023' AND Nationality = 'Non-Qatari')) AND (School_type IN ('Government'))",
 "sqlResult": "{1} || {38} || {31} || {63} || {34}",
 "nlq": "What is the number of Non-Qatari students in Government schools in 2020/2021, 2021/2022, or 2022/2023 or of Qatari students in Government schools in 2021/2022 or 2022/2023?"},
{"name": "template 4",
 "sql": "SELECT avg(Value),min(Value) FROM DBdata WHERE ((Year = '2020/2021' AND Nationality = 'Qatari') OR (Year = '2020/2021' AND Nationality = 'Non-Qatari') OR (Year = '2021/2022' AND Nationality = 'Non-Qatari') OR (Year = '2022/2023' AND Nationality = 'Non-Qatari')) AND (School_type IN ('Private'))",
 "sqlResult": "{45 | 19}",
 "nlq": "What are the average and minimum numbers of Non-Qatari or Qatari students in Private schools in 2020/2021 or of Non-Qatari students in Private schools in 2021/2022 or 2022/2023?"},
{"name": "template 5",
 "sql": "SELECT sum(Value) FROM DBdata WHERE (Year IN ('2020/2021','2021/2022','2022/2023')) AND (School_type IN ('Private'))",
 "sqlResult": "{215}",
 "nlq": "What is the total number of students in Private schools in 2020/2021, 2021/2022, or 2022/2023?"},
{"name": "template 6",
 "sql": "SELECT Value FROM DBdata WHERE ((Year = '2020/2021' AND Nationality = 'Qatari') OR (Year = '2020/2021' AND Nationality = 'Non-Qatari') OR (Year = '2021/2022' AND Nationality = 'Qatari') OR (Year = '2021/2022' AND Nationality = 'Non-Qatari') OR (Year = '2022/2023' AND Nationality = 'Qatari')) AND (School_type IN ('Government'))",
 "sqlResult": "{71} || {1} || {38} || {31} || {63}",
 "nlq": "What is the number of Qatari students in Government schools in 2020/2021, 2021/2022, or 2022/2023 or of Non-Qatari students in Government schools in 2020/2021 or 2021/2022?"},
{"name": "template 7",
 "sql": "SELECT sum(Value),avg(Value) FROM DBdata WHERE ((Year = '2020/2021' AND Nationality = 'Qatari')) AND (School_type IN ('Private'))",
 "sqlResult": "{22 | 22}",
 "nlq": "What are the total and average numbers of Qatari students in Private schools in 2020/2021?"},
{"name": "template 8",
 "sql": "SELECT Year,Nationality,max(Value),avg(Value) FROM DBdata WHERE ((Year = '2020/2021' AND Nationality = 'Qatari') OR (Year = '2020/2021' AND Nationality = 'Non-Qatari') OR (Year = '2021/2022' AND Nationality = 'Qatari') OR (Year = '2021/2022' AND Nationality = 'Non-Qatari')) AND (School_type IN ('Government','Private')) GROUP BY Year,Nationality",
 "sqlResult": "{2020/2021 | Non-Qatari | 49 | 25} || {2020/2021 | Qatari | 71 | 46.5} || {2021/2022 | Non-Qatari | 31 | 25} || {2021/2022 | Qatari | 38 | 35.5}",
 "nlq": "What are the maximum and average numbers for each Year and Nationality, of Non-Qatari or Qatari students in Government or Private schools in 2020/2021 or 2021/2022? Please, report the corresponding Year and Nationality."},
{"name": "template 9",
 "sql": "SELECT min(Value) FROM DBdata WHERE ((Year = '2021/2022' AND Nationality = 'Qatari')) AND (School_type IN ('Government','Private')) GROUP BY School_type",
 "sqlResult": "{38} || {33}",
 "nlq": "What is the minimum number for each School type, of Qatari students in Government or Private schools in 2021/2022?"},
{"name": "template 10",
 "sql": "SELECT School_type,sum(Value) FROM DBdata WHERE ((Year = '2020/2021' AND Nationality = 'Non-Qatari')) AND (School_type IN ('Government','Private')) GROUP BY School_type",
 "sqlResult": "{Government | 1} || {Private | 49}",
 "nlq": "What is the total number for each School type, of Non-Qatari students in Government or Private schools in 2020/2021? Please, report the corresponding School type."},
{"name": "template 11",
 "sql": "SELECT School_type,Year,Nationality,sum(Value) FROM DBdata WHERE ((Year = '2020/2021' AND Nationality = 'Qatari') OR (Year = '2020/2021' AND Nationality = 'Non-Qatari')) AND (School_type IN ('Government','Private')) GROUP BY School_type,Year,Nationality",
 "sqlResult": "{Government | 2020/2021 | Non-Qatari | 1} || {Government | 2020/2021 | Qatari | 71} || {Private | 2020/2021 | Non-Qatari | 49} || {Private | 2020/2021 | Qatari | 22}",
 "nlq": "What is the total number for each School type, Year, and Nationality, of Non-Qatari or Qatari students in Government or Private schools in 2020/2021? Please, report the corresponding School type, Year, and Nationality."},
{"name": "template 12",
 "sql": "SELECT Value FROM DBdata WHERE ((Year = '2021/2022' AND Nationality = 'Non-Qatari')) AND (School_type IN ('Government','Private')) ORDER BY VALUE DESC LIMIT 2",
 "sqlResult": "{31} || {19}",
 "nlq": "What are the top 2 numbers of Non-Qatari students in Government or Private schools in 2021/2022?"},
{"name": "template 13",
 "sql": "SELECT Value FROM DBdata WHERE ((Year = '2020/2021' AND Nationality = 'Qatari')) AND (School_type IN ('Government','Private')) ORDER BY VALUE ASC",
 "sqlResult": "{22} || {71}",
 "nlq": "What are the numbers ordered by increasing values of Qatari students in Government or Private schools in 2020/2021?"},
{"name": "template 14",
 "sql": "SELECT School_type FROM DBdata WHERE ((Year = '2022/2023' AND Nationality = 'Qatari')) AND Value < 37.75",
 "sqlResult": "{Private}",
 "nlq": "What is the School type for which the number of Qatari students in 2022/2023 is lower than 37.75?"},
{"name": "template 15",
 "sql": "SELECT School_type,Value FROM DBdata WHERE ((Year = '2021/2022' AND Nationality = 'Qatari')) AND (School_type) IN (SELECT School_type FROM DBdata WHERE ((Year = '2022/2023' AND Nationality = 'Qatari')) AND Value < 37.75)",
 "sqlResult": "{Private | 33}",
 "nlq": "What is the number of Qatari students in 2021/2022 in School type for which the number of Qatari students in 2022/2023 is lower than 37.75? Please, report the corresponding School type and number of students."}]
}
