Nationality,Year,School type,Value
Nationality,Year,School_type,Value
Qatari,2019/2020,Government,83
Non-Qatari,2019/2020,Government,41
Qatari,2020/2021,Government,12
Non-Qatari,2020/2021,Government,33
Qatari,2021/2022,Government,58
Non-Qatari,2021/2022,Government,6
Qatari,2022/2023,Government,46
Non-Qatari,2022/2023,Government,2
Qatari,2019/2020,Private,16
Non-Qatari,2019/2020,Private,48
Qatari,2020/2021,Private,95
Non-Qatari,2020/2021,Private,27
Qatari,2021/2022,Private,62
Non-Qatari,2021/2022,Private,7
Qatari,2022/2023,Private,100
Non-Qatari,2022/2023,Private,39
