{
"filename": "Number_of_students_set73_1_DB.csv",
"questions": [{"name": "template 1",
 "sql": "SELECT Value FROM DBdata WHERE ((AA = 'AAdy' AND BB = 'BBdg')) AND (CC IN ('CClm'))",
 "sqlResult": "{21}",
 "nlq": "What is the number of AAdy students in CClm schools in BBdg?"},
{"name": "template 2",
 "sql": "SELECT Value FROM DBdata WHERE ((AA = 'Non-AAdy' AND BB = 'BBnq')) AND (CC IN ('CCmr','CClm'))",
 "sqlResult": "{62} || {57}",
 "nlq": "What is the number of Non-AAdy students in CCmr or CClm schools in BBnq?"},
{"name": "template 3",
 "sql": "SELECT Value FROM DBdata WHERE ((AA = 'AAdy' AND BB = 'BBnq') OR (AA = 'AAdy' AND BB = 'BBdg')) AND (CC IN ('CClm'))",
 "sqlResult": "{78} || {21}",
 "nlq": "What is the number of AAdy students in CClm schools in BBnq or BBdg?"},
{"name": "template 4",
 "sql": "SELECT avg(Value),sum(Value) FROM DBdata WHERE ((AA = 'AAdy' AND BB = 'BBnq') OR (AA = 'Non-AAdy' AND BB = 'BBnq') OR (AA = 'AAdy' AND BB = 'BBdg') OR (AA = 'Non-AAdy' AND BB = 'BBdg')) AND (CC IN ('CCmr'))",
 "sqlResult": "{58.25 | 233}",
 "nlq": "What are the average and total numbers of Non-AAdy or AAdy students in CCmr schools in BBnq or BBdg?"},
{"name": "template 6",
 "sql": "SELECT Value FROM DBdata WHERE ((AA = 'AAdy' AND BB = 'BBnq') OR (AA = 'Non-AAdy' AND BB = 'BBnq') OR (AA = 'AAdy' AND BB = 'BBdg') OR (AA = 'Non-AAdy' AND BB = 'BBdg')) AND (CC IN ('CCmr','CClm'))",
 "sqlResult": "{54} || {62} || {72} || {45} || {78} || {57} || {21} || {58}",
 "nlq": "What is the number of Non-AAdy or AAdy students in CCmr or CClm schools in BBnq or BBdg?"},
{"name": "template 7",
 "sql": "SELECT max(Value),sum(Value) FROM DBdata WHERE ((AA = 'AAdy' AND BB = 'BBdg')) AND (CC IN ('CCmr','CClm'))",
 "sqlResult": "{72 | 93}",
 "nlq": "What are the maximum and total numbers of AAdy students in CCmr or CClm schools in BBdg?"},
{"name": "template 8",
 "sql": "SELECT AA,BB,avg(Value),sum(Value) FROM DBdata WHERE ((AA = 'AAdy' AND BB = 'BBnq') OR (AA = 'Non-AAdy' AND BB = 'BBnq') OR (AA = 'AAdy' AND BB = 'BBdg') OR (AA = 'Non-AAdy' AND BB = 'BBdg')) AND (CC IN ('CCmr','CClm')) GROUP BY AA,BB",
 "sqlResult": "{Non-AAdy | BBnq | 59.5 | 119} || {Non-AAdy | BBdg | 51.5 | 103} || {AAdy | BBnq | 66 | 132} || {AAdy | BBdg | 46.5 | 93}",
 "nlq": "What are the average and total numbers for each AA and BB, of Non-AAdy or AAdy students in CCmr or CClm schools in BBnq or BBdg? Please, report the corresponding AA and BB."},
{"name": "template 9",
 "sql": "SELECT min(Value) FROM DBdata WHERE ((AA = 'AAdy' AND BB = 'BBdg')) AND (CC IN ('CCmr','CClm')) GROUP BY CC",
 "sqlResult": "{72} || {21}",
 "nlq": "What is the minimum number for each CC, of AAdy students in CCmr or CClm schools in BBdg?"},
{"name": "template 10",
 "sql": "SELECT CC,min(Value) FROM DBdata WHERE ((AA = 'AAdy' AND BB = 'BBdg')) AND (CC IN ('CCmr','CClm')) GROUP BY CC",
 "sqlResult": "{CCmr | 72} || {CClm | 21}",
 "nlq": "What is the minimum number for each CC, of AAdy students in CCmr or CClm schools in BBdg? Please, report the corresponding CC."},
{"name": "template 11",
 "sql": "SELECT CC,AA,BB,max(Value) FROM DBdata WHERE ((AA = 'AAdy' AND BB = 'BBnq') OR (AA = 'AAdy' AND BB = 'BBdg')) AND (CC IN ('CCmr','CClm')) GROUP BY CC,AA,BB",
 "sqlResult": "{CCmr | AAdy | BBnq | 54} || {CCmr | AAdy | BBdg | 72} || {CClm | AAdy | BBnq | 78} || {CClm | AAdy | BBdg | 21}",
 "nlq": "What is the maximum number for each CC, AA, and BB, of AAdy students in CCmr or CClm schools in BBnq or BBdg? Please, report the corresponding CC, AA, and BB."},
{"name": "template 12",
 "sql": "SELECT Value FROM DBdata WHERE ((AA = 'AAdy' AND BB = 'BBdg')) AND (CC IN ('CCmr','CClm')) ORDER BY VALUE DESC LIMIT 2",
 "sqlResult": "{72} || {21}",
 "nlq": "What are the top 2 numbers of AAdy students in CCmr or CClm schools in BBdg?"},
{"name": "template 13",
 "sql": "SELECT Value FROM DBdata WHERE ((AA = 'AAdy' AND BB = 'BBdg')) AND (CC IN ('CCmr','CClm')) ORDER BY VALUE DESC",
 "sqlResult": "{72} || {21}",
 "nlq": "What are the numbers ordered by decreasing values of AAdy students in CCmr or CClm schools in BBdg?"},
{"name": "template 14",
 "sql": "SELECT CC FROM DBdata WHERE ((AA = 'Non-AAdy' AND BB = 'BBnq')) AND Value > 55.88",
 "sqlResult": "{CCmr} || {CClm}",
 "nlq": "What is the CC for which the number of Non-AAdy students in BBnq is greater than 55.88?"},
{"name": "template 15",
 "sql": "SELECT CC,Value FROM DBdata WHERE ((AA = 'Non-AAdy' AND BB = 'BBdg')) AND (CC) IN (SELECT CC FROM DBdata WHERE ((AA = 'Non-AAdy' AND BB = 'BBnq')) AND Value > 55.88)",
 "sqlResult": "{CCmr | 45} || {CClm | 58}",
 "nlq": "What is the number of Non-AAdy students in BBdg in CC for which the number of Non-AAdy students in BBnq is greater than 55.88? Please, report the corresponding CC and number of students."}]
}

