{
"filename": "Number_of_students_set37_1_DB.csv",
"questions": [{"name": "template 1",
 "sql": "SELECT Value FROM DBdata WHERE (Nationality IN ('Qatari')) AND ((School_type = 'Government' AND Gender = 'Male'))",
 "sqlResult": "{63}",
 "nlq": "What is the number of Qatari Male students in Government schools?"},
{"name": "template 2",
 "sql": "SELECT Value FROM DBdata WHERE (Nationality IN ('Qatari')) AND ((School_type = 'Government' AND Gender = 'Male') OR (School_type = 'Government' AND Gender = 'Female') OR (School_type = 'Private' AND Gender = 'Female'))",
 "sqlResult": "{63} || {57} || {14}",
 "nlq": "What is the number of Qatari Female or Male students in Government schools or of Qatari Female students in Private schools?"},
{"name": "template 3",
 "sql": "SELECT Value FROM DBdata WHERE (Nationality IN ('Qatari','Non-Qatari')) AND ((School_type = 'Private' AND Gender = 'Female'))",
 "sqlResult": "{14} || {51}",
 "nlq": "What is the number of Non-Qatari or Qatari Female students in Private schools?"},
{"name": "template 4",
 "sql": "SELECT max(Value),min(Value) FROM DBdata WHERE (Nationality IN ('Non-Qatari')) AND ((School_type = 'Government' AND Gender = 'Male'))",
 "sqlResult": "{3 | 3}",
 "nlq": "What are the maximum and minimum numbers of Non-Qatari Male students in Government schools?"},
{"name": "template 6",
 "sql": "SELECT Value FROM DBdata WHERE (Nationality IN ('Non-Qatari')) AND ((School_type = 'Government' AND Gender = 'Male') OR (School_type = 'Private' AND Gender = 'Male') OR (School_type = 'Government' AND Gender = 'Female'))",
 "sqlResult": "{3} || {83} || {85}",
 "nlq": "What is the number of Non-Qatari Female or Male students in Government schools or of Non-Qatari Male students in Private schools?"},
{"name": "template 7",
 "sql": "SELECT sum(Value),min(Value) FROM DBdata WHERE (Nationality IN ('Non-Qatari')) AND ((School_type = 'Government' AND Gender = 'Male') OR (School_type = 'Private' AND Gender = 'Male') OR (School_type = 'Government' AND Gender = 'Female') OR (School_type = 'Private' AND Gender = 'Female'))",
 "sqlResult": "{222 | 3}",
 "nlq": "What are the total and minimum numbers of Non-Qatari Female or Male students in Government or Private schools?"},
{"name": "template 8",
 "sql": "SELECT Nationality,min(Value),avg(Value) FROM DBdata WHERE (Nationality IN ('Qatari','Non-Qatari')) AND ((School_type = 'Private' AND Gender = 'Male') OR (School_type = 'Private' AND Gender = 'Female')) GROUP BY Nationality",
 "sqlResult": "{Non-Qatari | 51 | 67} || {Qatari | 14 | 16}",
 "nlq": "What are the minimum and average numbers for each Nationality, of Non-Qatari or Qatari Female or Male students in Private schools? Please, report the corresponding Nationality."},
{"name": "template 9",
 "sql": "SELECT min(Value) FROM DBdata WHERE (Nationality IN ('Qatari')) AND (School_type IN ('Government','Private')) GROUP BY School_type",
 "sqlResult": "{57} || {14}",
 "nlq": "What is the minimum number for each School type, of Qatari students in Government or Private schools?"},
{"name": "template 10",
 "sql": "SELECT School_type,avg(Value) FROM DBdata WHERE (Nationality IN ('Qatari')) AND (School_type IN ('Government','Private')) GROUP BY School_type",
 "sqlResult": "{Government | 60} || {Private | 16}",
 "nlq": "What is the average number for each School type, of Qatari students in Government or Private schools? Please, report the corresponding School type."},
{"name": "template 11",
 "sql": "SELECT School_type,Nationality,max(Value) FROM DBdata WHERE (Nationality IN ('Qatari','Non-Qatari')) AND (School_type IN ('Government','Private')) GROUP BY School_type,Nationality",
 "sqlResult": "{Government | Non-Qatari | 85} || {Government | Qatari | 63} || {Private | Non-Qatari | 83} || {Private | Qatari | 18}",
 "nlq": "What is the maximum number for each School type and Nationality, of Non-Qatari or Qatari students in Government or Private schools? Please, report the corresponding School type and Nationality."},
{"name": "template 12",
 "sql": "SELECT Value FROM DBdata WHERE (Nationality IN ('Non-Qatari')) AND (School_type IN ('Government','Private')) ORDER BY VALUE ASC LIMIT 3",
 "sqlResult": "{3} || {51} || {83}",
 "nlq": "What are the bottom 3 numbers of Non-Qatari students in Government or Private schools?"},
{"name": "template 13",
 "sql": "SELECT Value FROM DBdata WHERE (Nationality IN ('Qatari')) AND (School_type IN ('Government','Private')) ORDER BY VALUE ASC",
 "sqlResult": "{14} || {18} || {57} || {63}",
 "nlq": "What are the numbers ordered by increasing values of Qatari students in Government or Private schools?"},
{"name": "template 14",
 "sql": "SELECT School_type,Gender FROM DBdata WHERE (Nationality IN ('Qatari')) AND Value < 46.75",
 "sqlResult": "{Private | Male} || {Private | Female}",
 "nlq": "What are the School type and Gender for which the number of Qatari students is lower than 46.75?"},
{"name": "template 15",
 "sql": "SELECT School_type,Gender,Value FROM DBdata WHERE (Nationality IN ('Non-Qatari')) AND (School_type,Gender) IN (SELECT School_type,Gender FROM DBdata WHERE (Nationality IN ('Qatari')) AND Value < 46.75)",
 "sqlResult": "{Private | Male | 83} || {Private | Female | 51}",
 "nlq": "What is the number of Non-Qatari students in School type and of Gender for which the number of Qatari students is lower than 46.75? Please, report the corresponding School type, Gender, and number of students."}]
}
