{
"filename": "Number_of_students_set38_4_DB.csv",
"questions": [{"name": "template 1",
 "sql": "SELECT Value FROM DBdata WHERE (Nationality IN ('Non-Qatari')) AND ((Gender = 'Female' AND School_type = 'Government'))",
 "sqlResult": "{30}",
 "nlq": "What is the number of Non-Qatari Female students in Government schools?"},
{"name": "template 2",
 "sql": "SELECT Value FROM DBdata WHERE (Nationality IN ('Non-Qatari')) AND ((Gender = 'Male' AND School_type = 'Government') OR (Gender = 'Male' AND School_type = 'Private') OR (Gender = 'Female' AND School_type = 'Government') OR (Gender = 'Female' AND School_type = 'Private'))",
 "sqlResult": "{70} || {35} || {30} || {10}",
 "nlq": "What is the number of Non-Qatari Female or Male students in Government or Private schools?"},
{"name": "template 3",
 "sql": "SELECT Value FROM DBdata WHERE (Nationality IN ('Non-Qatari')) AND ((Gender = 'Female' AND School_type = 'Government'))",
 "sqlResult": "{30}",
 "nlq": "What is the number of Non-Qatari Female students in Government schools?"},
{"name": "template 4",
 "sql": "SELECT sum(Value),min(Value) FROM DBdata WHERE (Nationality IN ('Qatari')) AND ((Gender = 'Female' AND School_type = 'Government'))",
 "sqlResult": "{42 | 42}",
 "nlq": "What are the total and minimum numbers of Qatari Female students in Government schools?"},
{"name": "template 6",
 "sql": "SELECT Value FROM DBdata WHERE (Nationality IN ('Qatari','Non-Qatari')) AND ((Gender = 'Male' AND School_type = 'Private') OR (Gender = 'Female' AND School_type = 'Government'))",
 "sqlResult": "{71} || {35} || {42} || {30}",
 "nlq": "What is the number of Non-Qatari or Qatari Male students in Private schools or of Non-Qatari or Qatari Female students in Government schools?"},
{"name": "template 7",
 "sql": "SELECT min(Value),avg(Value) FROM DBdata WHERE (Nationality IN ('Qatari')) AND ((Gender = 'Male' AND School_type = 'Government') OR (Gender = 'Male' AND School_type = 'Private') OR (Gender = 'Female' AND School_type = 'Government'))",
 "sqlResult": "{27 | 46.67}",
 "nlq": "What are the minimum and average numbers of Qatari Female or Male students in Government schools or of Qatari Male students in Private schools?"},
{"name": "template 8",
 "sql": "SELECT Nationality,sum(Value),max(Value) FROM DBdata WHERE (Nationality IN ('Qatari')) AND ((Gender = 'Male' AND School_type = 'Government') OR (Gender = 'Female' AND School_type = 'Government')) GROUP BY Nationality",
 "sqlResult": "{Qatari | 69 | 42}",
 "nlq": "What are the total and maximum numbers for each Nationality, of Qatari Female or Male students in Government schools? Please, report the corresponding Nationality."},
{"name": "template 9",
 "sql": "SELECT min(Value) FROM DBdata WHERE (Nationality IN ('Non-Qatari')) AND (Gender IN ('Male','Female')) GROUP BY Gender",
 "sqlResult": "{10} || {35}",
 "nlq": "What is the minimum number for each Gender, of Non-Qatari Female or Male students?"},
{"name": "template 10",
 "sql": "SELECT Gender,max(Value) FROM DBdata WHERE (Nationality IN ('Non-Qatari')) AND (Gender IN ('Male','Female')) GROUP BY Gender",
 "sqlResult": "{Female | 30} || {Male | 70}",
 "nlq": "What is the maximum number for each Gender, of Non-Qatari Female or Male students? Please, report the corresponding Gender."},
{"name": "template 11",
 "sql": "SELECT Gender,Nationality,sum(Value) FROM DBdata WHERE (Nationality IN ('Qatari')) AND (Gender IN ('Male','Female')) GROUP BY Gender,Nationality",
 "sqlResult": "{Female | Qatari | 70} || {Male | Qatari | 98}",
 "nlq": "What is the total number for each Gender and Nationality, of Qatari Female or Male students? Please, report the corresponding Gender and Nationality."},
{"name": "template 12",
 "sql": "SELECT Value FROM DBdata WHERE (Nationality IN ('Qatari')) AND (Gender IN ('Male','Female')) ORDER BY VALUE DESC LIMIT 2",
 "sqlResult": "{71} || {42}",
 "nlq": "What are the top 2 numbers of Qatari Female or Male students?"},
{"name": "template 13",
 "sql": "SELECT Value FROM DBdata WHERE (Nationality IN ('Qatari')) AND (Gender IN ('Male','Female')) ORDER BY VALUE DESC",
 "sqlResult": "{71} || {42} || {28} || {27}",
 "nlq": "What are the numbers ordered by decreasing values of Qatari Female or Male students?"},
{"name": "template 14",
 "sql": "SELECT Gender,School_type FROM DBdata WHERE (Nationality IN ('Non-Qatari')) AND Value < 39.12",
 "sqlResult": "{Male | Private} || {Female | Government} || {Female | Private}",
 "nlq": "What are the Gender and School type for which the number of Non-Qatari students is lower than 39.12?"},
{"name": "template 15",
 "sql": "SELECT Gender,School_type,Value FROM DBdata WHERE (Nationality IN ('Qatari')) AND (Gender,School_type) IN (SELECT Gender,School_type FROM DBdata WHERE (Nationality IN ('Non-Qatari')) AND Value < 39.12)",
 "sqlResult": "{Male | Private | 71} || {Female | Government | 42} || {Female | Private | 28}",
 "nlq": "What is the number of Qatari students of Gender and in School type for which the number of Non-Qatari students is lower than 39.12? Please, report the corresponding Gender, School type, and number of students."}]
}
