Nationality,Year,School type,Value
Nationality,Year,School_type,Value
Qatari,2015/2016,Government,9
Non-Qatari,2015/2016,Government,63
Qatari,2016/2017,Government,34
Non-Qatari,2016/2017,Government,17
Qatari,2017/2018,Government,26
Non-Qatari,2017/2018,Government,21
Qatari,2018/2019,Government,73
Non-Qatari,2018/2019,Government,30
Qatari,2015/2016,Private,0
Non-Qatari,2015/2016,Private,65
Qatari,2016/2017,Private,25
Non-Qatari,2016/2017,Private,38
Qatari,2017/2018,Private,7
Non-Qatari,2017/2018,Private,58
Qatari,2018/2019,Private,57
Non-Qatari,2018/2019,Private,19
