{
"filename": "Number_of_students_set92_4_DB.csv",
"questions": [{"name": "template 1",
 "sql": "SELECT Value FROM DBdata WHERE ((AA = 'AAcg' AND BB = 'BBry')) AND (CC IN ('CCms'))",
 "sqlResult": "{47}",
 "nlq": "What is the number of AAcg students in CCms schools in BBry?"},
{"name": "template 2",
 "sql": "SELECT Value FROM DBdata WHERE ((AA = 'AAcg' AND BB = 'BBjx')) AND (CC IN ('CCms'))",
 "sqlResult": "{66}",
 "nlq": "What is the number of AAcg students in CCms schools in BBjx?"},
{"name": "template 3",
 "sql": "SELECT Value FROM DBdata WHERE ((AA = 'Non-AAcg' AND BB = 'BBry') OR (AA = 'AAcg' AND BB = 'BBjx')) AND (CC IN ('CCms'))",
 "sqlResult": "{12} || {66}",
 "nlq": "What is the number of Non-AAcg students in CCms schools in BBry or of AAcg students in CCms schools in BBjx?"},
{"name": "template 4",
 "sql": "SELECT max(Value),avg(Value) FROM DBdata WHERE ((AA = 'AAcg' AND BB = 'BBry') OR (AA = 'Non-AAcg' AND BB = 'BBry') OR (AA = 'AAcg' AND BB = 'BBjx') OR (AA = 'Non-AAcg' AND BB = 'BBjx')) AND (CC IN ('CCms'))",
 "sqlResult": "{66 | 33.25}",
 "nlq": "What are the maximum and average numbers of Non-AAcg or AAcg students in CCms schools in BBry or BBjx?"},
{"name": "template 5",
 "sql": "SELECT sum(Value) FROM DBdata WHERE AA = 'AAcg' AND (BB IN ('BBry','BBjx')) AND (CC IN ('CCms'))",
 "sqlResult": "{113}",
 "nlq": "What is the total number of AAcg students in CCms schools in BBry or BBjx?"},
{"name": "template 6",
 "sql": "SELECT Value FROM DBdata WHERE ((AA = 'AAcg' AND BB = 'BBry') OR (AA = 'AAcg' AND BB = 'BBjx') OR (AA = 'Non-AAcg' AND BB = 'BBjx')) AND (CC IN ('CCfv','CCms'))",
 "sqlResult": "{81} || {78} || {32} || {47} || {66} || {8}",
 "nlq": "What is the number of AAcg students in CCfv or CCms schools in BBry or of Non-AAcg or AAcg students in CCfv or CCms schools in BBjx?"},
{"name": "template 7",
 "sql": "SELECT min(Value),sum(Value) FROM DBdata WHERE ((AA = 'Non-AAcg' AND BB = 'BBjx')) AND (CC IN ('CCfv','CCms'))",
 "sqlResult": "{8 | 40}",
 "nlq": "What are the minimum and total numbers of Non-AAcg students in CCfv or CCms schools in BBjx?"},
{"name": "template 8",
 "sql": "SELECT AA,BB,max(Value),avg(Value) FROM DBdata WHERE ((AA = 'AAcg' AND BB = 'BBry') OR (AA = 'Non-AAcg' AND BB = 'BBry') OR (AA = 'AAcg' AND BB = 'BBjx')) AND (CC IN ('CCms')) GROUP BY AA,BB",
 "sqlResult": "{Non-AAcg | BBry | 12 | 12} || {AAcg | BBry | 47 | 47} || {AAcg | BBjx | 66 | 66}",
 "nlq": "What are the maximum and average numbers for each AA and BB, of Non-AAcg or AAcg students in CCms schools in BBry or of AAcg students in CCms schools in BBjx? Please, report the corresponding AA and BB."},
{"name": "template 9",
 "sql": "SELECT min(Value) FROM DBdata WHERE ((AA = 'Non-AAcg' AND BB = 'BBjx')) AND (CC IN ('CCfv','CCms')) GROUP BY CC",
 "sqlResult": "{32} || {8}",
 "nlq": "What is the minimum number for each CC, of Non-AAcg students in CCfv or CCms schools in BBjx?"},
{"name": "template 10",
 "sql": "SELECT CC,avg(Value) FROM DBdata WHERE ((AA = 'AAcg' AND BB = 'BBjx')) AND (CC IN ('CCfv','CCms')) GROUP BY CC",
 "sqlResult": "{CCfv | 78} || {CCms | 66}",
 "nlq": "What is the average number for each CC, of AAcg students in CCfv or CCms schools in BBjx? Please, report the corresponding CC."},
{"name": "template 11",
 "sql": "SELECT CC,AA,BB,avg(Value) FROM DBdata WHERE ((AA = 'AAcg' AND BB = 'BBjx') OR (AA = 'Non-AAcg' AND BB = 'BBjx')) AND (CC IN ('CCfv','CCms')) GROUP BY CC,AA,BB",
 "sqlResult": "{CCfv | Non-AAcg | BBjx | 32} || {CCfv | AAcg | BBjx | 78} || {CCms | Non-AAcg | BBjx | 8} || {CCms | AAcg | BBjx | 66}",
 "nlq": "What is the average number for each CC, AA, and BB, of Non-AAcg or AAcg students in CCfv or CCms schools in BBjx? Please, report the corresponding CC, AA, and BB."},
{"name": "template 12",
 "sql": "SELECT Value FROM DBdata WHERE ((AA = 'AAcg' AND BB = 'BBry')) AND (CC IN ('CCfv','CCms')) ORDER BY VALUE DESC LIMIT 2",
 "sqlResult": "{81} || {47}",
 "nlq": "What are the top 2 numbers of AAcg students in CCfv or CCms schools in BBry?"},
{"name": "template 13",
 "sql": "SELECT Value FROM DBdata WHERE ((AA = 'AAcg' AND BB = 'BBjx')) AND (CC IN ('CCfv','CCms')) ORDER BY VALUE ASC",
 "sqlResult": "{66} || {78}",
 "nlq": "What are the numbers ordered by increasing values of AAcg students in CCfv or CCms schools in BBjx?"},
{"name": "template 14",
 "sql": "SELECT CC FROM DBdata WHERE ((AA = 'AAcg' AND BB = 'BBjx')) AND Value > 42.62",
 "sqlResult": "{CCfv} || {CCms}",
 "nlq": "What is the CC for which the number of AAcg students in BBjx is greater than 42.62?"},
{"name": "template 15",
 "sql": "SELECT CC,Value FROM DBdata WHERE ((AA = 'Non-AAcg' AND BB = 'BBry')) AND (CC) IN (SELECT CC FROM DBdata WHERE ((AA = 'AAcg' AND BB = 'BBjx')) AND Value > 42.62)",
 "sqlResult": "{CCfv | 17} || {CCms | 12}",
 "nlq": "What is the number of Non-AAcg students in BBry in CC for which the number of AAcg students in BBjx is greater than 42.62? Please, report the corresponding CC and number of students."}]
}

