{
"filename": "Number_of_students_set78_2_DB.csv",
"questions": [{"name": "template 1",
 "sql": "SELECT Value FROM DBdata WHERE ((Nationality = 'Non-Qatari' AND Year = '2019/2020')) AND (School_type IN ('Government'))",
 "sqlResult": "{63}",
 "nlq": "What is the number of Non-Qatari students in Government schools in 2019/2020?"},
{"name": "template 2",
 "sql": "SELECT Value FROM DBdata WHERE ((Nationality = 'Non-Qatari' AND Year = '2019/2020')) AND (School_type IN ('Private'))",
 "sqlResult": "{43}",
 "nlq": "What is the number of Non-Qatari students in Private schools in 2019/2020?"},
{"name": "template 3",
 "sql": "SELECT Value FROM DBdata WHERE ((Nationality = 'Qatari' AND Year = '2018/2019') OR (Nationality = 'Non-Qatari' AND Year = '2018/2019') OR (Nationality = 'Qatari' AND Year = '2019/2020') OR (Nationality = 'Non-Qatari' AND Year = '2019/2020')) AND (School_type IN ('Government'))",
 "sqlResult": "{98} || {29} || {42} || {63}",
 "nlq": "What is the number of Non-Qatari or Qatari students in Government schools in 2018/2019 or 2019/2020?"},
{"name": "template 4",
 "sql": "SELECT avg(Value),min(Value) FROM DBdata WHERE ((Nationality = 'Qatari' AND Year = '2018/2019') OR (Nationality = 'Non-Qatari' AND Year = '2018/2019') OR (Nationality = 'Qatari' AND Year = '2019/2020') OR (Nationality = 'Non-Qatari' AND Year = '2019/2020')) AND (School_type IN ('Private'))",
 "sqlResult": "{26 | 7}",
 "nlq": "What are the average and minimum numbers of Non-Qatari or Qatari students in Private schools in 2018/2019 or 2019/2020?"},
{"name": "template 6",
 "sql": "SELECT Value FROM DBdata WHERE ((Nationality = 'Qatari' AND Year = '2018/2019') OR (Nationality = 'Non-Qatari' AND Year = '2018/2019') OR (Nationality = 'Qatari' AND Year = '2019/2020') OR (Nationality = 'Non-Qatari' AND Year = '2019/2020')) AND (School_type IN ('Private'))",
 "sqlResult": "{39} || {15} || {7} || {43}",
 "nlq": "What is the number of Non-Qatari or Qatari students in Private schools in 2018/2019 or 2019/2020?"},
{"name": "template 7",
 "sql": "SELECT min(Value),max(Value) FROM DBdata WHERE ((Nationality = 'Qatari' AND Year = '2019/2020')) AND (School_type IN ('Government'))",
 "sqlResult": "{42 | 42}",
 "nlq": "What are the minimum and maximum numbers of Qatari students in Government schools in 2019/2020?"},
{"name": "template 8",
 "sql": "SELECT Nationality,Year,min(Value),avg(Value) FROM DBdata WHERE ((Nationality = 'Non-Qatari' AND Year = '2018/2019') OR (Nationality = 'Non-Qatari' AND Year = '2019/2020')) AND (School_type IN ('Government','Private')) GROUP BY Nationality,Year",
 "sqlResult": "{Non-Qatari | 2018/2019 | 15 | 22} || {Non-Qatari | 2019/2020 | 43 | 53}",
 "nlq": "What are the minimum and average numbers for each Nationality and Year, of Non-Qatari students in Government or Private schools in 2018/2019 or 2019/2020? Please, report the corresponding Nationality and Year."},
{"name": "template 9",
 "sql": "SELECT min(Value) FROM DBdata WHERE ((Nationality = 'Non-Qatari' AND Year = '2018/2019')) AND (School_type IN ('Government','Private')) GROUP BY School_type",
 "sqlResult": "{29} || {15}",
 "nlq": "What is the minimum number for each School type, of Non-Qatari students in Government or Private schools in 2018/2019?"},
{"name": "template 10",
 "sql": "SELECT School_type,avg(Value) FROM DBdata WHERE ((Nationality = 'Qatari' AND Year = '2018/2019')) AND (School_type IN ('Government','Private')) GROUP BY School_type",
 "sqlResult": "{Government | 98} || {Private | 39}",
 "nlq": "What is the average number for each School type, of Qatari students in Government or Private schools in 2018/2019? Please, report the corresponding School type."},
{"name": "template 11",
 "sql": "SELECT School_type,Nationality,Year,max(Value) FROM DBdata WHERE ((Nationality = 'Qatari' AND Year = '2018/2019') OR (Nationality = 'Non-Qatari' AND Year = '2018/2019')) AND (School_type IN ('Government','Private')) GROUP BY School_type,Nationality,Year",
 "sqlResult": "{Government | Non-Qatari | 2018/2019 | 29} || {Government | Qatari | 2018/2019 | 98} || {Private | Non-Qatari | 2018/2019 | 15} || {Private | Qatari | 2018/2019 | 39}",
 "nlq": "What is the maximum number for each School type, Nationality, and Year, of Non-Qatari or Qatari students in Government or Private schools in 2018/2019? Please, report the corresponding School type, Nationality, and Year."},
{"name": "template 12",
 "sql": "SELECT Value FROM DBdata WHERE ((Nationality = 'Qatari' AND Year = '2018/2019')) AND (School_type IN ('Government','Private')) ORDER BY VALUE ASC LIMIT 2",
 "sqlResult": "{39} || {98}",
 "nlq": "What are the bottom 2 numbers of Qatari students in Government or Private schools in 2018/2019?"},
{"name": "template 13",
 "sql": "SELECT Value FROM DBdata WHERE ((Nationality = 'Qatari' AND Year = '2018/2019')) AND (School_type IN ('Government','Private')) ORDER BY VALUE ASC",
 "sqlResult": "{39} || {98}",
 "nlq": "What are the numbers ordered by increasing values of Qatari students in Government or Private schools in 2018/2019?"},
{"name": "template 14",
 "sql": "SELECT School_type FROM DBdata WHERE ((Nationality = 'Non-Qatari' AND Year = '2019/2020')) AND Value > 42",
 "sqlResult": "{Government} || {Private}",
 "nlq": "What is the School type for which the number of Non-Qatari students in 2019/2020 is greater than 42?"},
{"name": "template 15",
 "sql": "SELECT School_type,Value FROM DBdata WHERE ((Nationality = 'Non-Qatari' AND Year = '2018/2019')) AND (School_type) IN (SELECT School_type FROM DBdata WHERE ((Nationality = 'Non-Qatari' AND Year = '2019/2020')) AND Value > 42)",
 "sqlResult": "{Government | 29} || {Private | 15}",
 "nlq": "What is the number of Non-Qatari students in 2018/2019 in School type for which the number of Non-Qatari students in 2019/2020 is greater than 42? Please, report the corresponding School type and number of students."}]
}
