{
"filename": "Number_of_students_set80_4_DB.csv",
"questions": [{"name": "template 1",
 "sql": "SELECT Value FROM DBdata WHERE ((Year = '2018/2019' AND Nationality = 'Non-Qatari')) AND (School_type IN ('Private'))",
 "sqlResult": "{6}",
 "nlq": "What is the number of Non-Qatari students in Private schools in 2018/2019?"},
{"name": "template 2",
 "sql": "SELECT Value FROM DBdata WHERE ((Year = '2018/2019' AND Nationality = 'Qatari')) AND (School_type IN ('Government'))",
 "sqlResult": "{41}",
 "nlq": "What is the number of Qatari students in Government schools in 2018/2019?"},
{"name": "template 3",
 "sql": "SELECT Value FROM DBdata WHERE ((Year = '2016/2017' AND Nationality = 'Qatari') OR (Year = '2016/2017' AND Nationality = 'Non-Qatari') OR (Year = '2017/2018' AND Nationality = 'Qatari') OR (Year = '2017/2018' AND Nationality = 'Non-Qatari') OR (Year = '2018/2019' AND Nationality = 'Non-Qatari')) AND (School_type IN ('Government'))",
 "sqlResult": "{81} || {69} || {43} || {2} || {51}",
 "nlq": "What is the number of Non-Qatari or Qatari students in Government schools in 2016/2017 or 2017/2018 or of Non-Qatari students in Government schools in 2018/2019?"},
{"name": "template 4",
 "sql": "SELECT sum(Value),avg(Value) FROM DBdata WHERE ((Year = '2016/2017' AND Nationality = 'Non-Qatari') OR (Year = '2017/2018' AND Nationality = 'Qatari')) AND (School_type IN ('Private'))",
 "sqlResult": "{66 | 33}",
 "nlq": "What are the total and average numbers of Non-Qatari students in Private schools in 2016/2017 or of Qatari students in Private schools in 2017/2018?"},
{"name": "template 6",
 "sql": "SELECT Value FROM DBdata WHERE ((Year = '2016/2017' AND Nationality = 'Non-Qatari') OR (Year = '2017/2018' AND Nationality = 'Qatari') OR (Year = '2018/2019' AND Nationality = 'Qatari') OR (Year = '2018/2019' AND Nationality = 'Non-Qatari')) AND (School_type IN ('Government'))",
 "sqlResult": "{69} || {43} || {41} || {51}",
 "nlq": "What is the number of Non-Qatari students in Government schools in 2016/2017 or 2018/2019 or of Qatari students in Government schools in 2017/2018 or 2018/2019?"},
{"name": "template 7",
 "sql": "SELECT sum(Value),max(Value) FROM DBdata WHERE ((Year = '2016/2017' AND Nationality = 'Qatari')) AND (School_type IN ('Government','Private'))",
 "sqlResult": "{172 | 91}",
 "nlq": "What are the total and maximum numbers of Qatari students in Government or Private schools in 2016/2017?"},
{"name": "template 8",
 "sql": "SELECT Year,Nationality,avg(Value),max(Value) FROM DBdata WHERE ((Year = '2016/2017' AND Nationality = 'Qatari') OR (Year = '2016/2017' AND Nationality = 'Non-Qatari') OR (Year = '2017/2018' AND Nationality = 'Qatari') OR (Year = '2017/2018' AND Nationality = 'Non-Qatari')) AND (School_type IN ('Government')) GROUP BY Year,Nationality",
 "sqlResult": "{2016/2017 | Non-Qatari | 69 | 69} || {2016/2017 | Qatari | 81 | 81} || {2017/2018 | Non-Qatari | 2 | 2} || {2017/2018 | Qatari | 43 | 43}",
 "nlq": "What are the average and maximum numbers for each Year and Nationality, of Non-Qatari or Qatari students in Government schools in 2016/2017 or 2017/2018? Please, report the corresponding Year and Nationality."},
{"name": "template 9",
 "sql": "SELECT min(Value) FROM DBdata WHERE ((Year = '2018/2019' AND Nationality = 'Non-Qatari')) AND (School_type IN ('Government','Private')) GROUP BY School_type",
 "sqlResult": "{51} || {6}",
 "nlq": "What is the minimum number for each School type, of Non-Qatari students in Government or Private schools in 2018/2019?"},
{"name": "template 10",
 "sql": "SELECT School_type,min(Value) FROM DBdata WHERE ((Year = '2018/2019' AND Nationality = 'Qatari')) AND (School_type IN ('Government','Private')) GROUP BY School_type",
 "sqlResult": "{Government | 41} || {Private | 63}",
 "nlq": "What is the minimum number for each School type, of Qatari students in Government or Private schools in 2018/2019? Please, report the corresponding School type."},
{"name": "template 11",
 "sql": "SELECT School_type,Year,Nationality,sum(Value) FROM DBdata WHERE ((Year = '2017/2018' AND Nationality = 'Non-Qatari') OR (Year = '2018/2019' AND Nationality = 'Qatari') OR (Year = '2018/2019' AND Nationality = 'Non-Qatari')) AND (School_type IN ('Government','Private')) GROUP BY School_type,Year,Nationality",
 "sqlResult": "{Government | 2017/2018 | Non-Qatari | 2} || {Government | 2018/2019 | Non-Qatari | 51} || {Government | 2018/2019 | Qatari | 41} || {Private | 2017/2018 | Non-Qatari | 84} || {Private | 2018/2019 | Non-Qatari | 6} || {Private | 2018/2019 | Qatari | 63}",
 "nlq": "What is the total number for each School type, Year, and Nationality, of Non-Qatari students in Government or Private schools in 2017/2018 or of Non-Qatari or Qatari students in Government or Private schools in 2018/2019? Please, report the corresponding School type, Year, and Nationality."},
{"name": "template 12",
 "sql": "SELECT Value FROM DBdata WHERE ((Year = '2017/2018' AND Nationality = 'Non-Qatari')) AND (School_type IN ('Government','Private')) ORDER BY VALUE DESC LIMIT 2",
 "sqlResult": "{84} || {2}",
 "nlq": "What are the top 2 numbers of Non-Qatari students in Government or Private schools in 2017/2018?"},
{"name": "template 13",
 "sql": "SELECT Value FROM DBdata WHERE ((Year = '2017/2018' AND Nationality = 'Non-Qatari')) AND (School_type IN ('Government','Private')) ORDER BY VALUE ASC",
 "sqlResult": "{2} || {84}",
 "nlq": "What are the numbers ordered by increasing values of Non-Qatari students in Government or Private schools in 2017/2018?"},
{"name": "template 14",
 "sql": "SELECT School_type FROM DBdata WHERE ((Year = '2016/2017' AND Nationality = 'Qatari')) AND Value > 49.75",
 "sqlResult": "{Government} || {Private}",
 "nlq": "What is the School type for which the number of Qatari students in 2016/2017 is greater than 49.75?"},
{"name": "template 15",
 "sql": "SELECT School_type,Value FROM DBdata WHERE ((Year = '2017/2018' AND Nationality = 'Non-Qatari')) AND (School_type) IN (SELECT School_type FROM DBdata WHERE ((Year = '2016/2017' AND Nationality = 'Qatari')) AND Value > 49.75)",
 "sqlResult": "{Government | 2} || {Private | 84}",
 "nlq": "What is the number of Non-Qatari students in 2017/2018 in School type for which the number of Qatari students in 2016/2017 is greater than 49.75? Please, report the corresponding School type and number of students."}]
}
