{
"filename": "Number_of_students_set94_5_DB.csv",
"questions": [{"name": "template 1",
 "sql": "SELECT Value FROM DBdata WHERE ((AA = 'Non-AAkt' AND BB = 'BBbz')) AND (CC IN ('CCpq'))",
 "sqlResult": "{58}",
 "nlq": "What is the number of Non-AAkt students in CCpq schools in BBbz?"},
{"name": "template 2",
 "sql": "SELECT Value FROM DBdata WHERE ((AA = 'Non-AAkt' AND BB = 'BBjt')) AND (CC IN ('CCpq','CChp'))",
 "sqlResult": "{97} || {92}",
 "nlq": "What is the number of Non-AAkt students in CCpq or CChp schools in BBjt?"},
{"name": "template 3",
 "sql": "SELECT Value FROM DBdata WHERE ((AA = 'AAkt' AND BB = 'BBpv') OR (AA = 'Non-AAkt' AND BB = 'BBpv') OR (AA = 'AAkt' AND BB = 'BBbz')) AND (CC IN ('CChp'))",
 "sqlResult": "{31} || {76} || {37}",
 "nlq": "What is the number of Non-AAkt or AAkt students in CChp schools in BBpv or of AAkt students in CChp schools in BBbz?"},
{"name": "template 4",
 "sql": "SELECT avg(Value),max(Value) FROM DBdata WHERE ((AA = 'AAkt' AND BB = 'BBjt') OR (AA = 'AAkt' AND BB = 'BBbz') OR (AA = 'Non-AAkt' AND BB = 'BBbz')) AND (CC IN ('CCpq'))",
 "sqlResult": "{24.67 | 58}",
 "nlq": "What are the average and maximum numbers of AAkt students in CCpq schools in BBjt or BBbz or of Non-AAkt students in CCpq schools in BBbz?"},
{"name": "template 5",
 "sql": "SELECT sum(Value) FROM DBdata WHERE (AA IN ('AAkt','Non-AAkt')) AND (CC IN ('CChp'))",
 "sqlResult": "{296}",
 "nlq": "What is the total number of Non-AAkt or AAkt students in CChp schools?"},
{"name": "template 6",
 "sql": "SELECT Value FROM DBdata WHERE ((AA = 'AAkt' AND BB = 'BBjt') OR (AA = 'Non-AAkt' AND BB = 'BBpv') OR (AA = 'Non-AAkt' AND BB = 'BBbz')) AND (CC IN ('CCpq','CChp'))",
 "sqlResult": "{2} || {8} || {58} || {32} || {76} || {28}",
 "nlq": "What is the number of AAkt students in CCpq or CChp schools in BBjt or of Non-AAkt students in CCpq or CChp schools in BBpv or BBbz?"},
{"name": "template 7",
 "sql": "SELECT avg(Value),sum(Value) FROM DBdata WHERE ((AA = 'AAkt' AND BB = 'BBbz')) AND (CC IN ('CCpq','CChp'))",
 "sqlResult": "{25.5 | 51}",
 "nlq": "What are the average and total numbers of AAkt students in CCpq or CChp schools in BBbz?"},
{"name": "template 8",
 "sql": "SELECT AA,BB,sum(Value),avg(Value) FROM DBdata WHERE ((AA = 'AAkt' AND BB = 'BBjt') OR (AA = 'Non-AAkt' AND BB = 'BBjt') OR (AA = 'AAkt' AND BB = 'BBpv') OR (AA = 'AAkt' AND BB = 'BBbz')) AND (CC IN ('CCpq','CChp')) GROUP BY AA,BB",
 "sqlResult": "{Non-AAkt | BBjt | 189 | 94.5} || {AAkt | BBjt | 34 | 17} || {AAkt | BBpv | 60 | 30} || {AAkt | BBbz | 51 | 25.5}",
 "nlq": "What are the total and average numbers for each AA and BB, of AAkt students in CCpq or CChp schools in BBjt, BBpv, or BBbz or of Non-AAkt students in CCpq or CChp schools in BBjt? Please, report the corresponding AA and BB."},
{"name": "template 9",
 "sql": "SELECT min(Value) FROM DBdata WHERE ((AA = 'AAkt' AND BB = 'BBpv')) AND (CC IN ('CCpq','CChp')) GROUP BY CC",
 "sqlResult": "{29} || {31}",
 "nlq": "What is the minimum number for each CC, of AAkt students in CCpq or CChp schools in BBpv?"},
{"name": "template 10",
 "sql": "SELECT CC,min(Value) FROM DBdata WHERE ((AA = 'AAkt' AND BB = 'BBjt')) AND (CC IN ('CCpq','CChp')) GROUP BY CC",
 "sqlResult": "{CCpq | 2} || {CChp | 32}",
 "nlq": "What is the minimum number for each CC, of AAkt students in CCpq or CChp schools in BBjt? Please, report the corresponding CC."},
{"name": "template 11",
 "sql": "SELECT CC,AA,BB,avg(Value) FROM DBdata WHERE ((AA = 'AAkt' AND BB = 'BBjt') OR (AA = 'AAkt' AND BB = 'BBbz')) AND (CC IN ('CCpq','CChp')) GROUP BY CC,AA,BB",
 "sqlResult": "{CCpq | AAkt | BBjt | 2} || {CCpq | AAkt | BBbz | 14} || {CChp | AAkt | BBjt | 32} || {CChp | AAkt | BBbz | 37}",
 "nlq": "What is the average number for each CC, AA, and BB, of AAkt students in CCpq or CChp schools in BBjt or BBbz? Please, report the corresponding CC, AA, and BB."},
{"name": "template 12",
 "sql": "SELECT Value FROM DBdata WHERE ((AA = 'AAkt' AND BB = 'BBjt')) AND (CC IN ('CCpq','CChp')) ORDER BY VALUE ASC LIMIT 2",
 "sqlResult": "{2} || {32}",
 "nlq": "What are the bottom 2 numbers of AAkt students in CCpq or CChp schools in BBjt?"},
{"name": "template 13",
 "sql": "SELECT Value FROM DBdata WHERE ((AA = 'Non-AAkt' AND BB = 'BBjt')) AND (CC IN ('CCpq','CChp')) ORDER BY VALUE ASC",
 "sqlResult": "{92} || {97}",
 "nlq": "What are the numbers ordered by increasing values of Non-AAkt students in CCpq or CChp schools in BBjt?"},
{"name": "template 14",
 "sql": "SELECT CC FROM DBdata WHERE ((AA = 'AAkt' AND BB = 'BBjt')) AND Value < 42",
 "sqlResult": "{CCpq} || {CChp}",
 "nlq": "What is the CC for which the number of AAkt students in BBjt is lower than 42?"},
{"name": "template 15",
 "sql": "SELECT CC,Value FROM DBdata WHERE ((AA = 'AAkt' AND BB = 'BBbz')) AND (CC) IN (SELECT CC FROM DBdata WHERE ((AA = 'AAkt' AND BB = 'BBjt')) AND Value < 42)",
 "sqlResult": "{CCpq | 14} || {CChp | 37}",
 "nlq": "What is the number of AAkt students in BBbz in CC for which the number of AAkt students in BBjt is lower than 42? Please, report the corresponding CC and number of students."}]
}

