{
"filename": "Number_of_students_set76_1_DB.csv",
"questions": [{"name": "template 1",
 "sql": "SELECT Value FROM DBdata WHERE ((Nationality = 'Qatari' AND Year = '2017/2018')) AND (School_type IN ('Government'))",
 "sqlResult": "{12}",
 "nlq": "What is the number of Qatari students in Government schools in 2017/2018?"},
{"name": "template 2",
 "sql": "SELECT Value FROM DBdata WHERE ((Nationality = 'Non-Qatari' AND Year = '2016/2017')) AND (School_type IN ('Government','Private'))",
 "sqlResult": "{36} || {29}",
 "nlq": "What is the number of Non-Qatari students in Government or Private schools in 2016/2017?"},
{"name": "template 3",
 "sql": "SELECT Value FROM DBdata WHERE ((Nationality = 'Qatari' AND Year = '2016/2017') OR (Nationality = 'Non-Qatari' AND Year = '2016/2017')) AND (School_type IN ('Government'))",
 "sqlResult": "{15} || {36}",
 "nlq": "What is the number of Non-Qatari or Qatari students in Government schools in 2016/2017?"},
{"name": "template 4",
 "sql": "SELECT sum(Value),avg(Value) FROM DBdata WHERE ((Nationality = 'Non-Qatari' AND Year = '2016/2017') OR (Nationality = 'Qatari' AND Year = '2017/2018') OR (Nationality = 'Non-Qatari' AND Year = '2017/2018')) AND (School_type IN ('Government'))",
 "sqlResult": "{115 | 38.33}",
 "nlq": "What are the total and average numbers of Non-Qatari students in Government schools in 2016/2017 or 2017/2018 or of Qatari students in Government schools in 2017/2018?"},
{"name": "template 6",
 "sql": "SELECT Value FROM DBdata WHERE ((Nationality = 'Qatari' AND Year = '2016/2017') OR (Nationality = 'Qatari' AND Year = '2017/2018')) AND (School_type IN ('Government','Private'))",
 "sqlResult": "{15} || {12} || {27} || {97}",
 "nlq": "What is the number of Qatari students in Government or Private schools in 2016/2017 or 2017/2018?"},
{"name": "template 7",
 "sql": "SELECT max(Value),min(Value) FROM DBdata WHERE ((Nationality = 'Non-Qatari' AND Year = '2016/2017')) AND (School_type IN ('Government'))",
 "sqlResult": "{36 | 36}",
 "nlq": "What are the maximum and minimum numbers of Non-Qatari students in Government schools in 2016/2017?"},
{"name": "template 8",
 "sql": "SELECT Nationality,Year,sum(Value),avg(Value) FROM DBdata WHERE ((Nationality = 'Qatari' AND Year = '2016/2017') OR (Nationality = 'Non-Qatari' AND Year = '2016/2017') OR (Nationality = 'Qatari' AND Year = '2017/2018')) AND (School_type IN ('Government','Private')) GROUP BY Nationality,Year",
 "sqlResult": "{Non-Qatari | 2016/2017 | 65 | 32.5} || {Qatari | 2016/2017 | 42 | 21} || {Qatari | 2017/2018 | 109 | 54.5}",
 "nlq": "What are the total and average numbers for each Nationality and Year, of Non-Qatari or Qatari students in Government or Private schools in 2016/2017 or of Qatari students in Government or Private schools in 2017/2018? Please, report the corresponding Nationality and Year."},
{"name": "template 9",
 "sql": "SELECT min(Value) FROM DBdata WHERE ((Nationality = 'Non-Qatari' AND Year = '2017/2018')) AND (School_type IN ('Government','Private')) GROUP BY School_type",
 "sqlResult": "{67} || {64}",
 "nlq": "What is the minimum number for each School type, of Non-Qatari students in Government or Private schools in 2017/2018?"},
{"name": "template 10",
 "sql": "SELECT School_type,max(Value) FROM DBdata WHERE ((Nationality = 'Qatari' AND Year = '2016/2017')) AND (School_type IN ('Government','Private')) GROUP BY School_type",
 "sqlResult": "{Government | 15} || {Private | 27}",
 "nlq": "What is the maximum number for each School type, of Qatari students in Government or Private schools in 2016/2017? Please, report the corresponding School type."},
{"name": "template 11",
 "sql": "SELECT School_type,Nationality,Year,max(Value) FROM DBdata WHERE ((Nationality = 'Qatari' AND Year = '2016/2017') OR (Nationality = 'Non-Qatari' AND Year = '2016/2017') OR (Nationality = 'Qatari' AND Year = '2017/2018')) AND (School_type IN ('Government','Private')) GROUP BY School_type,Nationality,Year",
 "sqlResult": "{Government | Non-Qatari | 2016/2017 | 36} || {Government | Qatari | 2016/2017 | 15} || {Government | Qatari | 2017/2018 | 12} || {Private | Non-Qatari | 2016/2017 | 29} || {Private | Qatari | 2016/2017 | 27} || {Private | Qatari | 2017/2018 | 97}",
 "nlq": "What is the maximum number for each School type, Nationality, and Year, of Non-Qatari or Qatari students in Government or Private schools in 2016/2017 or of Qatari students in Government or Private schools in 2017/2018? Please, report the corresponding School type, Nationality, and Year."},
{"name": "template 12",
 "sql": "SELECT Value FROM DBdata WHERE ((Nationality = 'Qatari' AND Year = '2016/2017')) AND (School_type IN ('Government','Private')) ORDER BY VALUE DESC LIMIT 2",
 "sqlResult": "{27} || {15}",
 "nlq": "What are the top 2 numbers of Qatari students in Government or Private schools in 2016/2017?"},
{"name": "template 13",
 "sql": "SELECT Value FROM DBdata WHERE ((Nationality = 'Non-Qatari' AND Year = '2016/2017')) AND (School_type IN ('Government','Private')) ORDER BY VALUE DESC",
 "sqlResult": "{36} || {29}",
 "nlq": "What are the numbers ordered by decreasing values of Non-Qatari students in Government or Private schools in 2016/2017?"},
{"name": "template 14",
 "sql": "SELECT School_type FROM DBdata WHERE ((Nationality = 'Non-Qatari' AND Year = '2017/2018')) AND Value > 43.38",
 "sqlResult": "{Government} || {Private}",
 "nlq": "What is the School type for which the number of Non-Qatari students in 2017/2018 is greater than 43.38?"},
{"name": "template 15",
 "sql": "SELECT School_type,Value FROM DBdata WHERE ((Nationality = 'Qatari' AND Year = '2016/2017')) AND (School_type) IN (SELECT School_type FROM DBdata WHERE ((Nationality = 'Non-Qatari' AND Year = '2017/2018')) AND Value > 43.38)",
 "sqlResult": "{Government | 15} || {Private | 27}",
 "nlq": "What is the number of Qatari students in 2016/2017 in School type for which the number of Non-Qatari students in 2017/2018 is greater than 43.38? Please, report the corresponding School type and number of students."}]
}
