{
"filename": "Number_of_students_set80_2_DB.csv",
"questions": [{"name": "template 1",
 "sql": "SELECT Value FROM DBdata WHERE ((Year = '2017/2018' AND Nationality = 'Qatari')) AND (School_type IN ('Private'))",
 "sqlResult": "{43}",
 "nlq": "What is the number of Qatari students in Private schools in 2017/2018?"},
{"name": "template 2",
 "sql": "SELECT Value FROM DBdata WHERE ((Year = '2016/2017' AND Nationality = 'Non-Qatari')) AND (School_type IN ('Government','Private'))",
 "sqlResult": "{7} || {5}",
 "nlq": "What is the number of Non-Qatari students in Government or Private schools in 2016/2017?"},
{"name": "template 3",
 "sql": "SELECT Value FROM DBdata WHERE ((Year = '2015/2016' AND Nationality = 'Qatari') OR (Year = '2015/2016' AND Nationality = 'Non-Qatari') OR (Year = '2016/2017' AND Nationality = 'Qatari') OR (Year = '2016/2017' AND Nationality = 'Non-Qatari') OR (Year = '2018/2019' AND Nationality = 'Qatari') OR (Year = '2018/2019' AND Nationality = 'Non-Qatari')) AND (School_type IN ('Government'))",
 "sqlResult": "{31} || {48} || {75} || {7} || {38} || {13}",
 "nlq": "What is the number of Non-Qatari or Qatari students in Government schools in 2015/2016, 2016/2017, or 2018/2019?"},
{"name": "template 4",
 "sql": "SELECT min(Value),avg(Value) FROM DBdata WHERE ((Year = '2015/2016' AND Nationality = 'Qatari') OR (Year = '2015/2016' AND Nationality = 'Non-Qatari') OR (Year = '2016/2017' AND Nationality = 'Qatari') OR (Year = '2017/2018' AND Nationality = 'Non-Qatari') OR (Year = '2018/2019' AND Nationality = 'Qatari') OR (Year = '2018/2019' AND Nationality = 'Non-Qatari')) AND (School_type IN ('Government'))",
 "sqlResult": "{13 | 45}",
 "nlq": "What are the minimum and average numbers of Qatari students in Government schools in 2015/2016, 2016/2017, or 2018/2019 or of Non-Qatari students in Government schools in 2015/2016, 2017/2018, or 2018/2019?"},
{"name": "template 6",
 "sql": "SELECT Value FROM DBdata WHERE ((Year = '2015/2016' AND Nationality = 'Non-Qatari') OR (Year = '2017/2018' AND Nationality = 'Qatari')) AND (School_type IN ('Government','Private'))",
 "sqlResult": "{48} || {85} || {49} || {43}",
 "nlq": "What is the number of Non-Qatari students in Government or Private schools in 2015/2016 or of Qatari students in Government or Private schools in 2017/2018?"},
{"name": "template 7",
 "sql": "SELECT min(Value),sum(Value) FROM DBdata WHERE ((Year = '2017/2018' AND Nationality = 'Non-Qatari')) AND (School_type IN ('Government','Private'))",
 "sqlResult": "{65 | 157}",
 "nlq": "What are the minimum and total numbers of Non-Qatari students in Government or Private schools in 2017/2018?"},
{"name": "template 8",
 "sql": "SELECT Year,Nationality,avg(Value),min(Value) FROM DBdata WHERE ((Year = '2016/2017' AND Nationality = 'Qatari') OR (Year = '2017/2018' AND Nationality = 'Qatari')) AND (School_type IN ('Government','Private')) GROUP BY Year,Nationality",
 "sqlResult": "{2016/2017 | Qatari | 47 | 19} || {2017/2018 | Qatari | 64 | 43}",
 "nlq": "What are the average and minimum numbers for each Year and Nationality, of Qatari students in Government or Private schools in 2016/2017 or 2017/2018? Please, report the corresponding Year and Nationality."},
{"name": "template 9",
 "sql": "SELECT min(Value) FROM DBdata WHERE ((Year = '2015/2016' AND Nationality = 'Non-Qatari')) AND (School_type IN ('Government','Private')) GROUP BY School_type",
 "sqlResult": "{48} || {49}",
 "nlq": "What is the minimum number for each School type, of Non-Qatari students in Government or Private schools in 2015/2016?"},
{"name": "template 10",
 "sql": "SELECT School_type,min(Value) FROM DBdata WHERE ((Year = '2017/2018' AND Nationality = 'Qatari')) AND (School_type IN ('Government','Private')) GROUP BY School_type",
 "sqlResult": "{Government | 85} || {Private | 43}",
 "nlq": "What is the minimum number for each School type, of Qatari students in Government or Private schools in 2017/2018? Please, report the corresponding School type."},
{"name": "template 11",
 "sql": "SELECT School_type,Year,Nationality,max(Value) FROM DBdata WHERE ((Year = '2015/2016' AND Nationality = 'Non-Qatari') OR (Year = '2016/2017' AND Nationality = 'Qatari')) AND (School_type IN ('Government','Private')) GROUP BY School_type,Year,Nationality",
 "sqlResult": "{Government | 2015/2016 | Non-Qatari | 48} || {Government | 2016/2017 | Qatari | 75} || {Private | 2015/2016 | Non-Qatari | 49} || {Private | 2016/2017 | Qatari | 19}",
 "nlq": "What is the maximum number for each School type, Year, and Nationality, of Non-Qatari students in Government or Private schools in 2015/2016 or of Qatari students in Government or Private schools in 2016/2017? Please, report the corresponding School type, Year, and Nationality."},
{"name": "template 12",
 "sql": "SELECT Value FROM DBdata WHERE ((Year = '2015/2016' AND Nationality = 'Qatari')) AND (School_type IN ('Government','Private')) ORDER BY VALUE ASC LIMIT 2",
 "sqlResult": "{26} || {31}",
 "nlq": "What are the bottom 2 numbers of Qatari students in Government or Private schools in 2015/2016?"},
{"name": "template 13",
 "sql": "SELECT Value FROM DBdata WHERE ((Year = '2017/2018' AND Nationality = 'Qatari')) AND (School_type IN ('Government','Private')) ORDER BY VALUE ASC",
 "sqlResult": "{43} || {85}",
 "nlq": "What are the numbers ordered by increasing values of Qatari students in Government or Private schools in 2017/2018?"},
{"name": "template 14",
 "sql": "SELECT School_type FROM DBdata WHERE ((Year = '2015/2016' AND Nationality = 'Qatari')) AND Value < 41.25",
 "sqlResult": "{Government} || {Private}",
 "nlq": "What is the School type for which the number of Qatari students in 2015/2016 is lower than 41.25?"},
{"name": "template 15",
 "sql": "SELECT School_type,Value FROM DBdata WHERE ((Year = '2017/2018' AND Nationality = 'Non-Qatari')) AND (School_type) IN (SELECT School_type FROM DBdata WHERE ((Year = '2015/2016' AND Nationality = 'Qatari')) AND Value < 41.25)",
 "sqlResult": "{Government | 65} || {Private | 92}",
 "nlq": "What is the number of Non-Qatari students in 2017/2018 in School type for which the number of Qatari students in 2015/2016 is lower than 41.25? Please, report the corresponding School type and number of students."}]
}
