{
"filename": "Number_of_students_set38_1_DB.csv",
"questions": [{"name": "template 1",
 "sql": "SELECT Value FROM DBdata WHERE (Nationality IN ('Non-Qatari')) AND ((Gender = 'Male' AND School_type = 'Government'))",
 "sqlResult": "{72}",
 "nlq": "What is the number of Non-Qatari Male students in Government schools?"},
{"name": "template 2",
 "sql": "SELECT Value FROM DBdata WHERE (Nationality IN ('Qatari')) AND ((Gender = 'Male' AND School_type = 'Government') OR (Gender = 'Male' AND School_type = 'Private') OR (Gender = 'Female' AND School_type = 'Government') OR (Gender = 'Female' AND School_type = 'Private'))",
 "sqlResult": "{99} || {42} || {28} || {73}",
 "nlq": "What is the number of Qatari Female or Male students in Government or Private schools?"},
{"name": "template 3",
 "sql": "SELECT Value FROM DBdata WHERE (Nationality IN ('Qatari','Non-Qatari')) AND ((Gender = 'Male' AND School_type = 'Government'))",
 "sqlResult": "{99} || {72}",
 "nlq": "What is the number of Non-Qatari or Qatari Male students in Government schools?"},
{"name": "template 4",
 "sql": "SELECT sum(Value),min(Value) FROM DBdata WHERE (Nationality IN ('Qatari','Non-Qatari')) AND ((Gender = 'Female' AND School_type = 'Government'))",
 "sqlResult": "{120 | 28}",
 "nlq": "What are the total and minimum numbers of Non-Qatari or Qatari Female students in Government schools?"},
{"name": "template 6",
 "sql": "SELECT Value FROM DBdata WHERE (Nationality IN ('Qatari','Non-Qatari')) AND ((Gender = 'Male' AND School_type = 'Government') OR (Gender = 'Female' AND School_type = 'Government') OR (Gender = 'Female' AND School_type = 'Private'))",
 "sqlResult": "{99} || {72} || {28} || {92} || {73} || {87}",
 "nlq": "What is the number of Non-Qatari or Qatari Female or Male students in Government schools or of Non-Qatari or Qatari Female students in Private schools?"},
{"name": "template 7",
 "sql": "SELECT avg(Value),min(Value) FROM DBdata WHERE (Nationality IN ('Qatari')) AND ((Gender = 'Male' AND School_type = 'Government') OR (Gender = 'Male' AND School_type = 'Private') OR (Gender = 'Female' AND School_type = 'Government') OR (Gender = 'Female' AND School_type = 'Private'))",
 "sqlResult": "{60.5 | 28}",
 "nlq": "What are the average and minimum numbers of Qatari Female or Male students in Government or Private schools?"},
{"name": "template 8",
 "sql": "SELECT Nationality,min(Value),max(Value) FROM DBdata WHERE (Nationality IN ('Qatari','Non-Qatari')) AND ((Gender = 'Male' AND School_type = 'Private') OR (Gender = 'Female' AND School_type = 'Government')) GROUP BY Nationality",
 "sqlResult": "{Non-Qatari | 76 | 92} || {Qatari | 28 | 42}",
 "nlq": "What are the minimum and maximum numbers for each Nationality, of Non-Qatari or Qatari Male students in Private schools or of Non-Qatari or Qatari Female students in Government schools? Please, report the corresponding Nationality."},
{"name": "template 9",
 "sql": "SELECT min(Value) FROM DBdata WHERE (Nationality IN ('Qatari')) AND (Gender IN ('Male','Female')) GROUP BY Gender",
 "sqlResult": "{28} || {42}",
 "nlq": "What is the minimum number for each Gender, of Qatari Female or Male students?"},
{"name": "template 10",
 "sql": "SELECT Gender,sum(Value) FROM DBdata WHERE (Nationality IN ('Qatari')) AND (Gender IN ('Male','Female')) GROUP BY Gender",
 "sqlResult": "{Female | 101} || {Male | 141}",
 "nlq": "What is the total number for each Gender, of Qatari Female or Male students? Please, report the corresponding Gender."},
{"name": "template 11",
 "sql": "SELECT Gender,Nationality,sum(Value) FROM DBdata WHERE (Nationality IN ('Qatari','Non-Qatari')) AND (Gender IN ('Male','Female')) GROUP BY Gender,Nationality",
 "sqlResult": "{Female | Non-Qatari | 179} || {Female | Qatari | 101} || {Male | Non-Qatari | 148} || {Male | Qatari | 141}",
 "nlq": "What is the total number for each Gender and Nationality, of Non-Qatari or Qatari Female or Male students? Please, report the corresponding Gender and Nationality."},
{"name": "template 12",
 "sql": "SELECT Value FROM DBdata WHERE (Nationality IN ('Non-Qatari')) AND (Gender IN ('Male','Female')) ORDER BY VALUE ASC LIMIT 3",
 "sqlResult": "{72} || {76} || {87}",
 "nlq": "What are the bottom 3 numbers of Non-Qatari Female or Male students?"},
{"name": "template 13",
 "sql": "SELECT Value FROM DBdata WHERE (Nationality IN ('Qatari')) AND (Gender IN ('Male','Female')) ORDER BY VALUE DESC",
 "sqlResult": "{99} || {73} || {42} || {28}",
 "nlq": "What are the numbers ordered by decreasing values of Qatari Female or Male students?"},
{"name": "template 14",
 "sql": "SELECT Gender,School_type FROM DBdata WHERE (Nationality IN ('Non-Qatari')) AND Value > 71.12",
 "sqlResult": "{Male | Government} || {Male | Private} || {Female | Government} || {Female | Private}",
 "nlq": "What are the Gender and School type for which the number of Non-Qatari students is greater than 71.12?"},
{"name": "template 15",
 "sql": "SELECT Gender,School_type,Value FROM DBdata WHERE (Nationality IN ('Qatari')) AND (Gender,School_type) IN (SELECT Gender,School_type FROM DBdata WHERE (Nationality IN ('Non-Qatari')) AND Value > 71.12)",
 "sqlResult": "{Male | Government | 99} || {Male | Private | 42} || {Female | Government | 28} || {Female | Private | 73}",
 "nlq": "What is the number of Qatari students of Gender and in School type for which the number of Non-Qatari students is greater than 71.12? Please, report the corresponding Gender, School type, and number of students."}]
}
