Nationality,Year,School type,Value
Nationality,Year,School_type,Value
Qatari,2018/2019,Government,1
Non-Qatari,2018/2019,Government,97
Qatari,2019/2020,Government,53
Non-Qatari,2019/2020,Government,54
Qatari,2020/2021,Government,92
Non-Qatari,2020/2021,Government,46
Qatari,2021/2022,Government,60
Non-Qatari,2021/2022,Government,40
Qatari,2018/2019,Private,15
Non-Qatari,2018/2019,Private,89
Qatari,2019/2020,Private,80
Non-Qatari,2019/2020,Private,38
Qatari,2020/2021,Private,59
Non-Qatari,2020/2021,Private,35
Qatari,2021/2022,Private,94
Non-Qatari,2021/2022,Private,24
