Nationality,Year,School type,Value
Nationality,Year,School_type,Value
Qatari,2016/2017,Government,41
Non-Qatari,2016/2017,Government,7
Qatari,2017/2018,Government,4
Non-Qatari,2017/2018,Government,78
Qatari,2018/2019,Government,32
Non-Qatari,2018/2019,Government,58
Qatari,2019/2020,Government,100
Non-Qatari,2019/2020,Government,62
Qatari,2016/2017,Private,3
Non-Qatari,2016/2017,Private,2
Qatari,2017/2018,Private,54
Non-Qatari,2017/2018,Private,16
Qatari,2018/2019,Private,31
Non-Qatari,2018/2019,Private,42
Qatari,2019/2020,Private,24
Non-Qatari,2019/2020,Private,63
