{
"filename": "Number_of_students_set83_1_DB.csv",
"questions": [{"name": "template 1",
 "sql": "SELECT Value FROM DBdata WHERE ((AA = 'AAgw' AND BB = 'BBsz')) AND (CC IN ('CCpv'))",
 "sqlResult": "{41}",
 "nlq": "What is the number of AAgw students in CCpv schools in BBsz?"},
{"name": "template 2",
 "sql": "SELECT Value FROM DBdata WHERE ((AA = 'AAgw' AND BB = 'BBqy')) AND (CC IN ('CCpv'))",
 "sqlResult": "{39}",
 "nlq": "What is the number of AAgw students in CCpv schools in BBqy?"},
{"name": "template 3",
 "sql": "SELECT Value FROM DBdata WHERE ((AA = 'Non-AAgw' AND BB = 'BBqy') OR (AA = 'AAgw' AND BB = 'BBfq') OR (AA = 'Non-AAgw' AND BB = 'BBfq')) AND (CC IN ('CCgk'))",
 "sqlResult": "{33} || {0} || {78}",
 "nlq": "What is the number of Non-AAgw students in CCgk schools in BBqy or BBfq or of AAgw students in CCgk schools in BBfq?"},
{"name": "template 4",
 "sql": "SELECT sum(Value),avg(Value) FROM DBdata WHERE ((AA = 'AAgw' AND BB = 'BBbw') OR (AA = 'Non-AAgw' AND BB = 'BBbw') OR (AA = 'AAgw' AND BB = 'BBsz') OR (AA = 'Non-AAgw' AND BB = 'BBsz') OR (AA = 'AAgw' AND BB = 'BBfq')) AND (CC IN ('CCpv'))",
 "sqlResult": "{227 | 45.4}",
 "nlq": "What are the total and average numbers of AAgw students in CCpv schools in BBbw, BBsz, or BBfq or of Non-AAgw students in CCpv schools in BBbw or BBsz?"},
{"name": "template 6",
 "sql": "SELECT Value FROM DBdata WHERE ((AA = 'Non-AAgw' AND BB = 'BBsz') OR (AA = 'AAgw' AND BB = 'BBfq')) AND (CC IN ('CCpv','CCgk'))",
 "sqlResult": "{10} || {32} || {35} || {0}",
 "nlq": "What is the number of Non-AAgw students in CCpv or CCgk schools in BBsz or of AAgw students in CCpv or CCgk schools in BBfq?"},
{"name": "template 7",
 "sql": "SELECT sum(Value),max(Value) FROM DBdata WHERE ((AA = 'Non-AAgw' AND BB = 'BBqy')) AND (CC IN ('CCgk'))",
 "sqlResult": "{33 | 33}",
 "nlq": "What are the total and maximum numbers of Non-AAgw students in CCgk schools in BBqy?"},
{"name": "template 8",
 "sql": "SELECT AA,BB,avg(Value),sum(Value) FROM DBdata WHERE ((AA = 'AAgw' AND BB = 'BBsz') OR (AA = 'Non-AAgw' AND BB = 'BBsz') OR (AA = 'AAgw' AND BB = 'BBfq')) AND (CC IN ('CCgk')) GROUP BY AA,BB",
 "sqlResult": "{Non-AAgw | BBsz | 35 | 35} || {AAgw | BBsz | 83 | 83} || {AAgw | BBfq | 0 | 0}",
 "nlq": "What are the average and total numbers for each AA and BB, of Non-AAgw or AAgw students in CCgk schools in BBsz or of AAgw students in CCgk schools in BBfq? Please, report the corresponding AA and BB."},
{"name": "template 9",
 "sql": "SELECT min(Value) FROM DBdata WHERE ((AA = 'Non-AAgw' AND BB = 'BBqy')) AND (CC IN ('CCpv','CCgk')) GROUP BY CC",
 "sqlResult": "{96} || {33}",
 "nlq": "What is the minimum number for each CC, of Non-AAgw students in CCpv or CCgk schools in BBqy?"},
{"name": "template 10",
 "sql": "SELECT CC,sum(Value) FROM DBdata WHERE ((AA = 'Non-AAgw' AND BB = 'BBqy')) AND (CC IN ('CCpv','CCgk')) GROUP BY CC",
 "sqlResult": "{CCpv | 96} || {CCgk | 33}",
 "nlq": "What is the total number for each CC, of Non-AAgw students in CCpv or CCgk schools in BBqy? Please, report the corresponding CC."},
{"name": "template 11",
 "sql": "SELECT CC,AA,BB,avg(Value) FROM DBdata WHERE ((AA = 'AAgw' AND BB = 'BBsz') OR (AA = 'Non-AAgw' AND BB = 'BBsz')) AND (CC IN ('CCpv','CCgk')) GROUP BY CC,AA,BB",
 "sqlResult": "{CCpv | Non-AAgw | BBsz | 10} || {CCpv | AAgw | BBsz | 41} || {CCgk | Non-AAgw | BBsz | 35} || {CCgk | AAgw | BBsz | 83}",
 "nlq": "What is the average number for each CC, AA, and BB, of Non-AAgw or AAgw students in CCpv or CCgk schools in BBsz? Please, report the corresponding CC, AA, and BB."},
{"name": "template 12",
 "sql": "SELECT Value FROM DBdata WHERE ((AA = 'AAgw' AND BB = 'BBsz')) AND (CC IN ('CCpv','CCgk')) ORDER BY VALUE ASC LIMIT 2",
 "sqlResult": "{41} || {83}",
 "nlq": "What are the bottom 2 numbers of AAgw students in CCpv or CCgk schools in BBsz?"},
{"name": "template 13",
 "sql": "SELECT Value FROM DBdata WHERE ((AA = 'Non-AAgw' AND BB = 'BBbw')) AND (CC IN ('CCpv','CCgk')) ORDER BY VALUE DESC",
 "sqlResult": "{75} || {9}",
 "nlq": "What are the numbers ordered by decreasing values of Non-AAgw students in CCpv or CCgk schools in BBbw?"},
{"name": "template 14",
 "sql": "SELECT CC FROM DBdata WHERE ((AA = 'Non-AAgw' AND BB = 'BBbw')) AND Value < 50.31",
 "sqlResult": "{CCgk}",
 "nlq": "What is the CC for which the number of Non-AAgw students in BBbw is lower than 50.31?"},
{"name": "template 15",
 "sql": "SELECT CC,Value FROM DBdata WHERE ((AA = 'Non-AAgw' AND BB = 'BBqy')) AND (CC) IN (SELECT CC FROM DBdata WHERE ((AA = 'Non-AAgw' AND BB = 'BBbw')) AND Value < 50.31)",
 "sqlResult": "{CCgk | 33}",
 "nlq": "What is the number of Non-AAgw students in BBqy in CC for which the number of Non-AAgw students in BBbw is lower than 50.31? Please, report the corresponding CC and number of students."}]
}

