{
"filename": "Number_of_students_set73_3_DB.csv",
"questions": [{"name": "template 1",
 "sql": "SELECT Value FROM DBdata WHERE ((AA = 'Non-AAmz' AND BB = 'BBdq')) AND (CC IN ('CCsz'))",
 "sqlResult": "{48}",
 "nlq": "What is the number of Non-AAmz students in CCsz schools in BBdq?"},
{"name": "template 2",
 "sql": "SELECT Value FROM DBdata WHERE ((AA = 'AAmz' AND BB = 'BBhn')) AND (CC IN ('CCbq'))",
 "sqlResult": "{96}",
 "nlq": "What is the number of AAmz students in CCbq schools in BBhn?"},
{"name": "template 3",
 "sql": "SELECT Value FROM DBdata WHERE ((AA = 'AAmz' AND BB = 'BBhn') OR (AA = 'Non-AAmz' AND BB = 'BBhn') OR (AA = 'AAmz' AND BB = 'BBdq')) AND (CC IN ('CCbq'))",
 "sqlResult": "{96} || {26} || {56}",
 "nlq": "What is the number of Non-AAmz or AAmz students in CCbq schools in BBhn or of AAmz students in CCbq schools in BBdq?"},
{"name": "template 4",
 "sql": "SELECT sum(Value),avg(Value) FROM DBdata WHERE ((AA = 'AAmz' AND BB = 'BBhn') OR (AA = 'Non-AAmz' AND BB = 'BBhn') OR (AA = 'AAmz' AND BB = 'BBdq')) AND (CC IN ('CCbq'))",
 "sqlResult": "{178 | 59.33}",
 "nlq": "What are the total and average numbers of Non-AAmz or AAmz students in CCbq schools in BBhn or of AAmz students in CCbq schools in BBdq?"},
{"name": "template 6",
 "sql": "SELECT Value FROM DBdata WHERE ((AA = 'AAmz' AND BB = 'BBhn') OR (AA = 'Non-AAmz' AND BB = 'BBhn') OR (AA = 'AAmz' AND BB = 'BBdq') OR (AA = 'Non-AAmz' AND BB = 'BBdq')) AND (CC IN ('CCsz'))",
 "sqlResult": "{77} || {89} || {54} || {48}",
 "nlq": "What is the number of Non-AAmz or AAmz students in CCsz schools in BBhn or BBdq?"},
{"name": "template 7",
 "sql": "SELECT min(Value),sum(Value) FROM DBdata WHERE ((AA = 'Non-AAmz' AND BB = 'BBhn')) AND (CC IN ('CCbq'))",
 "sqlResult": "{26 | 26}",
 "nlq": "What are the minimum and total numbers of Non-AAmz students in CCbq schools in BBhn?"},
{"name": "template 8",
 "sql": "SELECT AA,BB,max(Value),avg(Value) FROM DBdata WHERE ((AA = 'AAmz' AND BB = 'BBhn') OR (AA = 'Non-AAmz' AND BB = 'BBhn') OR (AA = 'AAmz' AND BB = 'BBdq') OR (AA = 'Non-AAmz' AND BB = 'BBdq')) AND (CC IN ('CCsz')) GROUP BY AA,BB",
 "sqlResult": "{Non-AAmz | BBhn | 89 | 89} || {Non-AAmz | BBdq | 48 | 48} || {AAmz | BBhn | 77 | 77} || {AAmz | BBdq | 54 | 54}",
 "nlq": "What are the maximum and average numbers for each AA and BB, of Non-AAmz or AAmz students in CCsz schools in BBhn or BBdq? Please, report the corresponding AA and BB."},
{"name": "template 9",
 "sql": "SELECT min(Value) FROM DBdata WHERE ((AA = 'AAmz' AND BB = 'BBhn')) AND (CC IN ('CCsz','CCbq')) GROUP BY CC",
 "sqlResult": "{77} || {96}",
 "nlq": "What is the minimum number for each CC, of AAmz students in CCsz or CCbq schools in BBhn?"},
{"name": "template 10",
 "sql": "SELECT CC,max(Value) FROM DBdata WHERE ((AA = 'Non-AAmz' AND BB = 'BBdq')) AND (CC IN ('CCsz','CCbq')) GROUP BY CC",
 "sqlResult": "{CCsz | 48} || {CCbq | 44}",
 "nlq": "What is the maximum number for each CC, of Non-AAmz students in CCsz or CCbq schools in BBdq? Please, report the corresponding CC."},
{"name": "template 11",
 "sql": "SELECT CC,AA,BB,avg(Value) FROM DBdata WHERE ((AA = 'AAmz' AND BB = 'BBhn') OR (AA = 'Non-AAmz' AND BB = 'BBdq')) AND (CC IN ('CCsz','CCbq')) GROUP BY CC,AA,BB",
 "sqlResult": "{CCsz | Non-AAmz | BBdq | 48} || {CCsz | AAmz | BBhn | 77} || {CCbq | Non-AAmz | BBdq | 44} || {CCbq | AAmz | BBhn | 96}",
 "nlq": "What is the average number for each CC, AA, and BB, of AAmz students in CCsz or CCbq schools in BBhn or of Non-AAmz students in CCsz or CCbq schools in BBdq? Please, report the corresponding CC, AA, and BB."},
{"name": "template 12",
 "sql": "SELECT Value FROM DBdata WHERE ((AA = 'AAmz' AND BB = 'BBhn')) AND (CC IN ('CCsz','CCbq')) ORDER BY VALUE ASC LIMIT 2",
 "sqlResult": "{77} || {96}",
 "nlq": "What are the bottom 2 numbers of AAmz students in CCsz or CCbq schools in BBhn?"},
{"name": "template 13",
 "sql": "SELECT Value FROM DBdata WHERE ((AA = 'Non-AAmz' AND BB = 'BBhn')) AND (CC IN ('CCsz','CCbq')) ORDER BY VALUE ASC",
 "sqlResult": "{26} || {89}",
 "nlq": "What are the numbers ordered by increasing values of Non-AAmz students in CCsz or CCbq schools in BBhn?"},
{"name": "template 14",
 "sql": "SELECT CC FROM DBdata WHERE ((AA = 'Non-AAmz' AND BB = 'BBhn')) AND Value < 61.25",
 "sqlResult": "{CCbq}",
 "nlq": "What is the CC for which the number of Non-AAmz students in BBhn is lower than 61.25?"},
{"name": "template 15",
 "sql": "SELECT CC,Value FROM DBdata WHERE ((AA = 'AAmz' AND BB = 'BBhn')) AND (CC) IN (SELECT CC FROM DBdata WHERE ((AA = 'Non-AAmz' AND BB = 'BBhn')) AND Value < 61.25)",
 "sqlResult": "{CCbq | 96}",
 "nlq": "What is the number of AAmz students in BBhn in CC for which the number of Non-AAmz students in BBhn is lower than 61.25? Please, report the corresponding CC and number of students."}]
}

