{
"filename": "Number_of_students_set82_3_DB.csv",
"questions": [{"name": "template 1",
 "sql": "SELECT Value FROM DBdata WHERE ((Year = '2019/2020' AND Nationality = 'Non-Qatari')) AND (School_type IN ('Private'))",
 "sqlResult": "{2}",
 "nlq": "What is the number of Non-Qatari students in Private schools in 2019/2020?"},
{"name": "template 2",
 "sql": "SELECT Value FROM DBdata WHERE ((Year = '2020/2021' AND Nationality = 'Qatari')) AND (School_type IN ('Government','Private'))",
 "sqlResult": "{97} || {10}",
 "nlq": "What is the number of Qatari students in Government or Private schools in 2020/2021?"},
{"name": "template 3",
 "sql": "SELECT Value FROM DBdata WHERE ((Year = '2019/2020' AND Nationality = 'Qatari') OR (Year = '2019/2020' AND Nationality = 'Non-Qatari') OR (Year = '2020/2021' AND Nationality = 'Non-Qatari')) AND (School_type IN ('Government'))",
 "sqlResult": "{54} || {35} || {62}",
 "nlq": "What is the number of Non-Qatari or Qatari students in Government schools in 2019/2020 or of Non-Qatari students in Government schools in 2020/2021?"},
{"name": "template 4",
 "sql": "SELECT sum(Value),min(Value) FROM DBdata WHERE ((Year = '2019/2020' AND Nationality = 'Qatari') OR (Year = '2019/2020' AND Nationality = 'Non-Qatari') OR (Year = '2020/2021' AND Nationality = 'Qatari') OR (Year = '2020/2021' AND Nationality = 'Non-Qatari')) AND (School_type IN ('Government'))",
 "sqlResult": "{248 | 35}",
 "nlq": "What are the total and minimum numbers of Non-Qatari or Qatari students in Government schools in 2019/2020 or 2020/2021?"},
{"name": "template 6",
 "sql": "SELECT Value FROM DBdata WHERE ((Year = '2019/2020' AND Nationality = 'Qatari') OR (Year = '2019/2020' AND Nationality = 'Non-Qatari') OR (Year = '2020/2021' AND Nationality = 'Qatari') OR (Year = '2020/2021' AND Nationality = 'Non-Qatari')) AND (School_type IN ('Government','Private'))",
 "sqlResult": "{54} || {35} || {97} || {62} || {37} || {2} || {10} || {83}",
 "nlq": "What is the number of Non-Qatari or Qatari students in Government or Private schools in 2019/2020 or 2020/2021?"},
{"name": "template 7",
 "sql": "SELECT sum(Value),max(Value) FROM DBdata WHERE ((Year = '2019/2020' AND Nationality = 'Non-Qatari')) AND (School_type IN ('Government','Private'))",
 "sqlResult": "{37 | 35}",
 "nlq": "What are the total and maximum numbers of Non-Qatari students in Government or Private schools in 2019/2020?"},
{"name": "template 8",
 "sql": "SELECT Year,Nationality,min(Value),max(Value) FROM DBdata WHERE ((Year = '2019/2020' AND Nationality = 'Qatari') OR (Year = '2019/2020' AND Nationality = 'Non-Qatari') OR (Year = '2020/2021' AND Nationality = 'Qatari')) AND (School_type IN ('Government')) GROUP BY Year,Nationality",
 "sqlResult": "{2019/2020 | Non-Qatari | 35 | 35} || {2019/2020 | Qatari | 54 | 54} || {2020/2021 | Qatari | 97 | 97}",
 "nlq": "What are the minimum and maximum numbers for each Year and Nationality, of Non-Qatari or Qatari students in Government schools in 2019/2020 or of Qatari students in Government schools in 2020/2021? Please, report the corresponding Year and Nationality."},
{"name": "template 9",
 "sql": "SELECT min(Value) FROM DBdata WHERE ((Year = '2020/2021' AND Nationality = 'Qatari')) AND (School_type IN ('Government','Private')) GROUP BY School_type",
 "sqlResult": "{97} || {10}",
 "nlq": "What is the minimum number for each School type, of Qatari students in Government or Private schools in 2020/2021?"},
{"name": "template 10",
 "sql": "SELECT School_type,max(Value) FROM DBdata WHERE ((Year = '2020/2021' AND Nationality = 'Qatari')) AND (School_type IN ('Government','Private')) GROUP BY School_type",
 "sqlResult": "{Government | 97} || {Private | 10}",
 "nlq": "What is the maximum number for each School type, of Qatari students in Government or Private schools in 2020/2021? Please, report the corresponding School type."},
{"name": "template 11",
 "sql": "SELECT School_type,Year,Nationality,avg(Value) FROM DBdata WHERE ((Year = '2019/2020' AND Nationality = 'Qatari') OR (Year = '2019/2020' AND Nationality = 'Non-Qatari') OR (Year = '2020/2021' AND Nationality = 'Non-Qatari')) AND (School_type IN ('Government','Private')) GROUP BY School_type,Year,Nationality",
 "sqlResult": "{Government | 2019/2020 | Non-Qatari | 35} || {Government | 2019/2020 | Qatari | 54} || {Government | 2020/2021 | Non-Qatari | 62} || {Private | 2019/2020 | Non-Qatari | 2} || {Private | 2019/2020 | Qatari | 37} || {Private | 2020/2021 | Non-Qatari | 83}",
 "nlq": "What is the average number for each School type, Year, and Nationality, of Non-Qatari or Qatari students in Government or Private schools in 2019/2020 or of Non-Qatari students in Government or Private schools in 2020/2021? Please, report the corresponding School type, Year, and Nationality."},
{"name": "template 12",
 "sql": "SELECT Value FROM DBdata WHERE ((Year = '2019/2020' AND Nationality = 'Non-Qatari')) AND (School_type IN ('Government','Private')) ORDER BY VALUE ASC LIMIT 2",
 "sqlResult": "{2} || {35}",
 "nlq": "What are the bottom 2 numbers of Non-Qatari students in Government or Private schools in 2019/2020?"},
{"name": "template 13",
 "sql": "SELECT Value FROM DBdata WHERE ((Year = '2020/2021' AND Nationality = 'Qatari')) AND (School_type IN ('Government','Private')) ORDER BY VALUE DESC",
 "sqlResult": "{97} || {10}",
 "nlq": "What are the numbers ordered by decreasing values of Qatari students in Government or Private schools in 2020/2021?"},
{"name": "template 14",
 "sql": "SELECT School_type FROM DBdata WHERE ((Year = '2020/2021' AND Nationality = 'Qatari')) AND Value < 47.5",
 "sqlResult": "{Private}",
 "nlq": "What is the School type for which the number of Qatari students in 2020/2021 is lower than 47.5?"},
{"name": "template 15",
 "sql": "SELECT School_type,Value FROM DBdata WHERE ((Year = '2019/2020' AND Nationality = 'Non-Qatari')) AND (School_type) IN (SELECT School_type FROM DBdata WHERE ((Year = '2020/2021' AND Nationality = 'Qatari')) AND Value < 47.5)",
 "sqlResult": "{Private | 2}",
 "nlq": "What is the number of Non-Qatari students in 2019/2020 in School type for which the number of Qatari students in 2020/2021 is lower than 47.5? Please, report the corresponding School type and number of students."}]
}
