{
"filename": "Number_of_students_set74_3_DB.csv",
"questions": [{"name": "template 1",
 "sql": "SELECT Value FROM DBdata WHERE ((AA = 'AAbx' AND BB = 'BBln')) AND (CC IN ('CCch'))",
 "sqlResult": "{48}",
 "nlq": "What is the number of AAbx students in CCch schools in BBln?"},
{"name": "template 2",
 "sql": "SELECT Value FROM DBdata WHERE ((AA = 'Non-AAbx' AND BB = 'BBbq')) AND (CC IN ('CCbn','CCch'))",
 "sqlResult": "{100} || {13}",
 "nlq": "What is the number of Non-AAbx students in CCbn or CCch schools in BBbq?"},
{"name": "template 3",
 "sql": "SELECT Value FROM DBdata WHERE ((AA = 'AAbx' AND BB = 'BBbq') OR (AA = 'Non-AAbx' AND BB = 'BBbq') OR (AA = 'AAbx' AND BB = 'BBcn') OR (AA = 'Non-AAbx' AND BB = 'BBcn') OR (AA = 'AAbx' AND BB = 'BBbt') OR (AA = 'Non-AAbx' AND BB = 'BBbt') OR (AA = 'AAbx' AND BB = 'BBln')) AND (CC IN ('CCch'))",
 "sqlResult": "{19} || {13} || {47} || {61} || {76} || {25} || {48}",
 "nlq": "What is the number of AAbx students in CCch schools in BBbq, BBcn, BBbt, or BBln or of Non-AAbx students in CCch schools in BBbq, BBcn, or BBbt?"},
{"name": "template 4",
 "sql": "SELECT max(Value),sum(Value) FROM DBdata WHERE ((AA = 'Non-AAbx' AND BB = 'BBcn') OR (AA = 'AAbx' AND BB = 'BBln') OR (AA = 'Non-AAbx' AND BB = 'BBln')) AND (CC IN ('CCbn'))",
 "sqlResult": "{92 | 195}",
 "nlq": "What are the maximum and total numbers of Non-AAbx students in CCbn schools in BBcn or BBln or of AAbx students in CCbn schools in BBln?"},
{"name": "template 6",
 "sql": "SELECT Value FROM DBdata WHERE ((AA = 'AAbx' AND BB = 'BBbq') OR (AA = 'Non-AAbx' AND BB = 'BBcn') OR (AA = 'AAbx' AND BB = 'BBbt')) AND (CC IN ('CCbn','CCch'))",
 "sqlResult": "{49} || {92} || {42} || {19} || {61} || {76}",
 "nlq": "What is the number of AAbx students in CCbn or CCch schools in BBbq or BBbt or of Non-AAbx students in CCbn or CCch schools in BBcn?"},
{"name": "template 7",
 "sql": "SELECT min(Value),avg(Value) FROM DBdata WHERE ((AA = 'AAbx' AND BB = 'BBbt')) AND (CC IN ('CCbn','CCch'))",
 "sqlResult": "{42 | 59}",
 "nlq": "What are the minimum and average numbers of AAbx students in CCbn or CCch schools in BBbt?"},
{"name": "template 8",
 "sql": "SELECT AA,BB,sum(Value),min(Value) FROM DBdata WHERE ((AA = 'Non-AAbx' AND BB = 'BBbq') OR (AA = 'AAbx' AND BB = 'BBcn') OR (AA = 'Non-AAbx' AND BB = 'BBcn')) AND (CC IN ('CCbn','CCch')) GROUP BY AA,BB",
 "sqlResult": "{Non-AAbx | BBbq | 113 | 13} || {Non-AAbx | BBcn | 153 | 61} || {AAbx | BBcn | 117 | 47}",
 "nlq": "What are the total and minimum numbers for each AA and BB, of Non-AAbx students in CCbn or CCch schools in BBbq or of Non-AAbx or AAbx students in CCbn or CCch schools in BBcn? Please, report the corresponding AA and BB."},
{"name": "template 9",
 "sql": "SELECT min(Value) FROM DBdata WHERE ((AA = 'AAbx' AND BB = 'BBcn')) AND (CC IN ('CCbn','CCch')) GROUP BY CC",
 "sqlResult": "{70} || {47}",
 "nlq": "What is the minimum number for each CC, of AAbx students in CCbn or CCch schools in BBcn?"},
{"name": "template 10",
 "sql": "SELECT CC,max(Value) FROM DBdata WHERE ((AA = 'Non-AAbx' AND BB = 'BBln')) AND (CC IN ('CCbn','CCch')) GROUP BY CC",
 "sqlResult": "{CCbn | 46} || {CCch | 63}",
 "nlq": "What is the maximum number for each CC, of Non-AAbx students in CCbn or CCch schools in BBln? Please, report the corresponding CC."},
{"name": "template 11",
 "sql": "SELECT CC,AA,BB,max(Value) FROM DBdata WHERE ((AA = 'AAbx' AND BB = 'BBcn') OR (AA = 'Non-AAbx' AND BB = 'BBln')) AND (CC IN ('CCbn','CCch')) GROUP BY CC,AA,BB",
 "sqlResult": "{CCbn | Non-AAbx | BBln | 46} || {CCbn | AAbx | BBcn | 70} || {CCch | Non-AAbx | BBln | 63} || {CCch | AAbx | BBcn | 47}",
 "nlq": "What is the maximum number for each CC, AA, and BB, of AAbx students in CCbn or CCch schools in BBcn or of Non-AAbx students in CCbn or CCch schools in BBln? Please, report the corresponding CC, AA, and BB."},
{"name": "template 12",
 "sql": "SELECT Value FROM DBdata WHERE ((AA = 'AAbx' AND BB = 'BBbq')) AND (CC IN ('CCbn','CCch')) ORDER BY VALUE DESC LIMIT 2",
 "sqlResult": "{49} || {19}",
 "nlq": "What are the top 2 numbers of AAbx students in CCbn or CCch schools in BBbq?"},
{"name": "template 13",
 "sql": "SELECT Value FROM DBdata WHERE ((AA = 'Non-AAbx' AND BB = 'BBln')) AND (CC IN ('CCbn','CCch')) ORDER BY VALUE ASC",
 "sqlResult": "{46} || {63}",
 "nlq": "What are the numbers ordered by increasing values of Non-AAbx students in CCbn or CCch schools in BBln?"},
{"name": "template 14",
 "sql": "SELECT CC FROM DBdata WHERE ((AA = 'AAbx' AND BB = 'BBbq')) AND Value < 56.31",
 "sqlResult": "{CCbn} || {CCch}",
 "nlq": "What is the CC for which the number of AAbx students in BBbq is lower than 56.31?"},
{"name": "template 15",
 "sql": "SELECT CC,Value FROM DBdata WHERE ((AA = 'Non-AAbx' AND BB = 'BBcn')) AND (CC) IN (SELECT CC FROM DBdata WHERE ((AA = 'AAbx' AND BB = 'BBbq')) AND Value < 56.31)",
 "sqlResult": "{CCbn | 92} || {CCch | 61}",
 "nlq": "What is the number of Non-AAbx students in BBcn in CC for which the number of AAbx students in BBbq is lower than 56.31? Please, report the corresponding CC and number of students."}]
}

