{
"filename": "Number_of_students_set73_5_DB.csv",
"questions": [{"name": "template 1",
 "sql": "SELECT Value FROM DBdata WHERE ((AA = 'AAsv' AND BB = 'BBhs')) AND (CC IN ('CCkm'))",
 "sqlResult": "{68}",
 "nlq": "What is the number of AAsv students in CCkm schools in BBhs?"},
{"name": "template 2",
 "sql": "SELECT Value FROM DBdata WHERE ((AA = 'Non-AAsv' AND BB = 'BBbn')) AND (CC IN ('CCkm','CCfy'))",
 "sqlResult": "{31} || {38}",
 "nlq": "What is the number of Non-AAsv students in CCkm or CCfy schools in BBbn?"},
{"name": "template 3",
 "sql": "SELECT Value FROM DBdata WHERE ((AA = 'AAsv' AND BB = 'BBhs') OR (AA = 'Non-AAsv' AND BB = 'BBhs')) AND (CC IN ('CCkm'))",
 "sqlResult": "{68} || {75}",
 "nlq": "What is the number of Non-AAsv or AAsv students in CCkm schools in BBhs?"},
{"name": "template 4",
 "sql": "SELECT max(Value),min(Value) FROM DBdata WHERE ((AA = 'AAsv' AND BB = 'BBbn') OR (AA = 'Non-AAsv' AND BB = 'BBbn') OR (AA = 'AAsv' AND BB = 'BBhs') OR (AA = 'Non-AAsv' AND BB = 'BBhs')) AND (CC IN ('CCfy'))",
 "sqlResult": "{81 | 22}",
 "nlq": "What are the maximum and minimum numbers of Non-AAsv or AAsv students in CCfy schools in BBbn or BBhs?"},
{"name": "template 6",
 "sql": "SELECT Value FROM DBdata WHERE ((AA = 'AAsv' AND BB = 'BBbn') OR (AA = 'Non-AAsv' AND BB = 'BBbn') OR (AA = 'Non-AAsv' AND BB = 'BBhs')) AND (CC IN ('CCkm','CCfy'))",
 "sqlResult": "{87} || {31} || {75} || {22} || {38} || {81}",
 "nlq": "What is the number of Non-AAsv or AAsv students in CCkm or CCfy schools in BBbn or of Non-AAsv students in CCkm or CCfy schools in BBhs?"},
{"name": "template 7",
 "sql": "SELECT max(Value),sum(Value) FROM DBdata WHERE ((AA = 'Non-AAsv' AND BB = 'BBhs')) AND (CC IN ('CCkm','CCfy'))",
 "sqlResult": "{81 | 156}",
 "nlq": "What are the maximum and total numbers of Non-AAsv students in CCkm or CCfy schools in BBhs?"},
{"name": "template 8",
 "sql": "SELECT AA,BB,min(Value),sum(Value) FROM DBdata WHERE ((AA = 'AAsv' AND BB = 'BBbn') OR (AA = 'Non-AAsv' AND BB = 'BBbn') OR (AA = 'Non-AAsv' AND BB = 'BBhs')) AND (CC IN ('CCkm','CCfy')) GROUP BY AA,BB",
 "sqlResult": "{Non-AAsv | BBbn | 31 | 69} || {Non-AAsv | BBhs | 75 | 156} || {AAsv | BBbn | 22 | 109}",
 "nlq": "What are the minimum and total numbers for each AA and BB, of Non-AAsv or AAsv students in CCkm or CCfy schools in BBbn or of Non-AAsv students in CCkm or CCfy schools in BBhs? Please, report the corresponding AA and BB."},
{"name": "template 9",
 "sql": "SELECT min(Value) FROM DBdata WHERE ((AA = 'Non-AAsv' AND BB = 'BBhs')) AND (CC IN ('CCkm','CCfy')) GROUP BY CC",
 "sqlResult": "{75} || {81}",
 "nlq": "What is the minimum number for each CC, of Non-AAsv students in CCkm or CCfy schools in BBhs?"},
{"name": "template 10",
 "sql": "SELECT CC,min(Value) FROM DBdata WHERE ((AA = 'Non-AAsv' AND BB = 'BBhs')) AND (CC IN ('CCkm','CCfy')) GROUP BY CC",
 "sqlResult": "{CCkm | 75} || {CCfy | 81}",
 "nlq": "What is the minimum number for each CC, of Non-AAsv students in CCkm or CCfy schools in BBhs? Please, report the corresponding CC."},
{"name": "template 11",
 "sql": "SELECT CC,AA,BB,min(Value) FROM DBdata WHERE ((AA = 'AAsv' AND BB = 'BBbn') OR (AA = 'Non-AAsv' AND BB = 'BBbn') OR (AA = 'Non-AAsv' AND BB = 'BBhs')) AND (CC IN ('CCkm','CCfy')) GROUP BY CC,AA,BB",
 "sqlResult": "{CCkm | Non-AAsv | BBbn | 31} || {CCkm | Non-AAsv | BBhs | 75} || {CCkm | AAsv | BBbn | 87} || {CCfy | Non-AAsv | BBbn | 38} || {CCfy | Non-AAsv | BBhs | 81} || {CCfy | AAsv | BBbn | 22}",
 "nlq": "What is the minimum number for each CC, AA, and BB, of Non-AAsv or AAsv students in CCkm or CCfy schools in BBbn or of Non-AAsv students in CCkm or CCfy schools in BBhs? Please, report the corresponding CC, AA, and BB."},
{"name": "template 12",
 "sql": "SELECT Value FROM DBdata WHERE ((AA = 'AAsv' AND BB = 'BBbn')) AND (CC IN ('CCkm','CCfy')) ORDER BY VALUE DESC LIMIT 2",
 "sqlResult": "{87} || {22}",
 "nlq": "What are the top 2 numbers of AAsv students in CCkm or CCfy schools in BBbn?"},
{"name": "template 13",
 "sql": "SELECT Value FROM DBdata WHERE ((AA = 'AAsv' AND BB = 'BBbn')) AND (CC IN ('CCkm','CCfy')) ORDER BY VALUE ASC",
 "sqlResult": "{22} || {87}",
 "nlq": "What are the numbers ordered by increasing values of AAsv students in CCkm or CCfy schools in BBbn?"},
{"name": "template 14",
 "sql": "SELECT CC FROM DBdata WHERE ((AA = 'AAsv' AND BB = 'BBbn')) AND Value < 54.38",
 "sqlResult": "{CCfy}",
 "nlq": "What is the CC for which the number of AAsv students in BBbn is lower than 54.38?"},
{"name": "template 15",
 "sql": "SELECT CC,Value FROM DBdata WHERE ((AA = 'AAsv' AND BB = 'BBhs')) AND (CC) IN (SELECT CC FROM DBdata WHERE ((AA = 'AAsv' AND BB = 'BBbn')) AND Value < 54.38)",
 "sqlResult": "{CCfy | 33}",
 "nlq": "What is the number of AAsv students in BBhs in CC for which the number of AAsv students in BBbn is lower than 54.38? Please, report the corresponding CC and number of students."}]
}

