{
"filename": "Number_of_students_set80_3_DB.csv",
"questions": [{"name": "template 1",
 "sql": "SELECT Value FROM DBdata WHERE ((Year = '2016/2017' AND Nationality = 'Non-Qatari')) AND (School_type IN ('Government'))",
 "sqlResult": "{7}",
 "nlq": "What is the number of Non-Qatari students in Government schools in 2016/2017?"},
{"name": "template 2",
 "sql": "SELECT Value FROM DBdata WHERE ((Year = '2018/2019' AND Nationality = 'Qatari')) AND (School_type IN ('Private'))",
 "sqlResult": "{31}",
 "nlq": "What is the number of Qatari students in Private schools in 2018/2019?"},
{"name": "template 3",
 "sql": "SELECT Value FROM DBdata WHERE ((Year = '2016/2017' AND Nationality = 'Qatari') OR (Year = '2016/2017' AND Nationality = 'Non-Qatari') OR (Year = '2017/2018' AND Nationality = 'Qatari') OR (Year = '2017/2018' AND Nationality = 'Non-Qatari') OR (Year = '2018/2019' AND Nationality = 'Qatari') OR (Year = '2018/2019' AND Nationality = 'Non-Qatari') OR (Year = '2019/2020' AND Nationality = 'Qatari') OR (Year = '2019/2020' AND Nationality = 'Non-Qatari')) AND (School_type IN ('Private'))",
 "sqlResult": "{3} || {2} || {54} || {16} || {31} || {42} || {24} || {63}",
 "nlq": "What is the number of Non-Qatari or Qatari students in Private schools in 2016/2017, 2017/2018, 2018/2019, or 2019/2020?"},
{"name": "template 4",
 "sql": "SELECT max(Value),min(Value) FROM DBdata WHERE ((Year = '2016/2017' AND Nationality = 'Non-Qatari') OR (Year = '2018/2019' AND Nationality = 'Non-Qatari') OR (Year = '2019/2020' AND Nationality = 'Non-Qatari')) AND (School_type IN ('Government'))",
 "sqlResult": "{62 | 7}",
 "nlq": "What are the maximum and minimum numbers of Non-Qatari students in Government schools in 2016/2017, 2018/2019, or 2019/2020?"},
{"name": "template 6",
 "sql": "SELECT Value FROM DBdata WHERE ((Year = '2016/2017' AND Nationality = 'Non-Qatari') OR (Year = '2017/2018' AND Nationality = 'Qatari') OR (Year = '2018/2019' AND Nationality = 'Qatari') OR (Year = '2018/2019' AND Nationality = 'Non-Qatari') OR (Year = '2019/2020' AND Nationality = 'Non-Qatari')) AND (School_type IN ('Government','Private'))",
 "sqlResult": "{7} || {4} || {32} || {58} || {62} || {2} || {54} || {31} || {42} || {63}",
 "nlq": "What is the number of Non-Qatari students in Government or Private schools in 2016/2017, 2018/2019, or 2019/2020 or of Qatari students in Government or Private schools in 2017/2018 or 2018/2019?"},
{"name": "template 7",
 "sql": "SELECT sum(Value),min(Value) FROM DBdata WHERE ((Year = '2018/2019' AND Nationality = 'Non-Qatari')) AND (School_type IN ('Government','Private'))",
 "sqlResult": "{100 | 42}",
 "nlq": "What are the total and minimum numbers of Non-Qatari students in Government or Private schools in 2018/2019?"},
{"name": "template 8",
 "sql": "SELECT Year,Nationality,max(Value),avg(Value) FROM DBdata WHERE ((Year = '2016/2017' AND Nationality = 'Non-Qatari') OR (Year = '2017/2018' AND Nationality = 'Qatari') OR (Year = '2018/2019' AND Nationality = 'Qatari') OR (Year = '2018/2019' AND Nationality = 'Non-Qatari')) AND (School_type IN ('Government','Private')) GROUP BY Year,Nationality",
 "sqlResult": "{2016/2017 | Non-Qatari | 7 | 4.5} || {2017/2018 | Qatari | 54 | 29} || {2018/2019 | Non-Qatari | 58 | 50} || {2018/2019 | Qatari | 32 | 31.5}",
 "nlq": "What are the maximum and average numbers for each Year and Nationality, of Non-Qatari students in Government or Private schools in 2016/2017, of Qatari students in Government or Private schools in 2017/2018, or of Non-Qatari or Qatari students in Government or Private schools in 2018/2019? Please, report the corresponding Year and Nationality."},
{"name": "template 9",
 "sql": "SELECT min(Value) FROM DBdata WHERE ((Year = '2017/2018' AND Nationality = 'Qatari')) AND (School_type IN ('Government','Private')) GROUP BY School_type",
 "sqlResult": "{4} || {54}",
 "nlq": "What is the minimum number for each School type, of Qatari students in Government or Private schools in 2017/2018?"},
{"name": "template 10",
 "sql": "SELECT School_type,max(Value) FROM DBdata WHERE ((Year = '2016/2017' AND Nationality = 'Qatari')) AND (School_type IN ('Government','Private')) GROUP BY School_type",
 "sqlResult": "{Government | 41} || {Private | 3}",
 "nlq": "What is the maximum number for each School type, of Qatari students in Government or Private schools in 2016/2017? Please, report the corresponding School type."},
{"name": "template 11",
 "sql": "SELECT School_type,Year,Nationality,max(Value) FROM DBdata WHERE ((Year = '2017/2018' AND Nationality = 'Non-Qatari') OR (Year = '2018/2019' AND Nationality = 'Qatari')) AND (School_type IN ('Government','Private')) GROUP BY School_type,Year,Nationality",
 "sqlResult": "{Government | 2017/2018 | Non-Qatari | 78} || {Government | 2018/2019 | Qatari | 32} || {Private | 2017/2018 | Non-Qatari | 16} || {Private | 2018/2019 | Qatari | 31}",
 "nlq": "What is the maximum number for each School type, Year, and Nationality, of Non-Qatari students in Government or Private schools in 2017/2018 or of Qatari students in Government or Private schools in 2018/2019? Please, report the corresponding School type, Year, and Nationality."},
{"name": "template 12",
 "sql": "SELECT Value FROM DBdata WHERE ((Year = '2019/2020' AND Nationality = 'Non-Qatari')) AND (School_type IN ('Government','Private')) ORDER BY VALUE DESC LIMIT 2",
 "sqlResult": "{63} || {62}",
 "nlq": "What are the top 2 numbers of Non-Qatari students in Government or Private schools in 2019/2020?"},
{"name": "template 13",
 "sql": "SELECT Value FROM DBdata WHERE ((Year = '2017/2018' AND Nationality = 'Qatari')) AND (School_type IN ('Government','Private')) ORDER BY VALUE DESC",
 "sqlResult": "{54} || {4}",
 "nlq": "What are the numbers ordered by decreasing values of Qatari students in Government or Private schools in 2017/2018?"},
{"name": "template 14",
 "sql": "SELECT School_type FROM DBdata WHERE ((Year = '2017/2018' AND Nationality = 'Qatari')) AND Value > 38.56",
 "sqlResult": "{Private}",
 "nlq": "What is the School type for which the number of Qatari students in 2017/2018 is greater than 38.56?"},
{"name": "template 15",
 "sql": "SELECT School_type,Value FROM DBdata WHERE ((Year = '2016/2017' AND Nationality = 'Qatari')) AND (School_type) IN (SELECT School_type FROM DBdata WHERE ((Year = '2017/2018' AND Nationality = 'Qatari')) AND Value > 38.56)",
 "sqlResult": "{Private | 3}",
 "nlq": "What is the number of Qatari students in 2016/2017 in School type for which the number of Qatari students in 2017/2018 is greater than 38.56? Please, report the corresponding School type and number of students."}]
}
