{
"filename": "Number_of_students_set80_3_DB.csv",
"questions": [{"name": "template 1",
 "sql": "SELECT Value FROM DBdata WHERE ((BB = 'BBch' AND AA = 'Non-AAgp')) AND (CC IN ('CCsw'))",
 "sqlResult": "{7}",
 "nlq": "What is the number of Non-AAgp students in CCsw schools in BBch?"},
{"name": "template 2",
 "sql": "SELECT Value FROM DBdata WHERE ((BB = 'BBgm' AND AA = 'AAgp')) AND (CC IN ('CCdt'))",
 "sqlResult": "{31}",
 "nlq": "What is the number of AAgp students in CCdt schools in BBgm?"},
{"name": "template 3",
 "sql": "SELECT Value FROM DBdata WHERE ((BB = 'BBch' AND AA = 'AAgp') OR (BB = 'BBch' AND AA = 'Non-AAgp') OR (BB = 'BBjn' AND AA = 'AAgp') OR (BB = 'BBjn' AND AA = 'Non-AAgp') OR (BB = 'BBgm' AND AA = 'AAgp') OR (BB = 'BBgm' AND AA = 'Non-AAgp') OR (BB = 'BBhz' AND AA = 'AAgp') OR (BB = 'BBhz' AND AA = 'Non-AAgp')) AND (CC IN ('CCdt'))",
 "sqlResult": "{3} || {2} || {54} || {16} || {31} || {42} || {24} || {63}",
 "nlq": "What is the number of Non-AAgp or AAgp students in CCdt schools in BBch, BBjn, BBgm, or BBhz?"},
{"name": "template 4",
 "sql": "SELECT max(Value),min(Value) FROM DBdata WHERE ((BB = 'BBch' AND AA = 'Non-AAgp') OR (BB = 'BBgm' AND AA = 'Non-AAgp') OR (BB = 'BBhz' AND AA = 'Non-AAgp')) AND (CC IN ('CCsw'))",
 "sqlResult": "{62 | 7}",
 "nlq": "What are the maximum and minimum numbers of Non-AAgp students in CCsw schools in BBch, BBgm, or BBhz?"},
{"name": "template 6",
 "sql": "SELECT Value FROM DBdata WHERE ((BB = 'BBch' AND AA = 'Non-AAgp') OR (BB = 'BBjn' AND AA = 'AAgp') OR (BB = 'BBgm' AND AA = 'AAgp') OR (BB = 'BBgm' AND AA = 'Non-AAgp') OR (BB = 'BBhz' AND AA = 'Non-AAgp')) AND (CC IN ('CCsw','CCdt'))",
 "sqlResult": "{7} || {4} || {32} || {58} || {62} || {2} || {54} || {31} || {42} || {63}",
 "nlq": "What is the number of Non-AAgp students in CCsw or CCdt schools in BBch, BBgm, or BBhz or of AAgp students in CCsw or CCdt schools in BBjn or BBgm?"},
{"name": "template 7",
 "sql": "SELECT sum(Value),min(Value) FROM DBdata WHERE ((BB = 'BBgm' AND AA = 'Non-AAgp')) AND (CC IN ('CCsw','CCdt'))",
 "sqlResult": "{100 | 42}",
 "nlq": "What are the total and minimum numbers of Non-AAgp students in CCsw or CCdt schools in BBgm?"},
{"name": "template 8",
 "sql": "SELECT BB,AA,max(Value),avg(Value) FROM DBdata WHERE ((BB = 'BBch' AND AA = 'Non-AAgp') OR (BB = 'BBjn' AND AA = 'AAgp') OR (BB = 'BBgm' AND AA = 'AAgp') OR (BB = 'BBgm' AND AA = 'Non-AAgp')) AND (CC IN ('CCsw','CCdt')) GROUP BY BB,AA",
 "sqlResult": "{BBch | Non-AAgp | 7 | 4.5} || {BBjn | AAgp | 54 | 29} || {BBgm | Non-AAgp | 58 | 50} || {BBgm | AAgp | 32 | 31.5}",
 "nlq": "What are the maximum and average numbers for each BB and AA, of Non-AAgp students in CCsw or CCdt schools in BBch, of AAgp students in CCsw or CCdt schools in BBjn, or of Non-AAgp or AAgp students in CCsw or CCdt schools in BBgm? Please, report the corresponding BB and AA."},
{"name": "template 9",
 "sql": "SELECT min(Value) FROM DBdata WHERE ((BB = 'BBjn' AND AA = 'AAgp')) AND (CC IN ('CCsw','CCdt')) GROUP BY CC",
 "sqlResult": "{4} || {54}",
 "nlq": "What is the minimum number for each CC, of AAgp students in CCsw or CCdt schools in BBjn?"},
{"name": "template 10",
 "sql": "SELECT CC,max(Value) FROM DBdata WHERE ((BB = 'BBch' AND AA = 'AAgp')) AND (CC IN ('CCsw','CCdt')) GROUP BY CC",
 "sqlResult": "{CCsw | 41} || {CCdt | 3}",
 "nlq": "What is the maximum number for each CC, of AAgp students in CCsw or CCdt schools in BBch? Please, report the corresponding CC."},
{"name": "template 11",
 "sql": "SELECT CC,BB,AA,max(Value) FROM DBdata WHERE ((BB = 'BBjn' AND AA = 'Non-AAgp') OR (BB = 'BBgm' AND AA = 'AAgp')) AND (CC IN ('CCsw','CCdt')) GROUP BY CC,BB,AA",
 "sqlResult": "{CCsw | BBjn | Non-AAgp | 78} || {CCsw | BBgm | AAgp | 32} || {CCdt | BBjn | Non-AAgp | 16} || {CCdt | BBgm | AAgp | 31}",
 "nlq": "What is the maximum number for each CC, BB, and AA, of Non-AAgp students in CCsw or CCdt schools in BBjn or of AAgp students in CCsw or CCdt schools in BBgm? Please, report the corresponding CC, BB, and AA."},
{"name": "template 12",
 "sql": "SELECT Value FROM DBdata WHERE ((BB = 'BBhz' AND AA = 'Non-AAgp')) AND (CC IN ('CCsw','CCdt')) ORDER BY VALUE DESC LIMIT 2",
 "sqlResult": "{63} || {62}",
 "nlq": "What are the top 2 numbers of Non-AAgp students in CCsw or CCdt schools in BBhz?"},
{"name": "template 13",
 "sql": "SELECT Value FROM DBdata WHERE ((BB = 'BBjn' AND AA = 'AAgp')) AND (CC IN ('CCsw','CCdt')) ORDER BY VALUE DESC",
 "sqlResult": "{54} || {4}",
 "nlq": "What are the numbers ordered by decreasing values of AAgp students in CCsw or CCdt schools in BBjn?"},
{"name": "template 14",
 "sql": "SELECT CC FROM DBdata WHERE ((BB = 'BBjn' AND AA = 'AAgp')) AND Value > 38.56",
 "sqlResult": "{CCdt}",
 "nlq": "What is the CC for which the number of AAgp students in BBjn is greater than 38.56?"},
{"name": "template 15",
 "sql": "SELECT CC,Value FROM DBdata WHERE ((BB = 'BBch' AND AA = 'AAgp')) AND (CC) IN (SELECT CC FROM DBdata WHERE ((BB = 'BBjn' AND AA = 'AAgp')) AND Value > 38.56)",
 "sqlResult": "{CCdt | 3}",
 "nlq": "What is the number of AAgp students in BBch in CC for which the number of AAgp students in BBjn is greater than 38.56? Please, report the corresponding CC and number of students."}]
}

