{
"filename": "Number_of_students_set79_4_DB.csv",
"questions": [{"name": "template 1",
 "sql": "SELECT Value FROM DBdata WHERE ((Nationality = 'Non-Qatari' AND Year = '2019/2020')) AND (School_type IN ('Private'))",
 "sqlResult": "{7}",
 "nlq": "What is the number of Non-Qatari students in Private schools in 2019/2020?"},
{"name": "template 2",
 "sql": "SELECT Value FROM DBdata WHERE ((Nationality = 'Non-Qatari' AND Year = '2019/2020')) AND (School_type IN ('Government'))",
 "sqlResult": "{28}",
 "nlq": "What is the number of Non-Qatari students in Government schools in 2019/2020?"},
{"name": "template 3",
 "sql": "SELECT Value FROM DBdata WHERE ((Nationality = 'Qatari' AND Year = '2020/2021') OR (Nationality = 'Non-Qatari' AND Year = '2021/2022')) AND (School_type IN ('Private'))",
 "sqlResult": "{48} || {63}",
 "nlq": "What is the number of Qatari students in Private schools in 2020/2021 or of Non-Qatari students in Private schools in 2021/2022?"},
{"name": "template 4",
 "sql": "SELECT avg(Value),sum(Value) FROM DBdata WHERE ((Nationality = 'Qatari' AND Year = '2018/2019') OR (Nationality = 'Qatari' AND Year = '2019/2020') OR (Nationality = 'Qatari' AND Year = '2020/2021') OR (Nationality = 'Non-Qatari' AND Year = '2020/2021') OR (Nationality = 'Qatari' AND Year = '2021/2022') OR (Nationality = 'Non-Qatari' AND Year = '2021/2022')) AND (School_type IN ('Private'))",
 "sqlResult": "{63.83 | 383}",
 "nlq": "What are the average and total numbers of Qatari students in Private schools in 2018/2019, 2019/2020, 2020/2021, or 2021/2022 or of Non-Qatari students in Private schools in 2020/2021 or 2021/2022?"},
{"name": "template 6",
 "sql": "SELECT Value FROM DBdata WHERE ((Nationality = 'Non-Qatari' AND Year = '2018/2019') OR (Nationality = 'Non-Qatari' AND Year = '2019/2020') OR (Nationality = 'Qatari' AND Year = '2020/2021') OR (Nationality = 'Non-Qatari' AND Year = '2020/2021') OR (Nationality = 'Qatari' AND Year = '2021/2022')) AND (School_type IN ('Government','Private'))",
 "sqlResult": "{16} || {28} || {23} || {42} || {27} || {5} || {7} || {48} || {93} || {84}",
 "nlq": "What is the number of Non-Qatari students in Government or Private schools in 2018/2019, 2019/2020, or 2020/2021 or of Qatari students in Government or Private schools in 2020/2021 or 2021/2022?"},
{"name": "template 7",
 "sql": "SELECT min(Value),sum(Value) FROM DBdata WHERE ((Nationality = 'Qatari' AND Year = '2020/2021')) AND (School_type IN ('Government','Private'))",
 "sqlResult": "{23 | 71}",
 "nlq": "What are the minimum and total numbers of Qatari students in Government or Private schools in 2020/2021?"},
{"name": "template 8",
 "sql": "SELECT Nationality,Year,max(Value),min(Value) FROM DBdata WHERE ((Nationality = 'Qatari' AND Year = '2018/2019') OR (Nationality = 'Non-Qatari' AND Year = '2019/2020') OR (Nationality = 'Non-Qatari' AND Year = '2021/2022')) AND (School_type IN ('Government','Private')) GROUP BY Nationality,Year",
 "sqlResult": "{Non-Qatari | 2019/2020 | 28 | 7} || {Non-Qatari | 2021/2022 | 63 | 41} || {Qatari | 2018/2019 | 70 | 12}",
 "nlq": "What are the maximum and minimum numbers for each Nationality and Year, of Qatari students in Government or Private schools in 2018/2019 or of Non-Qatari students in Government or Private schools in 2019/2020 or 2021/2022? Please, report the corresponding Nationality and Year."},
{"name": "template 9",
 "sql": "SELECT min(Value) FROM DBdata WHERE ((Nationality = 'Non-Qatari' AND Year = '2019/2020')) AND (School_type IN ('Government','Private')) GROUP BY School_type",
 "sqlResult": "{28} || {7}",
 "nlq": "What is the minimum number for each School type, of Non-Qatari students in Government or Private schools in 2019/2020?"},
{"name": "template 10",
 "sql": "SELECT School_type,min(Value) FROM DBdata WHERE ((Nationality = 'Non-Qatari' AND Year = '2018/2019')) AND (School_type IN ('Government','Private')) GROUP BY School_type",
 "sqlResult": "{Government | 16} || {Private | 5}",
 "nlq": "What is the minimum number for each School type, of Non-Qatari students in Government or Private schools in 2018/2019? Please, report the corresponding School type."},
{"name": "template 11",
 "sql": "SELECT School_type,Nationality,Year,sum(Value) FROM DBdata WHERE ((Nationality = 'Qatari' AND Year = '2019/2020') OR (Nationality = 'Non-Qatari' AND Year = '2019/2020')) AND (School_type IN ('Government','Private')) GROUP BY School_type,Nationality,Year",
 "sqlResult": "{Government | Non-Qatari | 2019/2020 | 28} || {Government | Qatari | 2019/2020 | 40} || {Private | Non-Qatari | 2019/2020 | 7} || {Private | Qatari | 2019/2020 | 25}",
 "nlq": "What is the total number for each School type, Nationality, and Year, of Non-Qatari or Qatari students in Government or Private schools in 2019/2020? Please, report the corresponding School type, Nationality, and Year."},
{"name": "template 12",
 "sql": "SELECT Value FROM DBdata WHERE ((Nationality = 'Non-Qatari' AND Year = '2018/2019')) AND (School_type IN ('Government','Private')) ORDER BY VALUE ASC LIMIT 2",
 "sqlResult": "{5} || {16}",
 "nlq": "What are the bottom 2 numbers of Non-Qatari students in Government or Private schools in 2018/2019?"},
{"name": "template 13",
 "sql": "SELECT Value FROM DBdata WHERE ((Nationality = 'Qatari' AND Year = '2020/2021')) AND (School_type IN ('Government','Private')) ORDER BY VALUE ASC",
 "sqlResult": "{23} || {48}",
 "nlq": "What are the numbers ordered by increasing values of Qatari students in Government or Private schools in 2020/2021?"},
{"name": "template 14",
 "sql": "SELECT School_type FROM DBdata WHERE ((Nationality = 'Qatari' AND Year = '2020/2021')) AND Value > 39",
 "sqlResult": "{Private}",
 "nlq": "What is the School type for which the number of Qatari students in 2020/2021 is greater than 39?"},
{"name": "template 15",
 "sql": "SELECT School_type,Value FROM DBdata WHERE ((Nationality = 'Non-Qatari' AND Year = '2021/2022')) AND (School_type) IN (SELECT School_type FROM DBdata WHERE ((Nationality = 'Qatari' AND Year = '2020/2021')) AND Value > 39)",
 "sqlResult": "{Private | 63}",
 "nlq": "What is the number of Non-Qatari students in 2021/2022 in School type for which the number of Qatari students in 2020/2021 is greater than 39? Please, report the corresponding School type and number of students."}]
}
