{
"filename": "Number_of_students_set81_3_DB.csv",
"questions": [{"name": "template 1",
 "sql": "SELECT Value FROM DBdata WHERE ((AA = 'Non-AAcm' AND BB = 'BBdz')) AND (CC IN ('CCgn'))",
 "sqlResult": "{72}",
 "nlq": "What is the number of Non-AAcm students in CCgn schools in BBdz?"},
{"name": "template 2",
 "sql": "SELECT Value FROM DBdata WHERE ((AA = 'Non-AAcm' AND BB = 'BBfr')) AND (CC IN ('CCny','CCgn'))",
 "sqlResult": "{25} || {80}",
 "nlq": "What is the number of Non-AAcm students in CCny or CCgn schools in BBfr?"},
{"name": "template 3",
 "sql": "SELECT Value FROM DBdata WHERE ((AA = 'AAcm' AND BB = 'BBlr') OR (AA = 'Non-AAcm' AND BB = 'BBdz') OR (AA = 'AAcm' AND BB = 'BBfr') OR (AA = 'Non-AAcm' AND BB = 'BBfr')) AND (CC IN ('CCgn'))",
 "sqlResult": "{21} || {72} || {5} || {80}",
 "nlq": "What is the number of AAcm students in CCgn schools in BBlr or BBfr or of Non-AAcm students in CCgn schools in BBdz or BBfr?"},
{"name": "template 4",
 "sql": "SELECT sum(Value),max(Value) FROM DBdata WHERE ((AA = 'AAcm' AND BB = 'BBlr') OR (AA = 'Non-AAcm' AND BB = 'BBlr') OR (AA = 'AAcm' AND BB = 'BBdz') OR (AA = 'Non-AAcm' AND BB = 'BBdz') OR (AA = 'AAcm' AND BB = 'BBfr') OR (AA = 'Non-AAcm' AND BB = 'BBfr')) AND (CC IN ('CCgn'))",
 "sqlResult": "{272 | 80}",
 "nlq": "What are the total and maximum numbers of Non-AAcm or AAcm students in CCgn schools in BBlr, BBdz, or BBfr?"},
{"name": "template 6",
 "sql": "SELECT Value FROM DBdata WHERE ((AA = 'AAcm' AND BB = 'BBlr') OR (AA = 'Non-AAcm' AND BB = 'BBlr') OR (AA = 'AAcm' AND BB = 'BBdz') OR (AA = 'AAcm' AND BB = 'BBfr') OR (AA = 'Non-AAcm' AND BB = 'BBfr')) AND (CC IN ('CCny','CCgn'))",
 "sqlResult": "{33} || {48} || {3} || {34} || {25} || {21} || {15} || {79} || {5} || {80}",
 "nlq": "What is the number of AAcm students in CCny or CCgn schools in BBlr, BBdz, or BBfr or of Non-AAcm students in CCny or CCgn schools in BBlr or BBfr?"},
{"name": "template 7",
 "sql": "SELECT max(Value),min(Value) FROM DBdata WHERE ((AA = 'AAcm' AND BB = 'BBfr')) AND (CC IN ('CCny','CCgn'))",
 "sqlResult": "{34 | 5}",
 "nlq": "What are the maximum and minimum numbers of AAcm students in CCny or CCgn schools in BBfr?"},
{"name": "template 8",
 "sql": "SELECT AA,BB,avg(Value),sum(Value) FROM DBdata WHERE ((AA = 'AAcm' AND BB = 'BBlr') OR (AA = 'Non-AAcm' AND BB = 'BBdz')) AND (CC IN ('CCgn')) GROUP BY AA,BB",
 "sqlResult": "{Non-AAcm | BBdz | 72 | 72} || {AAcm | BBlr | 21 | 21}",
 "nlq": "What are the average and total numbers for each AA and BB, of AAcm students in CCgn schools in BBlr or of Non-AAcm students in CCgn schools in BBdz? Please, report the corresponding AA and BB."},
{"name": "template 9",
 "sql": "SELECT min(Value) FROM DBdata WHERE ((AA = 'AAcm' AND BB = 'BBdz')) AND (CC IN ('CCny','CCgn')) GROUP BY CC",
 "sqlResult": "{3} || {79}",
 "nlq": "What is the minimum number for each CC, of AAcm students in CCny or CCgn schools in BBdz?"},
{"name": "template 10",
 "sql": "SELECT CC,avg(Value) FROM DBdata WHERE ((AA = 'AAcm' AND BB = 'BBdz')) AND (CC IN ('CCny','CCgn')) GROUP BY CC",
 "sqlResult": "{CCny | 3} || {CCgn | 79}",
 "nlq": "What is the average number for each CC, of AAcm students in CCny or CCgn schools in BBdz? Please, report the corresponding CC."},
{"name": "template 11",
 "sql": "SELECT CC,AA,BB,sum(Value) FROM DBdata WHERE ((AA = 'AAcm' AND BB = 'BBlr') OR (AA = 'Non-AAcm' AND BB = 'BBlr') OR (AA = 'AAcm' AND BB = 'BBdz')) AND (CC IN ('CCny','CCgn')) GROUP BY CC,AA,BB",
 "sqlResult": "{CCny | Non-AAcm | BBlr | 48} || {CCny | AAcm | BBlr | 33} || {CCny | AAcm | BBdz | 3} || {CCgn | Non-AAcm | BBlr | 15} || {CCgn | AAcm | BBlr | 21} || {CCgn | AAcm | BBdz | 79}",
 "nlq": "What is the total number for each CC, AA, and BB, of Non-AAcm or AAcm students in CCny or CCgn schools in BBlr or of AAcm students in CCny or CCgn schools in BBdz? Please, report the corresponding CC, AA, and BB."},
{"name": "template 12",
 "sql": "SELECT Value FROM DBdata WHERE ((AA = 'Non-AAcm' AND BB = 'BBfr')) AND (CC IN ('CCny','CCgn')) ORDER BY VALUE DESC LIMIT 2",
 "sqlResult": "{80} || {25}",
 "nlq": "What are the top 2 numbers of Non-AAcm students in CCny or CCgn schools in BBfr?"},
{"name": "template 13",
 "sql": "SELECT Value FROM DBdata WHERE ((AA = 'AAcm' AND BB = 'BBdz')) AND (CC IN ('CCny','CCgn')) ORDER BY VALUE ASC",
 "sqlResult": "{3} || {79}",
 "nlq": "What are the numbers ordered by increasing values of AAcm students in CCny or CCgn schools in BBdz?"},
{"name": "template 14",
 "sql": "SELECT CC FROM DBdata WHERE ((AA = 'AAcm' AND BB = 'BBdz')) AND Value > 39.42",
 "sqlResult": "{CCgn}",
 "nlq": "What is the CC for which the number of AAcm students in BBdz is greater than 39.42?"},
{"name": "template 15",
 "sql": "SELECT CC,Value FROM DBdata WHERE ((AA = 'AAcm' AND BB = 'BBfr')) AND (CC) IN (SELECT CC FROM DBdata WHERE ((AA = 'AAcm' AND BB = 'BBdz')) AND Value > 39.42)",
 "sqlResult": "{CCgn | 5}",
 "nlq": "What is the number of AAcm students in BBfr in CC for which the number of AAcm students in BBdz is greater than 39.42? Please, report the corresponding CC and number of students."}]
}

