{
"filename": "Number_of_students_set84_1_DB.csv",
"questions": [{"name": "template 1",
 "sql": "SELECT Value FROM DBdata WHERE ((BB = 'BBmy' AND AA = 'Non-AAlr')) AND (CC IN ('CCdg'))",
 "sqlResult": "{7}",
 "nlq": "What is the number of Non-AAlr students in CCdg schools in BBmy?"},
{"name": "template 2",
 "sql": "SELECT Value FROM DBdata WHERE ((BB = 'BBmy' AND AA = 'Non-AAlr')) AND (CC IN ('CCdg','CClm'))",
 "sqlResult": "{7} || {73}",
 "nlq": "What is the number of Non-AAlr students in CCdg or CClm schools in BBmy?"},
{"name": "template 3",
 "sql": "SELECT Value FROM DBdata WHERE ((BB = 'BBmy' AND AA = 'AAlr') OR (BB = 'BBpv' AND AA = 'AAlr') OR (BB = 'BBpv' AND AA = 'Non-AAlr') OR (BB = 'BBkp' AND AA = 'AAlr') OR (BB = 'BBkp' AND AA = 'Non-AAlr')) AND (CC IN ('CClm'))",
 "sqlResult": "{11} || {59} || {77} || {41} || {98}",
 "nlq": "What is the number of AAlr students in CClm schools in BBmy, BBpv, or BBkp or of Non-AAlr students in CClm schools in BBpv or BBkp?"},
{"name": "template 4",
 "sql": "SELECT min(Value),max(Value) FROM DBdata WHERE ((BB = 'BBmy' AND AA = 'AAlr') OR (BB = 'BBpv' AND AA = 'AAlr') OR (BB = 'BBpv' AND AA = 'Non-AAlr') OR (BB = 'BBkp' AND AA = 'AAlr') OR (BB = 'BBkp' AND AA = 'Non-AAlr')) AND (CC IN ('CCdg'))",
 "sqlResult": "{51 | 99}",
 "nlq": "What are the minimum and maximum numbers of AAlr students in CCdg schools in BBmy, BBpv, or BBkp or of Non-AAlr students in CCdg schools in BBpv or BBkp?"},
{"name": "template 6",
 "sql": "SELECT Value FROM DBdata WHERE ((BB = 'BBmy' AND AA = 'AAlr') OR (BB = 'BBmy' AND AA = 'Non-AAlr')) AND (CC IN ('CCdg','CClm'))",
 "sqlResult": "{51} || {7} || {11} || {73}",
 "nlq": "What is the number of Non-AAlr or AAlr students in CCdg or CClm schools in BBmy?"},
{"name": "template 7",
 "sql": "SELECT min(Value),sum(Value) FROM DBdata WHERE ((BB = 'BBmy' AND AA = 'Non-AAlr')) AND (CC IN ('CClm'))",
 "sqlResult": "{73 | 73}",
 "nlq": "What are the minimum and total numbers of Non-AAlr students in CClm schools in BBmy?"},
{"name": "template 8",
 "sql": "SELECT BB,AA,avg(Value),sum(Value) FROM DBdata WHERE ((BB = 'BBmy' AND AA = 'AAlr') OR (BB = 'BBmy' AND AA = 'Non-AAlr') OR (BB = 'BBpv' AND AA = 'Non-AAlr') OR (BB = 'BBkp' AND AA = 'Non-AAlr')) AND (CC IN ('CCdg','CClm')) GROUP BY BB,AA",
 "sqlResult": "{BBmy | Non-AAlr | 40 | 80} || {BBmy | AAlr | 31 | 62} || {BBpv | Non-AAlr | 73 | 146} || {BBkp | Non-AAlr | 98.5 | 197}",
 "nlq": "What are the average and total numbers for each BB and AA, of Non-AAlr or AAlr students in CCdg or CClm schools in BBmy or of Non-AAlr students in CCdg or CClm schools in BBpv or BBkp? Please, report the corresponding BB and AA."},
{"name": "template 9",
 "sql": "SELECT min(Value) FROM DBdata WHERE ((BB = 'BBmy' AND AA = 'AAlr')) AND (CC IN ('CCdg','CClm')) GROUP BY CC",
 "sqlResult": "{51} || {11}",
 "nlq": "What is the minimum number for each CC, of AAlr students in CCdg or CClm schools in BBmy?"},
{"name": "template 10",
 "sql": "SELECT CC,max(Value) FROM DBdata WHERE ((BB = 'BBkp' AND AA = 'AAlr')) AND (CC IN ('CCdg','CClm')) GROUP BY CC",
 "sqlResult": "{CCdg | 83} || {CClm | 41}",
 "nlq": "What is the maximum number for each CC, of AAlr students in CCdg or CClm schools in BBkp? Please, report the corresponding CC."},
{"name": "template 11",
 "sql": "SELECT CC,BB,AA,max(Value) FROM DBdata WHERE ((BB = 'BBmy' AND AA = 'Non-AAlr') OR (BB = 'BBkp' AND AA = 'AAlr')) AND (CC IN ('CCdg','CClm')) GROUP BY CC,BB,AA",
 "sqlResult": "{CCdg | BBmy | Non-AAlr | 7} || {CCdg | BBkp | AAlr | 83} || {CClm | BBmy | Non-AAlr | 73} || {CClm | BBkp | AAlr | 41}",
 "nlq": "What is the maximum number for each CC, BB, and AA, of Non-AAlr students in CCdg or CClm schools in BBmy or of AAlr students in CCdg or CClm schools in BBkp? Please, report the corresponding CC, BB, and AA."},
{"name": "template 12",
 "sql": "SELECT Value FROM DBdata WHERE ((BB = 'BBkp' AND AA = 'Non-AAlr')) AND (CC IN ('CCdg','CClm')) ORDER BY VALUE DESC LIMIT 2",
 "sqlResult": "{99} || {98}",
 "nlq": "What are the top 2 numbers of Non-AAlr students in CCdg or CClm schools in BBkp?"},
{"name": "template 13",
 "sql": "SELECT Value FROM DBdata WHERE ((BB = 'BBpv' AND AA = 'Non-AAlr')) AND (CC IN ('CCdg','CClm')) ORDER BY VALUE ASC",
 "sqlResult": "{69} || {77}",
 "nlq": "What are the numbers ordered by increasing values of Non-AAlr students in CCdg or CClm schools in BBpv?"},
{"name": "template 14",
 "sql": "SELECT CC FROM DBdata WHERE ((BB = 'BBpv' AND AA = 'AAlr')) AND Value < 60.33",
 "sqlResult": "{CCdg} || {CClm}",
 "nlq": "What is the CC for which the number of AAlr students in BBpv is lower than 60.33?"},
{"name": "template 15",
 "sql": "SELECT CC,Value FROM DBdata WHERE ((BB = 'BBkp' AND AA = 'AAlr')) AND (CC) IN (SELECT CC FROM DBdata WHERE ((BB = 'BBpv' AND AA = 'AAlr')) AND Value < 60.33)",
 "sqlResult": "{CCdg | 83} || {CClm | 41}",
 "nlq": "What is the number of AAlr students in BBkp in CC for which the number of AAlr students in BBpv is lower than 60.33? Please, report the corresponding CC and number of students."}]
}

