{
"filename": "Number_of_students_set360_5_DB.csv",
"questions": [{"name": "template 1",
 "sql": "SELECT Value FROM DBdata WHERE ((BB = 'BBfkm' AND CC = 'CCjlw' AND AA = 'AAsvx')) AND ((EE = 'EEdkv' AND DD = 'DDjrw'))",
 "sqlResult": "{78}",
 "nlq": "What is the number of AAsvx EEdkv students in DDjrw schools in CCjlw of BBfkm?"},
{"name": "template 2",
 "sql": "SELECT Value FROM DBdata WHERE ((BB = 'BBdmt' AND CC = 'CCjlw' AND AA = 'AAsvx')) AND ((EE = 'EEbhv' AND DD = 'DDjrw') OR (EE = 'EEbhv' AND DD = 'DDhlx') OR (EE = 'EEdkv' AND DD = 'DDjrw') OR (EE = 'EEdkv' AND DD = 'DDhlx'))",
 "sqlResult": "{34} || {6} || {8} || {98}",
 "nlq": "What is the number of AAsvx EEdkv or EEbhv students in DDjrw or DDhlx schools in CCjlw of BBdmt?"},
{"name": "template 3",
 "sql": "SELECT Value FROM DBdata WHERE ((BB = 'BBfkm' AND CC = 'CChvw' AND AA = 'Non-AAsvx') OR (BB = 'BBmtz' AND CC = 'CChvw' AND AA = 'Non-AAsvx') OR (BB = 'BBfkm' AND CC = 'CChvx' AND AA = 'AAsvx') OR (BB = 'BBmtz' AND CC = 'CChvx' AND AA = 'AAsvx') OR (BB = 'BBdfg' AND CC = 'CCjlw' AND AA = 'AAsvx') OR (BB = 'BBdmt' AND CC = 'CCbpr' AND AA = 'AAsvx') OR (BB = 'BBdmt' AND CC = 'CCbpr' AND AA = 'Non-AAsvx') OR (BB = 'BBmtz' AND CC = 'CCbpr' AND AA = 'AAsvx')) AND ((EE = 'EEdkv' AND DD = 'DDhlx'))",
 "sqlResult": "{18} || {89} || {66} || {110} || {77} || {56} || {61} || {32}",
 "nlq": "What is the number of AAsvx EEdkv students in DDhlx schools in CChvx of BBfkm or BBmtz or CCjlw of BBdfg or CCbpr of BBmtz, of Non-AAsvx or AAsvx EEdkv students in DDhlx schools in CCbpr of BBdmt, or of Non-AAsvx EEdkv students in DDhlx schools in CChvw of BBfkm or BBmtz?"},
{"name": "template 4",
 "sql": "SELECT max(Value),min(Value) FROM DBdata WHERE ((BB = 'BBdfg' AND CC = 'CChvw' AND AA = 'AAsvx') OR (BB = 'BBfkm' AND CC = 'CChvx' AND AA = 'AAsvx') OR (BB = 'BBdmt' AND CC = 'CCjlw' AND AA = 'Non-AAsvx') OR (BB = 'BBfkm' AND CC = 'CCjlw' AND AA = 'AAsvx') OR (BB = 'BBmtz' AND CC = 'CCjlw' AND AA = 'AAsvx') OR (BB = 'BBmtz' AND CC = 'CCjlw' AND AA = 'Non-AAsvx') OR (BB = 'BBdfg' AND CC = 'CCbpr' AND AA = 'Non-AAsvx') OR (BB = 'BBfkm' AND CC = 'CCbpr' AND AA = 'Non-AAsvx') OR (BB = 'BBmtz' AND CC = 'CCbpr' AND AA = 'Non-AAsvx')) AND ((EE = 'EEbhv' AND DD = 'DDjrw'))",
 "sqlResult": "{103 | 4}",
 "nlq": "What are the maximum and minimum numbers of AAsvx EEbhv students in DDjrw schools in CChvw of BBdfg or CChvx or CCjlw of BBfkm or CCjlw of BBmtz or of Non-AAsvx EEbhv students in DDjrw schools in CCjlw of BBdmt or BBmtz or CCbpr of BBdfg, BBfkm, or BBmtz?"},
{"name": "template 5",
 "sql": "SELECT sum(Value) FROM DBdata WHERE BB = 'BBfkm' AND CC = 'CCbpr' AND (AA IN ('AAsvx','Non-AAsvx')) AND ((EE = 'EEdkv' AND DD = 'DDhlx'))",
 "sqlResult": "{191}",
 "nlq": "What is the total number of Non-AAsvx or AAsvx EEdkv students in DDhlx schools in CCbpr of BBfkm?"},
{"name": "template 6",
 "sql": "SELECT Value FROM DBdata WHERE ((BB = 'BBdfg' AND CC = 'CChvw' AND AA = 'AAsvx') OR (BB = 'BBdmt' AND CC = 'CCjlw' AND AA = 'Non-AAsvx') OR (BB = 'BBmtz' AND CC = 'CCjlw' AND AA = 'AAsvx') OR (BB = 'BBmtz' AND CC = 'CCjlw' AND AA = 'Non-AAsvx') OR (BB = 'BBdmt' AND CC = 'CCbpr' AND AA = 'AAsvx')) AND ((EE = 'EEbhv' AND DD = 'DDjrw') OR (EE = 'EEbhv' AND DD = 'DDhlx') OR (EE = 'EEdkv' AND DD = 'DDjrw') OR (EE = 'EEdkv' AND DD = 'DDhlx'))",
 "sqlResult": "{4} || {103} || {99} || {92} || {12} || {10} || {126} || {118} || {106} || {38} || {64} || {14} || {117} || {31} || {46} || {47} || {83} || {74} || {24} || {56}",
 "nlq": "What is the number of AAsvx EEdkv or EEbhv students in DDjrw or DDhlx schools in CChvw of BBdfg or CCbpr of BBdmt, of Non-AAsvx EEdkv or EEbhv students in DDjrw or DDhlx schools in CCjlw of BBdmt, or of Non-AAsvx or AAsvx EEdkv or EEbhv students in DDjrw or DDhlx schools in CCjlw of BBmtz?"},
{"name": "template 7",
 "sql": "SELECT avg(Value),sum(Value) FROM DBdata WHERE ((BB = 'BBmtz' AND CC = 'CCbpr' AND AA = 'AAsvx')) AND ((EE = 'EEbhv' AND DD = 'DDjrw') OR (EE = 'EEbhv' AND DD = 'DDhlx') OR (EE = 'EEdkv' AND DD = 'DDjrw') OR (EE = 'EEdkv' AND DD = 'DDhlx'))",
 "sqlResult": "{57.5 | 230}",
 "nlq": "What are the average and total numbers of AAsvx EEdkv or EEbhv students in DDjrw or DDhlx schools in CCbpr of BBmtz?"},
{"name": "template 8",
 "sql": "SELECT BB,CC,AA,sum(Value),min(Value) FROM DBdata WHERE ((BB = 'BBmtz' AND CC = 'CChvw' AND AA = 'Non-AAsvx') OR (BB = 'BBdfg' AND CC = 'CCbpr' AND AA = 'Non-AAsvx')) AND ((EE = 'EEbhv' AND DD = 'DDhlx') OR (EE = 'EEdkv' AND DD = 'DDjrw')) GROUP BY BB,CC,AA",
 "sqlResult": "{BBdfg | CCbpr | Non-AAsvx | 54 | 9} || {BBmtz | CChvw | Non-AAsvx | 110 | 19}",
 "nlq": "What are the total and minimum numbers for each BB, CC, and AA, of Non-AAsvx EEdkv students in DDjrw schools or Non-AAsvx EEbhv students in DDhlx schools in CChvw of BBmtz or CCbpr of BBdfg? Please, report the corresponding BB, CC, and AA."},
{"name": "template 9",
 "sql": "SELECT min(Value) FROM DBdata WHERE ((BB = 'BBmtz' AND CC = 'CCjlw' AND AA = 'AAsvx')) AND (EE IN ('EEbhv','EEdkv')) GROUP BY EE",
 "sqlResult": "{74} || {99}",
 "nlq": "What is the minimum number for each EE, of AAsvx EEdkv or EEbhv students in CCjlw of BBmtz?"},
{"name": "template 10",
 "sql": "SELECT EE,max(Value) FROM DBdata WHERE ((BB = 'BBmtz' AND CC = 'CCjlw' AND AA = 'AAsvx')) AND (EE IN ('EEbhv','EEdkv')) GROUP BY EE",
 "sqlResult": "{EEdkv | 117} || {EEbhv | 118}",
 "nlq": "What is the maximum number for each EE, of AAsvx EEdkv or EEbhv students in CCjlw of BBmtz? Please, report the corresponding EE."},
{"name": "template 11",
 "sql": "SELECT EE,BB,CC,AA,min(Value) FROM DBdata WHERE ((BB = 'BBdmt' AND CC = 'CChvx' AND AA = 'AAsvx') OR (BB = 'BBdmt' AND CC = 'CCbpr' AND AA = 'AAsvx')) AND (EE IN ('EEbhv','EEdkv')) GROUP BY EE,BB,CC,AA",
 "sqlResult": "{EEdkv | BBdmt | CChvx | AAsvx | 37} || {EEdkv | BBdmt | CCbpr | AAsvx | 46} || {EEbhv | BBdmt | CChvx | AAsvx | 59} || {EEbhv | BBdmt | CCbpr | AAsvx | 12}",
 "nlq": "What is the minimum number for each EE, BB, CC, and AA, of AAsvx EEdkv or EEbhv students in CChvx or CCbpr of BBdmt? Please, report the corresponding EE, BB, CC, and AA."},
{"name": "template 12",
 "sql": "SELECT Value FROM DBdata WHERE ((BB = 'BBdmt' AND CC = 'CChvx' AND AA = 'Non-AAsvx')) AND (EE IN ('EEbhv','EEdkv')) ORDER BY VALUE DESC LIMIT 3",
 "sqlResult": "{88} || {69} || {62}",
 "nlq": "What are the top 3 numbers of Non-AAsvx EEdkv or EEbhv students in CChvx of BBdmt?"},
{"name": "template 13",
 "sql": "SELECT Value FROM DBdata WHERE ((BB = 'BBdfg' AND CC = 'CCjlw' AND AA = 'Non-AAsvx')) AND (EE IN ('EEbhv','EEdkv')) ORDER BY VALUE ASC",
 "sqlResult": "{3} || {41} || {52} || {123}",
 "nlq": "What are the numbers ordered by increasing values of Non-AAsvx EEdkv or EEbhv students in CCjlw of BBdfg?"},
{"name": "template 14",
 "sql": "SELECT EE,DD FROM DBdata WHERE ((BB = 'BBdmt' AND CC = 'CChvx' AND AA = 'AAsvx')) AND Value < 63.56",
 "sqlResult": "{EEbhv | DDjrw} || {EEdkv | DDjrw}",
 "nlq": "What are the EE and DD for which the number of AAsvx students in CChvx of BBdmt is lower than 63.56?"},
{"name": "template 15",
 "sql": "SELECT EE,DD,Value FROM DBdata WHERE ((BB = 'BBdfg' AND CC = 'CChvw' AND AA = 'Non-AAsvx')) AND (EE,DD) IN (SELECT EE,DD FROM DBdata WHERE ((BB = 'BBdmt' AND CC = 'CChvx' AND AA = 'AAsvx')) AND Value < 63.56)",
 "sqlResult": "{EEbhv | DDjrw | 58} || {EEdkv | DDjrw | 68}",
 "nlq": "What is the number of Non-AAsvx students in CChvw of BBdfg of EE and in DD for which the number of AAsvx students in CChvx of BBdmt is lower than 63.56? Please, report the corresponding EE, DD, and number of students."}]
}

