{
"filename": "Number_of_students_set79_4_DB.csv",
"questions": [{"name": "template 1",
 "sql": "SELECT Value FROM DBdata WHERE ((AA = 'Non-AAmz' AND BB = 'BBpw')) AND (CC IN ('CCfj'))",
 "sqlResult": "{7}",
 "nlq": "What is the number of Non-AAmz students in CCfj schools in BBpw?"},
{"name": "template 2",
 "sql": "SELECT Value FROM DBdata WHERE ((AA = 'Non-AAmz' AND BB = 'BBpw')) AND (CC IN ('CCqt'))",
 "sqlResult": "{28}",
 "nlq": "What is the number of Non-AAmz students in CCqt schools in BBpw?"},
{"name": "template 3",
 "sql": "SELECT Value FROM DBdata WHERE ((AA = 'AAmz' AND BB = 'BBmy') OR (AA = 'Non-AAmz' AND BB = 'BBmr')) AND (CC IN ('CCfj'))",
 "sqlResult": "{48} || {63}",
 "nlq": "What is the number of AAmz students in CCfj schools in BBmy or of Non-AAmz students in CCfj schools in BBmr?"},
{"name": "template 4",
 "sql": "SELECT avg(Value),sum(Value) FROM DBdata WHERE ((AA = 'AAmz' AND BB = 'BBsv') OR (AA = 'AAmz' AND BB = 'BBpw') OR (AA = 'AAmz' AND BB = 'BBmy') OR (AA = 'Non-AAmz' AND BB = 'BBmy') OR (AA = 'AAmz' AND BB = 'BBmr') OR (AA = 'Non-AAmz' AND BB = 'BBmr')) AND (CC IN ('CCfj'))",
 "sqlResult": "{63.83 | 383}",
 "nlq": "What are the average and total numbers of AAmz students in CCfj schools in BBsv, BBpw, BBmy, or BBmr or of Non-AAmz students in CCfj schools in BBmy or BBmr?"},
{"name": "template 6",
 "sql": "SELECT Value FROM DBdata WHERE ((AA = 'Non-AAmz' AND BB = 'BBsv') OR (AA = 'Non-AAmz' AND BB = 'BBpw') OR (AA = 'AAmz' AND BB = 'BBmy') OR (AA = 'Non-AAmz' AND BB = 'BBmy') OR (AA = 'AAmz' AND BB = 'BBmr')) AND (CC IN ('CCqt','CCfj'))",
 "sqlResult": "{16} || {28} || {23} || {42} || {27} || {5} || {7} || {48} || {93} || {84}",
 "nlq": "What is the number of Non-AAmz students in CCqt or CCfj schools in BBsv, BBpw, or BBmy or of AAmz students in CCqt or CCfj schools in BBmy or BBmr?"},
{"name": "template 7",
 "sql": "SELECT min(Value),sum(Value) FROM DBdata WHERE ((AA = 'AAmz' AND BB = 'BBmy')) AND (CC IN ('CCqt','CCfj'))",
 "sqlResult": "{23 | 71}",
 "nlq": "What are the minimum and total numbers of AAmz students in CCqt or CCfj schools in BBmy?"},
{"name": "template 8",
 "sql": "SELECT AA,BB,max(Value),min(Value) FROM DBdata WHERE ((AA = 'AAmz' AND BB = 'BBsv') OR (AA = 'Non-AAmz' AND BB = 'BBpw') OR (AA = 'Non-AAmz' AND BB = 'BBmr')) AND (CC IN ('CCqt','CCfj')) GROUP BY AA,BB",
 "sqlResult": "{Non-AAmz | BBpw | 28 | 7} || {Non-AAmz | BBmr | 63 | 41} || {AAmz | BBsv | 70 | 12}",
 "nlq": "What are the maximum and minimum numbers for each AA and BB, of AAmz students in CCqt or CCfj schools in BBsv or of Non-AAmz students in CCqt or CCfj schools in BBpw or BBmr? Please, report the corresponding AA and BB."},
{"name": "template 9",
 "sql": "SELECT min(Value) FROM DBdata WHERE ((AA = 'Non-AAmz' AND BB = 'BBpw')) AND (CC IN ('CCqt','CCfj')) GROUP BY CC",
 "sqlResult": "{28} || {7}",
 "nlq": "What is the minimum number for each CC, of Non-AAmz students in CCqt or CCfj schools in BBpw?"},
{"name": "template 10",
 "sql": "SELECT CC,min(Value) FROM DBdata WHERE ((AA = 'Non-AAmz' AND BB = 'BBsv')) AND (CC IN ('CCqt','CCfj')) GROUP BY CC",
 "sqlResult": "{CCqt | 16} || {CCfj | 5}",
 "nlq": "What is the minimum number for each CC, of Non-AAmz students in CCqt or CCfj schools in BBsv? Please, report the corresponding CC."},
{"name": "template 11",
 "sql": "SELECT CC,AA,BB,sum(Value) FROM DBdata WHERE ((AA = 'AAmz' AND BB = 'BBpw') OR (AA = 'Non-AAmz' AND BB = 'BBpw')) AND (CC IN ('CCqt','CCfj')) GROUP BY CC,AA,BB",
 "sqlResult": "{CCqt | Non-AAmz | BBpw | 28} || {CCqt | AAmz | BBpw | 40} || {CCfj | Non-AAmz | BBpw | 7} || {CCfj | AAmz | BBpw | 25}",
 "nlq": "What is the total number for each CC, AA, and BB, of Non-AAmz or AAmz students in CCqt or CCfj schools in BBpw? Please, report the corresponding CC, AA, and BB."},
{"name": "template 12",
 "sql": "SELECT Value FROM DBdata WHERE ((AA = 'Non-AAmz' AND BB = 'BBsv')) AND (CC IN ('CCqt','CCfj')) ORDER BY VALUE ASC LIMIT 2",
 "sqlResult": "{5} || {16}",
 "nlq": "What are the bottom 2 numbers of Non-AAmz students in CCqt or CCfj schools in BBsv?"},
{"name": "template 13",
 "sql": "SELECT Value FROM DBdata WHERE ((AA = 'AAmz' AND BB = 'BBmy')) AND (CC IN ('CCqt','CCfj')) ORDER BY VALUE ASC",
 "sqlResult": "{23} || {48}",
 "nlq": "What are the numbers ordered by increasing values of AAmz students in CCqt or CCfj schools in BBmy?"},
{"name": "template 14",
 "sql": "SELECT CC FROM DBdata WHERE ((AA = 'AAmz' AND BB = 'BBmy')) AND Value > 39",
 "sqlResult": "{CCfj}",
 "nlq": "What is the CC for which the number of AAmz students in BBmy is greater than 39?"},
{"name": "template 15",
 "sql": "SELECT CC,Value FROM DBdata WHERE ((AA = 'Non-AAmz' AND BB = 'BBmr')) AND (CC) IN (SELECT CC FROM DBdata WHERE ((AA = 'AAmz' AND BB = 'BBmy')) AND Value > 39)",
 "sqlResult": "{CCfj | 63}",
 "nlq": "What is the number of Non-AAmz students in BBmr in CC for which the number of AAmz students in BBmy is greater than 39? Please, report the corresponding CC and number of students."}]
}

