{
"filename": "Number_of_students_set79_2_DB.csv",
"questions": [{"name": "template 1",
 "sql": "SELECT Value FROM DBdata WHERE ((Nationality = 'Qatari' AND Year = '2015/2016')) AND (School_type IN ('Private'))",
 "sqlResult": "{48}",
 "nlq": "What is the number of Qatari students in Private schools in 2015/2016?"},
{"name": "template 2",
 "sql": "SELECT Value FROM DBdata WHERE ((Nationality = 'Qatari' AND Year = '2016/2017')) AND (School_type IN ('Government','Private'))",
 "sqlResult": "{12} || {88}",
 "nlq": "What is the number of Qatari students in Government or Private schools in 2016/2017?"},
{"name": "template 3",
 "sql": "SELECT Value FROM DBdata WHERE ((Nationality = 'Qatari' AND Year = '2015/2016') OR (Nationality = 'Non-Qatari' AND Year = '2015/2016') OR (Nationality = 'Qatari' AND Year = '2016/2017')) AND (School_type IN ('Government'))",
 "sqlResult": "{73} || {3} || {12}",
 "nlq": "What is the number of Non-Qatari or Qatari students in Government schools in 2015/2016 or of Qatari students in Government schools in 2016/2017?"},
{"name": "template 4",
 "sql": "SELECT max(Value),avg(Value) FROM DBdata WHERE ((Nationality = 'Qatari' AND Year = '2015/2016') OR (Nationality = 'Qatari' AND Year = '2016/2017') OR (Nationality = 'Non-Qatari' AND Year = '2016/2017')) AND (School_type IN ('Government'))",
 "sqlResult": "{73 | 45.67}",
 "nlq": "What are the maximum and average numbers of Qatari students in Government schools in 2015/2016 or 2016/2017 or of Non-Qatari students in Government schools in 2016/2017?"},
{"name": "template 6",
 "sql": "SELECT Value FROM DBdata WHERE ((Nationality = 'Qatari' AND Year = '2015/2016') OR (Nationality = 'Non-Qatari' AND Year = '2016/2017')) AND (School_type IN ('Government'))",
 "sqlResult": "{73} || {52}",
 "nlq": "What is the number of Qatari students in Government schools in 2015/2016 or of Non-Qatari students in Government schools in 2016/2017?"},
{"name": "template 7",
 "sql": "SELECT max(Value),min(Value) FROM DBdata WHERE ((Nationality = 'Non-Qatari' AND Year = '2016/2017')) AND (School_type IN ('Private'))",
 "sqlResult": "{10 | 10}",
 "nlq": "What are the maximum and minimum numbers of Non-Qatari students in Private schools in 2016/2017?"},
{"name": "template 8",
 "sql": "SELECT Nationality,Year,avg(Value),max(Value) FROM DBdata WHERE ((Nationality = 'Qatari' AND Year = '2015/2016') OR (Nationality = 'Non-Qatari' AND Year = '2015/2016') OR (Nationality = 'Qatari' AND Year = '2016/2017') OR (Nationality = 'Non-Qatari' AND Year = '2016/2017')) AND (School_type IN ('Government','Private')) GROUP BY Nationality,Year",
 "sqlResult": "{Non-Qatari | 2015/2016 | 28 | 53} || {Non-Qatari | 2016/2017 | 31 | 52} || {Qatari | 2015/2016 | 60.5 | 73} || {Qatari | 2016/2017 | 50 | 88}",
 "nlq": "What are the average and maximum numbers for each Nationality and Year, of Non-Qatari or Qatari students in Government or Private schools in 2015/2016 or 2016/2017? Please, report the corresponding Nationality and Year."},
{"name": "template 9",
 "sql": "SELECT min(Value) FROM DBdata WHERE ((Nationality = 'Qatari' AND Year = '2015/2016')) AND (School_type IN ('Government','Private')) GROUP BY School_type",
 "sqlResult": "{73} || {48}",
 "nlq": "What is the minimum number for each School type, of Qatari students in Government or Private schools in 2015/2016?"},
{"name": "template 10",
 "sql": "SELECT School_type,min(Value) FROM DBdata WHERE ((Nationality = 'Non-Qatari' AND Year = '2015/2016')) AND (School_type IN ('Government','Private')) GROUP BY School_type",
 "sqlResult": "{Government | 3} || {Private | 53}",
 "nlq": "What is the minimum number for each School type, of Non-Qatari students in Government or Private schools in 2015/2016? Please, report the corresponding School type."},
{"name": "template 11",
 "sql": "SELECT School_type,Nationality,Year,avg(Value) FROM DBdata WHERE ((Nationality = 'Qatari' AND Year = '2015/2016') OR (Nationality = 'Non-Qatari' AND Year = '2015/2016') OR (Nationality = 'Non-Qatari' AND Year = '2016/2017')) AND (School_type IN ('Government','Private')) GROUP BY School_type,Nationality,Year",
 "sqlResult": "{Government | Non-Qatari | 2015/2016 | 3} || {Government | Non-Qatari | 2016/2017 | 52} || {Government | Qatari | 2015/2016 | 73} || {Private | Non-Qatari | 2015/2016 | 53} || {Private | Non-Qatari | 2016/2017 | 10} || {Private | Qatari | 2015/2016 | 48}",
 "nlq": "What is the average number for each School type, Nationality, and Year, of Non-Qatari or Qatari students in Government or Private schools in 2015/2016 or of Non-Qatari students in Government or Private schools in 2016/2017? Please, report the corresponding School type, Nationality, and Year."},
{"name": "template 12",
 "sql": "SELECT Value FROM DBdata WHERE ((Nationality = 'Non-Qatari' AND Year = '2015/2016')) AND (School_type IN ('Government','Private')) ORDER BY VALUE DESC LIMIT 2",
 "sqlResult": "{53} || {3}",
 "nlq": "What are the top 2 numbers of Non-Qatari students in Government or Private schools in 2015/2016?"},
{"name": "template 13",
 "sql": "SELECT Value FROM DBdata WHERE ((Nationality = 'Qatari' AND Year = '2015/2016')) AND (School_type IN ('Government','Private')) ORDER BY VALUE DESC",
 "sqlResult": "{73} || {48}",
 "nlq": "What are the numbers ordered by decreasing values of Qatari students in Government or Private schools in 2015/2016?"},
{"name": "template 14",
 "sql": "SELECT School_type FROM DBdata WHERE ((Nationality = 'Non-Qatari' AND Year = '2015/2016')) AND Value > 42.38",
 "sqlResult": "{Private}",
 "nlq": "What is the School type for which the number of Non-Qatari students in 2015/2016 is greater than 42.38?"},
{"name": "template 15",
 "sql": "SELECT School_type,Value FROM DBdata WHERE ((Nationality = 'Non-Qatari' AND Year = '2016/2017')) AND (School_type) IN (SELECT School_type FROM DBdata WHERE ((Nationality = 'Non-Qatari' AND Year = '2015/2016')) AND Value > 42.38)",
 "sqlResult": "{Private | 10}",
 "nlq": "What is the number of Non-Qatari students in 2016/2017 in School type for which the number of Non-Qatari students in 2015/2016 is greater than 42.38? Please, report the corresponding School type and number of students."}]
}
