{
"filename": "Number_of_students_set80_4_DB.csv",
"questions": [{"name": "template 1",
 "sql": "SELECT Value FROM DBdata WHERE ((BB = 'BBbl' AND AA = 'Non-AAlq')) AND (CC IN ('CClv'))",
 "sqlResult": "{6}",
 "nlq": "What is the number of Non-AAlq students in CClv schools in BBbl?"},
{"name": "template 2",
 "sql": "SELECT Value FROM DBdata WHERE ((BB = 'BBbl' AND AA = 'AAlq')) AND (CC IN ('CCcm'))",
 "sqlResult": "{41}",
 "nlq": "What is the number of AAlq students in CCcm schools in BBbl?"},
{"name": "template 3",
 "sql": "SELECT Value FROM DBdata WHERE ((BB = 'BBbf' AND AA = 'AAlq') OR (BB = 'BBbf' AND AA = 'Non-AAlq') OR (BB = 'BBhl' AND AA = 'AAlq') OR (BB = 'BBhl' AND AA = 'Non-AAlq') OR (BB = 'BBbl' AND AA = 'Non-AAlq')) AND (CC IN ('CCcm'))",
 "sqlResult": "{81} || {69} || {43} || {2} || {51}",
 "nlq": "What is the number of Non-AAlq or AAlq students in CCcm schools in BBbf or BBhl or of Non-AAlq students in CCcm schools in BBbl?"},
{"name": "template 4",
 "sql": "SELECT sum(Value),avg(Value) FROM DBdata WHERE ((BB = 'BBbf' AND AA = 'Non-AAlq') OR (BB = 'BBhl' AND AA = 'AAlq')) AND (CC IN ('CClv'))",
 "sqlResult": "{66 | 33}",
 "nlq": "What are the total and average numbers of Non-AAlq students in CClv schools in BBbf or of AAlq students in CClv schools in BBhl?"},
{"name": "template 6",
 "sql": "SELECT Value FROM DBdata WHERE ((BB = 'BBbf' AND AA = 'Non-AAlq') OR (BB = 'BBhl' AND AA = 'AAlq') OR (BB = 'BBbl' AND AA = 'AAlq') OR (BB = 'BBbl' AND AA = 'Non-AAlq')) AND (CC IN ('CCcm'))",
 "sqlResult": "{69} || {43} || {41} || {51}",
 "nlq": "What is the number of Non-AAlq students in CCcm schools in BBbf or BBbl or of AAlq students in CCcm schools in BBhl or BBbl?"},
{"name": "template 7",
 "sql": "SELECT sum(Value),max(Value) FROM DBdata WHERE ((BB = 'BBbf' AND AA = 'AAlq')) AND (CC IN ('CCcm','CClv'))",
 "sqlResult": "{172 | 91}",
 "nlq": "What are the total and maximum numbers of AAlq students in CCcm or CClv schools in BBbf?"},
{"name": "template 8",
 "sql": "SELECT BB,AA,avg(Value),max(Value) FROM DBdata WHERE ((BB = 'BBbf' AND AA = 'AAlq') OR (BB = 'BBbf' AND AA = 'Non-AAlq') OR (BB = 'BBhl' AND AA = 'AAlq') OR (BB = 'BBhl' AND AA = 'Non-AAlq')) AND (CC IN ('CCcm')) GROUP BY BB,AA",
 "sqlResult": "{BBbf | Non-AAlq | 69 | 69} || {BBbf | AAlq | 81 | 81} || {BBhl | Non-AAlq | 2 | 2} || {BBhl | AAlq | 43 | 43}",
 "nlq": "What are the average and maximum numbers for each BB and AA, of Non-AAlq or AAlq students in CCcm schools in BBbf or BBhl? Please, report the corresponding BB and AA."},
{"name": "template 9",
 "sql": "SELECT min(Value) FROM DBdata WHERE ((BB = 'BBbl' AND AA = 'Non-AAlq')) AND (CC IN ('CCcm','CClv')) GROUP BY CC",
 "sqlResult": "{51} || {6}",
 "nlq": "What is the minimum number for each CC, of Non-AAlq students in CCcm or CClv schools in BBbl?"},
{"name": "template 10",
 "sql": "SELECT CC,min(Value) FROM DBdata WHERE ((BB = 'BBbl' AND AA = 'AAlq')) AND (CC IN ('CCcm','CClv')) GROUP BY CC",
 "sqlResult": "{CCcm | 41} || {CClv | 63}",
 "nlq": "What is the minimum number for each CC, of AAlq students in CCcm or CClv schools in BBbl? Please, report the corresponding CC."},
{"name": "template 11",
 "sql": "SELECT CC,BB,AA,sum(Value) FROM DBdata WHERE ((BB = 'BBhl' AND AA = 'Non-AAlq') OR (BB = 'BBbl' AND AA = 'AAlq') OR (BB = 'BBbl' AND AA = 'Non-AAlq')) AND (CC IN ('CCcm','CClv')) GROUP BY CC,BB,AA",
 "sqlResult": "{CCcm | BBhl | Non-AAlq | 2} || {CCcm | BBbl | Non-AAlq | 51} || {CCcm | BBbl | AAlq | 41} || {CClv | BBhl | Non-AAlq | 84} || {CClv | BBbl | Non-AAlq | 6} || {CClv | BBbl | AAlq | 63}",
 "nlq": "What is the total number for each CC, BB, and AA, of Non-AAlq students in CCcm or CClv schools in BBhl or of Non-AAlq or AAlq students in CCcm or CClv schools in BBbl? Please, report the corresponding CC, BB, and AA."},
{"name": "template 12",
 "sql": "SELECT Value FROM DBdata WHERE ((BB = 'BBhl' AND AA = 'Non-AAlq')) AND (CC IN ('CCcm','CClv')) ORDER BY VALUE DESC LIMIT 2",
 "sqlResult": "{84} || {2}",
 "nlq": "What are the top 2 numbers of Non-AAlq students in CCcm or CClv schools in BBhl?"},
{"name": "template 13",
 "sql": "SELECT Value FROM DBdata WHERE ((BB = 'BBhl' AND AA = 'Non-AAlq')) AND (CC IN ('CCcm','CClv')) ORDER BY VALUE ASC",
 "sqlResult": "{2} || {84}",
 "nlq": "What are the numbers ordered by increasing values of Non-AAlq students in CCcm or CClv schools in BBhl?"},
{"name": "template 14",
 "sql": "SELECT CC FROM DBdata WHERE ((BB = 'BBbf' AND AA = 'AAlq')) AND Value > 49.75",
 "sqlResult": "{CCcm} || {CClv}",
 "nlq": "What is the CC for which the number of AAlq students in BBbf is greater than 49.75?"},
{"name": "template 15",
 "sql": "SELECT CC,Value FROM DBdata WHERE ((BB = 'BBhl' AND AA = 'Non-AAlq')) AND (CC) IN (SELECT CC FROM DBdata WHERE ((BB = 'BBbf' AND AA = 'AAlq')) AND Value > 49.75)",
 "sqlResult": "{CCcm | 2} || {CClv | 84}",
 "nlq": "What is the number of Non-AAlq students in BBhl in CC for which the number of AAlq students in BBbf is greater than 49.75? Please, report the corresponding CC and number of students."}]
}

