{
"filename": "Number_of_students_set78_1_DB.csv",
"questions": [{"name": "template 1",
 "sql": "SELECT Value FROM DBdata WHERE ((AA = 'AAkr' AND BB = 'BBlx')) AND (CC IN ('CCnt'))",
 "sqlResult": "{58}",
 "nlq": "What is the number of AAkr students in CCnt schools in BBlx?"},
{"name": "template 2",
 "sql": "SELECT Value FROM DBdata WHERE ((AA = 'AAkr' AND BB = 'BBmy')) AND (CC IN ('CCnt'))",
 "sqlResult": "{12}",
 "nlq": "What is the number of AAkr students in CCnt schools in BBmy?"},
{"name": "template 3",
 "sql": "SELECT Value FROM DBdata WHERE ((AA = 'Non-AAkr' AND BB = 'BBcn') OR (AA = 'Non-AAkr' AND BB = 'BBmy') OR (AA = 'AAkr' AND BB = 'BBlx') OR (AA = 'Non-AAkr' AND BB = 'BBlx') OR (AA = 'AAkr' AND BB = 'BBkw') OR (AA = 'Non-AAkr' AND BB = 'BBkw')) AND (CC IN ('CCnt'))",
 "sqlResult": "{41} || {33} || {58} || {6} || {46} || {2}",
 "nlq": "What is the number of Non-AAkr students in CCnt schools in BBcn, BBmy, BBlx, or BBkw or of AAkr students in CCnt schools in BBlx or BBkw?"},
{"name": "template 4",
 "sql": "SELECT max(Value),avg(Value) FROM DBdata WHERE ((AA = 'AAkr' AND BB = 'BBcn') OR (AA = 'AAkr' AND BB = 'BBmy') OR (AA = 'Non-AAkr' AND BB = 'BBmy') OR (AA = 'AAkr' AND BB = 'BBlx') OR (AA = 'Non-AAkr' AND BB = 'BBlx') OR (AA = 'Non-AAkr' AND BB = 'BBkw')) AND (CC IN ('CCnt'))",
 "sqlResult": "{83 | 32.33}",
 "nlq": "What are the maximum and average numbers of AAkr students in CCnt schools in BBcn, BBmy, or BBlx or of Non-AAkr students in CCnt schools in BBmy, BBlx, or BBkw?"},
{"name": "template 6",
 "sql": "SELECT Value FROM DBdata WHERE ((AA = 'AAkr' AND BB = 'BBmy') OR (AA = 'AAkr' AND BB = 'BBlx') OR (AA = 'Non-AAkr' AND BB = 'BBlx') OR (AA = 'Non-AAkr' AND BB = 'BBkw')) AND (CC IN ('CCdv'))",
 "sqlResult": "{95} || {62} || {7} || {39}",
 "nlq": "What is the number of AAkr students in CCdv schools in BBmy or BBlx or of Non-AAkr students in CCdv schools in BBlx or BBkw?"},
{"name": "template 7",
 "sql": "SELECT min(Value),max(Value) FROM DBdata WHERE ((AA = 'Non-AAkr' AND BB = 'BBkw')) AND (CC IN ('CCdv'))",
 "sqlResult": "{39 | 39}",
 "nlq": "What are the minimum and maximum numbers of Non-AAkr students in CCdv schools in BBkw?"},
{"name": "template 8",
 "sql": "SELECT AA,BB,max(Value),sum(Value) FROM DBdata WHERE ((AA = 'Non-AAkr' AND BB = 'BBmy') OR (AA = 'AAkr' AND BB = 'BBlx') OR (AA = 'Non-AAkr' AND BB = 'BBlx') OR (AA = 'Non-AAkr' AND BB = 'BBkw')) AND (CC IN ('CCnt','CCdv')) GROUP BY AA,BB",
 "sqlResult": "{Non-AAkr | BBmy | 33 | 60} || {Non-AAkr | BBlx | 7 | 13} || {Non-AAkr | BBkw | 39 | 41} || {AAkr | BBlx | 62 | 120}",
 "nlq": "What are the maximum and total numbers for each AA and BB, of Non-AAkr students in CCnt or CCdv schools in BBmy, BBlx, or BBkw or of AAkr students in CCnt or CCdv schools in BBlx? Please, report the corresponding AA and BB."},
{"name": "template 9",
 "sql": "SELECT min(Value) FROM DBdata WHERE ((AA = 'Non-AAkr' AND BB = 'BBkw')) AND (CC IN ('CCnt','CCdv')) GROUP BY CC",
 "sqlResult": "{2} || {39}",
 "nlq": "What is the minimum number for each CC, of Non-AAkr students in CCnt or CCdv schools in BBkw?"},
{"name": "template 10",
 "sql": "SELECT CC,sum(Value) FROM DBdata WHERE ((AA = 'AAkr' AND BB = 'BBkw')) AND (CC IN ('CCnt','CCdv')) GROUP BY CC",
 "sqlResult": "{CCnt | 46} || {CCdv | 100}",
 "nlq": "What is the total number for each CC, of AAkr students in CCnt or CCdv schools in BBkw? Please, report the corresponding CC."},
{"name": "template 11",
 "sql": "SELECT CC,AA,BB,avg(Value) FROM DBdata WHERE ((AA = 'AAkr' AND BB = 'BBmy') OR (AA = 'Non-AAkr' AND BB = 'BBmy') OR (AA = 'AAkr' AND BB = 'BBlx')) AND (CC IN ('CCnt','CCdv')) GROUP BY CC,AA,BB",
 "sqlResult": "{CCnt | Non-AAkr | BBmy | 33} || {CCnt | AAkr | BBmy | 12} || {CCnt | AAkr | BBlx | 58} || {CCdv | Non-AAkr | BBmy | 27} || {CCdv | AAkr | BBmy | 95} || {CCdv | AAkr | BBlx | 62}",
 "nlq": "What is the average number for each CC, AA, and BB, of Non-AAkr or AAkr students in CCnt or CCdv schools in BBmy or of AAkr students in CCnt or CCdv schools in BBlx? Please, report the corresponding CC, AA, and BB."},
{"name": "template 12",
 "sql": "SELECT Value FROM DBdata WHERE ((AA = 'AAkr' AND BB = 'BBcn')) AND (CC IN ('CCnt','CCdv')) ORDER BY VALUE DESC LIMIT 2",
 "sqlResult": "{83} || {16}",
 "nlq": "What are the top 2 numbers of AAkr students in CCnt or CCdv schools in BBcn?"},
{"name": "template 13",
 "sql": "SELECT Value FROM DBdata WHERE ((AA = 'Non-AAkr' AND BB = 'BBkw')) AND (CC IN ('CCnt','CCdv')) ORDER BY VALUE DESC",
 "sqlResult": "{39} || {2}",
 "nlq": "What are the numbers ordered by decreasing values of Non-AAkr students in CCnt or CCdv schools in BBkw?"},
{"name": "template 14",
 "sql": "SELECT CC FROM DBdata WHERE ((AA = 'AAkr' AND BB = 'BBcn')) AND Value > 42.19",
 "sqlResult": "{CCnt}",
 "nlq": "What is the CC for which the number of AAkr students in BBcn is greater than 42.19?"},
{"name": "template 15",
 "sql": "SELECT CC,Value FROM DBdata WHERE ((AA = 'Non-AAkr' AND BB = 'BBmy')) AND (CC) IN (SELECT CC FROM DBdata WHERE ((AA = 'AAkr' AND BB = 'BBcn')) AND Value > 42.19)",
 "sqlResult": "{CCnt | 33}",
 "nlq": "What is the number of Non-AAkr students in BBmy in CC for which the number of AAkr students in BBcn is greater than 42.19? Please, report the corresponding CC and number of students."}]
}

