{
"filename": "Number_of_students_set75_1_DB.csv",
"questions": [{"name": "template 1",
 "sql": "SELECT Value FROM DBdata WHERE ((AA = 'Non-AAcw' AND BB = 'BBnq')) AND (CC IN ('CClm'))",
 "sqlResult": "{3}",
 "nlq": "What is the number of Non-AAcw students in CClm schools in BBnq?"},
{"name": "template 2",
 "sql": "SELECT Value FROM DBdata WHERE ((AA = 'Non-AAcw' AND BB = 'BBnq')) AND (CC IN ('CClm'))",
 "sqlResult": "{3}",
 "nlq": "What is the number of Non-AAcw students in CClm schools in BBnq?"},
{"name": "template 3",
 "sql": "SELECT Value FROM DBdata WHERE ((AA = 'AAcw' AND BB = 'BBch') OR (AA = 'Non-AAcw' AND BB = 'BBch') OR (AA = 'Non-AAcw' AND BB = 'BBnq')) AND (CC IN ('CCvw'))",
 "sqlResult": "{38} || {87} || {70}",
 "nlq": "What is the number of Non-AAcw or AAcw students in CCvw schools in BBch or of Non-AAcw students in CCvw schools in BBnq?"},
{"name": "template 4",
 "sql": "SELECT min(Value),avg(Value) FROM DBdata WHERE ((AA = 'AAcw' AND BB = 'BBch') OR (AA = 'AAcw' AND BB = 'BBnq')) AND (CC IN ('CClm'))",
 "sqlResult": "{14 | 29}",
 "nlq": "What are the minimum and average numbers of AAcw students in CClm schools in BBch or BBnq?"},
{"name": "template 6",
 "sql": "SELECT Value FROM DBdata WHERE ((AA = 'Non-AAcw' AND BB = 'BBch') OR (AA = 'AAcw' AND BB = 'BBnq') OR (AA = 'Non-AAcw' AND BB = 'BBnq')) AND (CC IN ('CCvw','CClm'))",
 "sqlResult": "{87} || {51} || {70} || {26} || {44} || {3}",
 "nlq": "What is the number of Non-AAcw students in CCvw or CClm schools in BBch or of Non-AAcw or AAcw students in CCvw or CClm schools in BBnq?"},
{"name": "template 7",
 "sql": "SELECT min(Value),sum(Value) FROM DBdata WHERE ((AA = 'Non-AAcw' AND BB = 'BBch')) AND (CC IN ('CCvw'))",
 "sqlResult": "{87 | 87}",
 "nlq": "What are the minimum and total numbers of Non-AAcw students in CCvw schools in BBch?"},
{"name": "template 8",
 "sql": "SELECT AA,BB,min(Value),max(Value) FROM DBdata WHERE ((AA = 'Non-AAcw' AND BB = 'BBch') OR (AA = 'AAcw' AND BB = 'BBnq')) AND (CC IN ('CClm')) GROUP BY AA,BB",
 "sqlResult": "{Non-AAcw | BBch | 26 | 26} || {AAcw | BBnq | 44 | 44}",
 "nlq": "What are the minimum and maximum numbers for each AA and BB, of Non-AAcw students in CClm schools in BBch or of AAcw students in CClm schools in BBnq? Please, report the corresponding AA and BB."},
{"name": "template 9",
 "sql": "SELECT min(Value) FROM DBdata WHERE ((AA = 'AAcw' AND BB = 'BBch')) AND (CC IN ('CCvw','CClm')) GROUP BY CC",
 "sqlResult": "{38} || {14}",
 "nlq": "What is the minimum number for each CC, of AAcw students in CCvw or CClm schools in BBch?"},
{"name": "template 10",
 "sql": "SELECT CC,sum(Value) FROM DBdata WHERE ((AA = 'Non-AAcw' AND BB = 'BBnq')) AND (CC IN ('CCvw','CClm')) GROUP BY CC",
 "sqlResult": "{CCvw | 70} || {CClm | 3}",
 "nlq": "What is the total number for each CC, of Non-AAcw students in CCvw or CClm schools in BBnq? Please, report the corresponding CC."},
{"name": "template 11",
 "sql": "SELECT CC,AA,BB,avg(Value) FROM DBdata WHERE ((AA = 'Non-AAcw' AND BB = 'BBch') OR (AA = 'AAcw' AND BB = 'BBnq') OR (AA = 'Non-AAcw' AND BB = 'BBnq')) AND (CC IN ('CCvw','CClm')) GROUP BY CC,AA,BB",
 "sqlResult": "{CCvw | Non-AAcw | BBch | 87} || {CCvw | Non-AAcw | BBnq | 70} || {CCvw | AAcw | BBnq | 51} || {CClm | Non-AAcw | BBch | 26} || {CClm | Non-AAcw | BBnq | 3} || {CClm | AAcw | BBnq | 44}",
 "nlq": "What is the average number for each CC, AA, and BB, of Non-AAcw students in CCvw or CClm schools in BBch or of Non-AAcw or AAcw students in CCvw or CClm schools in BBnq? Please, report the corresponding CC, AA, and BB."},
{"name": "template 12",
 "sql": "SELECT Value FROM DBdata WHERE ((AA = 'AAcw' AND BB = 'BBch')) AND (CC IN ('CCvw','CClm')) ORDER BY VALUE ASC LIMIT 2",
 "sqlResult": "{14} || {38}",
 "nlq": "What are the bottom 2 numbers of AAcw students in CCvw or CClm schools in BBch?"},
{"name": "template 13",
 "sql": "SELECT Value FROM DBdata WHERE ((AA = 'Non-AAcw' AND BB = 'BBnq')) AND (CC IN ('CCvw','CClm')) ORDER BY VALUE DESC",
 "sqlResult": "{70} || {3}",
 "nlq": "What are the numbers ordered by decreasing values of Non-AAcw students in CCvw or CClm schools in BBnq?"},
{"name": "template 14",
 "sql": "SELECT CC FROM DBdata WHERE ((AA = 'Non-AAcw' AND BB = 'BBch')) AND Value < 41.62",
 "sqlResult": "{CClm}",
 "nlq": "What is the CC for which the number of Non-AAcw students in BBch is lower than 41.62?"},
{"name": "template 15",
 "sql": "SELECT CC,Value FROM DBdata WHERE ((AA = 'AAcw' AND BB = 'BBnq')) AND (CC) IN (SELECT CC FROM DBdata WHERE ((AA = 'Non-AAcw' AND BB = 'BBch')) AND Value < 41.62)",
 "sqlResult": "{CClm | 44}",
 "nlq": "What is the number of AAcw students in BBnq in CC for which the number of Non-AAcw students in BBch is lower than 41.62? Please, report the corresponding CC and number of students."}]
}

