{
"filename": "Number_of_students_set80_5_DB.csv",
"questions": [{"name": "template 1",
 "sql": "SELECT Value FROM DBdata WHERE ((BB = 'BBgl' AND AA = 'Non-AAcj')) AND (CC IN ('CCjx'))",
 "sqlResult": "{38}",
 "nlq": "What is the number of Non-AAcj students in CCjx schools in BBgl?"},
{"name": "template 2",
 "sql": "SELECT Value FROM DBdata WHERE ((BB = 'BBbk' AND AA = 'AAcj')) AND (CC IN ('CCnw','CCjx'))",
 "sqlResult": "{92} || {59}",
 "nlq": "What is the number of AAcj students in CCnw or CCjx schools in BBbk?"},
{"name": "template 3",
 "sql": "SELECT Value FROM DBdata WHERE ((BB = 'BBqv' AND AA = 'AAcj') OR (BB = 'BBqv' AND AA = 'Non-AAcj') OR (BB = 'BBgl' AND AA = 'Non-AAcj') OR (BB = 'BBbk' AND AA = 'AAcj') OR (BB = 'BBbk' AND AA = 'Non-AAcj') OR (BB = 'BBdw' AND AA = 'AAcj') OR (BB = 'BBdw' AND AA = 'Non-AAcj')) AND (CC IN ('CCjx'))",
 "sqlResult": "{15} || {89} || {38} || {59} || {35} || {94} || {24}",
 "nlq": "What is the number of AAcj students in CCjx schools in BBqv, BBbk, or BBdw or of Non-AAcj students in CCjx schools in BBqv, BBgl, BBbk, or BBdw?"},
{"name": "template 4",
 "sql": "SELECT avg(Value),sum(Value) FROM DBdata WHERE ((BB = 'BBqv' AND AA = 'AAcj') OR (BB = 'BBbk' AND AA = 'Non-AAcj') OR (BB = 'BBdw' AND AA = 'AAcj') OR (BB = 'BBdw' AND AA = 'Non-AAcj')) AND (CC IN ('CCnw'))",
 "sqlResult": "{36.75 | 147}",
 "nlq": "What are the average and total numbers of AAcj students in CCnw schools in BBqv or BBdw or of Non-AAcj students in CCnw schools in BBbk or BBdw?"},
{"name": "template 6",
 "sql": "SELECT Value FROM DBdata WHERE ((BB = 'BBqv' AND AA = 'AAcj') OR (BB = 'BBbk' AND AA = 'Non-AAcj')) AND (CC IN ('CCnw','CCjx'))",
 "sqlResult": "{1} || {46} || {15} || {35}",
 "nlq": "What is the number of AAcj students in CCnw or CCjx schools in BBqv or of Non-AAcj students in CCnw or CCjx schools in BBbk?"},
{"name": "template 7",
 "sql": "SELECT sum(Value),max(Value) FROM DBdata WHERE ((BB = 'BBqv' AND AA = 'Non-AAcj')) AND (CC IN ('CCnw','CCjx'))",
 "sqlResult": "{186 | 97}",
 "nlq": "What are the total and maximum numbers of Non-AAcj students in CCnw or CCjx schools in BBqv?"},
{"name": "template 8",
 "sql": "SELECT BB,AA,sum(Value),avg(Value) FROM DBdata WHERE ((BB = 'BBqv' AND AA = 'AAcj') OR (BB = 'BBdw' AND AA = 'Non-AAcj')) AND (CC IN ('CCnw','CCjx')) GROUP BY BB,AA",
 "sqlResult": "{BBqv | AAcj | 16 | 8} || {BBdw | Non-AAcj | 64 | 32}",
 "nlq": "What are the total and average numbers for each BB and AA, of AAcj students in CCnw or CCjx schools in BBqv or of Non-AAcj students in CCnw or CCjx schools in BBdw? Please, report the corresponding BB and AA."},
{"name": "template 9",
 "sql": "SELECT min(Value) FROM DBdata WHERE ((BB = 'BBbk' AND AA = 'Non-AAcj')) AND (CC IN ('CCnw','CCjx')) GROUP BY CC",
 "sqlResult": "{46} || {35}",
 "nlq": "What is the minimum number for each CC, of Non-AAcj students in CCnw or CCjx schools in BBbk?"},
{"name": "template 10",
 "sql": "SELECT CC,sum(Value) FROM DBdata WHERE ((BB = 'BBbk' AND AA = 'AAcj')) AND (CC IN ('CCnw','CCjx')) GROUP BY CC",
 "sqlResult": "{CCnw | 92} || {CCjx | 59}",
 "nlq": "What is the total number for each CC, of AAcj students in CCnw or CCjx schools in BBbk? Please, report the corresponding CC."},
{"name": "template 11",
 "sql": "SELECT CC,BB,AA,sum(Value) FROM DBdata WHERE ((BB = 'BBgl' AND AA = 'AAcj') OR (BB = 'BBgl' AND AA = 'Non-AAcj') OR (BB = 'BBdw' AND AA = 'Non-AAcj')) AND (CC IN ('CCnw','CCjx')) GROUP BY CC,BB,AA",
 "sqlResult": "{CCnw | BBgl | Non-AAcj | 54} || {CCnw | BBgl | AAcj | 53} || {CCnw | BBdw | Non-AAcj | 40} || {CCjx | BBgl | Non-AAcj | 38} || {CCjx | BBgl | AAcj | 80} || {CCjx | BBdw | Non-AAcj | 24}",
 "nlq": "What is the total number for each CC, BB, and AA, of Non-AAcj or AAcj students in CCnw or CCjx schools in BBgl or of Non-AAcj students in CCnw or CCjx schools in BBdw? Please, report the corresponding CC, BB, and AA."},
{"name": "template 12",
 "sql": "SELECT Value FROM DBdata WHERE ((BB = 'BBdw' AND AA = 'AAcj')) AND (CC IN ('CCnw','CCjx')) ORDER BY VALUE DESC LIMIT 2",
 "sqlResult": "{94} || {60}",
 "nlq": "What are the top 2 numbers of AAcj students in CCnw or CCjx schools in BBdw?"},
{"name": "template 13",
 "sql": "SELECT Value FROM DBdata WHERE ((BB = 'BBgl' AND AA = 'AAcj')) AND (CC IN ('CCnw','CCjx')) ORDER BY VALUE DESC",
 "sqlResult": "{80} || {53}",
 "nlq": "What are the numbers ordered by decreasing values of AAcj students in CCnw or CCjx schools in BBgl?"},
{"name": "template 14",
 "sql": "SELECT CC FROM DBdata WHERE ((BB = 'BBbk' AND AA = 'AAcj')) AND Value > 54.81",
 "sqlResult": "{CCnw} || {CCjx}",
 "nlq": "What is the CC for which the number of AAcj students in BBbk is greater than 54.81?"},
{"name": "template 15",
 "sql": "SELECT CC,Value FROM DBdata WHERE ((BB = 'BBgl' AND AA = 'AAcj')) AND (CC) IN (SELECT CC FROM DBdata WHERE ((BB = 'BBbk' AND AA = 'AAcj')) AND Value > 54.81)",
 "sqlResult": "{CCnw | 53} || {CCjx | 80}",
 "nlq": "What is the number of AAcj students in BBgl in CC for which the number of AAcj students in BBbk is greater than 54.81? Please, report the corresponding CC and number of students."}]
}

