{
"filename": "Number_of_students_set74_1_DB.csv",
"questions": [{"name": "template 1",
 "sql": "SELECT Value FROM DBdata WHERE ((BB = 'BBnp' AND AA = 'Non-AAlq')) AND (CC IN ('CCbt'))",
 "sqlResult": "{24}",
 "nlq": "What is the number of Non-AAlq students in CCbt schools in BBnp?"},
{"name": "template 2",
 "sql": "SELECT Value FROM DBdata WHERE ((BB = 'BBnp' AND AA = 'AAlq')) AND (CC IN ('CCbt','CCnw'))",
 "sqlResult": "{50} || {26}",
 "nlq": "What is the number of AAlq students in CCbt or CCnw schools in BBnp?"},
{"name": "template 3",
 "sql": "SELECT Value FROM DBdata WHERE ((BB = 'BBfx' AND AA = 'AAlq') OR (BB = 'BBfx' AND AA = 'Non-AAlq') OR (BB = 'BBkt' AND AA = 'AAlq') OR (BB = 'BBkt' AND AA = 'Non-AAlq') OR (BB = 'BBqy' AND AA = 'AAlq') OR (BB = 'BBqy' AND AA = 'Non-AAlq')) AND (CC IN ('CCnw'))",
 "sqlResult": "{45} || {20} || {42} || {32} || {1} || {57}",
 "nlq": "What is the number of Non-AAlq or AAlq students in CCnw schools in BBfx, BBkt, or BBqy?"},
{"name": "template 4",
 "sql": "SELECT sum(Value),min(Value) FROM DBdata WHERE ((BB = 'BBfx' AND AA = 'AAlq') OR (BB = 'BBkt' AND AA = 'AAlq') OR (BB = 'BBkt' AND AA = 'Non-AAlq') OR (BB = 'BBnp' AND AA = 'AAlq')) AND (CC IN ('CCnw'))",
 "sqlResult": "{145 | 26}",
 "nlq": "What are the total and minimum numbers of AAlq students in CCnw schools in BBfx, BBkt, or BBnp or of Non-AAlq students in CCnw schools in BBkt?"},
{"name": "template 6",
 "sql": "SELECT Value FROM DBdata WHERE ((BB = 'BBfx' AND AA = 'Non-AAlq') OR (BB = 'BBqy' AND AA = 'AAlq')) AND (CC IN ('CCbt','CCnw'))",
 "sqlResult": "{28} || {66} || {20} || {1}",
 "nlq": "What is the number of Non-AAlq students in CCbt or CCnw schools in BBfx or of AAlq students in CCbt or CCnw schools in BBqy?"},
{"name": "template 7",
 "sql": "SELECT min(Value),max(Value) FROM DBdata WHERE ((BB = 'BBnp' AND AA = 'AAlq')) AND (CC IN ('CCbt','CCnw'))",
 "sqlResult": "{26 | 50}",
 "nlq": "What are the minimum and maximum numbers of AAlq students in CCbt or CCnw schools in BBnp?"},
{"name": "template 8",
 "sql": "SELECT BB,AA,max(Value),avg(Value) FROM DBdata WHERE ((BB = 'BBkt' AND AA = 'AAlq') OR (BB = 'BBqy' AND AA = 'Non-AAlq')) AND (CC IN ('CCnw')) GROUP BY BB,AA",
 "sqlResult": "{BBkt | AAlq | 42 | 42} || {BBqy | Non-AAlq | 57 | 57}",
 "nlq": "What are the maximum and average numbers for each BB and AA, of AAlq students in CCnw schools in BBkt or of Non-AAlq students in CCnw schools in BBqy? Please, report the corresponding BB and AA."},
{"name": "template 9",
 "sql": "SELECT min(Value) FROM DBdata WHERE ((BB = 'BBqy' AND AA = 'Non-AAlq')) AND (CC IN ('CCbt','CCnw')) GROUP BY CC",
 "sqlResult": "{90} || {57}",
 "nlq": "What is the minimum number for each CC, of Non-AAlq students in CCbt or CCnw schools in BBqy?"},
{"name": "template 10",
 "sql": "SELECT CC,min(Value) FROM DBdata WHERE ((BB = 'BBqy' AND AA = 'AAlq')) AND (CC IN ('CCbt','CCnw')) GROUP BY CC",
 "sqlResult": "{CCbt | 66} || {CCnw | 1}",
 "nlq": "What is the minimum number for each CC, of AAlq students in CCbt or CCnw schools in BBqy? Please, report the corresponding CC."},
{"name": "template 11",
 "sql": "SELECT CC,BB,AA,min(Value) FROM DBdata WHERE ((BB = 'BBkt' AND AA = 'Non-AAlq') OR (BB = 'BBqy' AND AA = 'AAlq')) AND (CC IN ('CCbt','CCnw')) GROUP BY CC,BB,AA",
 "sqlResult": "{CCbt | BBkt | Non-AAlq | 93} || {CCbt | BBqy | AAlq | 66} || {CCnw | BBkt | Non-AAlq | 32} || {CCnw | BBqy | AAlq | 1}",
 "nlq": "What is the minimum number for each CC, BB, and AA, of Non-AAlq students in CCbt or CCnw schools in BBkt or of AAlq students in CCbt or CCnw schools in BBqy? Please, report the corresponding CC, BB, and AA."},
{"name": "template 12",
 "sql": "SELECT Value FROM DBdata WHERE ((BB = 'BBfx' AND AA = 'Non-AAlq')) AND (CC IN ('CCbt','CCnw')) ORDER BY VALUE DESC LIMIT 2",
 "sqlResult": "{28} || {20}",
 "nlq": "What are the top 2 numbers of Non-AAlq students in CCbt or CCnw schools in BBfx?"},
{"name": "template 13",
 "sql": "SELECT Value FROM DBdata WHERE ((BB = 'BBnp' AND AA = 'AAlq')) AND (CC IN ('CCbt','CCnw')) ORDER BY VALUE DESC",
 "sqlResult": "{50} || {26}",
 "nlq": "What are the numbers ordered by decreasing values of AAlq students in CCbt or CCnw schools in BBnp?"},
{"name": "template 14",
 "sql": "SELECT CC FROM DBdata WHERE ((BB = 'BBfx' AND AA = 'AAlq')) AND Value > 47",
 "sqlResult": "{CCbt}",
 "nlq": "What is the CC for which the number of AAlq students in BBfx is greater than 47?"},
{"name": "template 15",
 "sql": "SELECT CC,Value FROM DBdata WHERE ((BB = 'BBkt' AND AA = 'AAlq')) AND (CC) IN (SELECT CC FROM DBdata WHERE ((BB = 'BBfx' AND AA = 'AAlq')) AND Value > 47)",
 "sqlResult": "{CCbt | 75}",
 "nlq": "What is the number of AAlq students in BBkt in CC for which the number of AAlq students in BBfx is greater than 47? Please, report the corresponding CC and number of students."}]
}

