{
"filename": "Number_of_students_set37_1_DB.csv",
"questions": [{"name": "template 1",
 "sql": "SELECT Value FROM DBdata WHERE (AA IN ('AAgj')) AND ((BB = 'BBbv' AND CC = 'CCch'))",
 "sqlResult": "{63}",
 "nlq": "What is the number of AAgj CCch students in BBbv schools?"},
{"name": "template 2",
 "sql": "SELECT Value FROM DBdata WHERE (AA IN ('AAgj')) AND ((BB = 'BBbv' AND CC = 'CCch') OR (BB = 'BBbv' AND CC = 'CCbz') OR (BB = 'BBlp' AND CC = 'CCbz'))",
 "sqlResult": "{63} || {57} || {14}",
 "nlq": "What is the number of AAgj CCbz or CCch students in BBbv schools or of AAgj CCbz students in BBlp schools?"},
{"name": "template 3",
 "sql": "SELECT Value FROM DBdata WHERE (AA IN ('AAgj','Non-AAgj')) AND ((BB = 'BBlp' AND CC = 'CCbz'))",
 "sqlResult": "{14} || {51}",
 "nlq": "What is the number of Non-AAgj or AAgj CCbz students in BBlp schools?"},
{"name": "template 4",
 "sql": "SELECT max(Value),min(Value) FROM DBdata WHERE (AA IN ('Non-AAgj')) AND ((BB = 'BBbv' AND CC = 'CCch'))",
 "sqlResult": "{3 | 3}",
 "nlq": "What are the maximum and minimum numbers of Non-AAgj CCch students in BBbv schools?"},
{"name": "template 6",
 "sql": "SELECT Value FROM DBdata WHERE (AA IN ('Non-AAgj')) AND ((BB = 'BBbv' AND CC = 'CCch') OR (BB = 'BBlp' AND CC = 'CCch') OR (BB = 'BBbv' AND CC = 'CCbz'))",
 "sqlResult": "{3} || {83} || {85}",
 "nlq": "What is the number of Non-AAgj CCbz or CCch students in BBbv schools or of Non-AAgj CCch students in BBlp schools?"},
{"name": "template 7",
 "sql": "SELECT sum(Value),min(Value) FROM DBdata WHERE (AA IN ('Non-AAgj')) AND ((BB = 'BBbv' AND CC = 'CCch') OR (BB = 'BBlp' AND CC = 'CCch') OR (BB = 'BBbv' AND CC = 'CCbz') OR (BB = 'BBlp' AND CC = 'CCbz'))",
 "sqlResult": "{222 | 3}",
 "nlq": "What are the total and minimum numbers of Non-AAgj CCbz or CCch students in BBbv or BBlp schools?"},
{"name": "template 8",
 "sql": "SELECT AA,min(Value),avg(Value) FROM DBdata WHERE (AA IN ('AAgj','Non-AAgj')) AND ((BB = 'BBlp' AND CC = 'CCch') OR (BB = 'BBlp' AND CC = 'CCbz')) GROUP BY AA",
 "sqlResult": "{Non-AAgj | 51 | 67} || {AAgj | 14 | 16}",
 "nlq": "What are the minimum and average numbers for each AA, of Non-AAgj or AAgj CCbz or CCch students in BBlp schools? Please, report the corresponding AA."},
{"name": "template 9",
 "sql": "SELECT min(Value) FROM DBdata WHERE (AA IN ('AAgj')) AND (BB IN ('BBbv','BBlp')) GROUP BY BB",
 "sqlResult": "{57} || {14}",
 "nlq": "What is the minimum number for each BB, of AAgj students in BBbv or BBlp schools?"},
{"name": "template 10",
 "sql": "SELECT BB,avg(Value) FROM DBdata WHERE (AA IN ('AAgj')) AND (BB IN ('BBbv','BBlp')) GROUP BY BB",
 "sqlResult": "{BBbv | 60} || {BBlp | 16}",
 "nlq": "What is the average number for each BB, of AAgj students in BBbv or BBlp schools? Please, report the corresponding BB."},
{"name": "template 11",
 "sql": "SELECT BB,AA,max(Value) FROM DBdata WHERE (AA IN ('AAgj','Non-AAgj')) AND (BB IN ('BBbv','BBlp')) GROUP BY BB,AA",
 "sqlResult": "{BBbv | Non-AAgj | 85} || {BBbv | AAgj | 63} || {BBlp | Non-AAgj | 83} || {BBlp | AAgj | 18}",
 "nlq": "What is the maximum number for each BB and AA, of Non-AAgj or AAgj students in BBbv or BBlp schools? Please, report the corresponding BB and AA."},
{"name": "template 12",
 "sql": "SELECT Value FROM DBdata WHERE (AA IN ('Non-AAgj')) AND (BB IN ('BBbv','BBlp')) ORDER BY VALUE ASC LIMIT 3",
 "sqlResult": "{3} || {51} || {83}",
 "nlq": "What are the bottom 3 numbers of Non-AAgj students in BBbv or BBlp schools?"},
{"name": "template 13",
 "sql": "SELECT Value FROM DBdata WHERE (AA IN ('AAgj')) AND (BB IN ('BBbv','BBlp')) ORDER BY VALUE ASC",
 "sqlResult": "{14} || {18} || {57} || {63}",
 "nlq": "What are the numbers ordered by increasing values of AAgj students in BBbv or BBlp schools?"},
{"name": "template 14",
 "sql": "SELECT BB,CC FROM DBdata WHERE (AA IN ('AAgj')) AND Value < 46.75",
 "sqlResult": "{BBlp | CCch} || {BBlp | CCbz}",
 "nlq": "What are the BB and CC for which the number of AAgj students is lower than 46.75?"},
{"name": "template 15",
 "sql": "SELECT BB,CC,Value FROM DBdata WHERE (AA IN ('Non-AAgj')) AND (BB,CC) IN (SELECT BB,CC FROM DBdata WHERE (AA IN ('AAgj')) AND Value < 46.75)",
 "sqlResult": "{BBlp | CCch | 83} || {BBlp | CCbz | 51}",
 "nlq": "What is the number of Non-AAgj students in BB and of CC for which the number of AAgj students is lower than 46.75? Please, report the corresponding BB, CC, and number of students."}]
}

