{
"filename": "Number_of_students_set37_2_DB.csv",
"questions": [{"name": "template 1",
 "sql": "SELECT Value FROM DBdata WHERE (AA IN ('Non-AAmp')) AND ((BB = 'BBbl' AND CC = 'CCtx'))",
 "sqlResult": "{19}",
 "nlq": "What is the number of Non-AAmp CCtx students in BBbl schools?"},
{"name": "template 2",
 "sql": "SELECT Value FROM DBdata WHERE (AA IN ('AAmp')) AND ((BB = 'BBbl' AND CC = 'CCst') OR (BB = 'BBbl' AND CC = 'CCtx'))",
 "sqlResult": "{6} || {26}",
 "nlq": "What is the number of AAmp CCtx or CCst students in BBbl schools?"},
{"name": "template 3",
 "sql": "SELECT Value FROM DBdata WHERE (AA IN ('AAmp','Non-AAmp')) AND ((BB = 'BBjl' AND CC = 'CCtx'))",
 "sqlResult": "{51} || {24}",
 "nlq": "What is the number of Non-AAmp or AAmp CCtx students in BBjl schools?"},
{"name": "template 4",
 "sql": "SELECT avg(Value),min(Value) FROM DBdata WHERE (AA IN ('AAmp','Non-AAmp')) AND ((BB = 'BBbl' AND CC = 'CCtx'))",
 "sqlResult": "{22.5 | 19}",
 "nlq": "What are the average and minimum numbers of Non-AAmp or AAmp CCtx students in BBbl schools?"},
{"name": "template 6",
 "sql": "SELECT Value FROM DBdata WHERE (AA IN ('Non-AAmp')) AND ((BB = 'BBjl' AND CC = 'CCst') OR (BB = 'BBbl' AND CC = 'CCst'))",
 "sqlResult": "{91} || {92}",
 "nlq": "What is the number of Non-AAmp CCst students in BBjl or BBbl schools?"},
{"name": "template 7",
 "sql": "SELECT sum(Value),min(Value) FROM DBdata WHERE (AA IN ('Non-AAmp')) AND ((BB = 'BBjl' AND CC = 'CCst') OR (BB = 'BBbl' AND CC = 'CCst') OR (BB = 'BBjl' AND CC = 'CCtx') OR (BB = 'BBbl' AND CC = 'CCtx'))",
 "sqlResult": "{226 | 19}",
 "nlq": "What are the total and minimum numbers of Non-AAmp CCtx or CCst students in BBjl or BBbl schools?"},
{"name": "template 8",
 "sql": "SELECT AA,min(Value),sum(Value) FROM DBdata WHERE (AA IN ('Non-AAmp')) AND ((BB = 'BBbl' AND CC = 'CCst') OR (BB = 'BBbl' AND CC = 'CCtx')) GROUP BY AA",
 "sqlResult": "{Non-AAmp | 19 | 111}",
 "nlq": "What are the minimum and total numbers for each AA, of Non-AAmp CCtx or CCst students in BBbl schools? Please, report the corresponding AA."},
{"name": "template 9",
 "sql": "SELECT min(Value) FROM DBdata WHERE (AA IN ('Non-AAmp')) AND (BB IN ('BBjl','BBbl')) GROUP BY BB",
 "sqlResult": "{24} || {19}",
 "nlq": "What is the minimum number for each BB, of Non-AAmp students in BBjl or BBbl schools?"},
{"name": "template 10",
 "sql": "SELECT BB,sum(Value) FROM DBdata WHERE (AA IN ('Non-AAmp')) AND (BB IN ('BBjl','BBbl')) GROUP BY BB",
 "sqlResult": "{BBjl | 115} || {BBbl | 111}",
 "nlq": "What is the total number for each BB, of Non-AAmp students in BBjl or BBbl schools? Please, report the corresponding BB."},
{"name": "template 11",
 "sql": "SELECT BB,AA,avg(Value) FROM DBdata WHERE (AA IN ('AAmp','Non-AAmp')) AND (BB IN ('BBjl','BBbl')) GROUP BY BB,AA",
 "sqlResult": "{BBjl | Non-AAmp | 57.5} || {BBjl | AAmp | 48.5} || {BBbl | Non-AAmp | 55.5} || {BBbl | AAmp | 16}",
 "nlq": "What is the average number for each BB and AA, of Non-AAmp or AAmp students in BBjl or BBbl schools? Please, report the corresponding BB and AA."},
{"name": "template 12",
 "sql": "SELECT Value FROM DBdata WHERE (AA IN ('Non-AAmp')) AND (BB IN ('BBjl','BBbl')) ORDER BY VALUE DESC LIMIT 3",
 "sqlResult": "{92} || {91} || {24}",
 "nlq": "What are the top 3 numbers of Non-AAmp students in BBjl or BBbl schools?"},
{"name": "template 13",
 "sql": "SELECT Value FROM DBdata WHERE (AA IN ('Non-AAmp')) AND (BB IN ('BBjl','BBbl')) ORDER BY VALUE DESC",
 "sqlResult": "{92} || {91} || {24} || {19}",
 "nlq": "What are the numbers ordered by decreasing values of Non-AAmp students in BBjl or BBbl schools?"},
{"name": "template 14",
 "sql": "SELECT BB,CC FROM DBdata WHERE (AA IN ('AAmp')) AND Value < 44.38",
 "sqlResult": "{BBbl | CCst} || {BBbl | CCtx}",
 "nlq": "What are the BB and CC for which the number of AAmp students is lower than 44.38?"},
{"name": "template 15",
 "sql": "SELECT BB,CC,Value FROM DBdata WHERE (AA IN ('Non-AAmp')) AND (BB,CC) IN (SELECT BB,CC FROM DBdata WHERE (AA IN ('AAmp')) AND Value < 44.38)",
 "sqlResult": "{BBbl | CCst | 92} || {BBbl | CCtx | 19}",
 "nlq": "What is the number of Non-AAmp students in BB and of CC for which the number of AAmp students is lower than 44.38? Please, report the corresponding BB, CC, and number of students."}]
}

