{
"filename": "Number_of_students_set82_1_DB.csv",
"questions": [{"name": "template 1",
 "sql": "SELECT Value FROM DBdata WHERE ((BB = 'BBgj' AND AA = 'Non-AAqs')) AND (CC IN ('CCqw'))",
 "sqlResult": "{14}",
 "nlq": "What is the number of Non-AAqs students in CCqw schools in BBgj?"},
{"name": "template 2",
 "sql": "SELECT Value FROM DBdata WHERE ((BB = 'BBgj' AND AA = 'Non-AAqs')) AND (CC IN ('CCcp','CCqw'))",
 "sqlResult": "{41} || {14}",
 "nlq": "What is the number of Non-AAqs students in CCcp or CCqw schools in BBgj?"},
{"name": "template 3",
 "sql": "SELECT Value FROM DBdata WHERE ((BB = 'BBlp' AND AA = 'AAqs') OR (BB = 'BBlp' AND AA = 'Non-AAqs') OR (BB = 'BBgj' AND AA = 'AAqs') OR (BB = 'BBgj' AND AA = 'Non-AAqs') OR (BB = 'BBfj' AND AA = 'AAqs') OR (BB = 'BBfj' AND AA = 'Non-AAqs')) AND (CC IN ('CCcp'))",
 "sqlResult": "{25} || {67} || {93} || {41} || {71} || {63}",
 "nlq": "What is the number of Non-AAqs or AAqs students in CCcp schools in BBlp, BBgj, or BBfj?"},
{"name": "template 4",
 "sql": "SELECT avg(Value),sum(Value) FROM DBdata WHERE ((BB = 'BBlp' AND AA = 'AAqs') OR (BB = 'BBlp' AND AA = 'Non-AAqs') OR (BB = 'BBgj' AND AA = 'AAqs') OR (BB = 'BBgj' AND AA = 'Non-AAqs') OR (BB = 'BBfj' AND AA = 'AAqs') OR (BB = 'BBfj' AND AA = 'Non-AAqs')) AND (CC IN ('CCqw'))",
 "sqlResult": "{28.5 | 171}",
 "nlq": "What are the average and total numbers of Non-AAqs or AAqs students in CCqw schools in BBlp, BBgj, or BBfj?"},
{"name": "template 6",
 "sql": "SELECT Value FROM DBdata WHERE ((BB = 'BBlp' AND AA = 'AAqs') OR (BB = 'BBlp' AND AA = 'Non-AAqs') OR (BB = 'BBgj' AND AA = 'AAqs') OR (BB = 'BBgj' AND AA = 'Non-AAqs') OR (BB = 'BBfj' AND AA = 'AAqs')) AND (CC IN ('CCcp','CCqw'))",
 "sqlResult": "{25} || {67} || {93} || {41} || {71} || {52} || {53} || {29} || {14} || {12}",
 "nlq": "What is the number of AAqs students in CCcp or CCqw schools in BBlp, BBgj, or BBfj or of Non-AAqs students in CCcp or CCqw schools in BBlp or BBgj?"},
{"name": "template 7",
 "sql": "SELECT max(Value),min(Value) FROM DBdata WHERE ((BB = 'BBlp' AND AA = 'Non-AAqs')) AND (CC IN ('CCcp'))",
 "sqlResult": "{67 | 67}",
 "nlq": "What are the maximum and minimum numbers of Non-AAqs students in CCcp schools in BBlp?"},
{"name": "template 8",
 "sql": "SELECT BB,AA,min(Value),sum(Value) FROM DBdata WHERE ((BB = 'BBlp' AND AA = 'Non-AAqs') OR (BB = 'BBgj' AND AA = 'AAqs') OR (BB = 'BBgj' AND AA = 'Non-AAqs') OR (BB = 'BBfj' AND AA = 'AAqs') OR (BB = 'BBfj' AND AA = 'Non-AAqs')) AND (CC IN ('CCqw')) GROUP BY BB,AA",
 "sqlResult": "{BBlp | Non-AAqs | 53 | 53} || {BBgj | Non-AAqs | 14 | 14} || {BBgj | AAqs | 29 | 29} || {BBfj | Non-AAqs | 11 | 11} || {BBfj | AAqs | 12 | 12}",
 "nlq": "What are the minimum and total numbers for each BB and AA, of Non-AAqs students in CCqw schools in BBlp, BBgj, or BBfj or of AAqs students in CCqw schools in BBgj or BBfj? Please, report the corresponding BB and AA."},
{"name": "template 9",
 "sql": "SELECT min(Value) FROM DBdata WHERE ((BB = 'BBlp' AND AA = 'Non-AAqs')) AND (CC IN ('CCcp','CCqw')) GROUP BY CC",
 "sqlResult": "{67} || {53}",
 "nlq": "What is the minimum number for each CC, of Non-AAqs students in CCcp or CCqw schools in BBlp?"},
{"name": "template 10",
 "sql": "SELECT CC,min(Value) FROM DBdata WHERE ((BB = 'BBfj' AND AA = 'Non-AAqs')) AND (CC IN ('CCcp','CCqw')) GROUP BY CC",
 "sqlResult": "{CCcp | 63} || {CCqw | 11}",
 "nlq": "What is the minimum number for each CC, of Non-AAqs students in CCcp or CCqw schools in BBfj? Please, report the corresponding CC."},
{"name": "template 11",
 "sql": "SELECT CC,BB,AA,avg(Value) FROM DBdata WHERE ((BB = 'BBlp' AND AA = 'Non-AAqs') OR (BB = 'BBfj' AND AA = 'AAqs') OR (BB = 'BBfj' AND AA = 'Non-AAqs')) AND (CC IN ('CCcp','CCqw')) GROUP BY CC,BB,AA",
 "sqlResult": "{CCcp | BBlp | Non-AAqs | 67} || {CCcp | BBfj | Non-AAqs | 63} || {CCcp | BBfj | AAqs | 71} || {CCqw | BBlp | Non-AAqs | 53} || {CCqw | BBfj | Non-AAqs | 11} || {CCqw | BBfj | AAqs | 12}",
 "nlq": "What is the average number for each CC, BB, and AA, of Non-AAqs students in CCcp or CCqw schools in BBlp or of Non-AAqs or AAqs students in CCcp or CCqw schools in BBfj? Please, report the corresponding CC, BB, and AA."},
{"name": "template 12",
 "sql": "SELECT Value FROM DBdata WHERE ((BB = 'BBgj' AND AA = 'Non-AAqs')) AND (CC IN ('CCcp','CCqw')) ORDER BY VALUE ASC LIMIT 2",
 "sqlResult": "{14} || {41}",
 "nlq": "What are the bottom 2 numbers of Non-AAqs students in CCcp or CCqw schools in BBgj?"},
{"name": "template 13",
 "sql": "SELECT Value FROM DBdata WHERE ((BB = 'BBfj' AND AA = 'Non-AAqs')) AND (CC IN ('CCcp','CCqw')) ORDER BY VALUE ASC",
 "sqlResult": "{11} || {63}",
 "nlq": "What are the numbers ordered by increasing values of Non-AAqs students in CCcp or CCqw schools in BBfj?"},
{"name": "template 14",
 "sql": "SELECT CC FROM DBdata WHERE ((BB = 'BBlp' AND AA = 'Non-AAqs')) AND Value > 44.25",
 "sqlResult": "{CCcp} || {CCqw}",
 "nlq": "What is the CC for which the number of Non-AAqs students in BBlp is greater than 44.25?"},
{"name": "template 15",
 "sql": "SELECT CC,Value FROM DBdata WHERE ((BB = 'BBfj' AND AA = 'Non-AAqs')) AND (CC) IN (SELECT CC FROM DBdata WHERE ((BB = 'BBlp' AND AA = 'Non-AAqs')) AND Value > 44.25)",
 "sqlResult": "{CCcp | 63} || {CCqw | 11}",
 "nlq": "What is the number of Non-AAqs students in BBfj in CC for which the number of Non-AAqs students in BBlp is greater than 44.25? Please, report the corresponding CC and number of students."}]
}

