Type of building,Usage,Quarter,Month,Value
Type_of_building,Usage,Quarter,Month,Value
Production,Workshop,Q2,May,75
Production,Factory,Q2,May,31
Culture,Museum,Q2,May,9
Culture,Theatre,Q2,May,41
Culture,Concert,Q2,May,7
Production,Workshop,Q2,June,65
Production,Factory,Q2,June,70
Culture,Museum,Q2,June,77
Culture,Theatre,Q2,June,50
Culture,Concert,Q2,June,54
Production,Workshop,Q3,July,42
Production,Factory,Q3,July,72
Culture,Museum,Q3,July,16
Culture,Theatre,Q3,July,4
Culture,Concert,Q3,July,56
Production,Workshop,Q3,August,33
Production,Factory,Q3,August,88
Culture,Museum,Q3,August,80
Culture,Theatre,Q3,August,59
Culture,Concert,Q3,August,23
Production,Workshop,Q3,September,19
Production,Factory,Q3,September,45
Culture,Museum,Q3,September,35
Culture,Theatre,Q3,September,63
Culture,Concert,Q3,September,28
