AA,BB,CC,DD,Value
AA,BB,CC,DD,Value
AAgqx,BBcgr,CChns,DDghx,60
AAgqx,BBbkx,CChns,DDghx,96
AAcmy,BBcdq,CChns,DDghx,0
AAcmy,BBgvx,CChns,DDghx,75
AAcmy,BBcjs,CChns,DDghx,30
AAjqx,BBdkt,CChns,DDghx,12
AAjqx,BBckx,CChns,DDghx,78
AAjqx,BBfhm,CChns,DDghx,37
AAgqx,BBcgr,CChns,DDbjv,26
AAgqx,BBbkx,CChns,DDbjv,85
AAcmy,BBcdq,CChns,DDbjv,20
AAcmy,BBgvx,CChns,DDbjv,14
AAcmy,BBcjs,CChns,DDbjv,8
AAjqx,BBdkt,CChns,DDbjv,43
AAjqx,BBckx,CChns,DDbjv,92
AAjqx,BBfhm,CChns,DDbjv,16
AAgqx,BBcgr,CChns,DDdrx,1
AAgqx,BBbkx,CChns,DDdrx,35
AAcmy,BBcdq,CChns,DDdrx,42
AAcmy,BBgvx,CChns,DDdrx,86
AAcmy,BBcjs,CChns,DDdrx,6
AAjqx,BBdkt,CChns,DDdrx,24
AAjqx,BBckx,CChns,DDdrx,23
AAjqx,BBfhm,CChns,DDdrx,70
AAgqx,BBcgr,CCdps,DDbpv,66
AAgqx,BBbkx,CCdps,DDbpv,53
AAcmy,BBcdq,CCdps,DDbpv,10
AAcmy,BBgvx,CCdps,DDbpv,100
AAcmy,BBcjs,CCdps,DDbpv,28
AAjqx,BBdkt,CCdps,DDbpv,17
AAjqx,BBckx,CCdps,DDbpv,18
AAjqx,BBfhm,CCdps,DDbpv,57
AAgqx,BBcgr,CCdps,DDcrx,68
AAgqx,BBbkx,CCdps,DDcrx,71
AAcmy,BBcdq,CCdps,DDcrx,89
AAcmy,BBgvx,CCdps,DDcrx,51
AAcmy,BBcjs,CCdps,DDcrx,90
AAjqx,BBdkt,CCdps,DDcrx,63
AAjqx,BBckx,CCdps,DDcrx,87
AAjqx,BBfhm,CCdps,DDcrx,47
AAgqx,BBcgr,CChqw,DDltv,40
AAgqx,BBbkx,CChqw,DDltv,62
AAcmy,BBcdq,CChqw,DDltv,9
AAcmy,BBgvx,CChqw,DDltv,91
AAcmy,BBcjs,CChqw,DDltv,44
AAjqx,BBdkt,CChqw,DDltv,77
AAjqx,BBckx,CChqw,DDltv,13
AAjqx,BBfhm,CChqw,DDltv,83
AAgqx,BBcgr,CChqw,DDgrz,55
AAgqx,BBbkx,CChqw,DDgrz,58
AAcmy,BBcdq,CChqw,DDgrz,32
AAcmy,BBgvx,CChqw,DDgrz,98
AAcmy,BBcjs,CChqw,DDgrz,27
AAjqx,BBdkt,CChqw,DDgrz,82
AAjqx,BBckx,CChqw,DDgrz,94
AAjqx,BBfhm,CChqw,DDgrz,84
AAgqx,BBcgr,CChqw,DDhnv,46
AAgqx,BBbkx,CChqw,DDhnv,2
AAcmy,BBcdq,CChqw,DDhnv,80
AAcmy,BBgvx,CChqw,DDhnv,29
AAcmy,BBcjs,CChqw,DDhnv,4
AAjqx,BBdkt,CChqw,DDhnv,64
AAjqx,BBckx,CChqw,DDhnv,99
AAjqx,BBfhm,CChqw,DDhnv,59

