{
"filename": "Number_of_constructions_set6_1_DB.csv",
"questions": [{"name": "template 1",
 "sql": "SELECT Value FROM DBdata WHERE ((Type_of_building = 'Production' AND Usage = 'Workshop')) AND ((Quarter = 'Q3' AND Month = 'July'))",
 "sqlResult": "{64}",
 "nlq": "What is the number of Workshop buildings in July?"},
{"name": "template 2",
 "sql": "SELECT Value FROM DBdata WHERE ((Type_of_building = 'Production' AND Usage = 'Factory')) AND ((Quarter = 'Q3' AND Month = 'August') OR (Quarter = 'Q3' AND Month = 'September') OR (Quarter = 'Q4' AND Month = 'October') OR (Quarter = 'Q4' AND Month = 'November') OR (Quarter = 'Q4' AND Month = 'December'))",
 "sqlResult": "{6} || {14} || {60} || {40} || {3}",
 "nlq": "What is the number of Factory buildings in August, December, November, October, or September?"},
{"name": "template 3",
 "sql": "SELECT Value FROM DBdata WHERE ((Type_of_building = 'Residential' AND Usage = 'House') OR (Type_of_building = 'Residential' AND Usage = 'Apartment') OR (Type_of_building = 'Residential' AND Usage = 'Hotel') OR (Type_of_building = 'Production' AND Usage = 'Factory')) AND ((Quarter = 'Q4' AND Month = 'October'))",
 "sqlResult": "{16} || {32} || {48} || {60}",
 "nlq": "What is the number of Apartment, Factory, Hotel, or House buildings in October?"},
{"name": "template 4",
 "sql": "SELECT avg(Value),min(Value) FROM DBdata WHERE ((Type_of_building = 'Residential' AND Usage = 'House') OR (Type_of_building = 'Residential' AND Usage = 'Hotel') OR (Type_of_building = 'Production' AND Usage = 'Factory')) AND ((Quarter = 'Q3' AND Month = 'August'))",
 "sqlResult": "{39.33 | 6}",
 "nlq": "What are the average and minimum numbers of Factory, Hotel, or House buildings in August?"},
{"name": "template 6",
 "sql": "SELECT Value FROM DBdata WHERE ((Type_of_building = 'Residential' AND Usage = 'Apartment') OR (Type_of_building = 'Production' AND Usage = 'Workshop') OR (Type_of_building = 'Production' AND Usage = 'Factory')) AND ((Quarter = 'Q3' AND Month = 'September') OR (Quarter = 'Q4' AND Month = 'October') OR (Quarter = 'Q4' AND Month = 'November') OR (Quarter = 'Q4' AND Month = 'December'))",
 "sqlResult": "{68} || {100} || {14} || {32} || {54} || {60} || {86} || {15} || {40} || {34} || {26} || {3}",
 "nlq": "What is the number of Apartment, Factory, or Workshop buildings in December, November, October, or September?"},
{"name": "template 7",
 "sql": "SELECT avg(Value),min(Value) FROM DBdata WHERE ((Type_of_building = 'Residential' AND Usage = 'Hotel')) AND ((Quarter = 'Q3' AND Month = 'August') OR (Quarter = 'Q3' AND Month = 'September') OR (Quarter = 'Q4' AND Month = 'December'))",
 "sqlResult": "{60.33 | 38}",
 "nlq": "What are the average and minimum numbers of Hotel buildings in August, December, or September?"},
{"name": "template 8",
 "sql": "SELECT Type_of_building,Usage,min(Value),avg(Value) FROM DBdata WHERE ((Type_of_building = 'Residential' AND Usage = 'House') OR (Type_of_building = 'Residential' AND Usage = 'Apartment') OR (Type_of_building = 'Residential' AND Usage = 'Hotel') OR (Type_of_building = 'Production' AND Usage = 'Workshop') OR (Type_of_building = 'Production' AND Usage = 'Factory')) AND ((Quarter = 'Q3' AND Month = 'September') OR (Quarter = 'Q4' AND Month = 'October') OR (Quarter = 'Q4' AND Month = 'December')) GROUP BY Type_of_building,Usage",
 "sqlResult": "{Production | Factory | 3 | 25.67} || {Production | Workshop | 26 | 60} || {Residential | Apartment | 32 | 44.67} || {Residential | Hotel | 38 | 61} || {Residential | House | 16 | 56}",
 "nlq": "What are the minimum and average numbers for each Type of building and Usage, of Apartment, Factory, Hotel, House, or Workshop buildings in December, October, or September? Please, report the corresponding Type of building and Usage."},
{"name": "template 9",
 "sql": "SELECT min(Value) FROM DBdata WHERE ((Type_of_building = 'Production' AND Usage = 'Workshop')) AND (Quarter IN ('Q3','Q4')) GROUP BY Quarter",
 "sqlResult": "{23} || {15}",
 "nlq": "What is the minimum number for each Quarter, of Workshop buildings in Q3 or Q4?"},
{"name": "template 10",
 "sql": "SELECT Quarter,avg(Value) FROM DBdata WHERE ((Type_of_building = 'Residential' AND Usage = 'Hotel')) AND (Quarter IN ('Q3','Q4')) GROUP BY Quarter",
 "sqlResult": "{Q3 | 43.67} || {Q4 | 67.67}",
 "nlq": "What is the average number for each Quarter, of Hotel buildings in Q3 or Q4? Please, report the corresponding Quarter."},
{"name": "template 11",
 "sql": "SELECT Quarter,Type_of_building,Usage,min(Value) FROM DBdata WHERE ((Type_of_building = 'Residential' AND Usage = 'Apartment') OR (Type_of_building = 'Production' AND Usage = 'Workshop')) AND (Quarter IN ('Q3','Q4')) GROUP BY Quarter,Type_of_building,Usage",
 "sqlResult": "{Q3 | Production | Workshop | 23} || {Q3 | Residential | Apartment | 68} || {Q4 | Production | Workshop | 15} || {Q4 | Residential | Apartment | 32}",
 "nlq": "What is the minimum number for each Quarter, Type of building, and Usage, of Apartment or Workshop buildings in Q3 or Q4? Please, report the corresponding Quarter, Type of building, and Usage."},
{"name": "template 12",
 "sql": "SELECT Value FROM DBdata WHERE ((Type_of_building = 'Production' AND Usage = 'Factory')) AND (Quarter IN ('Q3','Q4')) ORDER BY VALUE ASC LIMIT 5",
 "sqlResult": "{3} || {6} || {7} || {14} || {40}",
 "nlq": "What are the bottom 5 numbers of Factory buildings in Q3 or Q4?"},
{"name": "template 13",
 "sql": "SELECT Value FROM DBdata WHERE ((Type_of_building = 'Residential' AND Usage = 'House')) AND (Quarter IN ('Q3','Q4')) ORDER BY VALUE ASC",
 "sqlResult": "{9} || {16} || {53} || {66} || {77} || {99}",
 "nlq": "What are the numbers ordered by ascending values of House buildings in Q3 or Q4?"},
{"name": "template 14",
 "sql": "SELECT Quarter,Month FROM DBdata WHERE ((Type_of_building = 'Residential' AND Usage = 'Hotel')) AND Value < 48.17",
 "sqlResult": "{Q3 | July} || {Q3 | August} || {Q3 | September} || {Q4 | October}",
 "nlq": "What are the Quarter and Month for which the number of Hotel buildings is lower than 48.17?"},
{"name": "template 15",
 "sql": "SELECT Quarter,Month,Value FROM DBdata WHERE ((Type_of_building = 'Production' AND Usage = 'Factory')) AND (Quarter,Month) IN (SELECT Quarter,Month FROM DBdata WHERE ((Type_of_building = 'Residential' AND Usage = 'Hotel')) AND Value < 48.17)",
 "sqlResult": "{Q3 | July | 7} || {Q3 | August | 6} || {Q3 | September | 14} || {Q4 | October | 60}",
 "nlq": "What is the number of Factory buildings in Quarter and in Month for which the number of Hotel buildings is lower than 48.17? Please, report the corresponding Quarter, Month, and number of buildings."}]
}
