{
"filename": "Number_of_constructions_set8_1_DB.csv",
"questions": [{"name": "template 1",
 "sql": "SELECT Value FROM DBdata WHERE ((Type_of_building = 'Production' AND Usage = 'Workshop')) AND ((Quarter = 'Q2' AND Month = 'April'))",
 "sqlResult": "{21}",
 "nlq": "What is the number of Workshop buildings in April?"},
{"name": "template 2",
 "sql": "SELECT Value FROM DBdata WHERE ((Type_of_building = 'Production' AND Usage = 'Workshop')) AND ((Quarter = 'Q1' AND Month = 'February') OR (Quarter = 'Q1' AND Month = 'March') OR (Quarter = 'Q2' AND Month = 'April') OR (Quarter = 'Q2' AND Month = 'May') OR (Quarter = 'Q2' AND Month = 'June'))",
 "sqlResult": "{17} || {7} || {21} || {53} || {72}",
 "nlq": "What is the number of Workshop buildings in April, February, June, March, or May?"},
{"name": "template 3",
 "sql": "SELECT Value FROM DBdata WHERE ((Type_of_building = 'Production' AND Usage = 'Workshop') OR (Type_of_building = 'Production' AND Usage = 'Factory') OR (Type_of_building = 'Culture' AND Usage = 'Museum') OR (Type_of_building = 'Culture' AND Usage = 'Theatre') OR (Type_of_building = 'Service' AND Usage = 'Hospital')) AND ((Quarter = 'Q1' AND Month = 'February'))",
 "sqlResult": "{17} || {76} || {23} || {91} || {35}",
 "nlq": "What is the number of Factory, Hospital, Museum, Theatre, or Workshop buildings in February?"},
{"name": "template 4",
 "sql": "SELECT sum(Value),max(Value) FROM DBdata WHERE ((Type_of_building = 'Culture' AND Usage = 'Museum') OR (Type_of_building = 'Culture' AND Usage = 'Theatre') OR (Type_of_building = 'Service' AND Usage = 'School')) AND ((Quarter = 'Q2' AND Month = 'May'))",
 "sqlResult": "{201 | 97}",
 "nlq": "What are the total and maximum numbers of Museum, School, or Theatre buildings in May?"},
{"name": "template 6",
 "sql": "SELECT Value FROM DBdata WHERE ((Type_of_building = 'Production' AND Usage = 'Workshop') OR (Type_of_building = 'Production' AND Usage = 'Factory') OR (Type_of_building = 'Culture' AND Usage = 'Theatre') OR (Type_of_building = 'Service' AND Usage = 'School')) AND ((Quarter = 'Q1' AND Month = 'February') OR (Quarter = 'Q2' AND Month = 'April') OR (Quarter = 'Q2' AND Month = 'May') OR (Quarter = 'Q2' AND Month = 'June'))",
 "sqlResult": "{17} || {76} || {91} || {85} || {21} || {64} || {33} || {25} || {53} || {77} || {45} || {59} || {72} || {4} || {16} || {19}",
 "nlq": "What is the number of Factory, School, Theatre, or Workshop buildings in April, February, June, or May?"},
{"name": "template 7",
 "sql": "SELECT sum(Value),max(Value) FROM DBdata WHERE ((Type_of_building = 'Service' AND Usage = 'School')) AND ((Quarter = 'Q1' AND Month = 'February') OR (Quarter = 'Q2' AND Month = 'April'))",
 "sqlResult": "{110 | 85}",
 "nlq": "What are the total and maximum numbers of School buildings in April or February?"},
{"name": "template 8",
 "sql": "SELECT Type_of_building,Usage,min(Value),max(Value) FROM DBdata WHERE ((Type_of_building = 'Production' AND Usage = 'Workshop') OR (Type_of_building = 'Service' AND Usage = 'School') OR (Type_of_building = 'Service' AND Usage = 'Hospital') OR (Type_of_building = 'Service' AND Usage = 'Administration')) AND ((Quarter = 'Q1' AND Month = 'March') OR (Quarter = 'Q2' AND Month = 'April') OR (Quarter = 'Q2' AND Month = 'May')) GROUP BY Type_of_building,Usage",
 "sqlResult": "{Production | Workshop | 7 | 53} || {Service | Administration | 6 | 65} || {Service | Hospital | 0 | 51} || {Service | School | 25 | 59}",
 "nlq": "What are the minimum and maximum numbers for each Type of building and Usage, of Administration, Hospital, School, or Workshop buildings in April, March, or May? Please, report the corresponding Type of building and Usage."},
{"name": "template 9",
 "sql": "SELECT min(Value) FROM DBdata WHERE ((Type_of_building = 'Production' AND Usage = 'Factory')) AND (Quarter IN ('Q1','Q2')) GROUP BY Quarter",
 "sqlResult": "{76} || {4}",
 "nlq": "What is the minimum number for each Quarter, of Factory buildings in Q1 or Q2?"},
{"name": "template 10",
 "sql": "SELECT Quarter,avg(Value) FROM DBdata WHERE ((Type_of_building = 'Culture' AND Usage = 'Museum')) AND (Quarter IN ('Q1','Q2')) GROUP BY Quarter",
 "sqlResult": "{Q1 | 26} || {Q2 | 75.33}",
 "nlq": "What is the average number for each Quarter, of Museum buildings in Q1 or Q2? Please, report the corresponding Quarter."},
{"name": "template 11",
 "sql": "SELECT Quarter,Type_of_building,Usage,sum(Value) FROM DBdata WHERE ((Type_of_building = 'Production' AND Usage = 'Workshop') OR (Type_of_building = 'Culture' AND Usage = 'Museum')) AND (Quarter IN ('Q1','Q2')) GROUP BY Quarter,Type_of_building,Usage",
 "sqlResult": "{Q1 | Culture | Museum | 52} || {Q1 | Production | Workshop | 24} || {Q2 | Culture | Museum | 226} || {Q2 | Production | Workshop | 146}",
 "nlq": "What is the total number for each Quarter, Type of building, and Usage, of Museum or Workshop buildings in Q1 or Q2? Please, report the corresponding Quarter, Type of building, and Usage."},
{"name": "template 12",
 "sql": "SELECT Value FROM DBdata WHERE ((Type_of_building = 'Culture' AND Usage = 'Concert')) AND (Quarter IN ('Q1','Q2')) ORDER BY VALUE DESC LIMIT 3",
 "sqlResult": "{78} || {41} || {39}",
 "nlq": "What are the top 3 numbers of Concert buildings in Q1 or Q2?"},
{"name": "template 13",
 "sql": "SELECT Value FROM DBdata WHERE ((Type_of_building = 'Culture' AND Usage = 'Concert')) AND (Quarter IN ('Q1','Q2')) ORDER BY VALUE DESC",
 "sqlResult": "{78} || {41} || {39} || {31} || {10}",
 "nlq": "What are the numbers ordered by descending values of Concert buildings in Q1 or Q2?"},
{"name": "template 14",
 "sql": "SELECT Quarter,Month FROM DBdata WHERE ((Type_of_building = 'Culture' AND Usage = 'Museum')) AND Value < 42.62",
 "sqlResult": "{Q1 | February} || {Q1 | March}",
 "nlq": "What are the Quarter and Month for which the number of Museum buildings is lower than 42.62?"},
{"name": "template 15",
 "sql": "SELECT Quarter,Month,Value FROM DBdata WHERE ((Type_of_building = 'Culture' AND Usage = 'Theatre')) AND (Quarter,Month) IN (SELECT Quarter,Month FROM DBdata WHERE ((Type_of_building = 'Culture' AND Usage = 'Museum')) AND Value < 42.62)",
 "sqlResult": "{Q1 | February | 91} || {Q1 | March | 27}",
 "nlq": "What is the number of Theatre buildings in Quarter and in Month for which the number of Museum buildings is lower than 42.62? Please, report the corresponding Quarter, Month, and number of buildings."}]
}
