{
"filename": "Number_of_constructions_set4_5_DB.csv",
"questions": [{"name": "template 1",
 "sql": "SELECT Value FROM DBdata WHERE ((AA = 'AAgk' AND BB = 'BBgp')) AND ((CC = 'CCmx' AND DD = 'DDcn'))",
 "sqlResult": "{50}",
 "nlq": "What is the number of BBgp buildings in DDcn?"},
{"name": "template 2",
 "sql": "SELECT Value FROM DBdata WHERE ((AA = 'AAgk' AND BB = 'BBgp')) AND ((CC = 'CCmx' AND DD = 'DDdj') OR (CC = 'CCnp' AND DD = 'DDch'))",
 "sqlResult": "{40} || {65}",
 "nlq": "What is the number of BBgp buildings in DDdj or DDch?"},
{"name": "template 3",
 "sql": "SELECT Value FROM DBdata WHERE ((AA = 'AAcy' AND BB = 'BBdy') OR (AA = 'AAcy' AND BB = 'BBns') OR (AA = 'AAgk' AND BB = 'BBgp') OR (AA = 'AAgk' AND BB = 'BBjy')) AND ((CC = 'CCmx' AND DD = 'DDcn'))",
 "sqlResult": "{78} || {28} || {50} || {16}",
 "nlq": "What is the number of BBns, BBgp, BBjy, or BBdy buildings in DDcn?"},
{"name": "template 4",
 "sql": "SELECT sum(Value),min(Value) FROM DBdata WHERE ((AA = 'AAcy' AND BB = 'BBdy') OR (AA = 'AAcy' AND BB = 'BBns') OR (AA = 'AAgk' AND BB = 'BBgp') OR (AA = 'AAgk' AND BB = 'BBjy')) AND ((CC = 'CCnp' AND DD = 'DDjx'))",
 "sqlResult": "{162 | 6}",
 "nlq": "What are the total and minimum numbers of BBns, BBgp, BBjy, or BBdy buildings in DDjx?"},
{"name": "template 6",
 "sql": "SELECT Value FROM DBdata WHERE ((AA = 'AAcy' AND BB = 'BBdy') OR (AA = 'AAcy' AND BB = 'BBns')) AND ((CC = 'CCmx' AND DD = 'DDdj') OR (CC = 'CCmx' AND DD = 'DDcn') OR (CC = 'CCnp' AND DD = 'DDch') OR (CC = 'CCnp' AND DD = 'DDjx'))",
 "sqlResult": "{81} || {5} || {78} || {28} || {41} || {80} || {39} || {69}",
 "nlq": "What is the number of BBns or BBdy buildings in DDjx, DDdj, DDch, or DDcn?"},
{"name": "template 7",
 "sql": "SELECT sum(Value),avg(Value) FROM DBdata WHERE ((AA = 'AAcy' AND BB = 'BBns')) AND ((CC = 'CCmx' AND DD = 'DDdj') OR (CC = 'CCmx' AND DD = 'DDbs') OR (CC = 'CCnp' AND DD = 'DDbm') OR (CC = 'CCnp' AND DD = 'DDjx'))",
 "sqlResult": "{103 | 25.75}",
 "nlq": "What are the total and average numbers of BBns buildings in DDbs, DDjx, DDdj, or DDbm?"},
{"name": "template 8",
 "sql": "SELECT AA,BB,max(Value),min(Value) FROM DBdata WHERE ((AA = 'AAcy' AND BB = 'BBns') OR (AA = 'AAgk' AND BB = 'BBjy')) AND ((CC = 'CCmx' AND DD = 'DDdj') OR (CC = 'CCmx' AND DD = 'DDbs') OR (CC = 'CCnp' AND DD = 'DDbm')) GROUP BY AA,BB",
 "sqlResult": "{AAgk | BBjy | 63 | 9} || {AAcy | BBns | 29 | 0}",
 "nlq": "What are the maximum and minimum numbers for each AA and BB, of BBns or BBjy buildings in DDbs, DDdj, or DDbm? Please, report the corresponding AA and BB."},
{"name": "template 9",
 "sql": "SELECT min(Value) FROM DBdata WHERE ((AA = 'AAgk' AND BB = 'BBjy')) AND (CC IN ('CCmx','CCnp')) GROUP BY CC",
 "sqlResult": "{9} || {6}",
 "nlq": "What is the minimum number for each CC, of BBjy buildings in CCmx or CCnp?"},
{"name": "template 10",
 "sql": "SELECT CC,sum(Value) FROM DBdata WHERE ((AA = 'AAcy' AND BB = 'BBns')) AND (CC IN ('CCmx','CCnp')) GROUP BY CC",
 "sqlResult": "{CCmx | 62} || {CCnp | 149}",
 "nlq": "What is the total number for each CC, of BBns buildings in CCmx or CCnp? Please, report the corresponding CC."},
{"name": "template 11",
 "sql": "SELECT CC,AA,BB,sum(Value) FROM DBdata WHERE ((AA = 'AAcy' AND BB = 'BBdy') OR (AA = 'AAgk' AND BB = 'BBgp')) AND (CC IN ('CCmx','CCnp')) GROUP BY CC,AA,BB",
 "sqlResult": "{CCmx | AAgk | BBgp | 126} || {CCmx | AAcy | BBdy | 173} || {CCnp | AAgk | BBgp | 135} || {CCnp | AAcy | BBdy | 106}",
 "nlq": "What is the total number for each CC, AA, and BB, of BBgp or BBdy buildings in CCmx or CCnp? Please, report the corresponding CC, AA, and BB."},
{"name": "template 12",
 "sql": "SELECT Value FROM DBdata WHERE ((AA = 'AAcy' AND BB = 'BBdy')) AND (CC IN ('CCmx','CCnp')) ORDER BY VALUE DESC LIMIT 3",
 "sqlResult": "{81} || {78} || {41}",
 "nlq": "What are the top 3 numbers of BBdy buildings in CCmx or CCnp?"},
{"name": "template 13",
 "sql": "SELECT Value FROM DBdata WHERE ((AA = 'AAgk' AND BB = 'BBjy')) AND (CC IN ('CCmx','CCnp')) ORDER BY VALUE ASC",
 "sqlResult": "{6} || {9} || {10} || {16} || {63} || {75}",
 "nlq": "What are the numbers ordered by ascending values of BBjy buildings in CCmx or CCnp?"},
{"name": "template 14",
 "sql": "SELECT CC,DD FROM DBdata WHERE ((AA = 'AAcy' AND BB = 'BBns')) AND Value < 38.75",
 "sqlResult": "{CCmx | DDdj} || {CCmx | DDbs} || {CCmx | DDcn} || {CCnp | DDbm}",
 "nlq": "What are the CC and DD for which the number of BBns buildings is lower than 38.75?"},
{"name": "template 15",
 "sql": "SELECT CC,DD,Value FROM DBdata WHERE ((AA = 'AAcy' AND BB = 'BBdy')) AND (CC,DD) IN (SELECT CC,DD FROM DBdata WHERE ((AA = 'AAcy' AND BB = 'BBns')) AND Value < 38.75)",
 "sqlResult": "{CCmx | DDdj | 81} || {CCmx | DDbs | 14} || {CCmx | DDcn | 78} || {CCnp | DDbm | 26}",
 "nlq": "What is the number of BBdy buildings in CC and in DD for which the number of BBns buildings is lower than 38.75? Please, report the corresponding CC, DD, and number of buildings."}]
}

