{
"filename": "Number_of_constructions_set6_5_DB.csv",
"questions": [{"name": "template 1",
 "sql": "SELECT Value FROM DBdata WHERE ((Type_of_building = 'Production' AND Usage = 'Factory')) AND ((Quarter = 'Q2' AND Month = 'April'))",
 "sqlResult": "{11}",
 "nlq": "What is the number of Factory buildings in April?"},
{"name": "template 2",
 "sql": "SELECT Value FROM DBdata WHERE ((Type_of_building = 'Culture' AND Usage = 'Theatre')) AND ((Quarter = 'Q1' AND Month = 'February') OR (Quarter = 'Q1' AND Month = 'March') OR (Quarter = 'Q2' AND Month = 'April') OR (Quarter = 'Q2' AND Month = 'May'))",
 "sqlResult": "{88} || {71} || {65} || {7}",
 "nlq": "What is the number of Theatre buildings in April, February, March, or May?"},
{"name": "template 3",
 "sql": "SELECT Value FROM DBdata WHERE ((Type_of_building = 'Production' AND Usage = 'Workshop') OR (Type_of_building = 'Production' AND Usage = 'Factory') OR (Type_of_building = 'Culture' AND Usage = 'Concert') OR (Type_of_building = 'Service' AND Usage = 'Hospital')) AND ((Quarter = 'Q2' AND Month = 'May'))",
 "sqlResult": "{57} || {92} || {44} || {33}",
 "nlq": "What is the number of Concert, Factory, Hospital, or Workshop buildings in May?"},
{"name": "template 4",
 "sql": "SELECT avg(Value),max(Value) FROM DBdata WHERE ((Type_of_building = 'Culture' AND Usage = 'Theatre') OR (Type_of_building = 'Culture' AND Usage = 'Concert') OR (Type_of_building = 'Service' AND Usage = 'Hospital')) AND ((Quarter = 'Q1' AND Month = 'February'))",
 "sqlResult": "{49.33 | 88}",
 "nlq": "What are the average and maximum numbers of Concert, Hospital, or Theatre buildings in February?"},
{"name": "template 6",
 "sql": "SELECT Value FROM DBdata WHERE ((Type_of_building = 'Production' AND Usage = 'Workshop') OR (Type_of_building = 'Culture' AND Usage = 'Theatre') OR (Type_of_building = 'Culture' AND Usage = 'Concert')) AND ((Quarter = 'Q1' AND Month = 'February') OR (Quarter = 'Q1' AND Month = 'March') OR (Quarter = 'Q2' AND Month = 'April'))",
 "sqlResult": "{28} || {88} || {59} || {29} || {71} || {100} || {67} || {65} || {45}",
 "nlq": "What is the number of Concert, Theatre, or Workshop buildings in April, February, or March?"},
{"name": "template 7",
 "sql": "SELECT avg(Value),min(Value) FROM DBdata WHERE ((Type_of_building = 'Service' AND Usage = 'School')) AND ((Quarter = 'Q1' AND Month = 'February') OR (Quarter = 'Q2' AND Month = 'April'))",
 "sqlResult": "{43 | 32}",
 "nlq": "What are the average and minimum numbers of School buildings in April or February?"},
{"name": "template 8",
 "sql": "SELECT Type_of_building,Usage,sum(Value),min(Value) FROM DBdata WHERE ((Type_of_building = 'Production' AND Usage = 'Workshop') OR (Type_of_building = 'Service' AND Usage = 'Administration')) AND ((Quarter = 'Q1' AND Month = 'March') OR (Quarter = 'Q2' AND Month = 'April') OR (Quarter = 'Q2' AND Month = 'May')) GROUP BY Type_of_building,Usage",
 "sqlResult": "{Production | Workshop | 153 | 29} || {Service | Administration | 128 | 34}",
 "nlq": "What are the total and minimum numbers for each Type of building and Usage, of Administration or Workshop buildings in April, March, or May? Please, report the corresponding Type of building and Usage."},
{"name": "template 9",
 "sql": "SELECT min(Value) FROM DBdata WHERE ((Type_of_building = 'Culture' AND Usage = 'Concert')) AND (Quarter IN ('Q1','Q2')) GROUP BY Quarter",
 "sqlResult": "{59} || {44}",
 "nlq": "What is the minimum number for each Quarter, of Concert buildings in Q1 or Q2?"},
{"name": "template 10",
 "sql": "SELECT Quarter,sum(Value) FROM DBdata WHERE ((Type_of_building = 'Service' AND Usage = 'Administration')) AND (Quarter IN ('Q1','Q2')) GROUP BY Quarter",
 "sqlResult": "{Q1 | 53} || {Q2 | 80}",
 "nlq": "What is the total number for each Quarter, of Administration buildings in Q1 or Q2? Please, report the corresponding Quarter."},
{"name": "template 11",
 "sql": "SELECT Quarter,Type_of_building,Usage,max(Value) FROM DBdata WHERE ((Type_of_building = 'Production' AND Usage = 'Workshop') OR (Type_of_building = 'Service' AND Usage = 'Hospital')) AND (Quarter IN ('Q1','Q2')) GROUP BY Quarter,Type_of_building,Usage",
 "sqlResult": "{Q1 | Production | Workshop | 29} || {Q1 | Service | Hospital | 83} || {Q2 | Production | Workshop | 67} || {Q2 | Service | Hospital | 41}",
 "nlq": "What is the maximum number for each Quarter, Type of building, and Usage, of Hospital or Workshop buildings in Q1 or Q2? Please, report the corresponding Quarter, Type of building, and Usage."},
{"name": "template 12",
 "sql": "SELECT Value FROM DBdata WHERE ((Type_of_building = 'Production' AND Usage = 'Workshop')) AND (Quarter IN ('Q1','Q2')) ORDER BY VALUE ASC LIMIT 2",
 "sqlResult": "{28} || {29}",
 "nlq": "What are the bottom 2 numbers of Workshop buildings in Q1 or Q2?"},
{"name": "template 13",
 "sql": "SELECT Value FROM DBdata WHERE ((Type_of_building = 'Production' AND Usage = 'Factory')) AND (Quarter IN ('Q1','Q2')) ORDER BY VALUE DESC",
 "sqlResult": "{92} || {75} || {16} || {11}",
 "nlq": "What are the numbers ordered by descending values of Factory buildings in Q1 or Q2?"},
{"name": "template 14",
 "sql": "SELECT Quarter,Month FROM DBdata WHERE ((Type_of_building = 'Production' AND Usage = 'Factory')) AND Value < 46.71",
 "sqlResult": "{Q1 | March} || {Q2 | April}",
 "nlq": "What are the Quarter and Month for which the number of Factory buildings is lower than 46.71?"},
{"name": "template 15",
 "sql": "SELECT Quarter,Month,Value FROM DBdata WHERE ((Type_of_building = 'Service' AND Usage = 'Hospital')) AND (Quarter,Month) IN (SELECT Quarter,Month FROM DBdata WHERE ((Type_of_building = 'Production' AND Usage = 'Factory')) AND Value < 46.71)",
 "sqlResult": "{Q1 | March | 83} || {Q2 | April | 41}",
 "nlq": "What is the number of Hospital buildings in Quarter and in Month for which the number of Factory buildings is lower than 46.71? Please, report the corresponding Quarter, Month, and number of buildings."}]
}
