AA,BB,CC,DD,Value
AA,BB,CC,DD,Value
AAqv,BBhv,CCdx,DDsx,68
AAqv,BBqs,CCdx,DDsx,96
AAqv,BBgh,CCdx,DDsx,60
AAmp,BBqx,CCdx,DDsx,47
AAmp,BBst,CCdx,DDsx,20
AAqv,BBhv,CCdx,DDrx,34
AAqv,BBqs,CCdx,DDrx,94
AAqv,BBgh,CCdx,DDrx,23
AAmp,BBqx,CCdx,DDrx,57
AAmp,BBst,CCdx,DDrx,62
AAqv,BBhv,CCjv,DDlr,19
AAqv,BBqs,CCjv,DDlr,78
AAqv,BBgh,CCjv,DDlr,35
AAmp,BBqx,CCjv,DDlr,53
AAmp,BBst,CCjv,DDlr,44
AAqv,BBhv,CCjv,DDtx,100
AAqv,BBqs,CCjv,DDtx,97
AAqv,BBgh,CCjv,DDtx,49
AAmp,BBqx,CCjv,DDtx,30
AAmp,BBst,CCjv,DDtx,67
AAqv,BBhv,CCmz,DDfr,3
AAqv,BBqs,CCmz,DDfr,6
AAqv,BBgh,CCmz,DDfr,37
AAmp,BBqx,CCmz,DDfr,36
AAmp,BBst,CCmz,DDfr,66
AAqv,BBhv,CCmz,DDfn,13
AAqv,BBqs,CCmz,DDfn,84
AAqv,BBgh,CCmz,DDfn,89
AAmp,BBqx,CCmz,DDfn,7
AAmp,BBst,CCmz,DDfn,61

