AA,BB,CC,DD,Value
AA,BB,CC,DD,Value
AAlr,BBsx,CCmq,DDjy,95
AAlr,BBlw,CCmq,DDjy,27
AAdz,BBcm,CCmq,DDjy,40
AAdz,BBmy,CCmq,DDjy,47
AAdz,BBjt,CCmq,DDjy,30
AAlr,BBsx,CCmq,DDqr,45
AAlr,BBlw,CCmq,DDqr,92
AAdz,BBcm,CCmq,DDqr,86
AAdz,BBmy,CCmq,DDqr,80
AAdz,BBjt,CCmq,DDqr,21
AAlr,BBsx,CCjx,DDnp,82
AAlr,BBlw,CCjx,DDnp,23
AAdz,BBcm,CCjx,DDnp,32
AAdz,BBmy,CCjx,DDnp,14
AAdz,BBjt,CCjx,DDnp,1
AAlr,BBsx,CCjx,DDjr,49
AAlr,BBlw,CCjx,DDjr,10
AAdz,BBcm,CCjx,DDjr,66
AAdz,BBmy,CCjx,DDjr,54
AAdz,BBjt,CCjx,DDjr,58
AAlr,BBsx,CCjx,DDhw,76
AAlr,BBlw,CCjx,DDhw,33
AAdz,BBcm,CCjx,DDhw,5
AAdz,BBmy,CCjx,DDhw,64
AAdz,BBjt,CCjx,DDhw,67
AAlr,BBsx,CCkr,DDgt,18
AAlr,BBlw,CCkr,DDgt,71
AAdz,BBcm,CCkr,DDgt,12
AAdz,BBmy,CCkr,DDgt,37
AAdz,BBjt,CCkr,DDgt,83
AAlr,BBsx,CCkr,DDfx,56
AAlr,BBlw,CCkr,DDfx,20
AAdz,BBcm,CCkr,DDfx,59
AAdz,BBmy,CCkr,DDfx,73
AAdz,BBjt,CCkr,DDfx,34

