{
"filename": "Number_of_constructions_set1_5_DB.csv",
"questions": [{"name": "template 1",
 "sql": "SELECT Value FROM DBdata WHERE ((Type_of_building = 'Service' AND Usage = 'Hospital')) AND ((Quarter = 'Q4' AND Month = 'November'))",
 "sqlResult": "{73}",
 "nlq": "What is the number of Hospital buildings in November?"},
{"name": "template 2",
 "sql": "SELECT Value FROM DBdata WHERE ((Type_of_building = 'Culture' AND Usage = 'Concert')) AND ((Quarter = 'Q4' AND Month = 'November') OR (Quarter = 'Q4' AND Month = 'December'))",
 "sqlResult": "{75} || {98}",
 "nlq": "What is the number of Concert buildings in December or November?"},
{"name": "template 3",
 "sql": "SELECT Value FROM DBdata WHERE ((Type_of_building = 'Production' AND Usage = 'Workshop') OR (Type_of_building = 'Production' AND Usage = 'Factory') OR (Type_of_building = 'Culture' AND Usage = 'Theatre') OR (Type_of_building = 'Culture' AND Usage = 'Concert') OR (Type_of_building = 'Service' AND Usage = 'Hospital') OR (Type_of_building = 'Service' AND Usage = 'Administration')) AND ((Quarter = 'Q3' AND Month = 'August'))",
 "sqlResult": "{55} || {80} || {87} || {5} || {24} || {45}",
 "nlq": "What is the number of Administration, Concert, Factory, Hospital, Theatre, or Workshop buildings in August?"},
{"name": "template 4",
 "sql": "SELECT min(Value),sum(Value) FROM DBdata WHERE ((Type_of_building = 'Production' AND Usage = 'Factory') OR (Type_of_building = 'Service' AND Usage = 'Hospital') OR (Type_of_building = 'Service' AND Usage = 'Administration')) AND ((Quarter = 'Q3' AND Month = 'August'))",
 "sqlResult": "{24 | 149}",
 "nlq": "What are the minimum and total numbers of Administration, Factory, or Hospital buildings in August?"},
{"name": "template 6",
 "sql": "SELECT Value FROM DBdata WHERE ((Type_of_building = 'Production' AND Usage = 'Factory') OR (Type_of_building = 'Culture' AND Usage = 'Theatre') OR (Type_of_building = 'Culture' AND Usage = 'Concert') OR (Type_of_building = 'Service' AND Usage = 'Administration') OR (Type_of_building = 'Service' AND Usage = 'Library')) AND ((Quarter = 'Q2' AND Month = 'May') OR (Quarter = 'Q3' AND Month = 'July') OR (Quarter = 'Q3' AND Month = 'August') OR (Quarter = 'Q4' AND Month = 'December'))",
 "sqlResult": "{68} || {59} || {67} || {11} || {86} || {60} || {42} || {53} || {35} || {14} || {80} || {87} || {5} || {45} || {81} || {69} || {99} || {98} || {30} || {52}",
 "nlq": "What is the number of Administration, Concert, Factory, Library, or Theatre buildings in August, December, July, or May?"},
{"name": "template 7",
 "sql": "SELECT sum(Value),min(Value) FROM DBdata WHERE ((Type_of_building = 'Production' AND Usage = 'Workshop')) AND ((Quarter = 'Q2' AND Month = 'June') OR (Quarter = 'Q3' AND Month = 'July'))",
 "sqlResult": "{118 | 56}",
 "nlq": "What are the total and minimum numbers of Workshop buildings in July or June?"},
{"name": "template 8",
 "sql": "SELECT Type_of_building,Usage,max(Value),avg(Value) FROM DBdata WHERE ((Type_of_building = 'Culture' AND Usage = 'Concert') OR (Type_of_building = 'Service' AND Usage = 'Administration')) AND ((Quarter = 'Q2' AND Month = 'May') OR (Quarter = 'Q2' AND Month = 'June')) GROUP BY Type_of_building,Usage",
 "sqlResult": "{Culture | Concert | 93 | 80} || {Service | Administration | 43 | 27}",
 "nlq": "What are the maximum and average numbers for each Type of building and Usage, of Administration or Concert buildings in June or May? Please, report the corresponding Type of building and Usage."},
{"name": "template 9",
 "sql": "SELECT min(Value) FROM DBdata WHERE ((Type_of_building = 'Service' AND Usage = 'Hospital')) AND (Quarter IN ('Q2','Q3','Q4')) GROUP BY Quarter",
 "sqlResult": "{54} || {24} || {16}",
 "nlq": "What is the minimum number for each Quarter, of Hospital buildings in Q2, Q3, or Q4?"},
{"name": "template 10",
 "sql": "SELECT Quarter,max(Value) FROM DBdata WHERE ((Type_of_building = 'Service' AND Usage = 'Library')) AND (Quarter IN ('Q2','Q3','Q4')) GROUP BY Quarter",
 "sqlResult": "{Q2 | 86} || {Q3 | 81} || {Q4 | 52}",
 "nlq": "What is the maximum number for each Quarter, of Library buildings in Q2, Q3, or Q4? Please, report the corresponding Quarter."},
{"name": "template 11",
 "sql": "SELECT Quarter,Type_of_building,Usage,min(Value) FROM DBdata WHERE ((Type_of_building = 'Production' AND Usage = 'Factory') OR (Type_of_building = 'Culture' AND Usage = 'Theatre') OR (Type_of_building = 'Service' AND Usage = 'Administration')) AND (Quarter IN ('Q2','Q3','Q4')) GROUP BY Quarter,Type_of_building,Usage",
 "sqlResult": "{Q2 | Culture | Theatre | 49} || {Q2 | Production | Factory | 39} || {Q2 | Service | Administration | 11} || {Q3 | Culture | Theatre | 42} || {Q3 | Production | Factory | 60} || {Q3 | Service | Administration | 35} || {Q4 | Culture | Theatre | 13} || {Q4 | Production | Factory | 23} || {Q4 | Service | Administration | 30}",
 "nlq": "What is the minimum number for each Quarter, Type of building, and Usage, of Administration, Factory, or Theatre buildings in Q2, Q3, or Q4? Please, report the corresponding Quarter, Type of building, and Usage."},
{"name": "template 12",
 "sql": "SELECT Value FROM DBdata WHERE ((Type_of_building = 'Service' AND Usage = 'Hospital')) AND (Quarter IN ('Q2','Q3')) ORDER BY VALUE DESC LIMIT 2",
 "sqlResult": "{76} || {54}",
 "nlq": "What are the top 2 numbers of Hospital buildings in Q2 or Q3?"},
{"name": "template 13",
 "sql": "SELECT Value FROM DBdata WHERE ((Type_of_building = 'Service' AND Usage = 'Library')) AND (Quarter IN ('Q2','Q4')) ORDER BY VALUE ASC",
 "sqlResult": "{4} || {36} || {52} || {86}",
 "nlq": "What are the numbers ordered by ascending values of Library buildings in Q2 or Q4?"},
{"name": "template 14",
 "sql": "SELECT Quarter,Month FROM DBdata WHERE ((Type_of_building = 'Culture' AND Usage = 'Theatre')) AND Value < 53.19",
 "sqlResult": "{Q2 | June} || {Q3 | July} || {Q4 | November}",
 "nlq": "What are the Quarter and Month for which the number of Theatre buildings is lower than 53.19?"},
{"name": "template 15",
 "sql": "SELECT Quarter,Month,Value FROM DBdata WHERE ((Type_of_building = 'Production' AND Usage = 'Workshop')) AND (Quarter,Month) IN (SELECT Quarter,Month FROM DBdata WHERE ((Type_of_building = 'Culture' AND Usage = 'Theatre')) AND Value < 53.19)",
 "sqlResult": "{Q2 | June | 62} || {Q3 | July | 56} || {Q4 | November | 90}",
 "nlq": "What is the number of Workshop buildings in Quarter and in Month for which the number of Theatre buildings is lower than 53.19? Please, report the corresponding Quarter, Month, and number of buildings."}]
}
