{
"filename": "Number_of_constructions_set4_2_DB.csv",
"questions": [{"name": "template 1",
 "sql": "SELECT Value FROM DBdata WHERE ((Type_of_building = 'Culture' AND Usage = 'Museum')) AND ((Quarter = 'Q2' AND Month = 'May'))",
 "sqlResult": "{33}",
 "nlq": "What is the number of Museum buildings in May?"},
{"name": "template 2",
 "sql": "SELECT Value FROM DBdata WHERE ((Type_of_building = 'Production' AND Usage = 'Workshop')) AND ((Quarter = 'Q1' AND Month = 'January') OR (Quarter = 'Q1' AND Month = 'February') OR (Quarter = 'Q2' AND Month = 'April') OR (Quarter = 'Q2' AND Month = 'May') OR (Quarter = 'Q2' AND Month = 'June') OR (Quarter = 'Q3' AND Month = 'July') OR (Quarter = 'Q3' AND Month = 'August') OR (Quarter = 'Q3' AND Month = 'September'))",
 "sqlResult": "{65} || {2} || {38} || {20} || {94} || {36} || {29} || {16}",
 "nlq": "What is the number of Workshop buildings in April, August, February, January, July, June, May, or September?"},
{"name": "template 3",
 "sql": "SELECT Value FROM DBdata WHERE ((Type_of_building = 'Production' AND Usage = 'Workshop') OR (Type_of_building = 'Production' AND Usage = 'Factory') OR (Type_of_building = 'Culture' AND Usage = 'Museum') OR (Type_of_building = 'Culture' AND Usage = 'Theatre') OR (Type_of_building = 'Culture' AND Usage = 'Concert') OR (Type_of_building = 'Service' AND Usage = 'Hospital') OR (Type_of_building = 'Service' AND Usage = 'Administration') OR (Type_of_building = 'Service' AND Usage = 'Library')) AND ((Quarter = 'Q1' AND Month = 'February'))",
 "sqlResult": "{2} || {67} || {56} || {86} || {98} || {44} || {15} || {3}",
 "nlq": "What is the number of Administration, Concert, Factory, Hospital, Library, Museum, Theatre, or Workshop buildings in February?"},
{"name": "template 4",
 "sql": "SELECT sum(Value),min(Value) FROM DBdata WHERE ((Type_of_building = 'Production' AND Usage = 'Workshop') OR (Type_of_building = 'Production' AND Usage = 'Factory') OR (Type_of_building = 'Culture' AND Usage = 'Theatre') OR (Type_of_building = 'Culture' AND Usage = 'Concert') OR (Type_of_building = 'Service' AND Usage = 'Hospital') OR (Type_of_building = 'Service' AND Usage = 'Library')) AND ((Quarter = 'Q3' AND Month = 'September'))",
 "sqlResult": "{161 | 5}",
 "nlq": "What are the total and minimum numbers of Concert, Factory, Hospital, Library, Theatre, or Workshop buildings in September?"},
{"name": "template 6",
 "sql": "SELECT Value FROM DBdata WHERE ((Type_of_building = 'Production' AND Usage = 'Factory') OR (Type_of_building = 'Culture' AND Usage = 'Museum') OR (Type_of_building = 'Service' AND Usage = 'Hospital') OR (Type_of_building = 'Service' AND Usage = 'Administration') OR (Type_of_building = 'Service' AND Usage = 'Library')) AND ((Quarter = 'Q1' AND Month = 'January') OR (Quarter = 'Q2' AND Month = 'May') OR (Quarter = 'Q2' AND Month = 'June') OR (Quarter = 'Q3' AND Month = 'August'))",
 "sqlResult": "{68} || {4} || {84} || {54} || {59} || {12} || {33} || {47} || {45} || {17} || {11} || {49} || {78} || {72} || {61} || {21} || {23} || {46} || {43} || {14}",
 "nlq": "What is the number of Administration, Factory, Hospital, Library, or Museum buildings in August, January, June, or May?"},
{"name": "template 7",
 "sql": "SELECT min(Value),avg(Value) FROM DBdata WHERE ((Type_of_building = 'Service' AND Usage = 'Hospital')) AND ((Quarter = 'Q1' AND Month = 'January') OR (Quarter = 'Q2' AND Month = 'May'))",
 "sqlResult": "{47 | 65.5}",
 "nlq": "What are the minimum and average numbers of Hospital buildings in January or May?"},
{"name": "template 8",
 "sql": "SELECT Type_of_building,Usage,min(Value),sum(Value) FROM DBdata WHERE ((Type_of_building = 'Culture' AND Usage = 'Theatre') OR (Type_of_building = 'Culture' AND Usage = 'Concert') OR (Type_of_building = 'Service' AND Usage = 'Hospital') OR (Type_of_building = 'Service' AND Usage = 'Library')) AND ((Quarter = 'Q2' AND Month = 'April') OR (Quarter = 'Q3' AND Month = 'July')) GROUP BY Type_of_building,Usage",
 "sqlResult": "{Culture | Concert | 64 | 147} || {Culture | Theatre | 19 | 96} || {Service | Hospital | 32 | 113} || {Service | Library | 0 | 95}",
 "nlq": "What are the minimum and total numbers for each Type of building and Usage, of Concert, Hospital, Library, or Theatre buildings in April or July? Please, report the corresponding Type of building and Usage."},
{"name": "template 9",
 "sql": "SELECT min(Value) FROM DBdata WHERE ((Type_of_building = 'Service' AND Usage = 'Administration')) AND (Quarter IN ('Q1','Q2','Q3')) GROUP BY Quarter",
 "sqlResult": "{15} || {45} || {1}",
 "nlq": "What is the minimum number for each Quarter, of Administration buildings in Q1, Q2, or Q3?"},
{"name": "template 10",
 "sql": "SELECT Quarter,avg(Value) FROM DBdata WHERE ((Type_of_building = 'Service' AND Usage = 'Library')) AND (Quarter IN ('Q1','Q2','Q3')) GROUP BY Quarter",
 "sqlResult": "{Q1 | 31} || {Q2 | 57.67} || {Q3 | 6.33}",
 "nlq": "What is the average number for each Quarter, of Library buildings in Q1, Q2, or Q3? Please, report the corresponding Quarter."},
{"name": "template 11",
 "sql": "SELECT Quarter,Type_of_building,Usage,avg(Value) FROM DBdata WHERE ((Type_of_building = 'Service' AND Usage = 'Administration') OR (Type_of_building = 'Service' AND Usage = 'Library')) AND (Quarter IN ('Q1','Q2','Q3')) GROUP BY Quarter,Type_of_building,Usage",
 "sqlResult": "{Q1 | Service | Administration | 34.5} || {Q1 | Service | Library | 31} || {Q2 | Service | Administration | 68} || {Q2 | Service | Library | 57.67} || {Q3 | Service | Administration | 39} || {Q3 | Service | Library | 6.33}",
 "nlq": "What is the average number for each Quarter, Type of building, and Usage, of Administration or Library buildings in Q1, Q2, or Q3? Please, report the corresponding Quarter, Type of building, and Usage."},
{"name": "template 12",
 "sql": "SELECT Value FROM DBdata WHERE ((Type_of_building = 'Service' AND Usage = 'Administration')) AND (Quarter IN ('Q1','Q2')) ORDER BY VALUE DESC LIMIT 4",
 "sqlResult": "{87} || {72} || {54} || {45}",
 "nlq": "What are the top 4 numbers of Administration buildings in Q1 or Q2?"},
{"name": "template 13",
 "sql": "SELECT Value FROM DBdata WHERE ((Type_of_building = 'Production' AND Usage = 'Factory')) AND (Quarter IN ('Q1','Q2')) ORDER BY VALUE DESC",
 "sqlResult": "{69} || {68} || {67} || {12} || {11}",
 "nlq": "What are the numbers ordered by descending values of Factory buildings in Q1 or Q2?"},
{"name": "template 14",
 "sql": "SELECT Quarter,Month FROM DBdata WHERE ((Type_of_building = 'Production' AND Usage = 'Workshop')) AND Value < 49.3",
 "sqlResult": "{Q1 | February} || {Q2 | April} || {Q2 | May} || {Q3 | July} || {Q3 | August} || {Q3 | September}",
 "nlq": "What are the Quarter and Month for which the number of Workshop buildings is lower than 49.3?"},
{"name": "template 15",
 "sql": "SELECT Quarter,Month,Value FROM DBdata WHERE ((Type_of_building = 'Culture' AND Usage = 'Concert')) AND (Quarter,Month) IN (SELECT Quarter,Month FROM DBdata WHERE ((Type_of_building = 'Production' AND Usage = 'Workshop')) AND Value < 49.3)",
 "sqlResult": "{Q1 | February | 98} || {Q2 | April | 64} || {Q2 | May | 35} || {Q3 | July | 83} || {Q3 | August | 97} || {Q3 | September | 26}",
 "nlq": "What is the number of Concert buildings in Quarter and in Month for which the number of Workshop buildings is lower than 49.3? Please, report the corresponding Quarter, Month, and number of buildings."}]
}
