{
"filename": "Number_of_constructions_set10_4_DB.csv",
"questions": [{"name": "template 1",
 "sql": "SELECT Value FROM DBdata WHERE ((AA = 'AAbs' AND BB = 'BBjz')) AND ((CC = 'CCgx' AND DD = 'DDlr'))",
 "sqlResult": "{43}",
 "nlq": "What is the number of BBjz buildings in DDlr?"},
{"name": "template 2",
 "sql": "SELECT Value FROM DBdata WHERE ((AA = 'AAnx' AND BB = 'BBjp')) AND ((CC = 'CCgx' AND DD = 'DDlr') OR (CC = 'CCgx' AND DD = 'DDfq') OR (CC = 'CCjv' AND DD = 'DDfy') OR (CC = 'CCjv' AND DD = 'DDny'))",
 "sqlResult": "{56} || {20} || {9} || {0}",
 "nlq": "What is the number of BBjp buildings in DDfq, DDny, DDlr, or DDfy?"},
{"name": "template 3",
 "sql": "SELECT Value FROM DBdata WHERE ((AA = 'AAnx' AND BB = 'BBkr') OR (AA = 'AAbs' AND BB = 'BBjz') OR (AA = 'AAbs' AND BB = 'BBjl')) AND ((CC = 'CCgx' AND DD = 'DDlr'))",
 "sqlResult": "{18} || {43} || {65}",
 "nlq": "What is the number of BBjl, BBjz, or BBkr buildings in DDlr?"},
{"name": "template 4",
 "sql": "SELECT sum(Value),min(Value) FROM DBdata WHERE ((AA = 'AAnx' AND BB = 'BBkr') OR (AA = 'AAnx' AND BB = 'BBjp') OR (AA = 'AAbs' AND BB = 'BBjz') OR (AA = 'AAbs' AND BB = 'BBjl')) AND ((CC = 'CCgx' AND DD = 'DDlr'))",
 "sqlResult": "{182 | 18}",
 "nlq": "What are the total and minimum numbers of BBjl, BBjp, BBjz, or BBkr buildings in DDlr?"},
{"name": "template 6",
 "sql": "SELECT Value FROM DBdata WHERE ((AA = 'AAnx' AND BB = 'BBkr') OR (AA = 'AAbs' AND BB = 'BBjz') OR (AA = 'AAbs' AND BB = 'BBjl')) AND ((CC = 'CCgx' AND DD = 'DDlr') OR (CC = 'CCjv' AND DD = 'DDpv') OR (CC = 'CCjv' AND DD = 'DDfy') OR (CC = 'CCjv' AND DD = 'DDny'))",
 "sqlResult": "{18} || {43} || {65} || {87} || {24} || {47} || {2} || {55} || {37} || {13} || {70} || {90}",
 "nlq": "What is the number of BBjl, BBjz, or BBkr buildings in DDny, DDlr, DDfy, or DDpv?"},
{"name": "template 7",
 "sql": "SELECT min(Value),max(Value) FROM DBdata WHERE ((AA = 'AAnx' AND BB = 'BBkr')) AND ((CC = 'CCjv' AND DD = 'DDpv') OR (CC = 'CCjv' AND DD = 'DDfy'))",
 "sqlResult": "{2 | 87}",
 "nlq": "What are the minimum and maximum numbers of BBkr buildings in DDfy or DDpv?"},
{"name": "template 8",
 "sql": "SELECT AA,BB,min(Value),max(Value) FROM DBdata WHERE ((AA = 'AAnx' AND BB = 'BBjp') OR (AA = 'AAbs' AND BB = 'BBjl')) AND ((CC = 'CCgx' AND DD = 'DDnr') OR (CC = 'CCjv' AND DD = 'DDny')) GROUP BY AA,BB",
 "sqlResult": "{AAbs | BBjl | 90 | 100} || {AAnx | BBjp | 0 | 78}",
 "nlq": "What are the minimum and maximum numbers for each AA and BB, of BBjl or BBjp buildings in DDny or DDnr? Please, report the corresponding AA and BB."},
{"name": "template 9",
 "sql": "SELECT min(Value) FROM DBdata WHERE ((AA = 'AAnx' AND BB = 'BBkr')) AND (CC IN ('CCgx','CCjv')) GROUP BY CC",
 "sqlResult": "{18} || {2}",
 "nlq": "What is the minimum number for each CC, of BBkr buildings in CCgx or CCjv?"},
{"name": "template 10",
 "sql": "SELECT CC,min(Value) FROM DBdata WHERE ((AA = 'AAbs' AND BB = 'BBjl')) AND (CC IN ('CCgx','CCjv')) GROUP BY CC",
 "sqlResult": "{CCgx | 51} || {CCjv | 37}",
 "nlq": "What is the minimum number for each CC, of BBjl buildings in CCgx or CCjv? Please, report the corresponding CC."},
{"name": "template 11",
 "sql": "SELECT CC,AA,BB,avg(Value) FROM DBdata WHERE ((AA = 'AAnx' AND BB = 'BBjp') OR (AA = 'AAbs' AND BB = 'BBjz')) AND (CC IN ('CCgx','CCjv')) GROUP BY CC,AA,BB",
 "sqlResult": "{CCgx | AAbs | BBjz | 70.67} || {CCgx | AAnx | BBjp | 51.33} || {CCjv | AAbs | BBjz | 49.67} || {CCjv | AAnx | BBjp | 5.67}",
 "nlq": "What is the average number for each CC, AA, and BB, of BBjp or BBjz buildings in CCgx or CCjv? Please, report the corresponding CC, AA, and BB."},
{"name": "template 12",
 "sql": "SELECT Value FROM DBdata WHERE ((AA = 'AAbs' AND BB = 'BBjz')) AND (CC IN ('CCgx','CCjv')) ORDER BY VALUE ASC LIMIT 2",
 "sqlResult": "{24} || {43}",
 "nlq": "What are the bottom 2 numbers of BBjz buildings in CCgx or CCjv?"},
{"name": "template 13",
 "sql": "SELECT Value FROM DBdata WHERE ((AA = 'AAnx' AND BB = 'BBkr')) AND (CC IN ('CCgx','CCjv')) ORDER BY VALUE DESC",
 "sqlResult": "{88} || {87} || {19} || {18} || {13} || {2}",
 "nlq": "What are the numbers ordered by descending values of BBkr buildings in CCgx or CCjv?"},
{"name": "template 14",
 "sql": "SELECT CC,DD FROM DBdata WHERE ((AA = 'AAbs' AND BB = 'BBjz')) AND Value < 47.88",
 "sqlResult": "{CCgx | DDlr} || {CCjv | DDpv}",
 "nlq": "What are the CC and DD for which the number of BBjz buildings is lower than 47.88?"},
{"name": "template 15",
 "sql": "SELECT CC,DD,Value FROM DBdata WHERE ((AA = 'AAnx' AND BB = 'BBjp')) AND (CC,DD) IN (SELECT CC,DD FROM DBdata WHERE ((AA = 'AAbs' AND BB = 'BBjz')) AND Value < 47.88)",
 "sqlResult": "{CCgx | DDlr | 56} || {CCjv | DDpv | 8}",
 "nlq": "What is the number of BBjp buildings in CC and in DD for which the number of BBjz buildings is lower than 47.88? Please, report the corresponding CC, DD, and number of buildings."}]
}

