Type of building,Usage,Quarter,Month,Value
Type_of_building,Usage,Quarter,Month,Value
Production,Workshop,Q1,January,67
Production,Factory,Q1,January,48
Culture,Theatre,Q1,January,45
Culture,Concert,Q1,January,96
Service,Hospital,Q1,January,74
Service,Administration,Q1,January,3
Service,Library,Q1,January,46
Production,Workshop,Q1,February,47
Production,Factory,Q1,February,43
Culture,Theatre,Q1,February,86
Culture,Concert,Q1,February,37
Service,Hospital,Q1,February,18
Service,Administration,Q1,February,25
Service,Library,Q1,February,4
Production,Workshop,Q1,March,30
Production,Factory,Q1,March,91
Culture,Theatre,Q1,March,34
Culture,Concert,Q1,March,76
Service,Hospital,Q1,March,26
Service,Administration,Q1,March,35
Service,Library,Q1,March,63
Production,Workshop,Q2,May,97
Production,Factory,Q2,May,65
Culture,Theatre,Q2,May,41
Culture,Concert,Q2,May,84
Service,Hospital,Q2,May,100
Service,Administration,Q2,May,28
Service,Library,Q2,May,52
Production,Workshop,Q2,June,42
Production,Factory,Q2,June,16
Culture,Theatre,Q2,June,10
Culture,Concert,Q2,June,98
Service,Hospital,Q2,June,73
Service,Administration,Q2,June,94
Service,Library,Q2,June,36
Production,Workshop,Q3,July,33
Production,Factory,Q3,July,58
Culture,Theatre,Q3,July,7
Culture,Concert,Q3,July,6
Service,Hospital,Q3,July,66
Service,Administration,Q3,July,0
Service,Library,Q3,July,95
Production,Workshop,Q3,August,13
Production,Factory,Q3,August,24
Culture,Theatre,Q3,August,38
Culture,Concert,Q3,August,81
Service,Hospital,Q3,August,20
Service,Administration,Q3,August,64
Service,Library,Q3,August,82
Production,Workshop,Q3,September,79
Production,Factory,Q3,September,78
Culture,Theatre,Q3,September,5
Culture,Concert,Q3,September,68
Service,Hospital,Q3,September,40
Service,Administration,Q3,September,17
Service,Library,Q3,September,19
