AA,BB,CC,DD,Value
AA,BB,CC,DD,Value
AApr,BBnt,CCdq,DDlw,96
AApr,BBhz,CCdq,DDlw,77
AAhn,BBkn,CCdq,DDlw,95
AAhn,BBcj,CCdq,DDlw,16
AAhn,BBfy,CCdq,DDlw,80
AApr,BBnt,CCdq,DDwx,81
AApr,BBhz,CCdq,DDwx,68
AAhn,BBkn,CCdq,DDwx,92
AAhn,BBcj,CCdq,DDwx,87
AAhn,BBfy,CCdq,DDwx,76
AApr,BBnt,CCkt,DDbd,93
AApr,BBhz,CCkt,DDbd,33
AAhn,BBkn,CCkt,DDbd,79
AAhn,BBcj,CCkt,DDbd,24
AAhn,BBfy,CCkt,DDbd,11
AApr,BBnt,CCkt,DDfn,85
AApr,BBhz,CCkt,DDfn,32
AAhn,BBkn,CCkt,DDfn,86
AAhn,BBcj,CCkt,DDfn,74
AAhn,BBfy,CCkt,DDfn,35

