Type of building,Usage,Quarter,Month,Value
Type_of_building,Usage,Quarter,Month,Value
Culture,Museum,Q2,April,24
Culture,Theatre,Q2,April,66
Culture,Concert,Q2,April,76
Service,Hospital,Q2,April,90
Service,Administration,Q2,April,98
Service,Library,Q2,April,62
Culture,Museum,Q2,May,20
Culture,Theatre,Q2,May,92
Culture,Concert,Q2,May,0
Service,Hospital,Q2,May,70
Service,Administration,Q2,May,14
Service,Library,Q2,May,25
Culture,Museum,Q2,June,96
Culture,Theatre,Q2,June,27
Culture,Concert,Q2,June,21
Service,Hospital,Q2,June,9
Service,Administration,Q2,June,23
Service,Library,Q2,June,64
Culture,Museum,Q3,August,11
Culture,Theatre,Q3,August,57
Culture,Concert,Q3,August,63
Service,Hospital,Q3,August,43
Service,Administration,Q3,August,32
Service,Library,Q3,August,95
Culture,Museum,Q3,September,100
Culture,Theatre,Q3,September,79
Culture,Concert,Q3,September,17
Service,Hospital,Q3,September,75
Service,Administration,Q3,September,83
Service,Library,Q3,September,38
Culture,Museum,Q4,October,6
Culture,Theatre,Q4,October,5
Culture,Concert,Q4,October,94
Service,Hospital,Q4,October,81
Service,Administration,Q4,October,52
Service,Library,Q4,October,39
Culture,Museum,Q4,November,47
Culture,Theatre,Q4,November,15
Culture,Concert,Q4,November,91
Service,Hospital,Q4,November,37
Service,Administration,Q4,November,58
Service,Library,Q4,November,8
