Type of building,Usage,Quarter,Month,Value
Type_of_building,Usage,Quarter,Month,Value
Production,Workshop,Q2,April,95
Production,Factory,Q2,April,27
Culture,Museum,Q2,April,40
Culture,Theatre,Q2,April,47
Culture,Concert,Q2,April,30
Production,Workshop,Q2,May,45
Production,Factory,Q2,May,92
Culture,Museum,Q2,May,86
Culture,Theatre,Q2,May,80
Culture,Concert,Q2,May,21
Production,Workshop,Q3,July,82
Production,Factory,Q3,July,23
Culture,Museum,Q3,July,32
Culture,Theatre,Q3,July,14
Culture,Concert,Q3,July,1
Production,Workshop,Q3,August,49
Production,Factory,Q3,August,10
Culture,Museum,Q3,August,66
Culture,Theatre,Q3,August,54
Culture,Concert,Q3,August,58
Production,Workshop,Q3,September,76
Production,Factory,Q3,September,33
Culture,Museum,Q3,September,5
Culture,Theatre,Q3,September,64
Culture,Concert,Q3,September,67
Production,Workshop,Q4,October,18
Production,Factory,Q4,October,71
Culture,Museum,Q4,October,12
Culture,Theatre,Q4,October,37
Culture,Concert,Q4,October,83
Production,Workshop,Q4,November,56
Production,Factory,Q4,November,20
Culture,Museum,Q4,November,59
Culture,Theatre,Q4,November,73
Culture,Concert,Q4,November,34
