{
"filename": "Number_of_constructions_set7_2_DB.csv",
"questions": [{"name": "template 1",
 "sql": "SELECT Value FROM DBdata WHERE ((AA = 'AAjm' AND BB = 'BBct')) AND ((CC = 'CCbf' AND DD = 'DDdj'))",
 "sqlResult": "{30}",
 "nlq": "What is the number of BBct buildings in DDdj?"},
{"name": "template 2",
 "sql": "SELECT Value FROM DBdata WHERE ((AA = 'AAjm' AND BB = 'BBct')) AND ((CC = 'CCbf' AND DD = 'DDkw') OR (CC = 'CCbf' AND DD = 'DDhv') OR (CC = 'CCbd' AND DD = 'DDdg') OR (CC = 'CCbd' AND DD = 'DDfx'))",
 "sqlResult": "{38} || {62} || {79} || {57}",
 "nlq": "What is the number of BBct buildings in DDkw, DDdg, DDhv, or DDfx?"},
{"name": "template 3",
 "sql": "SELECT Value FROM DBdata WHERE ((AA = 'AAjm' AND BB = 'BBlr') OR (AA = 'AAjm' AND BB = 'BBfp') OR (AA = 'AAjm' AND BB = 'BBct') OR (AA = 'AAbk' AND BB = 'BBgr') OR (AA = 'AAbk' AND BB = 'BBvy')) AND ((CC = 'CCbf' AND DD = 'DDhv'))",
 "sqlResult": "{81} || {77} || {62} || {89} || {54}",
 "nlq": "What is the number of BBfp, BBvy, BBct, BBlr, or BBgr buildings in DDhv?"},
{"name": "template 4",
 "sql": "SELECT min(Value),max(Value) FROM DBdata WHERE ((AA = 'AAbk' AND BB = 'BBgr') OR (AA = 'AAbk' AND BB = 'BBvy')) AND ((CC = 'CCbf' AND DD = 'DDkw'))",
 "sqlResult": "{15 | 100}",
 "nlq": "What are the minimum and maximum numbers of BBvy or BBgr buildings in DDkw?"},
{"name": "template 6",
 "sql": "SELECT Value FROM DBdata WHERE ((AA = 'AAjm' AND BB = 'BBlr') OR (AA = 'AAjm' AND BB = 'BBfp') OR (AA = 'AAjm' AND BB = 'BBct') OR (AA = 'AAbk' AND BB = 'BBgr') OR (AA = 'AAbk' AND BB = 'BBvy')) AND ((CC = 'CCbf' AND DD = 'DDdj') OR (CC = 'CCbd' AND DD = 'DDdg'))",
 "sqlResult": "{45} || {34} || {30} || {25} || {42} || {44} || {73} || {79} || {61} || {55}",
 "nlq": "What is the number of BBfp, BBvy, BBct, BBlr, or BBgr buildings in DDdg or DDdj?"},
{"name": "template 7",
 "sql": "SELECT sum(Value),max(Value) FROM DBdata WHERE ((AA = 'AAjm' AND BB = 'BBfp')) AND ((CC = 'CCbf' AND DD = 'DDhv') OR (CC = 'CCbd' AND DD = 'DDdg') OR (CC = 'CCbd' AND DD = 'DDfx'))",
 "sqlResult": "{162 | 77}",
 "nlq": "What are the total and maximum numbers of BBfp buildings in DDdg, DDhv, or DDfx?"},
{"name": "template 8",
 "sql": "SELECT AA,BB,max(Value),min(Value) FROM DBdata WHERE ((AA = 'AAjm' AND BB = 'BBfp') OR (AA = 'AAbk' AND BB = 'BBvy')) AND ((CC = 'CCbf' AND DD = 'DDkw') OR (CC = 'CCbd' AND DD = 'DDfx')) GROUP BY AA,BB",
 "sqlResult": "{AAbk | BBvy | 87 | 15} || {AAjm | BBfp | 78 | 12}",
 "nlq": "What are the maximum and minimum numbers for each AA and BB, of BBfp or BBvy buildings in DDkw or DDfx? Please, report the corresponding AA and BB."},
{"name": "template 9",
 "sql": "SELECT min(Value) FROM DBdata WHERE ((AA = 'AAjm' AND BB = 'BBfp')) AND (CC IN ('CCbf','CCbd')) GROUP BY CC",
 "sqlResult": "{34} || {12}",
 "nlq": "What is the minimum number for each CC, of BBfp buildings in CCbf or CCbd?"},
{"name": "template 10",
 "sql": "SELECT CC,avg(Value) FROM DBdata WHERE ((AA = 'AAjm' AND BB = 'BBfp')) AND (CC IN ('CCbf','CCbd')) GROUP BY CC",
 "sqlResult": "{CCbf | 63} || {CCbd | 42.5}",
 "nlq": "What is the average number for each CC, of BBfp buildings in CCbf or CCbd? Please, report the corresponding CC."},
{"name": "template 11",
 "sql": "SELECT CC,AA,BB,avg(Value) FROM DBdata WHERE ((AA = 'AAjm' AND BB = 'BBlr') OR (AA = 'AAjm' AND BB = 'BBfp') OR (AA = 'AAbk' AND BB = 'BBgr')) AND (CC IN ('CCbf','CCbd')) GROUP BY CC,AA,BB",
 "sqlResult": "{CCbf | AAbk | BBgr | 71.33} || {CCbf | AAjm | BBfp | 63} || {CCbf | AAjm | BBlr | 52.67} || {CCbd | AAbk | BBgr | 76.5} || {CCbd | AAjm | BBfp | 42.5} || {CCbd | AAjm | BBlr | 64.5}",
 "nlq": "What is the average number for each CC, AA, and BB, of BBfp, BBlr, or BBgr buildings in CCbf or CCbd? Please, report the corresponding CC, AA, and BB."},
{"name": "template 12",
 "sql": "SELECT Value FROM DBdata WHERE ((AA = 'AAjm' AND BB = 'BBct')) AND (CC IN ('CCbf','CCbd')) ORDER BY VALUE ASC LIMIT 4",
 "sqlResult": "{30} || {38} || {57} || {62}",
 "nlq": "What are the bottom 4 numbers of BBct buildings in CCbf or CCbd?"},
{"name": "template 13",
 "sql": "SELECT Value FROM DBdata WHERE ((AA = 'AAjm' AND BB = 'BBlr')) AND (CC IN ('CCbf','CCbd')) ORDER BY VALUE ASC",
 "sqlResult": "{32} || {44} || {45} || {81} || {85}",
 "nlq": "What are the numbers ordered by ascending values of BBlr buildings in CCbf or CCbd?"},
{"name": "template 14",
 "sql": "SELECT CC,DD FROM DBdata WHERE ((AA = 'AAjm' AND BB = 'BBfp')) AND Value > 57.88",
 "sqlResult": "{CCbf | DDkw} || {CCbf | DDhv} || {CCbd | DDdg}",
 "nlq": "What are the CC and DD for which the number of BBfp buildings is greater than 57.88?"},
{"name": "template 15",
 "sql": "SELECT CC,DD,Value FROM DBdata WHERE ((AA = 'AAjm' AND BB = 'BBct')) AND (CC,DD) IN (SELECT CC,DD FROM DBdata WHERE ((AA = 'AAjm' AND BB = 'BBfp')) AND Value > 57.88)",
 "sqlResult": "{CCbf | DDkw | 38} || {CCbf | DDhv | 62} || {CCbd | DDdg | 79}",
 "nlq": "What is the number of BBct buildings in CC and in DD for which the number of BBfp buildings is greater than 57.88? Please, report the corresponding CC, DD, and number of buildings."}]
}

