Type of building,Usage,Quarter,Month,Value
Type_of_building,Usage,Quarter,Month,Value
Production,Workshop,Q2,April,91
Production,Factory,Q2,April,48
Culture,Museum,Q2,April,38
Culture,Theatre,Q2,April,98
Culture,Concert,Q2,April,78
Service,School,Q2,April,63
Service,Hospital,Q2,April,15
Service,Administration,Q2,April,5
Production,Workshop,Q2,May,73
Production,Factory,Q2,May,70
Culture,Museum,Q2,May,49
Culture,Theatre,Q2,May,54
Culture,Concert,Q2,May,51
Service,School,Q2,May,72
Service,Hospital,Q2,May,56
Service,Administration,Q2,May,74
Production,Workshop,Q2,June,55
Production,Factory,Q2,June,94
Culture,Museum,Q2,June,30
Culture,Theatre,Q2,June,32
Culture,Concert,Q2,June,2
Service,School,Q2,June,83
Service,Hospital,Q2,June,39
Service,Administration,Q2,June,37
Production,Workshop,Q3,July,40
Production,Factory,Q3,July,8
Culture,Museum,Q3,July,22
Culture,Theatre,Q3,July,76
Culture,Concert,Q3,July,17
Service,School,Q3,July,13
Service,Hospital,Q3,July,52
Service,Administration,Q3,July,84
Production,Workshop,Q3,August,35
Production,Factory,Q3,August,59
Culture,Museum,Q3,August,31
Culture,Theatre,Q3,August,10
Culture,Concert,Q3,August,1
Service,School,Q3,August,60
Service,Hospital,Q3,August,79
Service,Administration,Q3,August,50
Production,Workshop,Q3,September,12
Production,Factory,Q3,September,97
Culture,Museum,Q3,September,36
Culture,Theatre,Q3,September,71
Culture,Concert,Q3,September,29
Service,School,Q3,September,77
Service,Hospital,Q3,September,23
Service,Administration,Q3,September,14
Production,Workshop,Q4,October,85
Production,Factory,Q4,October,96
Culture,Museum,Q4,October,81
Culture,Theatre,Q4,October,58
Culture,Concert,Q4,October,11
Service,School,Q4,October,57
Service,Hospital,Q4,October,4
Service,Administration,Q4,October,47
Production,Workshop,Q4,November,53
Production,Factory,Q4,November,6
Culture,Museum,Q4,November,0
Culture,Theatre,Q4,November,26
Culture,Concert,Q4,November,24
Service,School,Q4,November,66
Service,Hospital,Q4,November,43
Service,Administration,Q4,November,28
