AA,BB,CC,DD,Value
AA,BB,CC,DD,Value
AAjl,BBmz,CCpw,DDsx,38
AAjl,BBrt,CCpw,DDsx,69
AAdy,BBlm,CCpw,DDsx,17
AAdy,BBjm,CCpw,DDsx,44
AAmx,BBcn,CCpw,DDsx,71
AAmx,BBgm,CCpw,DDsx,20
AAmx,BBdn,CCpw,DDsx,52
AAjl,BBmz,CCpw,DDjx,22
AAjl,BBrt,CCpw,DDjx,34
AAdy,BBlm,CCpw,DDjx,2
AAdy,BBjm,CCpw,DDjx,39
AAmx,BBcn,CCpw,DDjx,27
AAmx,BBgm,CCpw,DDjx,33
AAmx,BBdn,CCpw,DDjx,81
AAjl,BBmz,CCpw,DDkv,55
AAjl,BBrt,CCpw,DDkv,0
AAdy,BBlm,CCpw,DDkv,76
AAdy,BBjm,CCpw,DDkv,3
AAmx,BBcn,CCpw,DDkv,80
AAmx,BBgm,CCpw,DDkv,93
AAmx,BBdn,CCpw,DDkv,72
AAjl,BBmz,CCxy,DDfk,100
AAjl,BBrt,CCxy,DDfk,67
AAdy,BBlm,CCxy,DDfk,99
AAdy,BBjm,CCxy,DDfk,97
AAmx,BBcn,CCxy,DDfk,21
AAmx,BBgm,CCxy,DDfk,51
AAmx,BBdn,CCxy,DDfk,15
AAjl,BBmz,CCxy,DDtw,90
AAjl,BBrt,CCxy,DDtw,32
AAdy,BBlm,CCxy,DDtw,42
AAdy,BBjm,CCxy,DDtw,41
AAmx,BBcn,CCxy,DDtw,75
AAmx,BBgm,CCxy,DDtw,40
AAmx,BBdn,CCxy,DDtw,95
AAjl,BBmz,CCxy,DDcj,91
AAjl,BBrt,CCxy,DDcj,26
AAdy,BBlm,CCxy,DDcj,6
AAdy,BBjm,CCxy,DDcj,98
AAmx,BBcn,CCxy,DDcj,43
AAmx,BBgm,CCxy,DDcj,7
AAmx,BBdn,CCxy,DDcj,68

