Type of building,Usage,Quarter,Month,Value
Type_of_building,Usage,Quarter,Month,Value
Production,Workshop,Q1,January,85
Production,Factory,Q1,January,42
Culture,Museum,Q1,January,24
Culture,Theatre,Q1,January,41
Service,Administration,Q1,January,8
Service,Library,Q1,January,93
Production,Workshop,Q1,February,29
Production,Factory,Q1,February,33
Culture,Museum,Q1,February,13
Culture,Theatre,Q1,February,25
Service,Administration,Q1,February,43
Service,Library,Q1,February,49
Production,Workshop,Q1,March,16
Production,Factory,Q1,March,32
Culture,Museum,Q1,March,77
Culture,Theatre,Q1,March,36
Service,Administration,Q1,March,91
Service,Library,Q1,March,60
Production,Workshop,Q2,April,0
Production,Factory,Q2,April,21
Culture,Museum,Q2,April,34
Culture,Theatre,Q2,April,59
Service,Administration,Q2,April,44
Service,Library,Q2,April,28
Production,Workshop,Q2,May,83
Production,Factory,Q2,May,84
Culture,Museum,Q2,May,68
Culture,Theatre,Q2,May,52
Service,Administration,Q2,May,53
Service,Library,Q2,May,12
Production,Workshop,Q2,June,67
Production,Factory,Q2,June,72
Culture,Museum,Q2,June,14
Culture,Theatre,Q2,June,17
Service,Administration,Q2,June,9
Service,Library,Q2,June,71
Production,Workshop,Q3,July,64
Production,Factory,Q3,July,58
Culture,Museum,Q3,July,96
Culture,Theatre,Q3,July,19
Service,Administration,Q3,July,92
Service,Library,Q3,July,22
Production,Workshop,Q3,August,45
Production,Factory,Q3,August,6
Culture,Museum,Q3,August,27
Culture,Theatre,Q3,August,3
Service,Administration,Q3,August,63
Service,Library,Q3,August,4
