{
"filename": "Number_of_constructions_set10_3_DB.csv",
"questions": [{"name": "template 1",
 "sql": "SELECT Value FROM DBdata WHERE ((Type_of_building = 'Culture' AND Usage = 'Theatre')) AND ((Quarter = 'Q3' AND Month = 'August'))",
 "sqlResult": "{10}",
 "nlq": "What is the number of Theatre buildings in August?"},
{"name": "template 2",
 "sql": "SELECT Value FROM DBdata WHERE ((Type_of_building = 'Production' AND Usage = 'Factory')) AND ((Quarter = 'Q2' AND Month = 'April') OR (Quarter = 'Q2' AND Month = 'May') OR (Quarter = 'Q2' AND Month = 'June') OR (Quarter = 'Q3' AND Month = 'August') OR (Quarter = 'Q4' AND Month = 'October') OR (Quarter = 'Q4' AND Month = 'November'))",
 "sqlResult": "{48} || {70} || {94} || {59} || {96} || {6}",
 "nlq": "What is the number of Factory buildings in April, August, June, May, November, or October?"},
{"name": "template 3",
 "sql": "SELECT Value FROM DBdata WHERE ((Type_of_building = 'Culture' AND Usage = 'Museum') OR (Type_of_building = 'Culture' AND Usage = 'Theatre') OR (Type_of_building = 'Service' AND Usage = 'School') OR (Type_of_building = 'Service' AND Usage = 'Administration')) AND ((Quarter = 'Q4' AND Month = 'October'))",
 "sqlResult": "{81} || {58} || {57} || {47}",
 "nlq": "What is the number of Administration, Museum, School, or Theatre buildings in October?"},
{"name": "template 4",
 "sql": "SELECT min(Value),avg(Value) FROM DBdata WHERE ((Type_of_building = 'Production' AND Usage = 'Workshop') OR (Type_of_building = 'Culture' AND Usage = 'Museum') OR (Type_of_building = 'Culture' AND Usage = 'Concert') OR (Type_of_building = 'Service' AND Usage = 'School') OR (Type_of_building = 'Service' AND Usage = 'Hospital')) AND ((Quarter = 'Q2' AND Month = 'May'))",
 "sqlResult": "{49 | 60.2}",
 "nlq": "What are the minimum and average numbers of Concert, Hospital, Museum, School, or Workshop buildings in May?"},
{"name": "template 6",
 "sql": "SELECT Value FROM DBdata WHERE ((Type_of_building = 'Culture' AND Usage = 'Theatre') OR (Type_of_building = 'Service' AND Usage = 'School') OR (Type_of_building = 'Service' AND Usage = 'Hospital') OR (Type_of_building = 'Service' AND Usage = 'Administration')) AND ((Quarter = 'Q2' AND Month = 'May') OR (Quarter = 'Q2' AND Month = 'June') OR (Quarter = 'Q4' AND Month = 'October'))",
 "sqlResult": "{54} || {72} || {56} || {74} || {32} || {83} || {39} || {37} || {58} || {57} || {4} || {47}",
 "nlq": "What is the number of Administration, Hospital, School, or Theatre buildings in June, May, or October?"},
{"name": "template 7",
 "sql": "SELECT min(Value),max(Value) FROM DBdata WHERE ((Type_of_building = 'Service' AND Usage = 'Hospital')) AND ((Quarter = 'Q3' AND Month = 'July') OR (Quarter = 'Q3' AND Month = 'September'))",
 "sqlResult": "{23 | 52}",
 "nlq": "What are the minimum and maximum numbers of Hospital buildings in July or September?"},
{"name": "template 8",
 "sql": "SELECT Type_of_building,Usage,max(Value),sum(Value) FROM DBdata WHERE ((Type_of_building = 'Production' AND Usage = 'Factory') OR (Type_of_building = 'Service' AND Usage = 'Hospital')) AND ((Quarter = 'Q2' AND Month = 'May') OR (Quarter = 'Q3' AND Month = 'July')) GROUP BY Type_of_building,Usage",
 "sqlResult": "{Production | Factory | 70 | 78} || {Service | Hospital | 56 | 108}",
 "nlq": "What are the maximum and total numbers for each Type of building and Usage, of Factory or Hospital buildings in July or May? Please, report the corresponding Type of building and Usage."},
{"name": "template 9",
 "sql": "SELECT min(Value) FROM DBdata WHERE ((Type_of_building = 'Culture' AND Usage = 'Theatre')) AND (Quarter IN ('Q2','Q3','Q4')) GROUP BY Quarter",
 "sqlResult": "{32} || {10} || {26}",
 "nlq": "What is the minimum number for each Quarter, of Theatre buildings in Q2, Q3, or Q4?"},
{"name": "template 10",
 "sql": "SELECT Quarter,avg(Value) FROM DBdata WHERE ((Type_of_building = 'Production' AND Usage = 'Workshop')) AND (Quarter IN ('Q2','Q3','Q4')) GROUP BY Quarter",
 "sqlResult": "{Q2 | 73} || {Q3 | 29} || {Q4 | 69}",
 "nlq": "What is the average number for each Quarter, of Workshop buildings in Q2, Q3, or Q4? Please, report the corresponding Quarter."},
{"name": "template 11",
 "sql": "SELECT Quarter,Type_of_building,Usage,avg(Value) FROM DBdata WHERE ((Type_of_building = 'Service' AND Usage = 'Hospital') OR (Type_of_building = 'Service' AND Usage = 'Administration')) AND (Quarter IN ('Q2','Q3','Q4')) GROUP BY Quarter,Type_of_building,Usage",
 "sqlResult": "{Q2 | Service | Administration | 38.67} || {Q2 | Service | Hospital | 36.67} || {Q3 | Service | Administration | 49.33} || {Q3 | Service | Hospital | 51.33} || {Q4 | Service | Administration | 37.5} || {Q4 | Service | Hospital | 23.5}",
 "nlq": "What is the average number for each Quarter, Type of building, and Usage, of Administration or Hospital buildings in Q2, Q3, or Q4? Please, report the corresponding Quarter, Type of building, and Usage."},
{"name": "template 12",
 "sql": "SELECT Value FROM DBdata WHERE ((Type_of_building = 'Service' AND Usage = 'Administration')) AND (Quarter IN ('Q2','Q4')) ORDER BY VALUE DESC LIMIT 3",
 "sqlResult": "{74} || {47} || {37}",
 "nlq": "What are the top 3 numbers of Administration buildings in Q2 or Q4?"},
{"name": "template 13",
 "sql": "SELECT Value FROM DBdata WHERE ((Type_of_building = 'Service' AND Usage = 'Hospital')) AND (Quarter IN ('Q3','Q4')) ORDER BY VALUE DESC",
 "sqlResult": "{79} || {52} || {43} || {23} || {4}",
 "nlq": "What are the numbers ordered by descending values of Hospital buildings in Q3 or Q4?"},
{"name": "template 14",
 "sql": "SELECT Quarter,Month FROM DBdata WHERE ((Type_of_building = 'Service' AND Usage = 'School')) AND Value < 46.69",
 "sqlResult": "{Q3 | July}",
 "nlq": "What are the Quarter and Month for which the number of School buildings is lower than 46.69?"},
{"name": "template 15",
 "sql": "SELECT Quarter,Month,Value FROM DBdata WHERE ((Type_of_building = 'Culture' AND Usage = 'Museum')) AND (Quarter,Month) IN (SELECT Quarter,Month FROM DBdata WHERE ((Type_of_building = 'Service' AND Usage = 'School')) AND Value < 46.69)",
 "sqlResult": "{Q3 | July | 22}",
 "nlq": "What is the number of Museum buildings in Quarter and in Month for which the number of School buildings is lower than 46.69? Please, report the corresponding Quarter, Month, and number of buildings."}]
}
