Type of building,Usage,Quarter,Month,Value
Type_of_building,Usage,Quarter,Month,Value
Residential,Apartment,Q1,January,30
Residential,Hotel,Q1,January,86
Production,Workshop,Q1,January,49
Production,Factory,Q1,January,27
Culture,Theatre,Q1,January,26
Culture,Concert,Q1,January,41
Residential,Apartment,Q1,February,98
Residential,Hotel,Q1,February,81
Production,Workshop,Q1,February,90
Production,Factory,Q1,February,97
Culture,Theatre,Q1,February,0
Culture,Concert,Q1,February,74
Residential,Apartment,Q2,April,38
Residential,Hotel,Q2,April,5
Production,Workshop,Q2,April,43
Production,Factory,Q2,April,28
Culture,Theatre,Q2,April,63
Culture,Concert,Q2,April,7
Residential,Apartment,Q2,May,15
Residential,Hotel,Q2,May,11
Production,Workshop,Q2,May,20
Production,Factory,Q2,May,83
Culture,Theatre,Q2,May,45
Culture,Concert,Q2,May,14
