Type of building,Usage,Quarter,Month,Value
Type_of_building,Usage,Quarter,Month,Value
Culture,Museum,Q2,April,8
Culture,Theatre,Q2,April,25
Service,Hospital,Q2,April,74
Service,Administration,Q2,April,66
Culture,Museum,Q2,May,20
Culture,Theatre,Q2,May,46
Service,Hospital,Q2,May,35
Service,Administration,Q2,May,22
Culture,Museum,Q3,July,70
Culture,Theatre,Q3,July,78
Service,Hospital,Q3,July,31
Service,Administration,Q3,July,33
Culture,Museum,Q3,August,60
Culture,Theatre,Q3,August,62
Service,Hospital,Q3,August,98
Service,Administration,Q3,August,0
Culture,Museum,Q3,September,16
Culture,Theatre,Q3,September,88
Service,Hospital,Q3,September,3
Service,Administration,Q3,September,94
Culture,Museum,Q4,October,67
Culture,Theatre,Q4,October,51
Service,Hospital,Q4,October,26
Service,Administration,Q4,October,89
Culture,Museum,Q4,November,87
Culture,Theatre,Q4,November,27
Service,Hospital,Q4,November,84
Service,Administration,Q4,November,61
