{
"filename": "Number_of_constructions_set5_1_DB.csv",
"questions": [{"name": "template 1",
 "sql": "SELECT Value FROM DBdata WHERE ((Type_of_building = 'Service' AND Usage = 'Administration')) AND ((Quarter = 'Q2' AND Month = 'April'))",
 "sqlResult": "{10}",
 "nlq": "What is the number of Administration buildings in April?"},
{"name": "template 2",
 "sql": "SELECT Value FROM DBdata WHERE ((Type_of_building = 'Culture' AND Usage = 'Concert')) AND ((Quarter = 'Q1' AND Month = 'February') OR (Quarter = 'Q1' AND Month = 'March') OR (Quarter = 'Q2' AND Month = 'April') OR (Quarter = 'Q2' AND Month = 'May') OR (Quarter = 'Q2' AND Month = 'June') OR (Quarter = 'Q3' AND Month = 'July') OR (Quarter = 'Q3' AND Month = 'September'))",
 "sqlResult": "{57} || {89} || {11} || {65} || {33} || {92} || {23}",
 "nlq": "What is the number of Concert buildings in April, February, July, June, March, May, or September?"},
{"name": "template 3",
 "sql": "SELECT Value FROM DBdata WHERE ((Type_of_building = 'Production' AND Usage = 'Workshop') OR (Type_of_building = 'Production' AND Usage = 'Factory') OR (Type_of_building = 'Culture' AND Usage = 'Theatre') OR (Type_of_building = 'Culture' AND Usage = 'Concert') OR (Type_of_building = 'Service' AND Usage = 'School') OR (Type_of_building = 'Service' AND Usage = 'Hospital') OR (Type_of_building = 'Service' AND Usage = 'Administration')) AND ((Quarter = 'Q1' AND Month = 'February'))",
 "sqlResult": "{74} || {68} || {50} || {57} || {93} || {29} || {61}",
 "nlq": "What is the number of Administration, Concert, Factory, Hospital, School, Theatre, or Workshop buildings in February?"},
{"name": "template 4",
 "sql": "SELECT max(Value),sum(Value) FROM DBdata WHERE ((Type_of_building = 'Production' AND Usage = 'Workshop') OR (Type_of_building = 'Culture' AND Usage = 'Concert')) AND ((Quarter = 'Q2' AND Month = 'May'))",
 "sqlResult": "{80 | 145}",
 "nlq": "What are the maximum and total numbers of Concert or Workshop buildings in May?"},
{"name": "template 6",
 "sql": "SELECT Value FROM DBdata WHERE ((Type_of_building = 'Culture' AND Usage = 'Concert') OR (Type_of_building = 'Service' AND Usage = 'School')) AND ((Quarter = 'Q2' AND Month = 'May') OR (Quarter = 'Q3' AND Month = 'September'))",
 "sqlResult": "{65} || {51} || {23} || {81}",
 "nlq": "What is the number of Concert or School buildings in May or September?"},
{"name": "template 7",
 "sql": "SELECT avg(Value),max(Value) FROM DBdata WHERE ((Type_of_building = 'Production' AND Usage = 'Factory')) AND ((Quarter = 'Q2' AND Month = 'April') OR (Quarter = 'Q3' AND Month = 'July') OR (Quarter = 'Q3' AND Month = 'August') OR (Quarter = 'Q3' AND Month = 'September'))",
 "sqlResult": "{42 | 100}",
 "nlq": "What are the average and maximum numbers of Factory buildings in April, August, July, or September?"},
{"name": "template 8",
 "sql": "SELECT Type_of_building,Usage,min(Value),max(Value) FROM DBdata WHERE ((Type_of_building = 'Production' AND Usage = 'Workshop') OR (Type_of_building = 'Production' AND Usage = 'Factory') OR (Type_of_building = 'Culture' AND Usage = 'Theatre') OR (Type_of_building = 'Culture' AND Usage = 'Concert') OR (Type_of_building = 'Service' AND Usage = 'Hospital')) AND ((Quarter = 'Q1' AND Month = 'February') OR (Quarter = 'Q2' AND Month = 'May') OR (Quarter = 'Q3' AND Month = 'July') OR (Quarter = 'Q3' AND Month = 'August') OR (Quarter = 'Q3' AND Month = 'September')) GROUP BY Type_of_building,Usage",
 "sqlResult": "{Culture | Concert | 23 | 92} || {Culture | Theatre | 5 | 78} || {Production | Factory | 4 | 100} || {Production | Workshop | 14 | 83} || {Service | Hospital | 16 | 52}",
 "nlq": "What are the minimum and maximum numbers for each Type of building and Usage, of Concert, Factory, Hospital, Theatre, or Workshop buildings in August, February, July, May, or September? Please, report the corresponding Type of building and Usage."},
{"name": "template 9",
 "sql": "SELECT min(Value) FROM DBdata WHERE ((Type_of_building = 'Production' AND Usage = 'Factory')) AND (Quarter IN ('Q1','Q2','Q3')) GROUP BY Quarter",
 "sqlResult": "{68} || {6} || {4}",
 "nlq": "What is the minimum number for each Quarter, of Factory buildings in Q1, Q2, or Q3?"},
{"name": "template 10",
 "sql": "SELECT Quarter,avg(Value) FROM DBdata WHERE ((Type_of_building = 'Culture' AND Usage = 'Theatre')) AND (Quarter IN ('Q1','Q2','Q3')) GROUP BY Quarter",
 "sqlResult": "{Q1 | 28.5} || {Q2 | 70} || {Q3 | 51.67}",
 "nlq": "What is the average number for each Quarter, of Theatre buildings in Q1, Q2, or Q3? Please, report the corresponding Quarter."},
{"name": "template 11",
 "sql": "SELECT Quarter,Type_of_building,Usage,avg(Value) FROM DBdata WHERE ((Type_of_building = 'Production' AND Usage = 'Factory') OR (Type_of_building = 'Service' AND Usage = 'Hospital') OR (Type_of_building = 'Service' AND Usage = 'Administration')) AND (Quarter IN ('Q1','Q2','Q3')) GROUP BY Quarter,Type_of_building,Usage",
 "sqlResult": "{Q1 | Production | Factory | 82} || {Q1 | Service | Administration | 39} || {Q1 | Service | Hospital | 32} || {Q2 | Production | Factory | 27} || {Q2 | Service | Administration | 45.33} || {Q2 | Service | Hospital | 38.67} || {Q3 | Production | Factory | 54} || {Q3 | Service | Administration | 16} || {Q3 | Service | Hospital | 39.67}",
 "nlq": "What is the average number for each Quarter, Type of building, and Usage, of Administration, Factory, or Hospital buildings in Q1, Q2, or Q3? Please, report the corresponding Quarter, Type of building, and Usage."},
{"name": "template 12",
 "sql": "SELECT Value FROM DBdata WHERE ((Type_of_building = 'Service' AND Usage = 'Hospital')) AND (Quarter IN ('Q1','Q3')) ORDER BY VALUE DESC LIMIT 3",
 "sqlResult": "{52} || {41} || {35}",
 "nlq": "What are the top 3 numbers of Hospital buildings in Q1 or Q3?"},
{"name": "template 13",
 "sql": "SELECT Value FROM DBdata WHERE ((Type_of_building = 'Culture' AND Usage = 'Theatre')) AND (Quarter IN ('Q2','Q3')) ORDER BY VALUE ASC",
 "sqlResult": "{5} || {59} || {63} || {72} || {78} || {88}",
 "nlq": "What are the numbers ordered by ascending values of Theatre buildings in Q2 or Q3?"},
{"name": "template 14",
 "sql": "SELECT Quarter,Month FROM DBdata WHERE ((Type_of_building = 'Service' AND Usage = 'Administration')) AND Value > 49.45",
 "sqlResult": "{Q1 | February} || {Q2 | May}",
 "nlq": "What are the Quarter and Month for which the number of Administration buildings is greater than 49.45?"},
{"name": "template 15",
 "sql": "SELECT Quarter,Month,Value FROM DBdata WHERE ((Type_of_building = 'Production' AND Usage = 'Workshop')) AND (Quarter,Month) IN (SELECT Quarter,Month FROM DBdata WHERE ((Type_of_building = 'Service' AND Usage = 'Administration')) AND Value > 49.45)",
 "sqlResult": "{Q1 | February | 74} || {Q2 | May | 80}",
 "nlq": "What is the number of Workshop buildings in Quarter and in Month for which the number of Administration buildings is greater than 49.45? Please, report the corresponding Quarter, Month, and number of buildings."}]
}
