AA,BB,CC,DD,Value
AA,BB,CC,DD,Value
AAln,BBdh,CCjn,DDtv,94
AAln,BBpv,CCjn,DDtv,27
AAln,BBnp,CCjn,DDtv,22
AAcs,BBjw,CCjn,DDtv,88
AAcs,BBmz,CCjn,DDtv,75
AAcs,BBjx,CCjn,DDtv,23
AAln,BBdh,CCjn,DDks,61
AAln,BBpv,CCjn,DDks,78
AAln,BBnp,CCjn,DDks,36
AAcs,BBjw,CCjn,DDks,58
AAcs,BBmz,CCjn,DDks,70
AAcs,BBjx,CCjn,DDks,90
AAln,BBdh,CCbv,DDjv,93
AAln,BBpv,CCbv,DDjv,68
AAln,BBnp,CCbv,DDjv,21
AAcs,BBjw,CCbv,DDjv,17
AAcs,BBmz,CCbv,DDjv,19
AAcs,BBjx,CCbv,DDjv,53
AAln,BBdh,CCbv,DDxy,47
AAln,BBpv,CCbv,DDxy,46
AAln,BBnp,CCbv,DDxy,6
AAcs,BBjw,CCbv,DDxy,25
AAcs,BBmz,CCbv,DDxy,81
AAcs,BBjx,CCbv,DDxy,43
AAln,BBdh,CCbv,DDlm,42
AAln,BBpv,CCbv,DDlm,76
AAln,BBnp,CCbv,DDlm,15
AAcs,BBjw,CCbv,DDlm,100
AAcs,BBmz,CCbv,DDlm,66
AAcs,BBjx,CCbv,DDlm,30
AAln,BBdh,CCmp,DDfl,97
AAln,BBpv,CCmp,DDfl,52
AAln,BBnp,CCmp,DDfl,96
AAcs,BBjw,CCmp,DDfl,65
AAcs,BBmz,CCmp,DDfl,0
AAcs,BBjx,CCmp,DDfl,80
AAln,BBdh,CCmp,DDhy,12
AAln,BBpv,CCmp,DDhy,9
AAln,BBnp,CCmp,DDhy,89
AAcs,BBjw,CCmp,DDhy,4
AAcs,BBmz,CCmp,DDhy,18
AAcs,BBjx,CCmp,DDhy,10

