{
"filename": "Number_of_constructions_set9_4_DB.csv",
"questions": [{"name": "template 1",
 "sql": "SELECT Value FROM DBdata WHERE ((AA = 'AAjqx' AND BB = 'BBfhm')) AND ((CC = 'CCdps' AND DD = 'DDbpv'))",
 "sqlResult": "{57}",
 "nlq": "What is the number of BBfhm buildings in DDbpv?"},
{"name": "template 2",
 "sql": "SELECT Value FROM DBdata WHERE ((AA = 'AAgqx' AND BB = 'BBcgr')) AND ((CC = 'CChns' AND DD = 'DDghx') OR (CC = 'CChns' AND DD = 'DDbjv') OR (CC = 'CChns' AND DD = 'DDdrx') OR (CC = 'CCdps' AND DD = 'DDbpv') OR (CC = 'CCdps' AND DD = 'DDcrx') OR (CC = 'CChqw' AND DD = 'DDltv') OR (CC = 'CChqw' AND DD = 'DDgrz') OR (CC = 'CChqw' AND DD = 'DDhnv'))",
 "sqlResult": "{60} || {26} || {1} || {66} || {68} || {40} || {55} || {46}",
 "nlq": "What is the number of BBcgr buildings in DDghx, DDcrx, DDhnv, DDbpv, DDdrx, DDbjv, DDgrz, or DDltv?"},
{"name": "template 3",
 "sql": "SELECT Value FROM DBdata WHERE ((AA = 'AAgqx' AND BB = 'BBcgr') OR (AA = 'AAgqx' AND BB = 'BBbkx') OR (AA = 'AAcmy' AND BB = 'BBcdq') OR (AA = 'AAcmy' AND BB = 'BBgvx') OR (AA = 'AAcmy' AND BB = 'BBcjs') OR (AA = 'AAjqx' AND BB = 'BBdkt') OR (AA = 'AAjqx' AND BB = 'BBckx') OR (AA = 'AAjqx' AND BB = 'BBfhm')) AND ((CC = 'CCdps' AND DD = 'DDbpv'))",
 "sqlResult": "{66} || {53} || {10} || {100} || {28} || {17} || {18} || {57}",
 "nlq": "What is the number of BBfhm, BBcjs, BBbkx, BBckx, BBcdq, BBdkt, BBgvx, or BBcgr buildings in DDbpv?"},
{"name": "template 4",
 "sql": "SELECT min(Value),sum(Value) FROM DBdata WHERE ((AA = 'AAgqx' AND BB = 'BBbkx') OR (AA = 'AAcmy' AND BB = 'BBcdq') OR (AA = 'AAcmy' AND BB = 'BBgvx') OR (AA = 'AAcmy' AND BB = 'BBcjs') OR (AA = 'AAjqx' AND BB = 'BBdkt') OR (AA = 'AAjqx' AND BB = 'BBckx')) AND ((CC = 'CCdps' AND DD = 'DDcrx'))",
 "sqlResult": "{51 | 451}",
 "nlq": "What are the minimum and total numbers of BBcjs, BBbkx, BBckx, BBcdq, BBdkt, or BBgvx buildings in DDcrx?"},
{"name": "template 6",
 "sql": "SELECT Value FROM DBdata WHERE ((AA = 'AAgqx' AND BB = 'BBbkx') OR (AA = 'AAjqx' AND BB = 'BBdkt') OR (AA = 'AAjqx' AND BB = 'BBckx')) AND ((CC = 'CChns' AND DD = 'DDghx') OR (CC = 'CChns' AND DD = 'DDdrx') OR (CC = 'CCdps' AND DD = 'DDcrx'))",
 "sqlResult": "{96} || {12} || {78} || {35} || {24} || {23} || {71} || {63} || {87}",
 "nlq": "What is the number of BBbkx, BBckx, or BBdkt buildings in DDghx, DDcrx, or DDdrx?"},
{"name": "template 7",
 "sql": "SELECT max(Value),min(Value) FROM DBdata WHERE ((AA = 'AAgqx' AND BB = 'BBcgr')) AND ((CC = 'CChns' AND DD = 'DDdrx') OR (CC = 'CChqw' AND DD = 'DDltv') OR (CC = 'CChqw' AND DD = 'DDgrz'))",
 "sqlResult": "{55 | 1}",
 "nlq": "What are the maximum and minimum numbers of BBcgr buildings in DDdrx, DDgrz, or DDltv?"},
{"name": "template 8",
 "sql": "SELECT AA,BB,avg(Value),max(Value) FROM DBdata WHERE ((AA = 'AAgqx' AND BB = 'BBbkx') OR (AA = 'AAcmy' AND BB = 'BBcjs') OR (AA = 'AAjqx' AND BB = 'BBckx')) AND ((CC = 'CChns' AND DD = 'DDghx') OR (CC = 'CChns' AND DD = 'DDbjv')) GROUP BY AA,BB",
 "sqlResult": "{AAcmy | BBcjs | 19 | 30} || {AAgqx | BBbkx | 90.5 | 96} || {AAjqx | BBckx | 85 | 92}",
 "nlq": "What are the average and maximum numbers for each AA and BB, of BBcjs, BBbkx, or BBckx buildings in DDghx or DDbjv? Please, report the corresponding AA and BB."},
{"name": "template 9",
 "sql": "SELECT min(Value) FROM DBdata WHERE ((AA = 'AAcmy' AND BB = 'BBcdq')) AND (CC IN ('CChns','CCdps','CChqw')) GROUP BY CC",
 "sqlResult": "{0} || {10} || {9}",
 "nlq": "What is the minimum number for each CC, of BBcdq buildings in CChns, CCdps, or CChqw?"},
{"name": "template 10",
 "sql": "SELECT CC,min(Value) FROM DBdata WHERE ((AA = 'AAgqx' AND BB = 'BBcgr')) AND (CC IN ('CChns','CCdps','CChqw')) GROUP BY CC",
 "sqlResult": "{CChns | 1} || {CCdps | 66} || {CChqw | 40}",
 "nlq": "What is the minimum number for each CC, of BBcgr buildings in CChns, CCdps, or CChqw? Please, report the corresponding CC."},
{"name": "template 11",
 "sql": "SELECT CC,AA,BB,avg(Value) FROM DBdata WHERE ((AA = 'AAcmy' AND BB = 'BBcdq') OR (AA = 'AAcmy' AND BB = 'BBcjs') OR (AA = 'AAjqx' AND BB = 'BBfhm')) AND (CC IN ('CChns','CCdps','CChqw')) GROUP BY CC,AA,BB",
 "sqlResult": "{CChns | AAcmy | BBcjs | 14.67} || {CChns | AAcmy | BBcdq | 20.67} || {CChns | AAjqx | BBfhm | 41} || {CCdps | AAcmy | BBcjs | 59} || {CCdps | AAcmy | BBcdq | 49.5} || {CCdps | AAjqx | BBfhm | 52} || {CChqw | AAcmy | BBcjs | 25} || {CChqw | AAcmy | BBcdq | 40.33} || {CChqw | AAjqx | BBfhm | 75.33}",
 "nlq": "What is the average number for each CC, AA, and BB, of BBfhm, BBcjs, or BBcdq buildings in CChns, CCdps, or CChqw? Please, report the corresponding CC, AA, and BB."},
{"name": "template 12",
 "sql": "SELECT Value FROM DBdata WHERE ((AA = 'AAjqx' AND BB = 'BBdkt')) AND (CC IN ('CChns','CChqw')) ORDER BY VALUE DESC LIMIT 3",
 "sqlResult": "{82} || {77} || {64}",
 "nlq": "What are the top 3 numbers of BBdkt buildings in CChns or CChqw?"},
{"name": "template 13",
 "sql": "SELECT Value FROM DBdata WHERE ((AA = 'AAgqx' AND BB = 'BBbkx')) AND (CC IN ('CChns','CChqw')) ORDER BY VALUE DESC",
 "sqlResult": "{96} || {85} || {62} || {58} || {35} || {2}",
 "nlq": "What are the numbers ordered by descending values of BBbkx buildings in CChns or CChqw?"},
{"name": "template 14",
 "sql": "SELECT CC,DD FROM DBdata WHERE ((AA = 'AAcmy' AND BB = 'BBcjs')) AND Value < 50.41",
 "sqlResult": "{CChns | DDghx} || {CChns | DDbjv} || {CChns | DDdrx} || {CCdps | DDbpv} || {CChqw | DDltv} || {CChqw | DDgrz} || {CChqw | DDhnv}",
 "nlq": "What are the CC and DD for which the number of BBcjs buildings is lower than 50.41?"},
{"name": "template 15",
 "sql": "SELECT CC,DD,Value FROM DBdata WHERE ((AA = 'AAcmy' AND BB = 'BBgvx')) AND (CC,DD) IN (SELECT CC,DD FROM DBdata WHERE ((AA = 'AAcmy' AND BB = 'BBcjs')) AND Value < 50.41)",
 "sqlResult": "{CChns | DDghx | 75} || {CChns | DDbjv | 14} || {CChns | DDdrx | 86} || {CCdps | DDbpv | 100} || {CChqw | DDltv | 91} || {CChqw | DDgrz | 98} || {CChqw | DDhnv | 29}",
 "nlq": "What is the number of BBgvx buildings in CC and in DD for which the number of BBcjs buildings is lower than 50.41? Please, report the corresponding CC, DD, and number of buildings."}]
}

