Type of building,Usage,Quarter,Month,Value
Type_of_building,Usage,Quarter,Month,Value
Residential,House,Q2,May,64
Residential,Apartment,Q2,May,21
Residential,Hotel,Q2,May,75
Production,Workshop,Q2,May,82
Production,Factory,Q2,May,47
Culture,Theatre,Q2,May,29
Culture,Concert,Q2,May,57
Residential,House,Q2,June,39
Residential,Apartment,Q2,June,66
Residential,Hotel,Q2,June,0
Production,Workshop,Q2,June,4
Production,Factory,Q2,June,79
Culture,Theatre,Q2,June,99
Culture,Concert,Q2,June,2
Residential,House,Q3,July,7
Residential,Apartment,Q3,July,43
Residential,Hotel,Q3,July,1
Production,Workshop,Q3,July,35
Production,Factory,Q3,July,30
Culture,Theatre,Q3,July,84
Culture,Concert,Q3,July,45
Residential,House,Q3,August,63
Residential,Apartment,Q3,August,55
Residential,Hotel,Q3,August,10
Production,Workshop,Q3,August,9
Production,Factory,Q3,August,3
Culture,Theatre,Q3,August,50
Culture,Concert,Q3,August,93
Residential,House,Q3,September,67
Residential,Apartment,Q3,September,19
Residential,Hotel,Q3,September,88
Production,Workshop,Q3,September,52
Production,Factory,Q3,September,62
Culture,Theatre,Q3,September,71
Culture,Concert,Q3,September,54
