{
"filename": "Number_of_constructions_set3_1_DB.csv",
"questions": [{"name": "template 1",
 "sql": "SELECT Value FROM DBdata WHERE ((AA = 'AAmp' AND BB = 'BBqx')) AND ((CC = 'CCjv' AND DD = 'DDtx'))",
 "sqlResult": "{30}",
 "nlq": "What is the number of BBqx buildings in DDtx?"},
{"name": "template 2",
 "sql": "SELECT Value FROM DBdata WHERE ((AA = 'AAmp' AND BB = 'BBqx')) AND ((CC = 'CCdx' AND DD = 'DDsx') OR (CC = 'CCdx' AND DD = 'DDrx') OR (CC = 'CCjv' AND DD = 'DDtx') OR (CC = 'CCmz' AND DD = 'DDfr'))",
 "sqlResult": "{47} || {57} || {30} || {36}",
 "nlq": "What is the number of BBqx buildings in DDrx, DDsx, DDfr, or DDtx?"},
{"name": "template 3",
 "sql": "SELECT Value FROM DBdata WHERE ((AA = 'AAqv' AND BB = 'BBgh') OR (AA = 'AAmp' AND BB = 'BBqx')) AND ((CC = 'CCjv' AND DD = 'DDlr'))",
 "sqlResult": "{35} || {53}",
 "nlq": "What is the number of BBgh or BBqx buildings in DDlr?"},
{"name": "template 4",
 "sql": "SELECT sum(Value),min(Value) FROM DBdata WHERE ((AA = 'AAqv' AND BB = 'BBhv') OR (AA = 'AAqv' AND BB = 'BBqs') OR (AA = 'AAqv' AND BB = 'BBgh') OR (AA = 'AAmp' AND BB = 'BBqx') OR (AA = 'AAmp' AND BB = 'BBst')) AND ((CC = 'CCdx' AND DD = 'DDrx'))",
 "sqlResult": "{270 | 23}",
 "nlq": "What are the total and minimum numbers of BBst, BBgh, BBqx, BBhv, or BBqs buildings in DDrx?"},
{"name": "template 6",
 "sql": "SELECT Value FROM DBdata WHERE ((AA = 'AAmp' AND BB = 'BBqx') OR (AA = 'AAmp' AND BB = 'BBst')) AND ((CC = 'CCdx' AND DD = 'DDrx') OR (CC = 'CCjv' AND DD = 'DDtx') OR (CC = 'CCmz' AND DD = 'DDfr'))",
 "sqlResult": "{57} || {62} || {30} || {67} || {36} || {66}",
 "nlq": "What is the number of BBst or BBqx buildings in DDrx, DDfr, or DDtx?"},
{"name": "template 7",
 "sql": "SELECT avg(Value),sum(Value) FROM DBdata WHERE ((AA = 'AAmp' AND BB = 'BBst')) AND ((CC = 'CCdx' AND DD = 'DDsx') OR (CC = 'CCdx' AND DD = 'DDrx') OR (CC = 'CCjv' AND DD = 'DDlr') OR (CC = 'CCmz' AND DD = 'DDfr'))",
 "sqlResult": "{48 | 192}",
 "nlq": "What are the average and total numbers of BBst buildings in DDlr, DDrx, DDsx, or DDfr?"},
{"name": "template 8",
 "sql": "SELECT AA,BB,min(Value),max(Value) FROM DBdata WHERE ((AA = 'AAqv' AND BB = 'BBgh') OR (AA = 'AAmp' AND BB = 'BBqx')) AND ((CC = 'CCdx' AND DD = 'DDsx') OR (CC = 'CCjv' AND DD = 'DDtx') OR (CC = 'CCmz' AND DD = 'DDfn')) GROUP BY AA,BB",
 "sqlResult": "{AAqv | BBgh | 49 | 89} || {AAmp | BBqx | 7 | 47}",
 "nlq": "What are the minimum and maximum numbers for each AA and BB, of BBgh or BBqx buildings in DDfn, DDsx, or DDtx? Please, report the corresponding AA and BB."},
{"name": "template 9",
 "sql": "SELECT min(Value) FROM DBdata WHERE ((AA = 'AAmp' AND BB = 'BBst')) AND (CC IN ('CCdx','CCjv','CCmz')) GROUP BY CC",
 "sqlResult": "{20} || {44} || {61}",
 "nlq": "What is the minimum number for each CC, of BBst buildings in CCdx, CCjv, or CCmz?"},
{"name": "template 10",
 "sql": "SELECT CC,sum(Value) FROM DBdata WHERE ((AA = 'AAqv' AND BB = 'BBhv')) AND (CC IN ('CCdx','CCjv','CCmz')) GROUP BY CC",
 "sqlResult": "{CCdx | 102} || {CCjv | 119} || {CCmz | 16}",
 "nlq": "What is the total number for each CC, of BBhv buildings in CCdx, CCjv, or CCmz? Please, report the corresponding CC."},
{"name": "template 11",
 "sql": "SELECT CC,AA,BB,min(Value) FROM DBdata WHERE ((AA = 'AAqv' AND BB = 'BBqs') OR (AA = 'AAmp' AND BB = 'BBqx') OR (AA = 'AAmp' AND BB = 'BBst')) AND (CC IN ('CCdx','CCjv','CCmz')) GROUP BY CC,AA,BB",
 "sqlResult": "{CCdx | AAqv | BBqs | 94} || {CCdx | AAmp | BBst | 20} || {CCdx | AAmp | BBqx | 47} || {CCjv | AAqv | BBqs | 78} || {CCjv | AAmp | BBst | 44} || {CCjv | AAmp | BBqx | 30} || {CCmz | AAqv | BBqs | 6} || {CCmz | AAmp | BBst | 61} || {CCmz | AAmp | BBqx | 7}",
 "nlq": "What is the minimum number for each CC, AA, and BB, of BBst, BBqx, or BBqs buildings in CCdx, CCjv, or CCmz? Please, report the corresponding CC, AA, and BB."},
{"name": "template 12",
 "sql": "SELECT Value FROM DBdata WHERE ((AA = 'AAqv' AND BB = 'BBqs')) AND (CC IN ('CCjv','CCmz')) ORDER BY VALUE DESC LIMIT 3",
 "sqlResult": "{97} || {84} || {78}",
 "nlq": "What are the top 3 numbers of BBqs buildings in CCjv or CCmz?"},
{"name": "template 13",
 "sql": "SELECT Value FROM DBdata WHERE ((AA = 'AAmp' AND BB = 'BBst')) AND (CC IN ('CCdx','CCjv')) ORDER BY VALUE DESC",
 "sqlResult": "{67} || {62} || {44} || {20}",
 "nlq": "What are the numbers ordered by descending values of BBst buildings in CCdx or CCjv?"},
{"name": "template 14",
 "sql": "SELECT CC,DD FROM DBdata WHERE ((AA = 'AAqv' AND BB = 'BBhv')) AND Value > 51.17",
 "sqlResult": "{CCdx | DDsx} || {CCjv | DDtx}",
 "nlq": "What are the CC and DD for which the number of BBhv buildings is greater than 51.17?"},
{"name": "template 15",
 "sql": "SELECT CC,DD,Value FROM DBdata WHERE ((AA = 'AAqv' AND BB = 'BBqs')) AND (CC,DD) IN (SELECT CC,DD FROM DBdata WHERE ((AA = 'AAqv' AND BB = 'BBhv')) AND Value > 51.17)",
 "sqlResult": "{CCdx | DDsx | 96} || {CCjv | DDtx | 97}",
 "nlq": "What is the number of BBqs buildings in CC and in DD for which the number of BBhv buildings is greater than 51.17? Please, report the corresponding CC, DD, and number of buildings."}]
}

