{
"filename": "Number_of_constructions_set360_5_DB.csv",
"questions": [{"name": "template 1",
 "sql": "SELECT Value FROM DBdata WHERE ((AA = 'AAqw' AND BB = 'BBky')) AND ((CC = 'CCdt' AND DD = 'DDch' AND EE = 'EEkz' AND FF = 'FFhq'))",
 "sqlResult": "{20}",
 "nlq": "What is the number of BBky buildings in FFhq, EEkz in DDch?"},
{"name": "template 2",
 "sql": "SELECT Value FROM DBdata WHERE ((AA = 'AAqw' AND BB = 'BBky')) AND ((CC = 'CCgs' AND DD = 'DDnp' AND EE = 'EEkz' AND FF = 'FFhq') OR (CC = 'CCdt' AND DD = 'DDch' AND EE = 'EEkz' AND FF = 'FFhq') OR (CC = 'CCdt' AND DD = 'DDfp' AND EE = 'EEkz' AND FF = 'FFhq'))",
 "sqlResult": "{61} || {20} || {23}",
 "nlq": "What is the number of BBky buildings in FFhq, EEkz in DDnp, DDfp, or DDch?"},
{"name": "template 3",
 "sql": "SELECT Value FROM DBdata WHERE ((AA = 'AAqw' AND BB = 'BBfm') OR (AA = 'AAqw' AND BB = 'BBky') OR (AA = 'AAbd' AND BB = 'BBnz')) AND ((CC = 'CCgs' AND DD = 'DDfh' AND EE = 'EEkz' AND FF = 'FFhq'))",
 "sqlResult": "{64} || {44} || {31}",
 "nlq": "What is the number of BBky, BBnz, or BBfm buildings in FFhq, EEkz in DDfh?"},
{"name": "template 4",
 "sql": "SELECT max(Value),sum(Value) FROM DBdata WHERE ((AA = 'AAqw' AND BB = 'BBfm') OR (AA = 'AAqw' AND BB = 'BBky') OR (AA = 'AAbd' AND BB = 'BBkr')) AND ((CC = 'CCdt' AND DD = 'DDfp' AND EE = 'EEkz' AND FF = 'FFhq'))",
 "sqlResult": "{90 | 175}",
 "nlq": "What are the maximum and total numbers of BBky, BBkr, or BBfm buildings in FFhq, EEkz in DDfp?"},
{"name": "template 5",
 "sql": "SELECT min(Value) FROM DBdata WHERE (AA IN ('AAqw','AAbd')) AND ((CC = 'CCgs' AND DD = 'DDnp' AND EE = 'EEkz' AND FF = 'FFhq'))",
 "sqlResult": "{54}",
 "nlq": "What is the minimum number of AAbd or AAqw buildings in FFhq, EEkz in DDnp?"},
{"name": "template 6",
 "sql": "SELECT Value FROM DBdata WHERE ((AA = 'AAqw' AND BB = 'BBfm') OR (AA = 'AAqw' AND BB = 'BBky') OR (AA = 'AAbd' AND BB = 'BBkr') OR (AA = 'AAbd' AND BB = 'BBnz')) AND ((CC = 'CCgs' AND DD = 'DDfh' AND EE = 'EEkz' AND FF = 'FFhq') OR (CC = 'CCdt' AND DD = 'DDfp' AND EE = 'EEkz' AND FF = 'FFhq'))",
 "sqlResult": "{64} || {44} || {15} || {31} || {90} || {23} || {62} || {85}",
 "nlq": "What is the number of BBky, BBkr, BBnz, or BBfm buildings in FFhq, EEkz in DDfp or DDfh?"},
{"name": "template 7",
 "sql": "SELECT avg(Value),max(Value) FROM DBdata WHERE ((AA = 'AAqw' AND BB = 'BBfm')) AND ((CC = 'CCgs' AND DD = 'DDnp' AND EE = 'EEkz' AND FF = 'FFhq') OR (CC = 'CCgs' AND DD = 'DDfh' AND EE = 'EEkz' AND FF = 'FFhq') OR (CC = 'CCdt' AND DD = 'DDfp' AND EE = 'EEkz' AND FF = 'FFhq'))",
 "sqlResult": "{69.33 | 90}",
 "nlq": "What are the average and maximum numbers of BBfm buildings in FFhq, EEkz in DDnp, DDfp, or DDfh?"},
{"name": "template 8",
 "sql": "SELECT AA,BB,max(Value),min(Value) FROM DBdata WHERE ((AA = 'AAqw' AND BB = 'BBfm') OR (AA = 'AAbd' AND BB = 'BBkr') OR (AA = 'AAbd' AND BB = 'BBnz')) AND ((CC = 'CCgs' AND DD = 'DDnp' AND EE = 'EEkz' AND FF = 'FFhq') OR (CC = 'CCgs' AND DD = 'DDfh' AND EE = 'EEkz' AND FF = 'FFhq') OR (CC = 'CCdt' AND DD = 'DDch' AND EE = 'EEkz' AND FF = 'FFhq') OR (CC = 'CCdt' AND DD = 'DDfp' AND EE = 'EEkz' AND FF = 'FFhq')) GROUP BY AA,BB",
 "sqlResult": "{AAbd | BBkr | 82 | 15} || {AAbd | BBnz | 85 | 31} || {AAqw | BBfm | 90 | 54}",
 "nlq": "What are the maximum and minimum numbers for each AA and BB, of BBkr, BBnz, or BBfm buildings in FFhq, EEkz in DDnp, DDfp, DDch, or DDfh? Please, report the corresponding AA and BB."},
{"name": "template 9",
 "sql": "SELECT min(Value) FROM DBdata WHERE ((AA = 'AAbd' AND BB = 'BBnz')) AND (CC IN ('CCgs','CCdt')) GROUP BY CC",
 "sqlResult": "{31} || {69}",
 "nlq": "What is the minimum number for each CC, of BBnz buildings in CCgs or CCdt?"},
{"name": "template 10",
 "sql": "SELECT CC,max(Value) FROM DBdata WHERE ((AA = 'AAbd' AND BB = 'BBnz')) AND (CC IN ('CCgs','CCdt')) GROUP BY CC",
 "sqlResult": "{CCgs | 81} || {CCdt | 85}",
 "nlq": "What is the maximum number for each CC, of BBnz buildings in CCgs or CCdt? Please, report the corresponding CC."},
{"name": "template 11",
 "sql": "SELECT CC,AA,BB,sum(Value) FROM DBdata WHERE ((AA = 'AAqw' AND BB = 'BBfm') OR (AA = 'AAbd' AND BB = 'BBnz')) AND (CC IN ('CCgs','CCdt')) GROUP BY CC,AA,BB",
 "sqlResult": "{CCgs | AAbd | BBnz | 112} || {CCgs | AAqw | BBfm | 118} || {CCdt | AAbd | BBnz | 154} || {CCdt | AAqw | BBfm | 168}",
 "nlq": "What is the total number for each CC, AA, and BB, of BBnz or BBfm buildings in CCgs or CCdt? Please, report the corresponding CC, AA, and BB."},
{"name": "template 12",
 "sql": "SELECT Value FROM DBdata WHERE ((AA = 'AAqw' AND BB = 'BBky')) AND (CC IN ('CCgs','CCdt')) ORDER BY VALUE ASC LIMIT 3",
 "sqlResult": "{20} || {23} || {44}",
 "nlq": "What are the bottom 3 numbers of BBky buildings in CCgs or CCdt?"},
{"name": "template 13",
 "sql": "SELECT Value FROM DBdata WHERE ((AA = 'AAqw' AND BB = 'BBfm')) AND (CC IN ('CCgs','CCdt')) ORDER BY VALUE DESC",
 "sqlResult": "{90} || {78} || {64} || {54}",
 "nlq": "What are the numbers ordered by descending values of BBfm buildings in CCgs or CCdt?"},
{"name": "template 14",
 "sql": "SELECT CC,DD,EE,FF FROM DBdata WHERE ((AA = 'AAbd' AND BB = 'BBkr')) AND Value < 55.94",
 "sqlResult": "{CCgs | DDfh | EEkz | FFhq} || {CCdt | DDch | EEkz | FFhq}",
 "nlq": "What are the CC, DD, EE, and FF for which the number of BBkr buildings is lower than 55.94?"},
{"name": "template 15",
 "sql": "SELECT CC,DD,EE,FF,Value FROM DBdata WHERE ((AA = 'AAbd' AND BB = 'BBnz')) AND (CC,DD,EE,FF) IN (SELECT CC,DD,EE,FF FROM DBdata WHERE ((AA = 'AAbd' AND BB = 'BBkr')) AND Value < 55.94)",
 "sqlResult": "{CCgs | DDfh | EEkz | FFhq | 31} || {CCdt | DDch | EEkz | FFhq | 69}",
 "nlq": "What is the number of BBnz buildings in CC, in DD, in EE, and in FF for which the number of BBkr buildings is lower than 55.94? Please, report the corresponding CC, DD, EE, FF, and number of buildings."}]
}

