{
"filename": "Number_of_constructions_set3_5_DB.csv",
"questions": [{"name": "template 1",
 "sql": "SELECT Value FROM DBdata WHERE ((AA = 'AAbz' AND BB = 'BBdp')) AND ((CC = 'CCsx' AND DD = 'DDhx'))",
 "sqlResult": "{64}",
 "nlq": "What is the number of BBdp buildings in DDhx?"},
{"name": "template 2",
 "sql": "SELECT Value FROM DBdata WHERE ((AA = 'AAbz' AND BB = 'BBqr')) AND ((CC = 'CCdj' AND DD = 'DDcg') OR (CC = 'CCdj' AND DD = 'DDhj') OR (CC = 'CCdj' AND DD = 'DDdy') OR (CC = 'CCcr' AND DD = 'DDnr') OR (CC = 'CCsx' AND DD = 'DDcv'))",
 "sqlResult": "{37} || {92} || {93} || {68} || {39}",
 "nlq": "What is the number of BBqr buildings in DDcv, DDhj, DDcg, DDdy, or DDnr?"},
{"name": "template 3",
 "sql": "SELECT Value FROM DBdata WHERE ((AA = 'AAbz' AND BB = 'BBqr') OR (AA = 'AAbz' AND BB = 'BBdp') OR (AA = 'AAhw' AND BB = 'BBft') OR (AA = 'AAhw' AND BB = 'BBjr')) AND ((CC = 'CCdj' AND DD = 'DDcg'))",
 "sqlResult": "{37} || {12} || {70} || {85}",
 "nlq": "What is the number of BBdp, BBjr, BBqr, or BBft buildings in DDcg?"},
{"name": "template 4",
 "sql": "SELECT sum(Value),min(Value) FROM DBdata WHERE ((AA = 'AAbz' AND BB = 'BBqr') OR (AA = 'AAhw' AND BB = 'BBft')) AND ((CC = 'CCdj' AND DD = 'DDcg'))",
 "sqlResult": "{107 | 37}",
 "nlq": "What are the total and minimum numbers of BBqr or BBft buildings in DDcg?"},
{"name": "template 6",
 "sql": "SELECT Value FROM DBdata WHERE ((AA = 'AAbz' AND BB = 'BBqr') OR (AA = 'AAhw' AND BB = 'BBjr')) AND ((CC = 'CCcr' AND DD = 'DDnr') OR (CC = 'CCcr' AND DD = 'DDbs'))",
 "sqlResult": "{68} || {69} || {77} || {50}",
 "nlq": "What is the number of BBjr or BBqr buildings in DDbs or DDnr?"},
{"name": "template 7",
 "sql": "SELECT max(Value),sum(Value) FROM DBdata WHERE ((AA = 'AAhw' AND BB = 'BBft')) AND ((CC = 'CCdj' AND DD = 'DDcg') OR (CC = 'CCdj' AND DD = 'DDhj') OR (CC = 'CCcr' AND DD = 'DDnr') OR (CC = 'CCsx' AND DD = 'DDcv'))",
 "sqlResult": "{98 | 272}",
 "nlq": "What are the maximum and total numbers of BBft buildings in DDcv, DDhj, DDcg, or DDnr?"},
{"name": "template 8",
 "sql": "SELECT AA,BB,avg(Value),max(Value) FROM DBdata WHERE ((AA = 'AAbz' AND BB = 'BBqr') OR (AA = 'AAbz' AND BB = 'BBdp')) AND ((CC = 'CCdj' AND DD = 'DDdy') OR (CC = 'CCcr' AND DD = 'DDbs') OR (CC = 'CCsx' AND DD = 'DDcv')) GROUP BY AA,BB",
 "sqlResult": "{AAbz | BBdp | 22.33 | 36} || {AAbz | BBqr | 69.67 | 93}",
 "nlq": "What are the average and maximum numbers for each AA and BB, of BBdp or BBqr buildings in DDcv, DDbs, or DDdy? Please, report the corresponding AA and BB."},
{"name": "template 9",
 "sql": "SELECT min(Value) FROM DBdata WHERE ((AA = 'AAhw' AND BB = 'BBjr')) AND (CC IN ('CCdj','CCcr','CCsx')) GROUP BY CC",
 "sqlResult": "{22} || {50} || {51}",
 "nlq": "What is the minimum number for each CC, of BBjr buildings in CCdj, CCcr, or CCsx?"},
{"name": "template 10",
 "sql": "SELECT CC,avg(Value) FROM DBdata WHERE ((AA = 'AAbz' AND BB = 'BBdp')) AND (CC IN ('CCdj','CCcr','CCsx')) GROUP BY CC",
 "sqlResult": "{CCdj | 23.33} || {CCcr | 34.5} || {CCsx | 40}",
 "nlq": "What is the average number for each CC, of BBdp buildings in CCdj, CCcr, or CCsx? Please, report the corresponding CC."},
{"name": "template 11",
 "sql": "SELECT CC,AA,BB,avg(Value) FROM DBdata WHERE ((AA = 'AAbz' AND BB = 'BBqr') OR (AA = 'AAbz' AND BB = 'BBdp') OR (AA = 'AAhw' AND BB = 'BBft')) AND (CC IN ('CCdj','CCcr','CCsx')) GROUP BY CC,AA,BB",
 "sqlResult": "{CCdj | AAhw | BBft | 47.33} || {CCdj | AAbz | BBdp | 23.33} || {CCdj | AAbz | BBqr | 74} || {CCcr | AAhw | BBft | 43.5} || {CCcr | AAbz | BBdp | 34.5} || {CCcr | AAbz | BBqr | 72.5} || {CCsx | AAhw | BBft | 94} || {CCsx | AAbz | BBdp | 40} || {CCsx | AAbz | BBqr | 42.5}",
 "nlq": "What is the average number for each CC, AA, and BB, of BBdp, BBqr, or BBft buildings in CCdj, CCcr, or CCsx? Please, report the corresponding CC, AA, and BB."},
{"name": "template 12",
 "sql": "SELECT Value FROM DBdata WHERE ((AA = 'AAbz' AND BB = 'BBqr')) AND (CC IN ('CCdj','CCsx')) ORDER BY VALUE ASC LIMIT 2",
 "sqlResult": "{37} || {39}",
 "nlq": "What are the bottom 2 numbers of BBqr buildings in CCdj or CCsx?"},
{"name": "template 13",
 "sql": "SELECT Value FROM DBdata WHERE ((AA = 'AAhw' AND BB = 'BBjr')) AND (CC IN ('CCdj','CCcr')) ORDER BY VALUE ASC",
 "sqlResult": "{22} || {50} || {65} || {69} || {85}",
 "nlq": "What are the numbers ordered by ascending values of BBjr buildings in CCdj or CCcr?"},
{"name": "template 14",
 "sql": "SELECT CC,DD FROM DBdata WHERE ((AA = 'AAhw' AND BB = 'BBjr')) AND Value > 54.64",
 "sqlResult": "{CCdj | DDcg} || {CCdj | DDhj} || {CCcr | DDnr} || {CCsx | DDhx}",
 "nlq": "What are the CC and DD for which the number of BBjr buildings is greater than 54.64?"},
{"name": "template 15",
 "sql": "SELECT CC,DD,Value FROM DBdata WHERE ((AA = 'AAbz' AND BB = 'BBqr')) AND (CC,DD) IN (SELECT CC,DD FROM DBdata WHERE ((AA = 'AAhw' AND BB = 'BBjr')) AND Value > 54.64)",
 "sqlResult": "{CCdj | DDcg | 37} || {CCdj | DDhj | 92} || {CCcr | DDnr | 68} || {CCsx | DDhx | 46}",
 "nlq": "What is the number of BBqr buildings in CC and in DD for which the number of BBjr buildings is greater than 54.64? Please, report the corresponding CC, DD, and number of buildings."}]
}

