Type of building,Usage,Quarter,Month,Value
Type_of_building,Usage,Quarter,Month,Value
Residential,House,Q2,April,49
Residential,Apartment,Q2,April,37
Production,Workshop,Q2,April,82
Production,Factory,Q2,April,43
Culture,Theatre,Q2,April,36
Culture,Concert,Q2,April,32
Residential,House,Q2,May,72
Residential,Apartment,Q2,May,44
Production,Workshop,Q2,May,96
Production,Factory,Q2,May,75
Culture,Theatre,Q2,May,47
Culture,Concert,Q2,May,18
Residential,House,Q2,June,30
Residential,Apartment,Q2,June,34
Production,Workshop,Q2,June,95
Production,Factory,Q2,June,12
Culture,Theatre,Q2,June,10
Culture,Concert,Q2,June,13
Residential,House,Q3,July,66
Residential,Apartment,Q3,July,55
Production,Workshop,Q3,July,99
Production,Factory,Q3,July,27
Culture,Theatre,Q3,July,89
Culture,Concert,Q3,July,38
Residential,House,Q3,August,52
Residential,Apartment,Q3,August,94
Production,Workshop,Q3,August,59
Production,Factory,Q3,August,79
Culture,Theatre,Q3,August,46
Culture,Concert,Q3,August,62
Residential,House,Q3,September,1
Residential,Apartment,Q3,September,7
Production,Workshop,Q3,September,80
Production,Factory,Q3,September,57
Culture,Theatre,Q3,September,4
Culture,Concert,Q3,September,87
Residential,House,Q4,October,84
Residential,Apartment,Q4,October,9
Production,Workshop,Q4,October,56
Production,Factory,Q4,October,15
Culture,Theatre,Q4,October,91
Culture,Concert,Q4,October,11
Residential,House,Q4,November,70
Residential,Apartment,Q4,November,50
Production,Workshop,Q4,November,100
Production,Factory,Q4,November,69
Culture,Theatre,Q4,November,3
Culture,Concert,Q4,November,85
Residential,House,Q4,December,86
Residential,Apartment,Q4,December,83
Production,Workshop,Q4,December,17
Production,Factory,Q4,December,78
Culture,Theatre,Q4,December,26
Culture,Concert,Q4,December,2
