{
"filename": "Number_of_constructions_set4_5_DB.csv",
"questions": [{"name": "template 1",
 "sql": "SELECT Value FROM DBdata WHERE ((Type_of_building = 'Culture' AND Usage = 'Museum')) AND ((Quarter = 'Q3' AND Month = 'September'))",
 "sqlResult": "{50}",
 "nlq": "What is the number of Museum buildings in September?"},
{"name": "template 2",
 "sql": "SELECT Value FROM DBdata WHERE ((Type_of_building = 'Culture' AND Usage = 'Museum')) AND ((Quarter = 'Q3' AND Month = 'July') OR (Quarter = 'Q4' AND Month = 'October'))",
 "sqlResult": "{40} || {65}",
 "nlq": "What is the number of Museum buildings in July or October?"},
{"name": "template 3",
 "sql": "SELECT Value FROM DBdata WHERE ((Type_of_building = 'Production' AND Usage = 'Workshop') OR (Type_of_building = 'Production' AND Usage = 'Factory') OR (Type_of_building = 'Culture' AND Usage = 'Museum') OR (Type_of_building = 'Culture' AND Usage = 'Theatre')) AND ((Quarter = 'Q3' AND Month = 'September'))",
 "sqlResult": "{78} || {28} || {50} || {16}",
 "nlq": "What is the number of Factory, Museum, Theatre, or Workshop buildings in September?"},
{"name": "template 4",
 "sql": "SELECT sum(Value),min(Value) FROM DBdata WHERE ((Type_of_building = 'Production' AND Usage = 'Workshop') OR (Type_of_building = 'Production' AND Usage = 'Factory') OR (Type_of_building = 'Culture' AND Usage = 'Museum') OR (Type_of_building = 'Culture' AND Usage = 'Theatre')) AND ((Quarter = 'Q4' AND Month = 'December'))",
 "sqlResult": "{162 | 6}",
 "nlq": "What are the total and minimum numbers of Factory, Museum, Theatre, or Workshop buildings in December?"},
{"name": "template 6",
 "sql": "SELECT Value FROM DBdata WHERE ((Type_of_building = 'Production' AND Usage = 'Workshop') OR (Type_of_building = 'Production' AND Usage = 'Factory')) AND ((Quarter = 'Q3' AND Month = 'July') OR (Quarter = 'Q3' AND Month = 'September') OR (Quarter = 'Q4' AND Month = 'October') OR (Quarter = 'Q4' AND Month = 'December'))",
 "sqlResult": "{81} || {5} || {78} || {28} || {41} || {80} || {39} || {69}",
 "nlq": "What is the number of Factory or Workshop buildings in December, July, October, or September?"},
{"name": "template 7",
 "sql": "SELECT sum(Value),avg(Value) FROM DBdata WHERE ((Type_of_building = 'Production' AND Usage = 'Factory')) AND ((Quarter = 'Q3' AND Month = 'July') OR (Quarter = 'Q3' AND Month = 'August') OR (Quarter = 'Q4' AND Month = 'November') OR (Quarter = 'Q4' AND Month = 'December'))",
 "sqlResult": "{103 | 25.75}",
 "nlq": "What are the total and average numbers of Factory buildings in August, December, July, or November?"},
{"name": "template 8",
 "sql": "SELECT Type_of_building,Usage,max(Value),min(Value) FROM DBdata WHERE ((Type_of_building = 'Production' AND Usage = 'Factory') OR (Type_of_building = 'Culture' AND Usage = 'Theatre')) AND ((Quarter = 'Q3' AND Month = 'July') OR (Quarter = 'Q3' AND Month = 'August') OR (Quarter = 'Q4' AND Month = 'November')) GROUP BY Type_of_building,Usage",
 "sqlResult": "{Culture | Theatre | 63 | 9} || {Production | Factory | 29 | 0}",
 "nlq": "What are the maximum and minimum numbers for each Type of building and Usage, of Factory or Theatre buildings in August, July, or November? Please, report the corresponding Type of building and Usage."},
{"name": "template 9",
 "sql": "SELECT min(Value) FROM DBdata WHERE ((Type_of_building = 'Culture' AND Usage = 'Theatre')) AND (Quarter IN ('Q3','Q4')) GROUP BY Quarter",
 "sqlResult": "{9} || {6}",
 "nlq": "What is the minimum number for each Quarter, of Theatre buildings in Q3 or Q4?"},
{"name": "template 10",
 "sql": "SELECT Quarter,sum(Value) FROM DBdata WHERE ((Type_of_building = 'Production' AND Usage = 'Factory')) AND (Quarter IN ('Q3','Q4')) GROUP BY Quarter",
 "sqlResult": "{Q3 | 62} || {Q4 | 149}",
 "nlq": "What is the total number for each Quarter, of Factory buildings in Q3 or Q4? Please, report the corresponding Quarter."},
{"name": "template 11",
 "sql": "SELECT Quarter,Type_of_building,Usage,sum(Value) FROM DBdata WHERE ((Type_of_building = 'Production' AND Usage = 'Workshop') OR (Type_of_building = 'Culture' AND Usage = 'Museum')) AND (Quarter IN ('Q3','Q4')) GROUP BY Quarter,Type_of_building,Usage",
 "sqlResult": "{Q3 | Culture | Museum | 126} || {Q3 | Production | Workshop | 173} || {Q4 | Culture | Museum | 135} || {Q4 | Production | Workshop | 106}",
 "nlq": "What is the total number for each Quarter, Type of building, and Usage, of Museum or Workshop buildings in Q3 or Q4? Please, report the corresponding Quarter, Type of building, and Usage."},
{"name": "template 12",
 "sql": "SELECT Value FROM DBdata WHERE ((Type_of_building = 'Production' AND Usage = 'Workshop')) AND (Quarter IN ('Q3','Q4')) ORDER BY VALUE DESC LIMIT 3",
 "sqlResult": "{81} || {78} || {41}",
 "nlq": "What are the top 3 numbers of Workshop buildings in Q3 or Q4?"},
{"name": "template 13",
 "sql": "SELECT Value FROM DBdata WHERE ((Type_of_building = 'Culture' AND Usage = 'Theatre')) AND (Quarter IN ('Q3','Q4')) ORDER BY VALUE ASC",
 "sqlResult": "{6} || {9} || {10} || {16} || {63} || {75}",
 "nlq": "What are the numbers ordered by ascending values of Theatre buildings in Q3 or Q4?"},
{"name": "template 14",
 "sql": "SELECT Quarter,Month FROM DBdata WHERE ((Type_of_building = 'Production' AND Usage = 'Factory')) AND Value < 38.75",
 "sqlResult": "{Q3 | July} || {Q3 | August} || {Q3 | September} || {Q4 | November}",
 "nlq": "What are the Quarter and Month for which the number of Factory buildings is lower than 38.75?"},
{"name": "template 15",
 "sql": "SELECT Quarter,Month,Value FROM DBdata WHERE ((Type_of_building = 'Production' AND Usage = 'Workshop')) AND (Quarter,Month) IN (SELECT Quarter,Month FROM DBdata WHERE ((Type_of_building = 'Production' AND Usage = 'Factory')) AND Value < 38.75)",
 "sqlResult": "{Q3 | July | 81} || {Q3 | August | 14} || {Q3 | September | 78} || {Q4 | November | 26}",
 "nlq": "What is the number of Workshop buildings in Quarter and in Month for which the number of Factory buildings is lower than 38.75? Please, report the corresponding Quarter, Month, and number of buildings."}]
}
