{
"filename": "Number_of_constructions_set2_3_DB.csv",
"questions": [{"name": "template 1",
 "sql": "SELECT Value FROM DBdata WHERE ((AA = 'AAkp' AND BB = 'BBlt')) AND ((CC = 'CCbz' AND DD = 'DDcd'))",
 "sqlResult": "{24}",
 "nlq": "What is the number of BBlt buildings in DDcd?"},
{"name": "template 2",
 "sql": "SELECT Value FROM DBdata WHERE ((AA = 'AAkp' AND BB = 'BBlt')) AND ((CC = 'CClx' AND DD = 'DDgz') OR (CC = 'CClx' AND DD = 'DDmr') OR (CC = 'CCbz' AND DD = 'DDcd') OR (CC = 'CCbz' AND DD = 'DDgy'))",
 "sqlResult": "{74} || {69} || {24} || {85}",
 "nlq": "What is the number of BBlt buildings in DDgz, DDgy, DDcd, or DDmr?"},
{"name": "template 3",
 "sql": "SELECT Value FROM DBdata WHERE ((AA = 'AAkp' AND BB = 'BBlt') OR (AA = 'AAkp' AND BB = 'BBqw') OR (AA = 'AAbc' AND BB = 'BBlw') OR (AA = 'AAbc' AND BB = 'BBpq')) AND ((CC = 'CClx' AND DD = 'DDmr'))",
 "sqlResult": "{69} || {34} || {71} || {22}",
 "nlq": "What is the number of BBqw, BBlw, BBpq, or BBlt buildings in DDmr?"},
{"name": "template 4",
 "sql": "SELECT sum(Value),avg(Value) FROM DBdata WHERE ((AA = 'AAkp' AND BB = 'BBlt') OR (AA = 'AAkp' AND BB = 'BBqw') OR (AA = 'AAbc' AND BB = 'BBpq') OR (AA = 'AAbc' AND BB = 'BBqz')) AND ((CC = 'CCbz' AND DD = 'DDcd'))",
 "sqlResult": "{160 | 40}",
 "nlq": "What are the total and average numbers of BBqz, BBqw, BBpq, or BBlt buildings in DDcd?"},
{"name": "template 6",
 "sql": "SELECT Value FROM DBdata WHERE ((AA = 'AAbc' AND BB = 'BBlw') OR (AA = 'AAbc' AND BB = 'BBpq') OR (AA = 'AAbc' AND BB = 'BBqz')) AND ((CC = 'CClx' AND DD = 'DDmr') OR (CC = 'CCbz' AND DD = 'DDgy'))",
 "sqlResult": "{71} || {22} || {82} || {14} || {100} || {37}",
 "nlq": "What is the number of BBqz, BBlw, or BBpq buildings in DDgy or DDmr?"},
{"name": "template 7",
 "sql": "SELECT avg(Value),sum(Value) FROM DBdata WHERE ((AA = 'AAbc' AND BB = 'BBqz')) AND ((CC = 'CClx' AND DD = 'DDgz') OR (CC = 'CClx' AND DD = 'DDmr') OR (CC = 'CCbz' AND DD = 'DDcd'))",
 "sqlResult": "{74.67 | 224}",
 "nlq": "What are the average and total numbers of BBqz buildings in DDgz, DDcd, or DDmr?"},
{"name": "template 8",
 "sql": "SELECT AA,BB,avg(Value),sum(Value) FROM DBdata WHERE ((AA = 'AAbc' AND BB = 'BBpq') OR (AA = 'AAbc' AND BB = 'BBqz')) AND ((CC = 'CClx' AND DD = 'DDmr') OR (CC = 'CCbz' AND DD = 'DDcd')) GROUP BY AA,BB",
 "sqlResult": "{AAbc | BBqz | 86 | 172} || {AAbc | BBpq | 33.5 | 67}",
 "nlq": "What are the average and total numbers for each AA and BB, of BBqz or BBpq buildings in DDcd or DDmr? Please, report the corresponding AA and BB."},
{"name": "template 9",
 "sql": "SELECT min(Value) FROM DBdata WHERE ((AA = 'AAkp' AND BB = 'BBlt')) AND (CC IN ('CClx','CCbz')) GROUP BY CC",
 "sqlResult": "{69} || {24}",
 "nlq": "What is the minimum number for each CC, of BBlt buildings in CClx or CCbz?"},
{"name": "template 10",
 "sql": "SELECT CC,sum(Value) FROM DBdata WHERE ((AA = 'AAbc' AND BB = 'BBpq')) AND (CC IN ('CClx','CCbz')) GROUP BY CC",
 "sqlResult": "{CClx | 24} || {CCbz | 145}",
 "nlq": "What is the total number for each CC, of BBpq buildings in CClx or CCbz? Please, report the corresponding CC."},
{"name": "template 11",
 "sql": "SELECT CC,AA,BB,max(Value) FROM DBdata WHERE ((AA = 'AAbc' AND BB = 'BBpq') OR (AA = 'AAbc' AND BB = 'BBqz')) AND (CC IN ('CClx','CCbz')) GROUP BY CC,AA,BB",
 "sqlResult": "{CClx | AAbc | BBqz | 82} || {CClx | AAbc | BBpq | 22} || {CCbz | AAbc | BBqz | 90} || {CCbz | AAbc | BBpq | 100}",
 "nlq": "What is the maximum number for each CC, AA, and BB, of BBqz or BBpq buildings in CClx or CCbz? Please, report the corresponding CC, AA, and BB."},
{"name": "template 12",
 "sql": "SELECT Value FROM DBdata WHERE ((AA = 'AAbc' AND BB = 'BBqz')) AND (CC IN ('CClx','CCbz')) ORDER BY VALUE DESC LIMIT 2",
 "sqlResult": "{90} || {82}",
 "nlq": "What are the top 2 numbers of BBqz buildings in CClx or CCbz?"},
{"name": "template 13",
 "sql": "SELECT Value FROM DBdata WHERE ((AA = 'AAkp' AND BB = 'BBlt')) AND (CC IN ('CClx','CCbz')) ORDER BY VALUE ASC",
 "sqlResult": "{24} || {69} || {74} || {85}",
 "nlq": "What are the numbers ordered by ascending values of BBlt buildings in CClx or CCbz?"},
{"name": "template 14",
 "sql": "SELECT CC,DD FROM DBdata WHERE ((AA = 'AAbc' AND BB = 'BBlw')) AND Value < 49.2",
 "sqlResult": "{CClx | DDgz} || {CCbz | DDcd} || {CCbz | DDgy}",
 "nlq": "What are the CC and DD for which the number of BBlw buildings is lower than 49.2?"},
{"name": "template 15",
 "sql": "SELECT CC,DD,Value FROM DBdata WHERE ((AA = 'AAbc' AND BB = 'BBqz')) AND (CC,DD) IN (SELECT CC,DD FROM DBdata WHERE ((AA = 'AAbc' AND BB = 'BBlw')) AND Value < 49.2)",
 "sqlResult": "{CClx | DDgz | 52} || {CCbz | DDcd | 90} || {CCbz | DDgy | 37}",
 "nlq": "What is the number of BBqz buildings in CC and in DD for which the number of BBlw buildings is lower than 49.2? Please, report the corresponding CC, DD, and number of buildings."}]
}

