Type of building,Usage,Quarter,Month,Value
Type_of_building,Usage,Quarter,Month,Value
Production,Workshop,Q2,April,74
Production,Factory,Q2,April,54
Culture,Museum,Q2,April,27
Culture,Theatre,Q2,April,2
Culture,Concert,Q2,April,52
Production,Workshop,Q2,May,69
Production,Factory,Q2,May,34
Culture,Museum,Q2,May,71
Culture,Theatre,Q2,May,22
Culture,Concert,Q2,May,82
Production,Workshop,Q3,July,24
Production,Factory,Q3,July,1
Culture,Museum,Q3,July,5
Culture,Theatre,Q3,July,45
Culture,Concert,Q3,July,90
Production,Workshop,Q3,August,85
Production,Factory,Q3,August,96
Culture,Museum,Q3,August,14
Culture,Theatre,Q3,August,100
Culture,Concert,Q3,August,37
