AA,BB,CC,DD,Value
AA,BB,CC,DD,Value
AAky,BBtx,CCln,DDbg,82
AAky,BBxy,CCln,DDbg,68
AAbq,BBhr,CCln,DDbg,59
AAbq,BBbv,CCln,DDbg,67
AAhm,BBjp,CCln,DDbg,54
AAhm,BBgy,CCln,DDbg,11
AAhm,BBfp,CCln,DDbg,86
AAky,BBtx,CCln,DDfm,62
AAky,BBxy,CCln,DDfm,39
AAbq,BBhr,CCln,DDfm,49
AAbq,BBbv,CCln,DDfm,93
AAhm,BBjp,CCln,DDfm,76
AAhm,BBgy,CCln,DDfm,43
AAhm,BBfp,CCln,DDfm,36
AAky,BBtx,CCrz,DDmr,56
AAky,BBxy,CCrz,DDmr,60
AAbq,BBhr,CCrz,DDmr,42
AAbq,BBbv,CCrz,DDmr,53
AAhm,BBjp,CCrz,DDmr,26
AAhm,BBgy,CCrz,DDmr,35
AAhm,BBfp,CCrz,DDmr,14
AAky,BBtx,CCrz,DDjx,55
AAky,BBxy,CCrz,DDjx,80
AAbq,BBhr,CCrz,DDjx,87
AAbq,BBbv,CCrz,DDjx,5
AAhm,BBjp,CCrz,DDjx,24
AAhm,BBgy,CCrz,DDjx,45
AAhm,BBfp,CCrz,DDjx,81
AAky,BBtx,CCkl,DDdx,90
AAky,BBxy,CCkl,DDdx,23
AAbq,BBhr,CCkl,DDdx,13
AAbq,BBbv,CCkl,DDdx,75
AAhm,BBjp,CCkl,DDdx,73
AAhm,BBgy,CCkl,DDdx,71
AAhm,BBfp,CCkl,DDdx,4
AAky,BBtx,CCkl,DDdg,33
AAky,BBxy,CCkl,DDdg,69
AAbq,BBhr,CCkl,DDdg,99
AAbq,BBbv,CCkl,DDdg,98
AAhm,BBjp,CCkl,DDdg,16
AAhm,BBgy,CCkl,DDdg,30
AAhm,BBfp,CCkl,DDdg,52

