Type of building,Usage,Quarter,Month,Value
Type_of_building,Usage,Quarter,Month,Value
Culture,Museum,Q3,July,82
Culture,Theatre,Q3,July,13
Culture,Concert,Q3,July,74
Service,Hospital,Q3,July,57
Service,Administration,Q3,July,31
Culture,Museum,Q3,August,89
Culture,Theatre,Q3,August,59
Culture,Concert,Q3,August,60
Service,Hospital,Q3,August,85
Service,Administration,Q3,August,65
Culture,Museum,Q4,October,14
Culture,Theatre,Q4,October,51
Culture,Concert,Q4,October,69
Service,Hospital,Q4,October,0
Service,Administration,Q4,October,73
Culture,Museum,Q4,November,24
Culture,Theatre,Q4,November,19
Culture,Concert,Q4,November,1
Service,Hospital,Q4,November,97
Service,Administration,Q4,November,3
Culture,Museum,Q4,December,90
Culture,Theatre,Q4,December,11
Culture,Concert,Q4,December,98
Service,Hospital,Q4,December,44
Service,Administration,Q4,December,37
