{
"filename": "Number_of_constructions_set4_1_DB.csv",
"questions": [{"name": "template 1",
 "sql": "SELECT Value FROM DBdata WHERE ((AA = 'AAgz' AND BB = 'BBdl')) AND ((CC = 'CCny' AND DD = 'DDhv'))",
 "sqlResult": "{52}",
 "nlq": "What is the number of BBdl buildings in DDhv?"},
{"name": "template 2",
 "sql": "SELECT Value FROM DBdata WHERE ((AA = 'AAwz' AND BB = 'BBcq')) AND ((CC = 'CCgw' AND DD = 'DDdt') OR (CC = 'CCgw' AND DD = 'DDgx') OR (CC = 'CCny' AND DD = 'DDnv') OR (CC = 'CCny' AND DD = 'DDhv'))",
 "sqlResult": "{36} || {66} || {10} || {33}",
 "nlq": "What is the number of BBcq buildings in DDhv, DDnv, DDgx, or DDdt?"},
{"name": "template 3",
 "sql": "SELECT Value FROM DBdata WHERE ((AA = 'AAjt' AND BB = 'BBmv') OR (AA = 'AAwz' AND BB = 'BBkx') OR (AA = 'AAgz' AND BB = 'BBdl') OR (AA = 'AAgz' AND BB = 'BBfr')) AND ((CC = 'CCgw' AND DD = 'DDgx'))",
 "sqlResult": "{79} || {37} || {16} || {97}",
 "nlq": "What is the number of BBmv, BBdl, BBfr, or BBkx buildings in DDgx?"},
{"name": "template 4",
 "sql": "SELECT min(Value),sum(Value) FROM DBdata WHERE ((AA = 'AAjt' AND BB = 'BBdg') OR (AA = 'AAwz' AND BB = 'BBkx') OR (AA = 'AAgz' AND BB = 'BBdl') OR (AA = 'AAgz' AND BB = 'BBfr')) AND ((CC = 'CCgw' AND DD = 'DDgx'))",
 "sqlResult": "{16 | 239}",
 "nlq": "What are the minimum and total numbers of BBdg, BBdl, BBfr, or BBkx buildings in DDgx?"},
{"name": "template 6",
 "sql": "SELECT Value FROM DBdata WHERE ((AA = 'AAjt' AND BB = 'BBdg') OR (AA = 'AAjt' AND BB = 'BBhr') OR (AA = 'AAwz' AND BB = 'BBkx') OR (AA = 'AAwz' AND BB = 'BBcq') OR (AA = 'AAgz' AND BB = 'BBdl')) AND ((CC = 'CCgw' AND DD = 'DDgx') OR (CC = 'CCny' AND DD = 'DDdn'))",
 "sqlResult": "{89} || {39} || {37} || {66} || {16} || {70} || {40} || {21} || {20} || {24}",
 "nlq": "What is the number of BBcq, BBhr, BBdg, BBdl, or BBkx buildings in DDgx or DDdn?"},
{"name": "template 7",
 "sql": "SELECT sum(Value),max(Value) FROM DBdata WHERE ((AA = 'AAgz' AND BB = 'BBdl')) AND ((CC = 'CCny' AND DD = 'DDnv') OR (CC = 'CCny' AND DD = 'DDhv') OR (CC = 'CCny' AND DD = 'DDdn'))",
 "sqlResult": "{125 | 52}",
 "nlq": "What are the total and maximum numbers of BBdl buildings in DDhv, DDnv, or DDdn?"},
{"name": "template 8",
 "sql": "SELECT AA,BB,max(Value),min(Value) FROM DBdata WHERE ((AA = 'AAwz' AND BB = 'BBkx') OR (AA = 'AAwz' AND BB = 'BBcq') OR (AA = 'AAgz' AND BB = 'BBfr')) AND ((CC = 'CCgw' AND DD = 'DDdt') OR (CC = 'CCgw' AND DD = 'DDgx') OR (CC = 'CCny' AND DD = 'DDnv') OR (CC = 'CCny' AND DD = 'DDhv') OR (CC = 'CCny' AND DD = 'DDdn')) GROUP BY AA,BB",
 "sqlResult": "{AAgz | BBfr | 97 | 8} || {AAwz | BBcq | 66 | 10} || {AAwz | BBkx | 83 | 21}",
 "nlq": "What are the maximum and minimum numbers for each AA and BB, of BBcq, BBfr, or BBkx buildings in DDhv, DDnv, DDgx, DDdt, or DDdn? Please, report the corresponding AA and BB."},
{"name": "template 9",
 "sql": "SELECT min(Value) FROM DBdata WHERE ((AA = 'AAgz' AND BB = 'BBdl')) AND (CC IN ('CCgw','CCny')) GROUP BY CC",
 "sqlResult": "{16} || {24}",
 "nlq": "What is the minimum number for each CC, of BBdl buildings in CCgw or CCny?"},
{"name": "template 10",
 "sql": "SELECT CC,max(Value) FROM DBdata WHERE ((AA = 'AAjt' AND BB = 'BBmv')) AND (CC IN ('CCgw','CCny')) GROUP BY CC",
 "sqlResult": "{CCgw | 79} || {CCny | 95}",
 "nlq": "What is the maximum number for each CC, of BBmv buildings in CCgw or CCny? Please, report the corresponding CC."},
{"name": "template 11",
 "sql": "SELECT CC,AA,BB,max(Value) FROM DBdata WHERE ((AA = 'AAjt' AND BB = 'BBmv') OR (AA = 'AAwz' AND BB = 'BBkx') OR (AA = 'AAgz' AND BB = 'BBfr')) AND (CC IN ('CCgw','CCny')) GROUP BY CC,AA,BB",
 "sqlResult": "{CCgw | AAgz | BBfr | 97} || {CCgw | AAwz | BBkx | 62} || {CCgw | AAjt | BBmv | 79} || {CCny | AAgz | BBfr | 41} || {CCny | AAwz | BBkx | 83} || {CCny | AAjt | BBmv | 95}",
 "nlq": "What is the maximum number for each CC, AA, and BB, of BBmv, BBfr, or BBkx buildings in CCgw or CCny? Please, report the corresponding CC, AA, and BB."},
{"name": "template 12",
 "sql": "SELECT Value FROM DBdata WHERE ((AA = 'AAwz' AND BB = 'BBcq')) AND (CC IN ('CCgw','CCny')) ORDER BY VALUE DESC LIMIT 3",
 "sqlResult": "{66} || {36} || {33}",
 "nlq": "What are the top 3 numbers of BBcq buildings in CCgw or CCny?"},
{"name": "template 13",
 "sql": "SELECT Value FROM DBdata WHERE ((AA = 'AAwz' AND BB = 'BBkx')) AND (CC IN ('CCgw','CCny')) ORDER BY VALUE ASC",
 "sqlResult": "{21} || {37} || {43} || {62} || {83}",
 "nlq": "What are the numbers ordered by ascending values of BBkx buildings in CCgw or CCny?"},
{"name": "template 14",
 "sql": "SELECT CC,DD FROM DBdata WHERE ((AA = 'AAjt' AND BB = 'BBhr')) AND Value > 43.91",
 "sqlResult": "{CCny | DDnv}",
 "nlq": "What are the CC and DD for which the number of BBhr buildings is greater than 43.91?"},
{"name": "template 15",
 "sql": "SELECT CC,DD,Value FROM DBdata WHERE ((AA = 'AAjt' AND BB = 'BBdg')) AND (CC,DD) IN (SELECT CC,DD FROM DBdata WHERE ((AA = 'AAjt' AND BB = 'BBhr')) AND Value > 43.91)",
 "sqlResult": "{CCny | DDnv | 1}",
 "nlq": "What is the number of BBdg buildings in CC and in DD for which the number of BBhr buildings is greater than 43.91? Please, report the corresponding CC, DD, and number of buildings."}]
}

