AA,BB,CC,DD,Value
AA,BB,CC,DD,Value
AAjs,BByz,CCnv,DDls,15
AAjs,BBbq,CCnv,DDls,47
AAdf,BBpx,CCnv,DDls,79
AAdf,BBbz,CCnv,DDls,39
AAdf,BBmz,CCnv,DDls,40
AAjs,BByz,CCnv,DDbp,27
AAjs,BBbq,CCnv,DDbp,100
AAdf,BBpx,CCnv,DDbp,76
AAdf,BBbz,CCnv,DDbp,77
AAdf,BBmz,CCnv,DDbp,18
AAjs,BByz,CCnv,DDdz,8
AAjs,BBbq,CCnv,DDdz,85
AAdf,BBpx,CCnv,DDdz,0
AAdf,BBbz,CCnv,DDdz,62
AAdf,BBmz,CCnv,DDdz,25
AAjs,BByz,CChw,DDcs,96
AAjs,BBbq,CChw,DDcs,2
AAdf,BBpx,CChw,DDcs,11
AAdf,BBbz,CChw,DDcs,80
AAdf,BBmz,CChw,DDcs,89
AAjs,BByz,CChw,DDdv,23
AAjs,BBbq,CChw,DDdv,3
AAdf,BBpx,CChw,DDdv,86
AAdf,BBbz,CChw,DDdv,60
AAdf,BBmz,CChw,DDdv,28
AAjs,BByz,CCkw,DDqw,64
AAjs,BBbq,CCkw,DDqw,81
AAdf,BBpx,CCkw,DDqw,5
AAdf,BBbz,CCkw,DDqw,82
AAdf,BBmz,CCkw,DDqw,58
AAjs,BByz,CCkw,DDfn,45
AAjs,BBbq,CCkw,DDfn,75
AAdf,BBpx,CCkw,DDfn,48
AAdf,BBbz,CCkw,DDfn,98
AAdf,BBmz,CCkw,DDfn,19

