AA,BB,CC,DD,Value
AA,BB,CC,DD,Value
AAcr,BBqw,CCxz,DDqx,26
AAcr,BBbm,CCxz,DDqx,68
AAkq,BBkp,CCxz,DDqx,71
AAkq,BBbj,CCxz,DDqx,46
AAkq,BBhn,CCxz,DDqx,100
AAcr,BBqw,CCxz,DDnt,50
AAcr,BBbm,CCxz,DDnt,47
AAkq,BBkp,CCxz,DDnt,65
AAkq,BBbj,CCxz,DDnt,76
AAkq,BBhn,CCxz,DDnt,58
AAcr,BBqw,CCfk,DDcs,8
AAcr,BBbm,CCfk,DDcs,29
AAkq,BBkp,CCfk,DDcs,3
AAkq,BBbj,CCfk,DDcs,85
AAkq,BBhn,CCfk,DDcs,78
AAcr,BBqw,CCfk,DDnq,51
AAcr,BBbm,CCfk,DDnq,4
AAkq,BBkp,CCfk,DDnq,24
AAkq,BBbj,CCfk,DDnq,19
AAkq,BBhn,CCfk,DDnq,5
AAcr,BBqw,CCfk,DDgy,9
AAcr,BBbm,CCfk,DDgy,96
AAkq,BBkp,CCfk,DDgy,72
AAkq,BBbj,CCfk,DDgy,45
AAkq,BBhn,CCfk,DDgy,95
AAcr,BBqw,CCdn,DDmn,62
AAcr,BBbm,CCdn,DDmn,88
AAkq,BBkp,CCdn,DDmn,98
AAkq,BBbj,CCdn,DDmn,0
AAkq,BBhn,CCdn,DDmn,25
AAcr,BBqw,CCdn,DDfq,82
AAcr,BBbm,CCdn,DDfq,80
AAkq,BBkp,CCdn,DDfq,13
AAkq,BBbj,CCdn,DDfq,93
AAkq,BBhn,CCdn,DDfq,60

