{
"filename": "Number_of_constructions_set2_4_DB.csv",
"questions": [{"name": "template 1",
 "sql": "SELECT Value FROM DBdata WHERE ((Type_of_building = 'Production' AND Usage = 'Workshop')) AND ((Quarter = 'Q1' AND Month = 'February'))",
 "sqlResult": "{33}",
 "nlq": "What is the number of Workshop buildings in February?"},
{"name": "template 2",
 "sql": "SELECT Value FROM DBdata WHERE ((Type_of_building = 'Culture' AND Usage = 'Theatre')) AND ((Quarter = 'Q1' AND Month = 'January') OR (Quarter = 'Q2' AND Month = 'May'))",
 "sqlResult": "{75} || {51}",
 "nlq": "What is the number of Theatre buildings in January or May?"},
{"name": "template 3",
 "sql": "SELECT Value FROM DBdata WHERE ((Type_of_building = 'Residential' AND Usage = 'House') OR (Type_of_building = 'Residential' AND Usage = 'Apartment') OR (Type_of_building = 'Production' AND Usage = 'Workshop') OR (Type_of_building = 'Production' AND Usage = 'Factory') OR (Type_of_building = 'Culture' AND Usage = 'Museum')) AND ((Quarter = 'Q1' AND Month = 'January'))",
 "sqlResult": "{82} || {74} || {4} || {15} || {62}",
 "nlq": "What is the number of Apartment, Factory, House, Museum, or Workshop buildings in January?"},
{"name": "template 4",
 "sql": "SELECT max(Value),min(Value) FROM DBdata WHERE ((Type_of_building = 'Residential' AND Usage = 'House') OR (Type_of_building = 'Residential' AND Usage = 'Apartment') OR (Type_of_building = 'Production' AND Usage = 'Factory')) AND ((Quarter = 'Q1' AND Month = 'January'))",
 "sqlResult": "{82 | 15}",
 "nlq": "What are the maximum and minimum numbers of Apartment, Factory, or House buildings in January?"},
{"name": "template 6",
 "sql": "SELECT Value FROM DBdata WHERE ((Type_of_building = 'Residential' AND Usage = 'Apartment') OR (Type_of_building = 'Production' AND Usage = 'Factory') OR (Type_of_building = 'Culture' AND Usage = 'Theatre')) AND ((Quarter = 'Q1' AND Month = 'January') OR (Quarter = 'Q1' AND Month = 'February') OR (Quarter = 'Q2' AND Month = 'May') OR (Quarter = 'Q2' AND Month = 'June'))",
 "sqlResult": "{74} || {15} || {75} || {34} || {2} || {77} || {27} || {13} || {51} || {28} || {20} || {100}",
 "nlq": "What is the number of Apartment, Factory, or Theatre buildings in February, January, June, or May?"},
{"name": "template 7",
 "sql": "SELECT avg(Value),sum(Value) FROM DBdata WHERE ((Type_of_building = 'Residential' AND Usage = 'House')) AND ((Quarter = 'Q1' AND Month = 'January') OR (Quarter = 'Q1' AND Month = 'February') OR (Quarter = 'Q2' AND Month = 'June'))",
 "sqlResult": "{42.67 | 128}",
 "nlq": "What are the average and total numbers of House buildings in February, January, or June?"},
{"name": "template 8",
 "sql": "SELECT Type_of_building,Usage,sum(Value),avg(Value) FROM DBdata WHERE ((Type_of_building = 'Residential' AND Usage = 'House') OR (Type_of_building = 'Residential' AND Usage = 'Apartment') OR (Type_of_building = 'Production' AND Usage = 'Workshop') OR (Type_of_building = 'Production' AND Usage = 'Factory') OR (Type_of_building = 'Culture' AND Usage = 'Museum')) AND ((Quarter = 'Q1' AND Month = 'February') OR (Quarter = 'Q2' AND Month = 'June')) GROUP BY Type_of_building,Usage",
 "sqlResult": "{Culture | Museum | 82 | 41} || {Production | Factory | 22 | 11} || {Production | Workshop | 76 | 38} || {Residential | Apartment | 62 | 31} || {Residential | House | 46 | 23}",
 "nlq": "What are the total and average numbers for each Type of building and Usage, of Apartment, Factory, House, Museum, or Workshop buildings in February or June? Please, report the corresponding Type of building and Usage."},
{"name": "template 9",
 "sql": "SELECT min(Value) FROM DBdata WHERE ((Type_of_building = 'Residential' AND Usage = 'Apartment')) AND (Quarter IN ('Q1','Q2')) GROUP BY Quarter",
 "sqlResult": "{34} || {27}",
 "nlq": "What is the minimum number for each Quarter, of Apartment buildings in Q1 or Q2?"},
{"name": "template 10",
 "sql": "SELECT Quarter,max(Value) FROM DBdata WHERE ((Type_of_building = 'Residential' AND Usage = 'Apartment')) AND (Quarter IN ('Q1','Q2')) GROUP BY Quarter",
 "sqlResult": "{Q1 | 74} || {Q2 | 28}",
 "nlq": "What is the maximum number for each Quarter, of Apartment buildings in Q1 or Q2? Please, report the corresponding Quarter."},
{"name": "template 11",
 "sql": "SELECT Quarter,Type_of_building,Usage,avg(Value) FROM DBdata WHERE ((Type_of_building = 'Residential' AND Usage = 'House') OR (Type_of_building = 'Production' AND Usage = 'Workshop') OR (Type_of_building = 'Culture' AND Usage = 'Museum')) AND (Quarter IN ('Q1','Q2')) GROUP BY Quarter,Type_of_building,Usage",
 "sqlResult": "{Q1 | Culture | Museum | 61.5} || {Q1 | Production | Workshop | 18.5} || {Q1 | Residential | House | 41.5} || {Q2 | Culture | Museum | 58.5} || {Q2 | Production | Workshop | 43.5} || {Q2 | Residential | House | 27.5}",
 "nlq": "What is the average number for each Quarter, Type of building, and Usage, of House, Museum, or Workshop buildings in Q1 or Q2? Please, report the corresponding Quarter, Type of building, and Usage."},
{"name": "template 12",
 "sql": "SELECT Value FROM DBdata WHERE ((Type_of_building = 'Culture' AND Usage = 'Museum')) AND (Quarter IN ('Q1','Q2')) ORDER BY VALUE DESC LIMIT 3",
 "sqlResult": "{96} || {62} || {61}",
 "nlq": "What are the top 3 numbers of Museum buildings in Q1 or Q2?"},
{"name": "template 13",
 "sql": "SELECT Value FROM DBdata WHERE ((Type_of_building = 'Production' AND Usage = 'Factory')) AND (Quarter IN ('Q1','Q2')) ORDER BY VALUE ASC",
 "sqlResult": "{2} || {13} || {15} || {20}",
 "nlq": "What are the numbers ordered by ascending values of Factory buildings in Q1 or Q2?"},
{"name": "template 14",
 "sql": "SELECT Quarter,Month FROM DBdata WHERE ((Type_of_building = 'Production' AND Usage = 'Workshop')) AND Value > 42.42",
 "sqlResult": "{Q2 | May} || {Q2 | June}",
 "nlq": "What are the Quarter and Month for which the number of Workshop buildings is greater than 42.42?"},
{"name": "template 15",
 "sql": "SELECT Quarter,Month,Value FROM DBdata WHERE ((Type_of_building = 'Residential' AND Usage = 'Apartment')) AND (Quarter,Month) IN (SELECT Quarter,Month FROM DBdata WHERE ((Type_of_building = 'Production' AND Usage = 'Workshop')) AND Value > 42.42)",
 "sqlResult": "{Q2 | May | 27} || {Q2 | June | 28}",
 "nlq": "What is the number of Apartment buildings in Quarter and in Month for which the number of Workshop buildings is greater than 42.42? Please, report the corresponding Quarter, Month, and number of buildings."}]
}
