{
"filename": "Number_of_constructions_set6_3_DB.csv",
"questions": [{"name": "template 1",
 "sql": "SELECT Value FROM DBdata WHERE ((Type_of_building = 'Service' AND Usage = 'Administration')) AND ((Quarter = 'Q2' AND Month = 'May'))",
 "sqlResult": "{76}",
 "nlq": "What is the number of Administration buildings in May?"},
{"name": "template 2",
 "sql": "SELECT Value FROM DBdata WHERE ((Type_of_building = 'Production' AND Usage = 'Factory')) AND ((Quarter = 'Q2' AND Month = 'May') OR (Quarter = 'Q2' AND Month = 'June'))",
 "sqlResult": "{80} || {11}",
 "nlq": "What is the number of Factory buildings in June or May?"},
{"name": "template 3",
 "sql": "SELECT Value FROM DBdata WHERE ((Type_of_building = 'Culture' AND Usage = 'Museum') OR (Type_of_building = 'Service' AND Usage = 'Administration')) AND ((Quarter = 'Q2' AND Month = 'June'))",
 "sqlResult": "{39} || {97}",
 "nlq": "What is the number of Administration or Museum buildings in June?"},
{"name": "template 4",
 "sql": "SELECT max(Value),avg(Value) FROM DBdata WHERE ((Type_of_building = 'Production' AND Usage = 'Workshop') OR (Type_of_building = 'Production' AND Usage = 'Factory') OR (Type_of_building = 'Culture' AND Usage = 'Museum') OR (Type_of_building = 'Culture' AND Usage = 'Theatre') OR (Type_of_building = 'Service' AND Usage = 'Administration') OR (Type_of_building = 'Service' AND Usage = 'Library')) AND ((Quarter = 'Q3' AND Month = 'August'))",
 "sqlResult": "{98 | 50.83}",
 "nlq": "What are the maximum and average numbers of Administration, Factory, Library, Museum, Theatre, or Workshop buildings in August?"},
{"name": "template 6",
 "sql": "SELECT Value FROM DBdata WHERE ((Type_of_building = 'Production' AND Usage = 'Workshop') OR (Type_of_building = 'Service' AND Usage = 'Administration')) AND ((Quarter = 'Q2' AND Month = 'May') OR (Quarter = 'Q2' AND Month = 'June') OR (Quarter = 'Q3' AND Month = 'July') OR (Quarter = 'Q3' AND Month = 'August'))",
 "sqlResult": "{40} || {76} || {82} || {97} || {23} || {88} || {98} || {10}",
 "nlq": "What is the number of Administration or Workshop buildings in August, July, June, or May?"},
{"name": "template 7",
 "sql": "SELECT min(Value),sum(Value) FROM DBdata WHERE ((Type_of_building = 'Service' AND Usage = 'Library')) AND ((Quarter = 'Q2' AND Month = 'May') OR (Quarter = 'Q2' AND Month = 'June') OR (Quarter = 'Q3' AND Month = 'July') OR (Quarter = 'Q3' AND Month = 'August') OR (Quarter = 'Q3' AND Month = 'September'))",
 "sqlResult": "{4 | 137}",
 "nlq": "What are the minimum and total numbers of Library buildings in August, July, June, May, or September?"},
{"name": "template 8",
 "sql": "SELECT Type_of_building,Usage,max(Value),min(Value) FROM DBdata WHERE ((Type_of_building = 'Production' AND Usage = 'Factory') OR (Type_of_building = 'Culture' AND Usage = 'Museum')) AND ((Quarter = 'Q2' AND Month = 'May') OR (Quarter = 'Q3' AND Month = 'August') OR (Quarter = 'Q3' AND Month = 'September')) GROUP BY Type_of_building,Usage",
 "sqlResult": "{Culture | Museum | 72 | 3} || {Production | Factory | 80 | 44}",
 "nlq": "What are the maximum and minimum numbers for each Type of building and Usage, of Factory or Museum buildings in August, May, or September? Please, report the corresponding Type of building and Usage."},
{"name": "template 9",
 "sql": "SELECT min(Value) FROM DBdata WHERE ((Type_of_building = 'Culture' AND Usage = 'Theatre')) AND (Quarter IN ('Q2','Q3')) GROUP BY Quarter",
 "sqlResult": "{12} || {45}",
 "nlq": "What is the minimum number for each Quarter, of Theatre buildings in Q2 or Q3?"},
{"name": "template 10",
 "sql": "SELECT Quarter,sum(Value) FROM DBdata WHERE ((Type_of_building = 'Culture' AND Usage = 'Museum')) AND (Quarter IN ('Q2','Q3')) GROUP BY Quarter",
 "sqlResult": "{Q2 | 42} || {Q3 | 153}",
 "nlq": "What is the total number for each Quarter, of Museum buildings in Q2 or Q3? Please, report the corresponding Quarter."},
{"name": "template 11",
 "sql": "SELECT Quarter,Type_of_building,Usage,min(Value) FROM DBdata WHERE ((Type_of_building = 'Culture' AND Usage = 'Theatre') OR (Type_of_building = 'Service' AND Usage = 'Library')) AND (Quarter IN ('Q2','Q3')) GROUP BY Quarter,Type_of_building,Usage",
 "sqlResult": "{Q2 | Culture | Theatre | 12} || {Q2 | Service | Library | 4} || {Q3 | Culture | Theatre | 45} || {Q3 | Service | Library | 8}",
 "nlq": "What is the minimum number for each Quarter, Type of building, and Usage, of Library or Theatre buildings in Q2 or Q3? Please, report the corresponding Quarter, Type of building, and Usage."},
{"name": "template 12",
 "sql": "SELECT Value FROM DBdata WHERE ((Type_of_building = 'Production' AND Usage = 'Workshop')) AND (Quarter IN ('Q2','Q3')) ORDER BY VALUE ASC LIMIT 4",
 "sqlResult": "{23} || {40} || {82} || {98}",
 "nlq": "What are the bottom 4 numbers of Workshop buildings in Q2 or Q3?"},
{"name": "template 13",
 "sql": "SELECT Value FROM DBdata WHERE ((Type_of_building = 'Production' AND Usage = 'Workshop')) AND (Quarter IN ('Q2','Q3')) ORDER BY VALUE ASC",
 "sqlResult": "{23} || {40} || {82} || {98} || {99}",
 "nlq": "What are the numbers ordered by ascending values of Workshop buildings in Q2 or Q3?"},
{"name": "template 14",
 "sql": "SELECT Quarter,Month FROM DBdata WHERE ((Type_of_building = 'Culture' AND Usage = 'Theatre')) AND Value > 50.63",
 "sqlResult": "{Q3 | August} || {Q3 | September}",
 "nlq": "What are the Quarter and Month for which the number of Theatre buildings is greater than 50.63?"},
{"name": "template 15",
 "sql": "SELECT Quarter,Month,Value FROM DBdata WHERE ((Type_of_building = 'Production' AND Usage = 'Workshop')) AND (Quarter,Month) IN (SELECT Quarter,Month FROM DBdata WHERE ((Type_of_building = 'Culture' AND Usage = 'Theatre')) AND Value > 50.63)",
 "sqlResult": "{Q3 | August | 98} || {Q3 | September | 99}",
 "nlq": "What is the number of Workshop buildings in Quarter and in Month for which the number of Theatre buildings is greater than 50.63? Please, report the corresponding Quarter, Month, and number of buildings."}]
}
