AA,BB,CC,DD,Value
AA,BB,CC,DD,Value
AAhx,BBcl,CCct,DDny,60
AAhx,BBlv,CCct,DDny,31
AAcp,BBmz,CCct,DDny,52
AAcp,BBfh,CCct,DDny,26
AAsv,BBtw,CCct,DDny,83
AAsv,BBgh,CCct,DDny,87
AAhx,BBcl,CCct,DDfz,77
AAhx,BBlv,CCct,DDfz,34
AAcp,BBmz,CCct,DDfz,57
AAcp,BBfh,CCct,DDfz,19
AAsv,BBtw,CCct,DDfz,36
AAsv,BBgh,CCct,DDfz,40
AAhx,BBcl,CCty,DDhq,78
AAhx,BBlv,CCty,DDhq,51
AAcp,BBmz,CCty,DDhq,82
AAcp,BBfh,CCty,DDhq,75
AAsv,BBtw,CCty,DDhq,66
AAsv,BBgh,CCty,DDhq,23
AAhx,BBcl,CCty,DDqy,20
AAhx,BBlv,CCty,DDqy,8
AAcp,BBmz,CCty,DDqy,59
AAcp,BBfh,CCty,DDqy,50
AAsv,BBtw,CCty,DDqy,63
AAsv,BBgh,CCty,DDqy,28

