AA,BB,CC,DD,Value
AA,BB,CC,DD,Value
AAps,BByz,CCcs,DDsz,77
AAps,BBsv,CCcs,DDsz,84
AAps,BBlv,CCcs,DDsz,47
AAjt,BBqs,CCcs,DDsz,64
AAjt,BBfl,CCcs,DDsz,7
AAps,BByz,CCcs,DDfm,66
AAps,BBsv,CCcs,DDfm,75
AAps,BBlv,CCcs,DDfm,46
AAjt,BBqs,CCcs,DDfm,23
AAjt,BBfl,CCcs,DDfm,6
AAps,BByz,CCcs,DDhx,99
AAps,BBsv,CCcs,DDhx,68
AAps,BBlv,CCcs,DDhx,38
AAjt,BBqs,CCcs,DDhx,100
AAjt,BBfl,CCcs,DDhx,14
AAps,BByz,CCfz,DDdr,16
AAps,BBsv,CCfz,DDdr,32
AAps,BBlv,CCfz,DDdr,48
AAjt,BBqs,CCfz,DDdr,54
AAjt,BBfl,CCfz,DDdr,60
AAps,BByz,CCfz,DDxy,9
AAps,BBsv,CCfz,DDxy,86
AAps,BBlv,CCfz,DDxy,58
AAjt,BBqs,CCfz,DDxy,15
AAjt,BBfl,CCfz,DDxy,40
AAps,BByz,CCfz,DDrx,53
AAps,BBsv,CCfz,DDrx,34
AAps,BBlv,CCfz,DDrx,97
AAjt,BBqs,CCfz,DDrx,26
AAjt,BBfl,CCfz,DDrx,3

