{
"filename": "Number_of_constructions_set8_1_DB.csv",
"questions": [{"name": "template 1",
 "sql": "SELECT Value FROM DBdata WHERE ((AA = 'AAbw' AND BB = 'BBgv')) AND ((CC = 'CCfk' AND DD = 'DDds'))",
 "sqlResult": "{21}",
 "nlq": "What is the number of BBgv buildings in DDds?"},
{"name": "template 2",
 "sql": "SELECT Value FROM DBdata WHERE ((AA = 'AAbw' AND BB = 'BBgv')) AND ((CC = 'CCcm' AND DD = 'DDkv') OR (CC = 'CCcm' AND DD = 'DDbv') OR (CC = 'CCfk' AND DD = 'DDds') OR (CC = 'CCfk' AND DD = 'DDtx') OR (CC = 'CCfk' AND DD = 'DDfm'))",
 "sqlResult": "{17} || {7} || {21} || {53} || {72}",
 "nlq": "What is the number of BBgv buildings in DDds, DDkv, DDfm, DDbv, or DDtx?"},
{"name": "template 3",
 "sql": "SELECT Value FROM DBdata WHERE ((AA = 'AAbw' AND BB = 'BBgv') OR (AA = 'AAbw' AND BB = 'BBps') OR (AA = 'AAvz' AND BB = 'BBgq') OR (AA = 'AAvz' AND BB = 'BBfx') OR (AA = 'AAbt' AND BB = 'BBcy')) AND ((CC = 'CCcm' AND DD = 'DDkv'))",
 "sqlResult": "{17} || {76} || {23} || {91} || {35}",
 "nlq": "What is the number of BBps, BBcy, BBgq, BBfx, or BBgv buildings in DDkv?"},
{"name": "template 4",
 "sql": "SELECT sum(Value),max(Value) FROM DBdata WHERE ((AA = 'AAvz' AND BB = 'BBgq') OR (AA = 'AAvz' AND BB = 'BBfx') OR (AA = 'AAbt' AND BB = 'BBct')) AND ((CC = 'CCfk' AND DD = 'DDtx'))",
 "sqlResult": "{201 | 97}",
 "nlq": "What are the total and maximum numbers of BBgq, BBct, or BBfx buildings in DDtx?"},
{"name": "template 6",
 "sql": "SELECT Value FROM DBdata WHERE ((AA = 'AAbw' AND BB = 'BBgv') OR (AA = 'AAbw' AND BB = 'BBps') OR (AA = 'AAvz' AND BB = 'BBfx') OR (AA = 'AAbt' AND BB = 'BBct')) AND ((CC = 'CCcm' AND DD = 'DDkv') OR (CC = 'CCfk' AND DD = 'DDds') OR (CC = 'CCfk' AND DD = 'DDtx') OR (CC = 'CCfk' AND DD = 'DDfm'))",
 "sqlResult": "{17} || {76} || {91} || {85} || {21} || {64} || {33} || {25} || {53} || {77} || {45} || {59} || {72} || {4} || {16} || {19}",
 "nlq": "What is the number of BBps, BBct, BBfx, or BBgv buildings in DDds, DDkv, DDfm, or DDtx?"},
{"name": "template 7",
 "sql": "SELECT sum(Value),max(Value) FROM DBdata WHERE ((AA = 'AAbt' AND BB = 'BBct')) AND ((CC = 'CCcm' AND DD = 'DDkv') OR (CC = 'CCfk' AND DD = 'DDds'))",
 "sqlResult": "{110 | 85}",
 "nlq": "What are the total and maximum numbers of BBct buildings in DDds or DDkv?"},
{"name": "template 8",
 "sql": "SELECT AA,BB,min(Value),max(Value) FROM DBdata WHERE ((AA = 'AAbw' AND BB = 'BBgv') OR (AA = 'AAbt' AND BB = 'BBct') OR (AA = 'AAbt' AND BB = 'BBcy') OR (AA = 'AAbt' AND BB = 'BBpq')) AND ((CC = 'CCcm' AND DD = 'DDbv') OR (CC = 'CCfk' AND DD = 'DDds') OR (CC = 'CCfk' AND DD = 'DDtx')) GROUP BY AA,BB",
 "sqlResult": "{AAbw | BBgv | 7 | 53} || {AAbt | BBpq | 6 | 65} || {AAbt | BBcy | 0 | 51} || {AAbt | BBct | 25 | 59}",
 "nlq": "What are the minimum and maximum numbers for each AA and BB, of BBpq, BBcy, BBct, or BBgv buildings in DDds, DDbv, or DDtx? Please, report the corresponding AA and BB."},
{"name": "template 9",
 "sql": "SELECT min(Value) FROM DBdata WHERE ((AA = 'AAbw' AND BB = 'BBps')) AND (CC IN ('CCcm','CCfk')) GROUP BY CC",
 "sqlResult": "{76} || {4}",
 "nlq": "What is the minimum number for each CC, of BBps buildings in CCcm or CCfk?"},
{"name": "template 10",
 "sql": "SELECT CC,avg(Value) FROM DBdata WHERE ((AA = 'AAvz' AND BB = 'BBgq')) AND (CC IN ('CCcm','CCfk')) GROUP BY CC",
 "sqlResult": "{CCcm | 26} || {CCfk | 75.33}",
 "nlq": "What is the average number for each CC, of BBgq buildings in CCcm or CCfk? Please, report the corresponding CC."},
{"name": "template 11",
 "sql": "SELECT CC,AA,BB,sum(Value) FROM DBdata WHERE ((AA = 'AAbw' AND BB = 'BBgv') OR (AA = 'AAvz' AND BB = 'BBgq')) AND (CC IN ('CCcm','CCfk')) GROUP BY CC,AA,BB",
 "sqlResult": "{CCcm | AAvz | BBgq | 52} || {CCcm | AAbw | BBgv | 24} || {CCfk | AAvz | BBgq | 226} || {CCfk | AAbw | BBgv | 146}",
 "nlq": "What is the total number for each CC, AA, and BB, of BBgq or BBgv buildings in CCcm or CCfk? Please, report the corresponding CC, AA, and BB."},
{"name": "template 12",
 "sql": "SELECT Value FROM DBdata WHERE ((AA = 'AAvz' AND BB = 'BBjr')) AND (CC IN ('CCcm','CCfk')) ORDER BY VALUE DESC LIMIT 3",
 "sqlResult": "{78} || {41} || {39}",
 "nlq": "What are the top 3 numbers of BBjr buildings in CCcm or CCfk?"},
{"name": "template 13",
 "sql": "SELECT Value FROM DBdata WHERE ((AA = 'AAvz' AND BB = 'BBjr')) AND (CC IN ('CCcm','CCfk')) ORDER BY VALUE DESC",
 "sqlResult": "{78} || {41} || {39} || {31} || {10}",
 "nlq": "What are the numbers ordered by descending values of BBjr buildings in CCcm or CCfk?"},
{"name": "template 14",
 "sql": "SELECT CC,DD FROM DBdata WHERE ((AA = 'AAvz' AND BB = 'BBgq')) AND Value < 42.62",
 "sqlResult": "{CCcm | DDkv} || {CCcm | DDbv}",
 "nlq": "What are the CC and DD for which the number of BBgq buildings is lower than 42.62?"},
{"name": "template 15",
 "sql": "SELECT CC,DD,Value FROM DBdata WHERE ((AA = 'AAvz' AND BB = 'BBfx')) AND (CC,DD) IN (SELECT CC,DD FROM DBdata WHERE ((AA = 'AAvz' AND BB = 'BBgq')) AND Value < 42.62)",
 "sqlResult": "{CCcm | DDkv | 91} || {CCcm | DDbv | 27}",
 "nlq": "What is the number of BBfx buildings in CC and in DD for which the number of BBgq buildings is lower than 42.62? Please, report the corresponding CC, DD, and number of buildings."}]
}

