{
"filename": "Number_of_constructions_set6_3_DB.csv",
"questions": [{"name": "template 1",
 "sql": "SELECT Value FROM DBdata WHERE ((AA = 'AAms' AND BB = 'BBfj')) AND ((CC = 'CCkq' AND DD = 'DDbj'))",
 "sqlResult": "{76}",
 "nlq": "What is the number of BBfj buildings in DDbj?"},
{"name": "template 2",
 "sql": "SELECT Value FROM DBdata WHERE ((AA = 'AAfp' AND BB = 'BBbs')) AND ((CC = 'CCkq' AND DD = 'DDbj') OR (CC = 'CCkq' AND DD = 'DDch'))",
 "sqlResult": "{80} || {11}",
 "nlq": "What is the number of BBbs buildings in DDch or DDbj?"},
{"name": "template 3",
 "sql": "SELECT Value FROM DBdata WHERE ((AA = 'AAdh' AND BB = 'BBgm') OR (AA = 'AAms' AND BB = 'BBfj')) AND ((CC = 'CCkq' AND DD = 'DDch'))",
 "sqlResult": "{39} || {97}",
 "nlq": "What is the number of BBfj or BBgm buildings in DDch?"},
{"name": "template 4",
 "sql": "SELECT max(Value),avg(Value) FROM DBdata WHERE ((AA = 'AAfp' AND BB = 'BBhw') OR (AA = 'AAfp' AND BB = 'BBbs') OR (AA = 'AAdh' AND BB = 'BBgm') OR (AA = 'AAdh' AND BB = 'BBlr') OR (AA = 'AAms' AND BB = 'BBfj') OR (AA = 'AAms' AND BB = 'BBhn')) AND ((CC = 'CCkz' AND DD = 'DDvw'))",
 "sqlResult": "{98 | 50.83}",
 "nlq": "What are the maximum and average numbers of BBfj, BBbs, BBhn, BBgm, BBlr, or BBhw buildings in DDvw?"},
{"name": "template 6",
 "sql": "SELECT Value FROM DBdata WHERE ((AA = 'AAfp' AND BB = 'BBhw') OR (AA = 'AAms' AND BB = 'BBfj')) AND ((CC = 'CCkq' AND DD = 'DDbj') OR (CC = 'CCkq' AND DD = 'DDch') OR (CC = 'CCkz' AND DD = 'DDcm') OR (CC = 'CCkz' AND DD = 'DDvw'))",
 "sqlResult": "{40} || {76} || {82} || {97} || {23} || {88} || {98} || {10}",
 "nlq": "What is the number of BBfj or BBhw buildings in DDvw, DDcm, DDch, or DDbj?"},
{"name": "template 7",
 "sql": "SELECT min(Value),sum(Value) FROM DBdata WHERE ((AA = 'AAms' AND BB = 'BBhn')) AND ((CC = 'CCkq' AND DD = 'DDbj') OR (CC = 'CCkq' AND DD = 'DDch') OR (CC = 'CCkz' AND DD = 'DDcm') OR (CC = 'CCkz' AND DD = 'DDvw') OR (CC = 'CCkz' AND DD = 'DDqr'))",
 "sqlResult": "{4 | 137}",
 "nlq": "What are the minimum and total numbers of BBhn buildings in DDvw, DDcm, DDch, DDbj, or DDqr?"},
{"name": "template 8",
 "sql": "SELECT AA,BB,max(Value),min(Value) FROM DBdata WHERE ((AA = 'AAfp' AND BB = 'BBbs') OR (AA = 'AAdh' AND BB = 'BBgm')) AND ((CC = 'CCkq' AND DD = 'DDbj') OR (CC = 'CCkz' AND DD = 'DDvw') OR (CC = 'CCkz' AND DD = 'DDqr')) GROUP BY AA,BB",
 "sqlResult": "{AAdh | BBgm | 72 | 3} || {AAfp | BBbs | 80 | 44}",
 "nlq": "What are the maximum and minimum numbers for each AA and BB, of BBbs or BBgm buildings in DDvw, DDbj, or DDqr? Please, report the corresponding AA and BB."},
{"name": "template 9",
 "sql": "SELECT min(Value) FROM DBdata WHERE ((AA = 'AAdh' AND BB = 'BBlr')) AND (CC IN ('CCkq','CCkz')) GROUP BY CC",
 "sqlResult": "{12} || {45}",
 "nlq": "What is the minimum number for each CC, of BBlr buildings in CCkq or CCkz?"},
{"name": "template 10",
 "sql": "SELECT CC,sum(Value) FROM DBdata WHERE ((AA = 'AAdh' AND BB = 'BBgm')) AND (CC IN ('CCkq','CCkz')) GROUP BY CC",
 "sqlResult": "{CCkq | 42} || {CCkz | 153}",
 "nlq": "What is the total number for each CC, of BBgm buildings in CCkq or CCkz? Please, report the corresponding CC."},
{"name": "template 11",
 "sql": "SELECT CC,AA,BB,min(Value) FROM DBdata WHERE ((AA = 'AAdh' AND BB = 'BBlr') OR (AA = 'AAms' AND BB = 'BBhn')) AND (CC IN ('CCkq','CCkz')) GROUP BY CC,AA,BB",
 "sqlResult": "{CCkq | AAdh | BBlr | 12} || {CCkq | AAms | BBhn | 4} || {CCkz | AAdh | BBlr | 45} || {CCkz | AAms | BBhn | 8}",
 "nlq": "What is the minimum number for each CC, AA, and BB, of BBhn or BBlr buildings in CCkq or CCkz? Please, report the corresponding CC, AA, and BB."},
{"name": "template 12",
 "sql": "SELECT Value FROM DBdata WHERE ((AA = 'AAfp' AND BB = 'BBhw')) AND (CC IN ('CCkq','CCkz')) ORDER BY VALUE ASC LIMIT 4",
 "sqlResult": "{23} || {40} || {82} || {98}",
 "nlq": "What are the bottom 4 numbers of BBhw buildings in CCkq or CCkz?"},
{"name": "template 13",
 "sql": "SELECT Value FROM DBdata WHERE ((AA = 'AAfp' AND BB = 'BBhw')) AND (CC IN ('CCkq','CCkz')) ORDER BY VALUE ASC",
 "sqlResult": "{23} || {40} || {82} || {98} || {99}",
 "nlq": "What are the numbers ordered by ascending values of BBhw buildings in CCkq or CCkz?"},
{"name": "template 14",
 "sql": "SELECT CC,DD FROM DBdata WHERE ((AA = 'AAdh' AND BB = 'BBlr')) AND Value > 50.63",
 "sqlResult": "{CCkz | DDvw} || {CCkz | DDqr}",
 "nlq": "What are the CC and DD for which the number of BBlr buildings is greater than 50.63?"},
{"name": "template 15",
 "sql": "SELECT CC,DD,Value FROM DBdata WHERE ((AA = 'AAfp' AND BB = 'BBhw')) AND (CC,DD) IN (SELECT CC,DD FROM DBdata WHERE ((AA = 'AAdh' AND BB = 'BBlr')) AND Value > 50.63)",
 "sqlResult": "{CCkz | DDvw | 98} || {CCkz | DDqr | 99}",
 "nlq": "What is the number of BBhw buildings in CC and in DD for which the number of BBlr buildings is greater than 50.63? Please, report the corresponding CC, DD, and number of buildings."}]
}

