{
"filename": "Number_of_constructions_set6_2_DB.csv",
"questions": [{"name": "template 1",
 "sql": "SELECT Value FROM DBdata WHERE ((Type_of_building = 'Service' AND Usage = 'Hospital')) AND ((Quarter = 'Q4' AND Month = 'November'))",
 "sqlResult": "{84}",
 "nlq": "What is the number of Hospital buildings in November?"},
{"name": "template 2",
 "sql": "SELECT Value FROM DBdata WHERE ((Type_of_building = 'Service' AND Usage = 'Administration')) AND ((Quarter = 'Q2' AND Month = 'April') OR (Quarter = 'Q2' AND Month = 'May') OR (Quarter = 'Q3' AND Month = 'July') OR (Quarter = 'Q3' AND Month = 'August') OR (Quarter = 'Q3' AND Month = 'September') OR (Quarter = 'Q4' AND Month = 'October') OR (Quarter = 'Q4' AND Month = 'November'))",
 "sqlResult": "{66} || {22} || {33} || {0} || {94} || {89} || {61}",
 "nlq": "What is the number of Administration buildings in April, August, July, May, November, October, or September?"},
{"name": "template 3",
 "sql": "SELECT Value FROM DBdata WHERE ((Type_of_building = 'Culture' AND Usage = 'Museum') OR (Type_of_building = 'Culture' AND Usage = 'Theatre') OR (Type_of_building = 'Service' AND Usage = 'Hospital')) AND ((Quarter = 'Q4' AND Month = 'October'))",
 "sqlResult": "{67} || {51} || {26}",
 "nlq": "What is the number of Hospital, Museum, or Theatre buildings in October?"},
{"name": "template 4",
 "sql": "SELECT sum(Value),min(Value) FROM DBdata WHERE ((Type_of_building = 'Culture' AND Usage = 'Theatre') OR (Type_of_building = 'Service' AND Usage = 'Hospital')) AND ((Quarter = 'Q4' AND Month = 'October'))",
 "sqlResult": "{77 | 26}",
 "nlq": "What are the total and minimum numbers of Hospital or Theatre buildings in October?"},
{"name": "template 6",
 "sql": "SELECT Value FROM DBdata WHERE ((Type_of_building = 'Culture' AND Usage = 'Theatre') OR (Type_of_building = 'Service' AND Usage = 'Hospital')) AND ((Quarter = 'Q2' AND Month = 'May') OR (Quarter = 'Q3' AND Month = 'August'))",
 "sqlResult": "{46} || {35} || {62} || {98}",
 "nlq": "What is the number of Hospital or Theatre buildings in August or May?"},
{"name": "template 7",
 "sql": "SELECT min(Value),max(Value) FROM DBdata WHERE ((Type_of_building = 'Culture' AND Usage = 'Museum')) AND ((Quarter = 'Q2' AND Month = 'April') OR (Quarter = 'Q2' AND Month = 'May') OR (Quarter = 'Q3' AND Month = 'September') OR (Quarter = 'Q4' AND Month = 'November'))",
 "sqlResult": "{8 | 87}",
 "nlq": "What are the minimum and maximum numbers of Museum buildings in April, May, November, or September?"},
{"name": "template 8",
 "sql": "SELECT Type_of_building,Usage,min(Value),avg(Value) FROM DBdata WHERE ((Type_of_building = 'Culture' AND Usage = 'Museum') OR (Type_of_building = 'Culture' AND Usage = 'Theatre') OR (Type_of_building = 'Service' AND Usage = 'Administration')) AND ((Quarter = 'Q2' AND Month = 'April') OR (Quarter = 'Q2' AND Month = 'May') OR (Quarter = 'Q3' AND Month = 'July') OR (Quarter = 'Q3' AND Month = 'September') OR (Quarter = 'Q4' AND Month = 'October')) GROUP BY Type_of_building,Usage",
 "sqlResult": "{Culture | Museum | 8 | 36.2} || {Culture | Theatre | 25 | 57.6} || {Service | Administration | 22 | 60.8}",
 "nlq": "What are the minimum and average numbers for each Type of building and Usage, of Administration, Museum, or Theatre buildings in April, July, May, October, or September? Please, report the corresponding Type of building and Usage."},
{"name": "template 9",
 "sql": "SELECT min(Value) FROM DBdata WHERE ((Type_of_building = 'Service' AND Usage = 'Administration')) AND (Quarter IN ('Q2','Q3','Q4')) GROUP BY Quarter",
 "sqlResult": "{22} || {0} || {61}",
 "nlq": "What is the minimum number for each Quarter, of Administration buildings in Q2, Q3, or Q4?"},
{"name": "template 10",
 "sql": "SELECT Quarter,avg(Value) FROM DBdata WHERE ((Type_of_building = 'Culture' AND Usage = 'Theatre')) AND (Quarter IN ('Q2','Q3','Q4')) GROUP BY Quarter",
 "sqlResult": "{Q2 | 35.5} || {Q3 | 76} || {Q4 | 39}",
 "nlq": "What is the average number for each Quarter, of Theatre buildings in Q2, Q3, or Q4? Please, report the corresponding Quarter."},
{"name": "template 11",
 "sql": "SELECT Quarter,Type_of_building,Usage,sum(Value) FROM DBdata WHERE ((Type_of_building = 'Culture' AND Usage = 'Theatre') OR (Type_of_building = 'Service' AND Usage = 'Hospital') OR (Type_of_building = 'Service' AND Usage = 'Administration')) AND (Quarter IN ('Q2','Q3','Q4')) GROUP BY Quarter,Type_of_building,Usage",
 "sqlResult": "{Q2 | Culture | Theatre | 71} || {Q2 | Service | Administration | 88} || {Q2 | Service | Hospital | 109} || {Q3 | Culture | Theatre | 228} || {Q3 | Service | Administration | 127} || {Q3 | Service | Hospital | 132} || {Q4 | Culture | Theatre | 78} || {Q4 | Service | Administration | 150} || {Q4 | Service | Hospital | 110}",
 "nlq": "What is the total number for each Quarter, Type of building, and Usage, of Administration, Hospital, or Theatre buildings in Q2, Q3, or Q4? Please, report the corresponding Quarter, Type of building, and Usage."},
{"name": "template 12",
 "sql": "SELECT Value FROM DBdata WHERE ((Type_of_building = 'Service' AND Usage = 'Administration')) AND (Quarter IN ('Q3','Q4')) ORDER BY VALUE ASC LIMIT 3",
 "sqlResult": "{0} || {33} || {61}",
 "nlq": "What are the bottom 3 numbers of Administration buildings in Q3 or Q4?"},
{"name": "template 13",
 "sql": "SELECT Value FROM DBdata WHERE ((Type_of_building = 'Culture' AND Usage = 'Theatre')) AND (Quarter IN ('Q3','Q4')) ORDER BY VALUE DESC",
 "sqlResult": "{88} || {78} || {62} || {51} || {27}",
 "nlq": "What are the numbers ordered by descending values of Theatre buildings in Q3 or Q4?"},
{"name": "template 14",
 "sql": "SELECT Quarter,Month FROM DBdata WHERE ((Type_of_building = 'Culture' AND Usage = 'Theatre')) AND Value > 50.75",
 "sqlResult": "{Q3 | July} || {Q3 | August} || {Q3 | September} || {Q4 | October}",
 "nlq": "What are the Quarter and Month for which the number of Theatre buildings is greater than 50.75?"},
{"name": "template 15",
 "sql": "SELECT Quarter,Month,Value FROM DBdata WHERE ((Type_of_building = 'Service' AND Usage = 'Hospital')) AND (Quarter,Month) IN (SELECT Quarter,Month FROM DBdata WHERE ((Type_of_building = 'Culture' AND Usage = 'Theatre')) AND Value > 50.75)",
 "sqlResult": "{Q3 | July | 31} || {Q3 | August | 98} || {Q3 | September | 3} || {Q4 | October | 26}",
 "nlq": "What is the number of Hospital buildings in Quarter and in Month for which the number of Theatre buildings is greater than 50.75? Please, report the corresponding Quarter, Month, and number of buildings."}]
}
