Type of building,Usage,Quarter,Month,Value
Type_of_building,Usage,Quarter,Month,Value
Residential,House,Q2,April,43
Residential,Apartment,Q2,April,62
Production,Workshop,Q2,April,64
Production,Factory,Q2,April,73
Culture,Theatre,Q2,April,65
Culture,Concert,Q2,April,19
Residential,House,Q2,May,41
Residential,Apartment,Q2,May,93
Production,Workshop,Q2,May,71
Production,Factory,Q2,May,48
Culture,Theatre,Q2,May,40
Culture,Concert,Q2,May,37
Residential,House,Q2,June,17
Residential,Apartment,Q2,June,18
Production,Workshop,Q2,June,77
Production,Factory,Q2,June,79
Culture,Theatre,Q2,June,52
Culture,Concert,Q2,June,23
Residential,House,Q3,July,96
Residential,Apartment,Q3,July,84
Production,Workshop,Q3,July,100
Production,Factory,Q3,July,72
Culture,Theatre,Q3,July,81
Culture,Concert,Q3,July,24
Residential,House,Q3,August,16
Residential,Apartment,Q3,August,1
Production,Workshop,Q3,August,30
Production,Factory,Q3,August,89
Culture,Theatre,Q3,August,61
Culture,Concert,Q3,August,10
