{
"filename": "Number_of_constructions_set4_2_DB.csv",
"questions": [{"name": "template 1",
 "sql": "SELECT Value FROM DBdata WHERE ((AA = 'AAbcs' AND BB = 'BBcnz')) AND ((CC = 'CChwx' AND DD = 'DDpsx'))",
 "sqlResult": "{33}",
 "nlq": "What is the number of BBcnz buildings in DDpsx?"},
{"name": "template 2",
 "sql": "SELECT Value FROM DBdata WHERE ((AA = 'AAfxy' AND BB = 'BBgmq')) AND ((CC = 'CChmt' AND DD = 'DDdtz') OR (CC = 'CChmt' AND DD = 'DDbpv') OR (CC = 'CChwx' AND DD = 'DDlqz') OR (CC = 'CChwx' AND DD = 'DDpsx') OR (CC = 'CChwx' AND DD = 'DDfjx') OR (CC = 'CClrv' AND DD = 'DDcwy') OR (CC = 'CClrv' AND DD = 'DDrtx') OR (CC = 'CClrv' AND DD = 'DDlpy'))",
 "sqlResult": "{65} || {2} || {38} || {20} || {94} || {36} || {29} || {16}",
 "nlq": "What is the number of BBgmq buildings in DDlqz, DDrtx, DDbpv, DDdtz, DDcwy, DDfjx, DDpsx, or DDlpy?"},
{"name": "template 3",
 "sql": "SELECT Value FROM DBdata WHERE ((AA = 'AAfxy' AND BB = 'BBgmq') OR (AA = 'AAfxy' AND BB = 'BBfnp') OR (AA = 'AAbcs' AND BB = 'BBcnz') OR (AA = 'AAbcs' AND BB = 'BBghk') OR (AA = 'AAbcs' AND BB = 'BBmrt') OR (AA = 'AAbly' AND BB = 'BBghv') OR (AA = 'AAbly' AND BB = 'BBnqx') OR (AA = 'AAbly' AND BB = 'BBcdk')) AND ((CC = 'CChmt' AND DD = 'DDbpv'))",
 "sqlResult": "{2} || {67} || {56} || {86} || {98} || {44} || {15} || {3}",
 "nlq": "What is the number of BBnqx, BBmrt, BBfnp, BBghv, BBcdk, BBcnz, BBghk, or BBgmq buildings in DDbpv?"},
{"name": "template 4",
 "sql": "SELECT sum(Value),min(Value) FROM DBdata WHERE ((AA = 'AAfxy' AND BB = 'BBgmq') OR (AA = 'AAfxy' AND BB = 'BBfnp') OR (AA = 'AAbcs' AND BB = 'BBghk') OR (AA = 'AAbcs' AND BB = 'BBmrt') OR (AA = 'AAbly' AND BB = 'BBghv') OR (AA = 'AAbly' AND BB = 'BBcdk')) AND ((CC = 'CClrv' AND DD = 'DDlpy'))",
 "sqlResult": "{161 | 5}",
 "nlq": "What are the total and minimum numbers of BBmrt, BBfnp, BBghv, BBcdk, BBghk, or BBgmq buildings in DDlpy?"},
{"name": "template 6",
 "sql": "SELECT Value FROM DBdata WHERE ((AA = 'AAfxy' AND BB = 'BBfnp') OR (AA = 'AAbcs' AND BB = 'BBcnz') OR (AA = 'AAbly' AND BB = 'BBghv') OR (AA = 'AAbly' AND BB = 'BBnqx') OR (AA = 'AAbly' AND BB = 'BBcdk')) AND ((CC = 'CChmt' AND DD = 'DDdtz') OR (CC = 'CChwx' AND DD = 'DDpsx') OR (CC = 'CChwx' AND DD = 'DDfjx') OR (CC = 'CClrv' AND DD = 'DDrtx'))",
 "sqlResult": "{68} || {4} || {84} || {54} || {59} || {12} || {33} || {47} || {45} || {17} || {11} || {49} || {78} || {72} || {61} || {21} || {23} || {46} || {43} || {14}",
 "nlq": "What is the number of BBnqx, BBfnp, BBghv, BBcdk, or BBcnz buildings in DDrtx, DDdtz, DDfjx, or DDpsx?"},
{"name": "template 7",
 "sql": "SELECT min(Value),avg(Value) FROM DBdata WHERE ((AA = 'AAbly' AND BB = 'BBghv')) AND ((CC = 'CChmt' AND DD = 'DDdtz') OR (CC = 'CChwx' AND DD = 'DDpsx'))",
 "sqlResult": "{47 | 65.5}",
 "nlq": "What are the minimum and average numbers of BBghv buildings in DDdtz or DDpsx?"},
{"name": "template 8",
 "sql": "SELECT AA,BB,min(Value),sum(Value) FROM DBdata WHERE ((AA = 'AAbcs' AND BB = 'BBghk') OR (AA = 'AAbcs' AND BB = 'BBmrt') OR (AA = 'AAbly' AND BB = 'BBghv') OR (AA = 'AAbly' AND BB = 'BBcdk')) AND ((CC = 'CChwx' AND DD = 'DDlqz') OR (CC = 'CClrv' AND DD = 'DDcwy')) GROUP BY AA,BB",
 "sqlResult": "{AAbcs | BBmrt | 64 | 147} || {AAbcs | BBghk | 19 | 96} || {AAbly | BBghv | 32 | 113} || {AAbly | BBcdk | 0 | 95}",
 "nlq": "What are the minimum and total numbers for each AA and BB, of BBmrt, BBghv, BBcdk, or BBghk buildings in DDlqz or DDcwy? Please, report the corresponding AA and BB."},
{"name": "template 9",
 "sql": "SELECT min(Value) FROM DBdata WHERE ((AA = 'AAbly' AND BB = 'BBnqx')) AND (CC IN ('CChmt','CChwx','CClrv')) GROUP BY CC",
 "sqlResult": "{15} || {45} || {1}",
 "nlq": "What is the minimum number for each CC, of BBnqx buildings in CChmt, CChwx, or CClrv?"},
{"name": "template 10",
 "sql": "SELECT CC,avg(Value) FROM DBdata WHERE ((AA = 'AAbly' AND BB = 'BBcdk')) AND (CC IN ('CChmt','CChwx','CClrv')) GROUP BY CC",
 "sqlResult": "{CChmt | 31} || {CChwx | 57.67} || {CClrv | 6.33}",
 "nlq": "What is the average number for each CC, of BBcdk buildings in CChmt, CChwx, or CClrv? Please, report the corresponding CC."},
{"name": "template 11",
 "sql": "SELECT CC,AA,BB,avg(Value) FROM DBdata WHERE ((AA = 'AAbly' AND BB = 'BBnqx') OR (AA = 'AAbly' AND BB = 'BBcdk')) AND (CC IN ('CChmt','CChwx','CClrv')) GROUP BY CC,AA,BB",
 "sqlResult": "{CChmt | AAbly | BBnqx | 34.5} || {CChmt | AAbly | BBcdk | 31} || {CChwx | AAbly | BBnqx | 68} || {CChwx | AAbly | BBcdk | 57.67} || {CClrv | AAbly | BBnqx | 39} || {CClrv | AAbly | BBcdk | 6.33}",
 "nlq": "What is the average number for each CC, AA, and BB, of BBnqx or BBcdk buildings in CChmt, CChwx, or CClrv? Please, report the corresponding CC, AA, and BB."},
{"name": "template 12",
 "sql": "SELECT Value FROM DBdata WHERE ((AA = 'AAbly' AND BB = 'BBnqx')) AND (CC IN ('CChmt','CChwx')) ORDER BY VALUE DESC LIMIT 4",
 "sqlResult": "{87} || {72} || {54} || {45}",
 "nlq": "What are the top 4 numbers of BBnqx buildings in CChmt or CChwx?"},
{"name": "template 13",
 "sql": "SELECT Value FROM DBdata WHERE ((AA = 'AAfxy' AND BB = 'BBfnp')) AND (CC IN ('CChmt','CChwx')) ORDER BY VALUE DESC",
 "sqlResult": "{69} || {68} || {67} || {12} || {11}",
 "nlq": "What are the numbers ordered by descending values of BBfnp buildings in CChmt or CChwx?"},
{"name": "template 14",
 "sql": "SELECT CC,DD FROM DBdata WHERE ((AA = 'AAfxy' AND BB = 'BBgmq')) AND Value < 49.3",
 "sqlResult": "{CChmt | DDbpv} || {CChwx | DDlqz} || {CChwx | DDpsx} || {CClrv | DDcwy} || {CClrv | DDrtx} || {CClrv | DDlpy}",
 "nlq": "What are the CC and DD for which the number of BBgmq buildings is lower than 49.3?"},
{"name": "template 15",
 "sql": "SELECT CC,DD,Value FROM DBdata WHERE ((AA = 'AAbcs' AND BB = 'BBmrt')) AND (CC,DD) IN (SELECT CC,DD FROM DBdata WHERE ((AA = 'AAfxy' AND BB = 'BBgmq')) AND Value < 49.3)",
 "sqlResult": "{CChmt | DDbpv | 98} || {CChwx | DDlqz | 64} || {CChwx | DDpsx | 35} || {CClrv | DDcwy | 83} || {CClrv | DDrtx | 97} || {CClrv | DDlpy | 26}",
 "nlq": "What is the number of BBmrt buildings in CC and in DD for which the number of BBgmq buildings is lower than 49.3? Please, report the corresponding CC, DD, and number of buildings."}]
}

