Type of building,Usage,Quarter,Month,Value
Type_of_building,Usage,Quarter,Month,Value
Production,Workshop,Q3,August,73
Production,Factory,Q3,August,43
Culture,Museum,Q3,August,20
Culture,Theatre,Q3,August,4
Culture,Concert,Q3,August,24
Production,Workshop,Q3,September,53
Production,Factory,Q3,September,90
Culture,Museum,Q3,September,11
Culture,Theatre,Q3,September,79
Culture,Concert,Q3,September,86
Production,Workshop,Q4,October,25
Production,Factory,Q4,October,64
Culture,Museum,Q4,October,44
Culture,Theatre,Q4,October,87
Culture,Concert,Q4,October,83
Production,Workshop,Q4,November,50
Production,Factory,Q4,November,54
Culture,Museum,Q4,November,82
Culture,Theatre,Q4,November,91
Culture,Concert,Q4,November,58
Production,Workshop,Q4,December,32
Production,Factory,Q4,December,62
Culture,Museum,Q4,December,0
Culture,Theatre,Q4,December,33
Culture,Concert,Q4,December,57
