AA,BB,CC,DD,Value
AA,BB,CC,DD,Value
AAhnt,BBgwz,CCdpq,DDdjz,91
AAhnt,BBkrw,CCdpq,DDdjz,48
AAcqw,BBbgj,CCdpq,DDdjz,38
AAcqw,BBcsy,CCdpq,DDdjz,98
AAcqw,BBhjr,CCdpq,DDdjz,78
AAcgk,BBdpw,CCdpq,DDdjz,63
AAcgk,BBlsz,CCdpq,DDdjz,15
AAcgk,BBhjk,CCdpq,DDdjz,5
AAhnt,BBgwz,CCdpq,DDbmz,73
AAhnt,BBkrw,CCdpq,DDbmz,70
AAcqw,BBbgj,CCdpq,DDbmz,49
AAcqw,BBcsy,CCdpq,DDbmz,54
AAcqw,BBhjr,CCdpq,DDbmz,51
AAcgk,BBdpw,CCdpq,DDbmz,72
AAcgk,BBlsz,CCdpq,DDbmz,56
AAcgk,BBhjk,CCdpq,DDbmz,74
AAhnt,BBgwz,CCdpq,DDdjq,55
AAhnt,BBkrw,CCdpq,DDdjq,94
AAcqw,BBbgj,CCdpq,DDdjq,30
AAcqw,BBcsy,CCdpq,DDdjq,32
AAcqw,BBhjr,CCdpq,DDdjq,2
AAcgk,BBdpw,CCdpq,DDdjq,83
AAcgk,BBlsz,CCdpq,DDdjq,39
AAcgk,BBhjk,CCdpq,DDdjq,37
AAhnt,BBgwz,CCbhl,DDbhw,40
AAhnt,BBkrw,CCbhl,DDbhw,8
AAcqw,BBbgj,CCbhl,DDbhw,22
AAcqw,BBcsy,CCbhl,DDbhw,76
AAcqw,BBhjr,CCbhl,DDbhw,17
AAcgk,BBdpw,CCbhl,DDbhw,13
AAcgk,BBlsz,CCbhl,DDbhw,52
AAcgk,BBhjk,CCbhl,DDbhw,84
AAhnt,BBgwz,CCbhl,DDbdr,35
AAhnt,BBkrw,CCbhl,DDbdr,59
AAcqw,BBbgj,CCbhl,DDbdr,31
AAcqw,BBcsy,CCbhl,DDbdr,10
AAcqw,BBhjr,CCbhl,DDbdr,1
AAcgk,BBdpw,CCbhl,DDbdr,60
AAcgk,BBlsz,CCbhl,DDbdr,79
AAcgk,BBhjk,CCbhl,DDbdr,50
AAhnt,BBgwz,CCbhl,DDcdv,12
AAhnt,BBkrw,CCbhl,DDcdv,97
AAcqw,BBbgj,CCbhl,DDcdv,36
AAcqw,BBcsy,CCbhl,DDcdv,71
AAcqw,BBhjr,CCbhl,DDcdv,29
AAcgk,BBdpw,CCbhl,DDcdv,77
AAcgk,BBlsz,CCbhl,DDcdv,23
AAcgk,BBhjk,CCbhl,DDcdv,14
AAhnt,BBgwz,CChmy,DDbjt,85
AAhnt,BBkrw,CChmy,DDbjt,96
AAcqw,BBbgj,CChmy,DDbjt,81
AAcqw,BBcsy,CChmy,DDbjt,58
AAcqw,BBhjr,CChmy,DDbjt,11
AAcgk,BBdpw,CChmy,DDbjt,57
AAcgk,BBlsz,CChmy,DDbjt,4
AAcgk,BBhjk,CChmy,DDbjt,47
AAhnt,BBgwz,CChmy,DDfjy,53
AAhnt,BBkrw,CChmy,DDfjy,6
AAcqw,BBbgj,CChmy,DDfjy,0
AAcqw,BBcsy,CChmy,DDfjy,26
AAcqw,BBhjr,CChmy,DDfjy,24
AAcgk,BBdpw,CChmy,DDfjy,66
AAcgk,BBlsz,CChmy,DDfjy,43
AAcgk,BBhjk,CChmy,DDfjy,28

