AA,BB,CC,DD,Value
AA,BB,CC,DD,Value
AAfxy,BBgmq,CChmt,DDdtz,65
AAfxy,BBfnp,CChmt,DDdtz,68
AAbcs,BBcnz,CChmt,DDdtz,4
AAbcs,BBghk,CChmt,DDdtz,75
AAbcs,BBmrt,CChmt,DDdtz,92
AAbly,BBghv,CChmt,DDdtz,84
AAbly,BBnqx,CChmt,DDdtz,54
AAbly,BBcdk,CChmt,DDdtz,59
AAfxy,BBgmq,CChmt,DDbpv,2
AAfxy,BBfnp,CChmt,DDbpv,67
AAbcs,BBcnz,CChmt,DDbpv,56
AAbcs,BBghk,CChmt,DDbpv,86
AAbcs,BBmrt,CChmt,DDbpv,98
AAbly,BBghv,CChmt,DDbpv,44
AAbly,BBnqx,CChmt,DDbpv,15
AAbly,BBcdk,CChmt,DDbpv,3
AAfxy,BBgmq,CChwx,DDlqz,38
AAfxy,BBfnp,CChwx,DDlqz,69
AAbcs,BBcnz,CChwx,DDlqz,93
AAbcs,BBghk,CChwx,DDlqz,19
AAbcs,BBmrt,CChwx,DDlqz,64
AAbly,BBghv,CChwx,DDlqz,81
AAbly,BBnqx,CChwx,DDlqz,87
AAbly,BBcdk,CChwx,DDlqz,95
AAfxy,BBgmq,CChwx,DDpsx,20
AAfxy,BBfnp,CChwx,DDpsx,12
AAbcs,BBcnz,CChwx,DDpsx,33
AAbcs,BBghk,CChwx,DDpsx,42
AAbcs,BBmrt,CChwx,DDpsx,35
AAbly,BBghv,CChwx,DDpsx,47
AAbly,BBnqx,CChwx,DDpsx,45
AAbly,BBcdk,CChwx,DDpsx,17
AAfxy,BBgmq,CChwx,DDfjx,94
AAfxy,BBfnp,CChwx,DDfjx,11
AAbcs,BBcnz,CChwx,DDfjx,49
AAbcs,BBghk,CChwx,DDfjx,66
AAbcs,BBmrt,CChwx,DDfjx,70
AAbly,BBghv,CChwx,DDfjx,78
AAbly,BBnqx,CChwx,DDfjx,72
AAbly,BBcdk,CChwx,DDfjx,61
AAfxy,BBgmq,CClrv,DDcwy,36
AAfxy,BBfnp,CClrv,DDcwy,76
AAbcs,BBcnz,CClrv,DDcwy,96
AAbcs,BBghk,CClrv,DDcwy,77
AAbcs,BBmrt,CClrv,DDcwy,83
AAbly,BBghv,CClrv,DDcwy,32
AAbly,BBnqx,CClrv,DDcwy,1
AAbly,BBcdk,CClrv,DDcwy,0
AAfxy,BBgmq,CClrv,DDrtx,29
AAfxy,BBfnp,CClrv,DDrtx,21
AAbcs,BBcnz,CClrv,DDrtx,23
AAbcs,BBghk,CClrv,DDrtx,50
AAbcs,BBmrt,CClrv,DDrtx,97
AAbly,BBghv,CClrv,DDrtx,46
AAbly,BBnqx,CClrv,DDrtx,43
AAbly,BBcdk,CClrv,DDrtx,14
AAfxy,BBgmq,CClrv,DDlpy,16
AAfxy,BBfnp,CClrv,DDlpy,62
AAbcs,BBcnz,CClrv,DDlpy,27
AAbcs,BBghk,CClrv,DDlpy,22
AAbcs,BBmrt,CClrv,DDlpy,26
AAbly,BBghv,CClrv,DDlpy,30
AAbly,BBnqx,CClrv,DDlpy,73
AAbly,BBcdk,CClrv,DDlpy,5

