{
"filename": "Number_of_constructions_set3_4_DB.csv",
"questions": [{"name": "template 1",
 "sql": "SELECT Value FROM DBdata WHERE ((AA = 'AAclx' AND BB = 'BBprs')) AND ((CC = 'CCdhx' AND DD = 'DDbln'))",
 "sqlResult": "{25}",
 "nlq": "What is the number of BBprs buildings in DDbln?"},
{"name": "template 2",
 "sql": "SELECT Value FROM DBdata WHERE ((AA = 'AAclx' AND BB = 'BBhns')) AND ((CC = 'CCdhx' AND DD = 'DDjlt') OR (CC = 'CCdhx' AND DD = 'DDgjm') OR (CC = 'CCbpr' AND DD = 'DDlpx') OR (CC = 'CCbpr' AND DD = 'DDjmz') OR (CC = 'CCbqs' AND DD = 'DDfqz') OR (CC = 'CCbqs' AND DD = 'DDdln'))",
 "sqlResult": "{74} || {26} || {100} || {73} || {66} || {40}",
 "nlq": "What is the number of BBhns buildings in DDjlt, DDfqz, DDjmz, DDgjm, DDlpx, or DDdln?"},
{"name": "template 3",
 "sql": "SELECT Value FROM DBdata WHERE ((AA = 'AAfgr' AND BB = 'BBhty') OR (AA = 'AAcms' AND BB = 'BBnsx') OR (AA = 'AAclx' AND BB = 'BBprs')) AND ((CC = 'CCbqs' AND DD = 'DDfqz'))",
 "sqlResult": "{33} || {7} || {0}",
 "nlq": "What is the number of BBprs, BBnsx, or BBhty buildings in DDfqz?"},
{"name": "template 4",
 "sql": "SELECT sum(Value),min(Value) FROM DBdata WHERE ((AA = 'AAcms' AND BB = 'BBnsx') OR (AA = 'AAcms' AND BB = 'BBhwy')) AND ((CC = 'CCbqs' AND DD = 'DDdln'))",
 "sqlResult": "{73 | 5}",
 "nlq": "What are the total and minimum numbers of BBhwy or BBnsx buildings in DDdln?"},
{"name": "template 6",
 "sql": "SELECT Value FROM DBdata WHERE ((AA = 'AAfgr' AND BB = 'BBhty') OR (AA = 'AAcms' AND BB = 'BBnsx') OR (AA = 'AAcms' AND BB = 'BBhwy') OR (AA = 'AAclx' AND BB = 'BBhns') OR (AA = 'AAclx' AND BB = 'BBkrt')) AND ((CC = 'CCdhx' AND DD = 'DDjlt') OR (CC = 'CCdhx' AND DD = 'DDgjm') OR (CC = 'CCbpr' AND DD = 'DDjmz') OR (CC = 'CCbqs' AND DD = 'DDfqz'))",
 "sqlResult": "{67} || {45} || {96} || {74} || {46} || {30} || {34} || {76} || {26} || {63} || {42} || {10} || {98} || {73} || {36} || {33} || {7} || {6} || {66} || {95}",
 "nlq": "What is the number of BBhwy, BBhns, BBkrt, BBnsx, or BBhty buildings in DDjlt, DDfqz, DDjmz, or DDgjm?"},
{"name": "template 7",
 "sql": "SELECT min(Value),sum(Value) FROM DBdata WHERE ((AA = 'AAfgr' AND BB = 'BBjsw')) AND ((CC = 'CCdhx' AND DD = 'DDjlt') OR (CC = 'CCbpr' AND DD = 'DDjmz') OR (CC = 'CCbqs' AND DD = 'DDfqz') OR (CC = 'CCbqs' AND DD = 'DDdkl') OR (CC = 'CCbqs' AND DD = 'DDdln'))",
 "sqlResult": "{16 | 224}",
 "nlq": "What are the minimum and total numbers of BBjsw buildings in DDdkl, DDjlt, DDfqz, DDjmz, or DDdln?"},
{"name": "template 8",
 "sql": "SELECT AA,BB,sum(Value),max(Value) FROM DBdata WHERE ((AA = 'AAfgr' AND BB = 'BBhty') OR (AA = 'AAfgr' AND BB = 'BBjsw') OR (AA = 'AAcms' AND BB = 'BBhwy') OR (AA = 'AAclx' AND BB = 'BBprs') OR (AA = 'AAclx' AND BB = 'BBkrt')) AND ((CC = 'CCdhx' AND DD = 'DDjlt') OR (CC = 'CCbpr' AND DD = 'DDjmz') OR (CC = 'CCbqs' AND DD = 'DDfqz') OR (CC = 'CCbqs' AND DD = 'DDdkl')) GROUP BY AA,BB",
 "sqlResult": "{AAcms | BBhwy | 281 | 98} || {AAfgr | BBjsw | 146 | 58} || {AAfgr | BBhty | 155 | 67} || {AAclx | BBprs | 161 | 94} || {AAclx | BBkrt | 259 | 95}",
 "nlq": "What are the total and maximum numbers for each AA and BB, of BBprs, BBhwy, BBjsw, BBkrt, or BBhty buildings in DDdkl, DDjlt, DDfqz, or DDjmz? Please, report the corresponding AA and BB."},
{"name": "template 9",
 "sql": "SELECT min(Value) FROM DBdata WHERE ((AA = 'AAclx' AND BB = 'BBhns')) AND (CC IN ('CCdhx','CCbpr','CCbqs')) GROUP BY CC",
 "sqlResult": "{18} || {73} || {20}",
 "nlq": "What is the minimum number for each CC, of BBhns buildings in CCdhx, CCbpr, or CCbqs?"},
{"name": "template 10",
 "sql": "SELECT CC,max(Value) FROM DBdata WHERE ((AA = 'AAclx' AND BB = 'BBhns')) AND (CC IN ('CCdhx','CCbpr','CCbqs')) GROUP BY CC",
 "sqlResult": "{CCdhx | 74} || {CCbpr | 100} || {CCbqs | 66}",
 "nlq": "What is the maximum number for each CC, of BBhns buildings in CCdhx, CCbpr, or CCbqs? Please, report the corresponding CC."},
{"name": "template 11",
 "sql": "SELECT CC,AA,BB,max(Value) FROM DBdata WHERE ((AA = 'AAfgr' AND BB = 'BBjsw') OR (AA = 'AAcms' AND BB = 'BBhwy') OR (AA = 'AAclx' AND BB = 'BBkrt')) AND (CC IN ('CCdhx','CCbpr','CCbqs')) GROUP BY CC,AA,BB",
 "sqlResult": "{CCdhx | AAcms | BBhwy | 96} || {CCdhx | AAfgr | BBjsw | 91} || {CCdhx | AAclx | BBkrt | 63} || {CCbpr | AAcms | BBhwy | 98} || {CCbpr | AAfgr | BBjsw | 65} || {CCbpr | AAclx | BBkrt | 52} || {CCbqs | AAcms | BBhwy | 81} || {CCbqs | AAfgr | BBjsw | 78} || {CCbqs | AAclx | BBkrt | 95}",
 "nlq": "What is the maximum number for each CC, AA, and BB, of BBhwy, BBjsw, or BBkrt buildings in CCdhx, CCbpr, or CCbqs? Please, report the corresponding CC, AA, and BB."},
{"name": "template 12",
 "sql": "SELECT Value FROM DBdata WHERE ((AA = 'AAclx' AND BB = 'BBhns')) AND (CC IN ('CCdhx','CCbpr')) ORDER BY VALUE ASC LIMIT 2",
 "sqlResult": "{18} || {26}",
 "nlq": "What are the bottom 2 numbers of BBhns buildings in CCdhx or CCbpr?"},
{"name": "template 13",
 "sql": "SELECT Value FROM DBdata WHERE ((AA = 'AAclx' AND BB = 'BBkrt')) AND (CC IN ('CCbpr','CCbqs')) ORDER BY VALUE ASC",
 "sqlResult": "{19} || {36} || {52} || {82} || {95}",
 "nlq": "What are the numbers ordered by ascending values of BBkrt buildings in CCbpr or CCbqs?"},
{"name": "template 14",
 "sql": "SELECT CC,DD FROM DBdata WHERE ((AA = 'AAcms' AND BB = 'BBnsx')) AND Value > 48.62",
 "sqlResult": "{CCdhx | DDbln}",
 "nlq": "What are the CC and DD for which the number of BBnsx buildings is greater than 48.62?"},
{"name": "template 15",
 "sql": "SELECT CC,DD,Value FROM DBdata WHERE ((AA = 'AAfgr' AND BB = 'BBjsw')) AND (CC,DD) IN (SELECT CC,DD FROM DBdata WHERE ((AA = 'AAcms' AND BB = 'BBnsx')) AND Value > 48.62)",
 "sqlResult": "{CCdhx | DDbln | 43}",
 "nlq": "What is the number of BBjsw buildings in CC and in DD for which the number of BBnsx buildings is greater than 48.62? Please, report the corresponding CC, DD, and number of buildings."}]
}

