Type of building,Usage,Quarter,Month,Value
Type_of_building,Usage,Quarter,Month,Value
Production,Workshop,Q2,April,26
Production,Factory,Q2,April,68
Culture,Museum,Q2,April,71
Culture,Theatre,Q2,April,46
Culture,Concert,Q2,April,100
Production,Workshop,Q2,May,50
Production,Factory,Q2,May,47
Culture,Museum,Q2,May,65
Culture,Theatre,Q2,May,76
Culture,Concert,Q2,May,58
Production,Workshop,Q3,July,8
Production,Factory,Q3,July,29
Culture,Museum,Q3,July,3
Culture,Theatre,Q3,July,85
Culture,Concert,Q3,July,78
Production,Workshop,Q3,August,51
Production,Factory,Q3,August,4
Culture,Museum,Q3,August,24
Culture,Theatre,Q3,August,19
Culture,Concert,Q3,August,5
Production,Workshop,Q3,September,9
Production,Factory,Q3,September,96
Culture,Museum,Q3,September,72
Culture,Theatre,Q3,September,45
Culture,Concert,Q3,September,95
Production,Workshop,Q4,November,62
Production,Factory,Q4,November,88
Culture,Museum,Q4,November,98
Culture,Theatre,Q4,November,0
Culture,Concert,Q4,November,25
Production,Workshop,Q4,December,82
Production,Factory,Q4,December,80
Culture,Museum,Q4,December,13
Culture,Theatre,Q4,December,93
Culture,Concert,Q4,December,60
