AA,BB,CC,DD,Value
AA,BB,CC,DD,Value
AAjt,BBdg,CCgw,DDdt,5
AAjt,BBmv,CCgw,DDdt,12
AAjt,BBhr,CCgw,DDdt,26
AAwz,BBkx,CCgw,DDdt,62
AAwz,BBcq,CCgw,DDdt,36
AAgz,BBdl,CCgw,DDdt,53
AAgz,BBfr,CCgw,DDdt,13
AAjt,BBdg,CCgw,DDgx,89
AAjt,BBmv,CCgw,DDgx,79
AAjt,BBhr,CCgw,DDgx,39
AAwz,BBkx,CCgw,DDgx,37
AAwz,BBcq,CCgw,DDgx,66
AAgz,BBdl,CCgw,DDgx,16
AAgz,BBfr,CCgw,DDgx,97
AAjt,BBdg,CCny,DDnv,1
AAjt,BBmv,CCny,DDnv,11
AAjt,BBhr,CCny,DDnv,82
AAwz,BBkx,CCny,DDnv,83
AAwz,BBcq,CCny,DDnv,10
AAgz,BBdl,CCny,DDnv,49
AAgz,BBfr,CCny,DDnv,8
AAjt,BBdg,CCny,DDhv,87
AAjt,BBmv,CCny,DDhv,84
AAjt,BBhr,CCny,DDhv,23
AAwz,BBkx,CCny,DDhv,43
AAwz,BBcq,CCny,DDhv,33
AAgz,BBdl,CCny,DDhv,52
AAgz,BBfr,CCny,DDhv,41
AAjt,BBdg,CCny,DDdn,70
AAjt,BBmv,CCny,DDdn,95
AAjt,BBhr,CCny,DDdn,40
AAwz,BBkx,CCny,DDdn,21
AAwz,BBcq,CCny,DDdn,20
AAgz,BBdl,CCny,DDdn,24
AAgz,BBfr,CCny,DDdn,30

