{
"filename": "Number_of_constructions_set5_3_DB.csv",
"questions": [{"name": "template 1",
 "sql": "SELECT Value FROM DBdata WHERE ((AA = 'AAfv' AND BB = 'BBdg')) AND ((CC = 'CCjr' AND DD = 'DDlr'))",
 "sqlResult": "{79}",
 "nlq": "What is the number of BBdg buildings in DDlr?"},
{"name": "template 2",
 "sql": "SELECT Value FROM DBdata WHERE ((AA = 'AAbq' AND BB = 'BBbn')) AND ((CC = 'CCdp' AND DD = 'DDcv') OR (CC = 'CCjr' AND DD = 'DDlr'))",
 "sqlResult": "{96} || {39}",
 "nlq": "What is the number of BBbn buildings in DDcv or DDlr?"},
{"name": "template 3",
 "sql": "SELECT Value FROM DBdata WHERE ((AA = 'AAfv' AND BB = 'BBmt') OR (AA = 'AAfv' AND BB = 'BBgq') OR (AA = 'AAfv' AND BB = 'BBdg') OR (AA = 'AAbq' AND BB = 'BBbn') OR (AA = 'AAbq' AND BB = 'BBbz')) AND ((CC = 'CCjr' AND DD = 'DDky'))",
 "sqlResult": "{97} || {10} || {86} || {87} || {26}",
 "nlq": "What is the number of BBgq, BBbz, BBdg, BBmt, or BBbn buildings in DDky?"},
{"name": "template 4",
 "sql": "SELECT min(Value),sum(Value) FROM DBdata WHERE ((AA = 'AAfv' AND BB = 'BBgq') OR (AA = 'AAbq' AND BB = 'BBbn')) AND ((CC = 'CCjr' AND DD = 'DDlr'))",
 "sqlResult": "{39 | 119}",
 "nlq": "What are the minimum and total numbers of BBgq or BBbn buildings in DDlr?"},
{"name": "template 6",
 "sql": "SELECT Value FROM DBdata WHERE ((AA = 'AAfv' AND BB = 'BBmt') OR (AA = 'AAfv' AND BB = 'BBgq') OR (AA = 'AAfv' AND BB = 'BBdg') OR (AA = 'AAbq' AND BB = 'BBbn')) AND ((CC = 'CCdp' AND DD = 'DDcn') OR (CC = 'CCjr' AND DD = 'DDky') OR (CC = 'CCjr' AND DD = 'DDlr'))",
 "sqlResult": "{28} || {13} || {54} || {25} || {97} || {10} || {86} || {87} || {16} || {80} || {79} || {39}",
 "nlq": "What is the number of BBgq, BBdg, BBmt, or BBbn buildings in DDky, DDcn, or DDlr?"},
{"name": "template 7",
 "sql": "SELECT sum(Value),min(Value) FROM DBdata WHERE ((AA = 'AAfv' AND BB = 'BBmt')) AND ((CC = 'CCdp' AND DD = 'DDcn') OR (CC = 'CCjr' AND DD = 'DDky') OR (CC = 'CCjr' AND DD = 'DDlr'))",
 "sqlResult": "{141 | 16}",
 "nlq": "What are the total and minimum numbers of BBmt buildings in DDky, DDcn, or DDlr?"},
{"name": "template 8",
 "sql": "SELECT AA,BB,avg(Value),max(Value) FROM DBdata WHERE ((AA = 'AAfv' AND BB = 'BBmt') OR (AA = 'AAfv' AND BB = 'BBgq') OR (AA = 'AAfv' AND BB = 'BBdg') OR (AA = 'AAbq' AND BB = 'BBbz')) AND ((CC = 'CCdp' AND DD = 'DDcn') OR (CC = 'CCdp' AND DD = 'DDcv') OR (CC = 'CCjr' AND DD = 'DDky') OR (CC = 'CCjr' AND DD = 'DDlr')) GROUP BY AA,BB",
 "sqlResult": "{AAbq | BBbz | 40.25 | 74} || {AAfv | BBgq | 42.5 | 80} || {AAfv | BBdg | 70.75 | 86} || {AAfv | BBmt | 54 | 97}",
 "nlq": "What are the average and maximum numbers for each AA and BB, of BBgq, BBbz, BBdg, or BBmt buildings in DDky, DDcv, DDcn, or DDlr? Please, report the corresponding AA and BB."},
{"name": "template 9",
 "sql": "SELECT min(Value) FROM DBdata WHERE ((AA = 'AAbq' AND BB = 'BBbz')) AND (CC IN ('CCdp','CCjr')) GROUP BY CC",
 "sqlResult": "{1} || {26}",
 "nlq": "What is the minimum number for each CC, of BBbz buildings in CCdp or CCjr?"},
{"name": "template 10",
 "sql": "SELECT CC,min(Value) FROM DBdata WHERE ((AA = 'AAfv' AND BB = 'BBmt')) AND (CC IN ('CCdp','CCjr')) GROUP BY CC",
 "sqlResult": "{CCdp | 28} || {CCjr | 16}",
 "nlq": "What is the minimum number for each CC, of BBmt buildings in CCdp or CCjr? Please, report the corresponding CC."},
{"name": "template 11",
 "sql": "SELECT CC,AA,BB,max(Value) FROM DBdata WHERE ((AA = 'AAfv' AND BB = 'BBmt') OR (AA = 'AAfv' AND BB = 'BBgq') OR (AA = 'AAfv' AND BB = 'BBdg')) AND (CC IN ('CCdp','CCjr')) GROUP BY CC,AA,BB",
 "sqlResult": "{CCdp | AAfv | BBgq | 67} || {CCdp | AAfv | BBdg | 64} || {CCdp | AAfv | BBmt | 75} || {CCjr | AAfv | BBgq | 80} || {CCjr | AAfv | BBdg | 86} || {CCjr | AAfv | BBmt | 97}",
 "nlq": "What is the maximum number for each CC, AA, and BB, of BBgq, BBdg, or BBmt buildings in CCdp or CCjr? Please, report the corresponding CC, AA, and BB."},
{"name": "template 12",
 "sql": "SELECT Value FROM DBdata WHERE ((AA = 'AAfv' AND BB = 'BBdg')) AND (CC IN ('CCdp','CCjr')) ORDER BY VALUE DESC LIMIT 3",
 "sqlResult": "{86} || {79} || {64}",
 "nlq": "What are the top 3 numbers of BBdg buildings in CCdp or CCjr?"},
{"name": "template 13",
 "sql": "SELECT Value FROM DBdata WHERE ((AA = 'AAbq' AND BB = 'BBbn')) AND (CC IN ('CCdp','CCjr')) ORDER BY VALUE DESC",
 "sqlResult": "{96} || {87} || {39} || {25}",
 "nlq": "What are the numbers ordered by descending values of BBbn buildings in CCdp or CCjr?"},
{"name": "template 14",
 "sql": "SELECT CC,DD FROM DBdata WHERE ((AA = 'AAfv' AND BB = 'BBmt')) AND Value > 53.85",
 "sqlResult": "{CCdp | DDcv} || {CCjr | DDky}",
 "nlq": "What are the CC and DD for which the number of BBmt buildings is greater than 53.85?"},
{"name": "template 15",
 "sql": "SELECT CC,DD,Value FROM DBdata WHERE ((AA = 'AAbq' AND BB = 'BBbz')) AND (CC,DD) IN (SELECT CC,DD FROM DBdata WHERE ((AA = 'AAfv' AND BB = 'BBmt')) AND Value > 53.85)",
 "sqlResult": "{CCdp | DDcv | 1} || {CCjr | DDky | 26}",
 "nlq": "What is the number of BBbz buildings in CC and in DD for which the number of BBmt buildings is greater than 53.85? Please, report the corresponding CC, DD, and number of buildings."}]
}

