Type of building,Usage,Quarter,Month,Value
Type_of_building,Usage,Quarter,Month,Value
Residential,House,Q3,July,3
Residential,Apartment,Q3,July,52
Production,Workshop,Q3,July,64
Production,Factory,Q3,July,49
Residential,House,Q3,August,100
Residential,Apartment,Q3,August,71
Production,Workshop,Q3,August,37
Production,Factory,Q3,August,82
Residential,House,Q3,September,84
Residential,Apartment,Q3,September,81
Production,Workshop,Q3,September,45
Production,Factory,Q3,September,19
Residential,House,Q4,October,29
Residential,Apartment,Q4,October,24
Production,Workshop,Q4,October,92
Production,Factory,Q4,October,60
Residential,House,Q4,November,95
Residential,Apartment,Q4,November,16
Production,Workshop,Q4,November,91
Production,Factory,Q4,November,88
