{
"filename": "Number_of_constructions_set9_2_DB.csv",
"questions": [{"name": "template 1",
 "sql": "SELECT Value FROM DBdata WHERE ((Type_of_building = 'Residential' AND Usage = 'House')) AND ((Quarter = 'Q3' AND Month = 'July'))",
 "sqlResult": "{89}",
 "nlq": "What is the number of House buildings in July?"},
{"name": "template 2",
 "sql": "SELECT Value FROM DBdata WHERE ((Type_of_building = 'Residential' AND Usage = 'Hotel')) AND ((Quarter = 'Q2' AND Month = 'April') OR (Quarter = 'Q2' AND Month = 'May') OR (Quarter = 'Q3' AND Month = 'July') OR (Quarter = 'Q3' AND Month = 'August') OR (Quarter = 'Q3' AND Month = 'September'))",
 "sqlResult": "{99} || {16} || {70} || {87} || {10}",
 "nlq": "What is the number of Hotel buildings in April, August, July, May, or September?"},
{"name": "template 3",
 "sql": "SELECT Value FROM DBdata WHERE ((Type_of_building = 'Residential' AND Usage = 'House') OR (Type_of_building = 'Residential' AND Usage = 'Apartment') OR (Type_of_building = 'Residential' AND Usage = 'Hotel') OR (Type_of_building = 'Production' AND Usage = 'Workshop') OR (Type_of_building = 'Production' AND Usage = 'Factory')) AND ((Quarter = 'Q3' AND Month = 'July'))",
 "sqlResult": "{89} || {39} || {70} || {48} || {15}",
 "nlq": "What is the number of Apartment, Factory, Hotel, House, or Workshop buildings in July?"},
{"name": "template 4",
 "sql": "SELECT avg(Value),max(Value) FROM DBdata WHERE ((Type_of_building = 'Residential' AND Usage = 'Apartment') OR (Type_of_building = 'Production' AND Usage = 'Factory')) AND ((Quarter = 'Q3' AND Month = 'July'))",
 "sqlResult": "{27 | 39}",
 "nlq": "What are the average and maximum numbers of Apartment or Factory buildings in July?"},
{"name": "template 6",
 "sql": "SELECT Value FROM DBdata WHERE ((Type_of_building = 'Residential' AND Usage = 'Apartment') OR (Type_of_building = 'Production' AND Usage = 'Workshop') OR (Type_of_building = 'Production' AND Usage = 'Factory')) AND ((Quarter = 'Q2' AND Month = 'May') OR (Quarter = 'Q3' AND Month = 'August') OR (Quarter = 'Q3' AND Month = 'September'))",
 "sqlResult": "{26} || {79} || {33} || {75} || {34} || {40} || {67} || {100} || {32}",
 "nlq": "What is the number of Apartment, Factory, or Workshop buildings in August, May, or September?"},
{"name": "template 7",
 "sql": "SELECT max(Value),avg(Value) FROM DBdata WHERE ((Type_of_building = 'Residential' AND Usage = 'Apartment')) AND ((Quarter = 'Q3' AND Month = 'July') OR (Quarter = 'Q3' AND Month = 'August') OR (Quarter = 'Q3' AND Month = 'September'))",
 "sqlResult": "{75 | 60.33}",
 "nlq": "What are the maximum and average numbers of Apartment buildings in August, July, or September?"},
{"name": "template 8",
 "sql": "SELECT Type_of_building,Usage,sum(Value),max(Value) FROM DBdata WHERE ((Type_of_building = 'Residential' AND Usage = 'House') OR (Type_of_building = 'Residential' AND Usage = 'Apartment') OR (Type_of_building = 'Residential' AND Usage = 'Hotel') OR (Type_of_building = 'Production' AND Usage = 'Workshop') OR (Type_of_building = 'Production' AND Usage = 'Factory')) AND ((Quarter = 'Q2' AND Month = 'April') OR (Quarter = 'Q2' AND Month = 'May') OR (Quarter = 'Q3' AND Month = 'July') OR (Quarter = 'Q3' AND Month = 'August') OR (Quarter = 'Q3' AND Month = 'September')) GROUP BY Type_of_building,Usage",
 "sqlResult": "{Production | Factory | 138 | 40} || {Production | Workshop | 292 | 100} || {Residential | Apartment | 257 | 75} || {Residential | Hotel | 282 | 99} || {Residential | House | 298 | 96}",
 "nlq": "What are the total and maximum numbers for each Type of building and Usage, of Apartment, Factory, Hotel, House, or Workshop buildings in April, August, July, May, or September? Please, report the corresponding Type of building and Usage."},
{"name": "template 9",
 "sql": "SELECT min(Value) FROM DBdata WHERE ((Type_of_building = 'Production' AND Usage = 'Workshop')) AND (Quarter IN ('Q2','Q3')) GROUP BY Quarter",
 "sqlResult": "{31} || {34}",
 "nlq": "What is the minimum number for each Quarter, of Workshop buildings in Q2 or Q3?"},
{"name": "template 10",
 "sql": "SELECT Quarter,max(Value) FROM DBdata WHERE ((Type_of_building = 'Production' AND Usage = 'Workshop')) AND (Quarter IN ('Q2','Q3')) GROUP BY Quarter",
 "sqlResult": "{Q2 | 79} || {Q3 | 100}",
 "nlq": "What is the maximum number for each Quarter, of Workshop buildings in Q2 or Q3? Please, report the corresponding Quarter."},
{"name": "template 11",
 "sql": "SELECT Quarter,Type_of_building,Usage,max(Value) FROM DBdata WHERE ((Type_of_building = 'Residential' AND Usage = 'Apartment') OR (Type_of_building = 'Production' AND Usage = 'Workshop') OR (Type_of_building = 'Production' AND Usage = 'Factory')) AND (Quarter IN ('Q2','Q3')) GROUP BY Quarter,Type_of_building,Usage",
 "sqlResult": "{Q2 | Production | Factory | 33} || {Q2 | Production | Workshop | 79} || {Q2 | Residential | Apartment | 50} || {Q3 | Production | Factory | 40} || {Q3 | Production | Workshop | 100} || {Q3 | Residential | Apartment | 75}",
 "nlq": "What is the maximum number for each Quarter, Type of building, and Usage, of Apartment, Factory, or Workshop buildings in Q2 or Q3? Please, report the corresponding Quarter, Type of building, and Usage."},
{"name": "template 12",
 "sql": "SELECT Value FROM DBdata WHERE ((Type_of_building = 'Residential' AND Usage = 'Hotel')) AND (Quarter IN ('Q2','Q3')) ORDER BY VALUE DESC LIMIT 3",
 "sqlResult": "{99} || {87} || {70}",
 "nlq": "What are the top 3 numbers of Hotel buildings in Q2 or Q3?"},
{"name": "template 13",
 "sql": "SELECT Value FROM DBdata WHERE ((Type_of_building = 'Residential' AND Usage = 'Apartment')) AND (Quarter IN ('Q2','Q3')) ORDER BY VALUE DESC",
 "sqlResult": "{75} || {67} || {50} || {39} || {26}",
 "nlq": "What are the numbers ordered by descending values of Apartment buildings in Q2 or Q3?"},
{"name": "template 14",
 "sql": "SELECT Quarter,Month FROM DBdata WHERE ((Type_of_building = 'Production' AND Usage = 'Workshop')) AND Value > 50.68",
 "sqlResult": "{Q2 | May} || {Q3 | September}",
 "nlq": "What are the Quarter and Month for which the number of Workshop buildings is greater than 50.68?"},
{"name": "template 15",
 "sql": "SELECT Quarter,Month,Value FROM DBdata WHERE ((Type_of_building = 'Production' AND Usage = 'Factory')) AND (Quarter,Month) IN (SELECT Quarter,Month FROM DBdata WHERE ((Type_of_building = 'Production' AND Usage = 'Workshop')) AND Value > 50.68)",
 "sqlResult": "{Q2 | May | 33} || {Q3 | September | 32}",
 "nlq": "What is the number of Factory buildings in Quarter and in Month for which the number of Workshop buildings is greater than 50.68? Please, report the corresponding Quarter, Month, and number of buildings."}]
}
