AA,BB,CC,DD,Value
AA,BB,CC,DD,Value
AAfgr,BBhty,CCdhx,DDjlt,67
AAfgr,BBjsw,CCdhx,DDjlt,48
AAcms,BBnsx,CCdhx,DDjlt,45
AAcms,BBhwy,CCdhx,DDjlt,96
AAclx,BBhns,CCdhx,DDjlt,74
AAclx,BBprs,CCdhx,DDjlt,3
AAclx,BBkrt,CCdhx,DDjlt,46
AAfgr,BBhty,CCdhx,DDbln,47
AAfgr,BBjsw,CCdhx,DDbln,43
AAcms,BBnsx,CCdhx,DDbln,86
AAcms,BBhwy,CCdhx,DDbln,37
AAclx,BBhns,CCdhx,DDbln,18
AAclx,BBprs,CCdhx,DDbln,25
AAclx,BBkrt,CCdhx,DDbln,4
AAfgr,BBhty,CCdhx,DDgjm,30
AAfgr,BBjsw,CCdhx,DDgjm,91
AAcms,BBnsx,CCdhx,DDgjm,34
AAcms,BBhwy,CCdhx,DDgjm,76
AAclx,BBhns,CCdhx,DDgjm,26
AAclx,BBprs,CCdhx,DDgjm,35
AAclx,BBkrt,CCdhx,DDgjm,63
AAfgr,BBhty,CCbpr,DDlpx,97
AAfgr,BBjsw,CCbpr,DDlpx,65
AAcms,BBnsx,CCbpr,DDlpx,41
AAcms,BBhwy,CCbpr,DDlpx,84
AAclx,BBhns,CCbpr,DDlpx,100
AAclx,BBprs,CCbpr,DDlpx,28
AAclx,BBkrt,CCbpr,DDlpx,52
AAfgr,BBhty,CCbpr,DDjmz,42
AAfgr,BBjsw,CCbpr,DDjmz,16
AAcms,BBnsx,CCbpr,DDjmz,10
AAcms,BBhwy,CCbpr,DDjmz,98
AAclx,BBhns,CCbpr,DDjmz,73
AAclx,BBprs,CCbpr,DDjmz,94
AAclx,BBkrt,CCbpr,DDjmz,36
AAfgr,BBhty,CCbqs,DDfqz,33
AAfgr,BBjsw,CCbqs,DDfqz,58
AAcms,BBnsx,CCbqs,DDfqz,7
AAcms,BBhwy,CCbqs,DDfqz,6
AAclx,BBhns,CCbqs,DDfqz,66
AAclx,BBprs,CCbqs,DDfqz,0
AAclx,BBkrt,CCbqs,DDfqz,95
AAfgr,BBhty,CCbqs,DDdkl,13
AAfgr,BBjsw,CCbqs,DDdkl,24
AAcms,BBnsx,CCbqs,DDdkl,38
AAcms,BBhwy,CCbqs,DDdkl,81
AAclx,BBhns,CCbqs,DDdkl,20
AAclx,BBprs,CCbqs,DDdkl,64
AAclx,BBkrt,CCbqs,DDdkl,82
AAfgr,BBhty,CCbqs,DDdln,79
AAfgr,BBjsw,CCbqs,DDdln,78
AAcms,BBnsx,CCbqs,DDdln,5
AAcms,BBhwy,CCbqs,DDdln,68
AAclx,BBhns,CCbqs,DDdln,40
AAclx,BBprs,CCbqs,DDdln,17
AAclx,BBkrt,CCbqs,DDdln,19

