AA,BB,CC,DD,Value
AA,BB,CC,DD,Value
AAkp,BBlt,CClx,DDgz,74
AAkp,BBqw,CClx,DDgz,54
AAbc,BBlw,CClx,DDgz,27
AAbc,BBpq,CClx,DDgz,2
AAbc,BBqz,CClx,DDgz,52
AAkp,BBlt,CClx,DDmr,69
AAkp,BBqw,CClx,DDmr,34
AAbc,BBlw,CClx,DDmr,71
AAbc,BBpq,CClx,DDmr,22
AAbc,BBqz,CClx,DDmr,82
AAkp,BBlt,CCbz,DDcd,24
AAkp,BBqw,CCbz,DDcd,1
AAbc,BBlw,CCbz,DDcd,5
AAbc,BBpq,CCbz,DDcd,45
AAbc,BBqz,CCbz,DDcd,90
AAkp,BBlt,CCbz,DDgy,85
AAkp,BBqw,CCbz,DDgy,96
AAbc,BBlw,CCbz,DDgy,14
AAbc,BBpq,CCbz,DDgy,100
AAbc,BBqz,CCbz,DDgy,37

