{
"filename": "Number_of_constructions_set10_1_DB.csv",
"questions": [{"name": "template 1",
 "sql": "SELECT Value FROM DBdata WHERE ((AA = 'AAvy' AND BB = 'BBkx')) AND ((CC = 'CCgm' AND DD = 'DDdv'))",
 "sqlResult": "{95}",
 "nlq": "What is the number of BBkx buildings in DDdv?"},
{"name": "template 2",
 "sql": "SELECT Value FROM DBdata WHERE ((AA = 'AAdg' AND BB = 'BBrs')) AND ((CC = 'CCgm' AND DD = 'DDhw') OR (CC = 'CCgm' AND DD = 'DDdv') OR (CC = 'CCgm' AND DD = 'DDlz') OR (CC = 'CChq' AND DD = 'DDdp') OR (CC = 'CCfn' AND DD = 'DDmn'))",
 "sqlResult": "{98} || {99} || {97} || {78} || {92}",
 "nlq": "What is the number of BBrs buildings in DDmn, DDdv, DDhw, DDlz, or DDdp?"},
{"name": "template 3",
 "sql": "SELECT Value FROM DBdata WHERE ((AA = 'AAvy' AND BB = 'BBvx') OR (AA = 'AAvy' AND BB = 'BBkx') OR (AA = 'AAdg' AND BB = 'BBsy') OR (AA = 'AAdg' AND BB = 'BBrs')) AND ((CC = 'CChq' AND DD = 'DDhx'))",
 "sqlResult": "{23} || {12} || {17} || {7}",
 "nlq": "What is the number of BBkx, BBrs, BBvx, or BBsy buildings in DDhx?"},
{"name": "template 4",
 "sql": "SELECT max(Value),avg(Value) FROM DBdata WHERE ((AA = 'AAvy' AND BB = 'BBkx') OR (AA = 'AAdg' AND BB = 'BBsy')) AND ((CC = 'CChq' AND DD = 'DDhx'))",
 "sqlResult": "{17 | 14.5}",
 "nlq": "What are the maximum and average numbers of BBkx or BBsy buildings in DDhx?"},
{"name": "template 6",
 "sql": "SELECT Value FROM DBdata WHERE ((AA = 'AAdg' AND BB = 'BBsy') OR (AA = 'AAdg' AND BB = 'BBrs')) AND ((CC = 'CCgm' AND DD = 'DDdv') OR (CC = 'CCfn' AND DD = 'DDln'))",
 "sqlResult": "{83} || {99} || {28} || {42}",
 "nlq": "What is the number of BBrs or BBsy buildings in DDdv or DDln?"},
{"name": "template 7",
 "sql": "SELECT max(Value),sum(Value) FROM DBdata WHERE ((AA = 'AAdg' AND BB = 'BBsy')) AND ((CC = 'CCgm' AND DD = 'DDdv') OR (CC = 'CCgm' AND DD = 'DDlz') OR (CC = 'CChq' AND DD = 'DDdp') OR (CC = 'CCfn' AND DD = 'DDln'))",
 "sqlResult": "{83 | 162}",
 "nlq": "What are the maximum and total numbers of BBsy buildings in DDdv, DDlz, DDdp, or DDln?"},
{"name": "template 8",
 "sql": "SELECT AA,BB,sum(Value),max(Value) FROM DBdata WHERE ((AA = 'AAvy' AND BB = 'BBvx') OR (AA = 'AAvy' AND BB = 'BBkx')) AND ((CC = 'CCgm' AND DD = 'DDhw') OR (CC = 'CCgm' AND DD = 'DDdv') OR (CC = 'CCgm' AND DD = 'DDlz') OR (CC = 'CCfn' AND DD = 'DDln')) GROUP BY AA,BB",
 "sqlResult": "{AAvy | BBkx | 208 | 95} || {AAvy | BBvx | 251 | 90}",
 "nlq": "What are the total and maximum numbers for each AA and BB, of BBkx or BBvx buildings in DDdv, DDhw, DDlz, or DDln? Please, report the corresponding AA and BB."},
{"name": "template 9",
 "sql": "SELECT min(Value) FROM DBdata WHERE ((AA = 'AAdg' AND BB = 'BBsy')) AND (CC IN ('CCgm','CChq','CCfn')) GROUP BY CC",
 "sqlResult": "{21} || {17} || {28}",
 "nlq": "What is the minimum number for each CC, of BBsy buildings in CCgm, CChq, or CCfn?"},
{"name": "template 10",
 "sql": "SELECT CC,min(Value) FROM DBdata WHERE ((AA = 'AAdg' AND BB = 'BBsy')) AND (CC IN ('CCgm','CChq','CCfn')) GROUP BY CC",
 "sqlResult": "{CCgm | 21} || {CChq | 17} || {CCfn | 28}",
 "nlq": "What is the minimum number for each CC, of BBsy buildings in CCgm, CChq, or CCfn? Please, report the corresponding CC."},
{"name": "template 11",
 "sql": "SELECT CC,AA,BB,avg(Value) FROM DBdata WHERE ((AA = 'AAvy' AND BB = 'BBvx') OR (AA = 'AAvy' AND BB = 'BBkx') OR (AA = 'AAdg' AND BB = 'BBrs')) AND (CC IN ('CCgm','CChq','CCfn')) GROUP BY CC,AA,BB",
 "sqlResult": "{CCgm | AAdg | BBrs | 98} || {CCgm | AAvy | BBkx | 59} || {CCgm | AAvy | BBvx | 55} || {CChq | AAdg | BBrs | 42.5} || {CChq | AAvy | BBkx | 31} || {CChq | AAvy | BBvx | 12.5} || {CCfn | AAdg | BBrs | 67} || {CCfn | AAvy | BBkx | 50.5} || {CCfn | AAvy | BBvx | 52}",
 "nlq": "What is the average number for each CC, AA, and BB, of BBkx, BBrs, or BBvx buildings in CCgm, CChq, or CCfn? Please, report the corresponding CC, AA, and BB."},
{"name": "template 12",
 "sql": "SELECT Value FROM DBdata WHERE ((AA = 'AAvy' AND BB = 'BBkx')) AND (CC IN ('CChq','CCfn')) ORDER BY VALUE DESC LIMIT 3",
 "sqlResult": "{70} || {50} || {31}",
 "nlq": "What are the top 3 numbers of BBkx buildings in CChq or CCfn?"},
{"name": "template 13",
 "sql": "SELECT Value FROM DBdata WHERE ((AA = 'AAdg' AND BB = 'BBsy')) AND (CC IN ('CCgm','CChq')) ORDER BY VALUE DESC",
 "sqlResult": "{83} || {75} || {30} || {21} || {17}",
 "nlq": "What are the numbers ordered by descending values of BBsy buildings in CCgm or CChq?"},
{"name": "template 14",
 "sql": "SELECT CC,DD FROM DBdata WHERE ((AA = 'AAvy' AND BB = 'BBvx')) AND Value < 53.61",
 "sqlResult": "{CCgm | DDlz} || {CChq | DDhx} || {CChq | DDdp} || {CCfn | DDmn}",
 "nlq": "What are the CC and DD for which the number of BBvx buildings is lower than 53.61?"},
{"name": "template 15",
 "sql": "SELECT CC,DD,Value FROM DBdata WHERE ((AA = 'AAdg' AND BB = 'BBsy')) AND (CC,DD) IN (SELECT CC,DD FROM DBdata WHERE ((AA = 'AAvy' AND BB = 'BBvx')) AND Value < 53.61)",
 "sqlResult": "{CCgm | DDlz | 21} || {CChq | DDhx | 17} || {CChq | DDdp | 30} || {CCfn | DDmn | 100}",
 "nlq": "What is the number of BBsy buildings in CC and in DD for which the number of BBvx buildings is lower than 53.61? Please, report the corresponding CC, DD, and number of buildings."}]
}

