Type of building,Usage,Quarter,Month,Value
Type_of_building,Usage,Quarter,Month,Value
Production,Workshop,Q1,February,17
Production,Factory,Q1,February,76
Culture,Museum,Q1,February,23
Culture,Theatre,Q1,February,91
Culture,Concert,Q1,February,39
Service,School,Q1,February,85
Service,Hospital,Q1,February,35
Service,Administration,Q1,February,62
Production,Workshop,Q1,March,7
Production,Factory,Q1,March,98
Culture,Museum,Q1,March,29
Culture,Theatre,Q1,March,27
Culture,Concert,Q1,March,41
Service,School,Q1,March,54
Service,Hospital,Q1,March,0
Service,Administration,Q1,March,65
Production,Workshop,Q2,April,21
Production,Factory,Q2,April,64
Culture,Museum,Q2,April,55
Culture,Theatre,Q2,April,33
Culture,Concert,Q2,April,78
Service,School,Q2,April,25
Service,Hospital,Q2,April,51
Service,Administration,Q2,April,6
Production,Workshop,Q2,May,53
Production,Factory,Q2,May,77
Culture,Museum,Q2,May,97
Culture,Theatre,Q2,May,45
Culture,Concert,Q2,May,31
Service,School,Q2,May,59
Service,Hospital,Q2,May,9
Service,Administration,Q2,May,30
Production,Workshop,Q2,June,72
Production,Factory,Q2,June,4
Culture,Museum,Q2,June,74
Culture,Theatre,Q2,June,16
Culture,Concert,Q2,June,10
Service,School,Q2,June,19
Service,Hospital,Q2,June,1
Service,Administration,Q2,June,26
