AA,BB,CC,DD,Value
AA,BB,CC,DD,Value
AAhz,BBfy,CCrw,DDmw,75
AAhz,BBfr,CCrw,DDmw,31
AAfq,BBhx,CCrw,DDmw,9
AAfq,BBcn,CCrw,DDmw,41
AAfq,BBkp,CCrw,DDmw,7
AAhz,BBfy,CCrw,DDmx,65
AAhz,BBfr,CCrw,DDmx,70
AAfq,BBhx,CCrw,DDmx,77
AAfq,BBcn,CCrw,DDmx,50
AAfq,BBkp,CCrw,DDmx,54
AAhz,BBfy,CCjk,DDhl,42
AAhz,BBfr,CCjk,DDhl,72
AAfq,BBhx,CCjk,DDhl,16
AAfq,BBcn,CCjk,DDhl,4
AAfq,BBkp,CCjk,DDhl,56
AAhz,BBfy,CCjk,DDfh,33
AAhz,BBfr,CCjk,DDfh,88
AAfq,BBhx,CCjk,DDfh,80
AAfq,BBcn,CCjk,DDfh,59
AAfq,BBkp,CCjk,DDfh,23
AAhz,BBfy,CCjk,DDdt,19
AAhz,BBfr,CCjk,DDdt,45
AAfq,BBhx,CCjk,DDdt,35
AAfq,BBcn,CCjk,DDdt,63
AAfq,BBkp,CCjk,DDdt,28

