AA,BB,CC,DD,Value
AA,BB,CC,DD,Value
AAbgm,BBjlz,CCstx,DDlvz,49
AAbgm,BBjnp,CCstx,DDlvz,37
AAfmz,BBchx,CCstx,DDlvz,82
AAfmz,BBfjy,CCstx,DDlvz,43
AAvwx,BBknv,CCstx,DDlvz,36
AAvwx,BBbds,CCstx,DDlvz,32
AAbgm,BBjlz,CCstx,DDlny,72
AAbgm,BBjnp,CCstx,DDlny,44
AAfmz,BBchx,CCstx,DDlny,96
AAfmz,BBfjy,CCstx,DDlny,75
AAvwx,BBknv,CCstx,DDlny,47
AAvwx,BBbds,CCstx,DDlny,18
AAbgm,BBjlz,CCstx,DDjrs,30
AAbgm,BBjnp,CCstx,DDjrs,34
AAfmz,BBchx,CCstx,DDjrs,95
AAfmz,BBfjy,CCstx,DDjrs,12
AAvwx,BBknv,CCstx,DDjrs,10
AAvwx,BBbds,CCstx,DDjrs,13
AAbgm,BBjlz,CCfhk,DDdtw,66
AAbgm,BBjnp,CCfhk,DDdtw,55
AAfmz,BBchx,CCfhk,DDdtw,99
AAfmz,BBfjy,CCfhk,DDdtw,27
AAvwx,BBknv,CCfhk,DDdtw,89
AAvwx,BBbds,CCfhk,DDdtw,38
AAbgm,BBjlz,CCfhk,DDksx,52
AAbgm,BBjnp,CCfhk,DDksx,94
AAfmz,BBchx,CCfhk,DDksx,59
AAfmz,BBfjy,CCfhk,DDksx,79
AAvwx,BBknv,CCfhk,DDksx,46
AAvwx,BBbds,CCfhk,DDksx,62
AAbgm,BBjlz,CCfhk,DDmsv,1
AAbgm,BBjnp,CCfhk,DDmsv,7
AAfmz,BBchx,CCfhk,DDmsv,80
AAfmz,BBfjy,CCfhk,DDmsv,57
AAvwx,BBknv,CCfhk,DDmsv,4
AAvwx,BBbds,CCfhk,DDmsv,87
AAbgm,BBjlz,CCfgj,DDhty,84
AAbgm,BBjnp,CCfgj,DDhty,9
AAfmz,BBchx,CCfgj,DDhty,56
AAfmz,BBfjy,CCfgj,DDhty,15
AAvwx,BBknv,CCfgj,DDhty,91
AAvwx,BBbds,CCfgj,DDhty,11
AAbgm,BBjlz,CCfgj,DDlpx,70
AAbgm,BBjnp,CCfgj,DDlpx,50
AAfmz,BBchx,CCfgj,DDlpx,100
AAfmz,BBfjy,CCfgj,DDlpx,69
AAvwx,BBknv,CCfgj,DDlpx,3
AAvwx,BBbds,CCfgj,DDlpx,85
AAbgm,BBjlz,CCfgj,DDcxz,86
AAbgm,BBjnp,CCfgj,DDcxz,83
AAfmz,BBchx,CCfgj,DDcxz,17
AAfmz,BBfjy,CCfgj,DDcxz,78
AAvwx,BBknv,CCfgj,DDcxz,26
AAvwx,BBbds,CCfgj,DDcxz,2

