Type of building,Usage,Quarter,Month,Value
Type_of_building,Usage,Quarter,Month,Value
Culture,Museum,Q2,May,68
Culture,Theatre,Q2,May,96
Culture,Concert,Q2,May,60
Service,Hospital,Q2,May,47
Service,Administration,Q2,May,20
Culture,Museum,Q2,June,34
Culture,Theatre,Q2,June,94
Culture,Concert,Q2,June,23
Service,Hospital,Q2,June,57
Service,Administration,Q2,June,62
Culture,Museum,Q3,August,19
Culture,Theatre,Q3,August,78
Culture,Concert,Q3,August,35
Service,Hospital,Q3,August,53
Service,Administration,Q3,August,44
Culture,Museum,Q3,September,100
Culture,Theatre,Q3,September,97
Culture,Concert,Q3,September,49
Service,Hospital,Q3,September,30
Service,Administration,Q3,September,67
Culture,Museum,Q4,November,3
Culture,Theatre,Q4,November,6
Culture,Concert,Q4,November,37
Service,Hospital,Q4,November,36
Service,Administration,Q4,November,66
Culture,Museum,Q4,December,13
Culture,Theatre,Q4,December,84
Culture,Concert,Q4,December,89
Service,Hospital,Q4,December,7
Service,Administration,Q4,December,61
