{
"filename": "Number_of_constructions_set4_3_DB.csv",
"questions": [{"name": "template 1",
 "sql": "SELECT Value FROM DBdata WHERE ((AA = 'AAmn' AND BB = 'BBcp')) AND ((CC = 'CCvz' AND DD = 'DDgz'))",
 "sqlResult": "{11}",
 "nlq": "What is the number of BBcp buildings in DDgz?"},
{"name": "template 2",
 "sql": "SELECT Value FROM DBdata WHERE ((AA = 'AAmn' AND BB = 'BBnq')) AND ((CC = 'CCvz' AND DD = 'DDdk') OR (CC = 'CCvz' AND DD = 'DDdm') OR (CC = 'CCln' AND DD = 'DDbf') OR (CC = 'CCln' AND DD = 'DDhw') OR (CC = 'CCln' AND DD = 'DDfl'))",
 "sqlResult": "{47} || {90} || {53} || {37} || {85}",
 "nlq": "What is the number of BBnq buildings in DDhw, DDbf, DDdm, DDdk, or DDfl?"},
{"name": "template 3",
 "sql": "SELECT Value FROM DBdata WHERE ((AA = 'AAbj' AND BB = 'BBgq') OR (AA = 'AAbj' AND BB = 'BBcz') OR (AA = 'AAbj' AND BB = 'BBfh') OR (AA = 'AAmn' AND BB = 'BBnq') OR (AA = 'AAmn' AND BB = 'BBtx') OR (AA = 'AAmn' AND BB = 'BBcp')) AND ((CC = 'CCvz' AND DD = 'DDgz'))",
 "sqlResult": "{61} || {25} || {29} || {80} || {52} || {11}",
 "nlq": "What is the number of BBtx, BBfh, BBnq, BBcp, BBgq, or BBcz buildings in DDgz?"},
{"name": "template 4",
 "sql": "SELECT sum(Value),avg(Value) FROM DBdata WHERE ((AA = 'AAbj' AND BB = 'BBgq') OR (AA = 'AAmn' AND BB = 'BBnq') OR (AA = 'AAmn' AND BB = 'BBtx') OR (AA = 'AAmn' AND BB = 'BBcp')) AND ((CC = 'CCln' AND DD = 'DDhw'))",
 "sqlResult": "{234 | 58.5}",
 "nlq": "What are the total and average numbers of BBtx, BBnq, BBcp, or BBgq buildings in DDhw?"},
{"name": "template 6",
 "sql": "SELECT Value FROM DBdata WHERE ((AA = 'AAbj' AND BB = 'BBfh') OR (AA = 'AAmn' AND BB = 'BBnq')) AND ((CC = 'CCvz' AND DD = 'DDgz') OR (CC = 'CCvz' AND DD = 'DDdm') OR (CC = 'CCln' AND DD = 'DDbf') OR (CC = 'CCln' AND DD = 'DDfl'))",
 "sqlResult": "{29} || {80} || {65} || {90} || {59} || {53} || {62} || {85}",
 "nlq": "What is the number of BBfh or BBnq buildings in DDgz, DDbf, DDdm, or DDfl?"},
{"name": "template 7",
 "sql": "SELECT avg(Value),sum(Value) FROM DBdata WHERE ((AA = 'AAbj' AND BB = 'BBfh')) AND ((CC = 'CCvz' AND DD = 'DDgz') OR (CC = 'CCvz' AND DD = 'DDdk') OR (CC = 'CCvz' AND DD = 'DDdm') OR (CC = 'CCln' AND DD = 'DDbf') OR (CC = 'CCln' AND DD = 'DDhw'))",
 "sqlResult": "{45.2 | 226}",
 "nlq": "What are the average and total numbers of BBfh buildings in DDgz, DDhw, DDbf, DDdm, or DDdk?"},
{"name": "template 8",
 "sql": "SELECT AA,BB,max(Value),min(Value) FROM DBdata WHERE ((AA = 'AAbj' AND BB = 'BBgq') OR (AA = 'AAbj' AND BB = 'BBcz') OR (AA = 'AAbj' AND BB = 'BBfh') OR (AA = 'AAmn' AND BB = 'BBtx') OR (AA = 'AAmn' AND BB = 'BBcp')) AND ((CC = 'CCvz' AND DD = 'DDgz') OR (CC = 'CCvz' AND DD = 'DDdk') OR (CC = 'CCln' AND DD = 'DDbf') OR (CC = 'CCln' AND DD = 'DDhw') OR (CC = 'CCln' AND DD = 'DDfl')) GROUP BY AA,BB",
 "sqlResult": "{AAbj | BBfh | 62 | 23} || {AAbj | BBgq | 93 | 17} || {AAbj | BBcz | 84 | 5} || {AAmn | BBtx | 86 | 26} || {AAmn | BBcp | 79 | 11}",
 "nlq": "What are the maximum and minimum numbers for each AA and BB, of BBtx, BBfh, BBcp, BBgq, or BBcz buildings in DDgz, DDhw, DDbf, DDdk, or DDfl? Please, report the corresponding AA and BB."},
{"name": "template 9",
 "sql": "SELECT min(Value) FROM DBdata WHERE ((AA = 'AAmn' AND BB = 'BBtx')) AND (CC IN ('CCvz','CCln')) GROUP BY CC",
 "sqlResult": "{31} || {26}",
 "nlq": "What is the minimum number for each CC, of BBtx buildings in CCvz or CCln?"},
{"name": "template 10",
 "sql": "SELECT CC,sum(Value) FROM DBdata WHERE ((AA = 'AAmn' AND BB = 'BBcp')) AND (CC IN ('CCvz','CCln')) GROUP BY CC",
 "sqlResult": "{CCvz | 179} || {CCln | 111}",
 "nlq": "What is the total number for each CC, of BBcp buildings in CCvz or CCln? Please, report the corresponding CC."},
{"name": "template 11",
 "sql": "SELECT CC,AA,BB,max(Value) FROM DBdata WHERE ((AA = 'AAmn' AND BB = 'BBnq') OR (AA = 'AAmn' AND BB = 'BBcp')) AND (CC IN ('CCvz','CCln')) GROUP BY CC,AA,BB",
 "sqlResult": "{CCvz | AAmn | BBnq | 90} || {CCvz | AAmn | BBcp | 89} || {CCln | AAmn | BBnq | 85} || {CCln | AAmn | BBcp | 63}",
 "nlq": "What is the maximum number for each CC, AA, and BB, of BBnq or BBcp buildings in CCvz or CCln? Please, report the corresponding CC, AA, and BB."},
{"name": "template 12",
 "sql": "SELECT Value FROM DBdata WHERE ((AA = 'AAbj' AND BB = 'BBcz')) AND (CC IN ('CCvz','CCln')) ORDER BY VALUE ASC LIMIT 4",
 "sqlResult": "{5} || {21} || {25} || {39}",
 "nlq": "What are the bottom 4 numbers of BBcz buildings in CCvz or CCln?"},
{"name": "template 13",
 "sql": "SELECT Value FROM DBdata WHERE ((AA = 'AAbj' AND BB = 'BBgq')) AND (CC IN ('CCvz','CCln')) ORDER BY VALUE DESC",
 "sqlResult": "{93} || {77} || {61} || {60} || {17} || {1}",
 "nlq": "What are the numbers ordered by descending values of BBgq buildings in CCvz or CCln?"},
{"name": "template 14",
 "sql": "SELECT CC,DD FROM DBdata WHERE ((AA = 'AAbj' AND BB = 'BBcz')) AND Value < 51",
 "sqlResult": "{CCvz | DDgz} || {CCvz | DDdk} || {CCvz | DDdm} || {CCln | DDhw}",
 "nlq": "What are the CC and DD for which the number of BBcz buildings is lower than 51?"},
{"name": "template 15",
 "sql": "SELECT CC,DD,Value FROM DBdata WHERE ((AA = 'AAmn' AND BB = 'BBnq')) AND (CC,DD) IN (SELECT CC,DD FROM DBdata WHERE ((AA = 'AAbj' AND BB = 'BBcz')) AND Value < 51)",
 "sqlResult": "{CCvz | DDgz | 80} || {CCvz | DDdk | 47} || {CCvz | DDdm | 90} || {CCln | DDhw | 37}",
 "nlq": "What is the number of BBnq buildings in CC and in DD for which the number of BBcz buildings is lower than 51? Please, report the corresponding CC, DD, and number of buildings."}]
}

