AA,BB,CC,DD,Value
AA,BB,CC,DD,Value
AAcy,BBdy,CCmx,DDdj,81
AAcy,BBns,CCmx,DDdj,5
AAgk,BBgp,CCmx,DDdj,40
AAgk,BBjy,CCmx,DDdj,10
AAcy,BBdy,CCmx,DDbs,14
AAcy,BBns,CCmx,DDbs,29
AAgk,BBgp,CCmx,DDbs,36
AAgk,BBjy,CCmx,DDbs,9
AAcy,BBdy,CCmx,DDcn,78
AAcy,BBns,CCmx,DDcn,28
AAgk,BBgp,CCmx,DDcn,50
AAgk,BBjy,CCmx,DDcn,16
AAcy,BBdy,CCnp,DDch,41
AAcy,BBns,CCnp,DDch,80
AAgk,BBgp,CCnp,DDch,65
AAgk,BBjy,CCnp,DDch,75
AAcy,BBdy,CCnp,DDbm,26
AAcy,BBns,CCnp,DDbm,0
AAgk,BBgp,CCnp,DDbm,22
AAgk,BBjy,CCnp,DDbm,63
AAcy,BBdy,CCnp,DDjx,39
AAcy,BBns,CCnp,DDjx,69
AAgk,BBgp,CCnp,DDjx,48
AAgk,BBjy,CCnp,DDjx,6

