Type of building,Usage,Quarter,Month,Value
Type_of_building,Usage,Quarter,Month,Value
Production,Workshop,Q1,January,65
Production,Factory,Q1,January,68
Culture,Museum,Q1,January,4
Culture,Theatre,Q1,January,75
Culture,Concert,Q1,January,92
Service,Hospital,Q1,January,84
Service,Administration,Q1,January,54
Service,Library,Q1,January,59
Production,Workshop,Q1,February,2
Production,Factory,Q1,February,67
Culture,Museum,Q1,February,56
Culture,Theatre,Q1,February,86
Culture,Concert,Q1,February,98
Service,Hospital,Q1,February,44
Service,Administration,Q1,February,15
Service,Library,Q1,February,3
Production,Workshop,Q2,April,38
Production,Factory,Q2,April,69
Culture,Museum,Q2,April,93
Culture,Theatre,Q2,April,19
Culture,Concert,Q2,April,64
Service,Hospital,Q2,April,81
Service,Administration,Q2,April,87
Service,Library,Q2,April,95
Production,Workshop,Q2,May,20
Production,Factory,Q2,May,12
Culture,Museum,Q2,May,33
Culture,Theatre,Q2,May,42
Culture,Concert,Q2,May,35
Service,Hospital,Q2,May,47
Service,Administration,Q2,May,45
Service,Library,Q2,May,17
Production,Workshop,Q2,June,94
Production,Factory,Q2,June,11
Culture,Museum,Q2,June,49
Culture,Theatre,Q2,June,66
Culture,Concert,Q2,June,70
Service,Hospital,Q2,June,78
Service,Administration,Q2,June,72
Service,Library,Q2,June,61
Production,Workshop,Q3,July,36
Production,Factory,Q3,July,76
Culture,Museum,Q3,July,96
Culture,Theatre,Q3,July,77
Culture,Concert,Q3,July,83
Service,Hospital,Q3,July,32
Service,Administration,Q3,July,1
Service,Library,Q3,July,0
Production,Workshop,Q3,August,29
Production,Factory,Q3,August,21
Culture,Museum,Q3,August,23
Culture,Theatre,Q3,August,50
Culture,Concert,Q3,August,97
Service,Hospital,Q3,August,46
Service,Administration,Q3,August,43
Service,Library,Q3,August,14
Production,Workshop,Q3,September,16
Production,Factory,Q3,September,62
Culture,Museum,Q3,September,27
Culture,Theatre,Q3,September,22
Culture,Concert,Q3,September,26
Service,Hospital,Q3,September,30
Service,Administration,Q3,September,73
Service,Library,Q3,September,5
