Type of building,Usage,Quarter,Month,Value
Type_of_building,Usage,Quarter,Month,Value
Culture,Museum,Q2,April,61
Culture,Theatre,Q2,April,25
Culture,Concert,Q2,April,29
Service,Hospital,Q2,April,80
Service,Administration,Q2,April,52
Service,Library,Q2,April,11
Culture,Museum,Q2,May,17
Culture,Theatre,Q2,May,5
Culture,Concert,Q2,May,23
Service,Hospital,Q2,May,47
Service,Administration,Q2,May,86
Service,Library,Q2,May,79
Culture,Museum,Q2,June,1
Culture,Theatre,Q2,June,39
Culture,Concert,Q2,June,65
Service,Hospital,Q2,June,90
Service,Administration,Q2,June,31
Service,Library,Q2,June,89
Culture,Museum,Q3,July,93
Culture,Theatre,Q3,July,58
Culture,Concert,Q3,July,59
Service,Hospital,Q3,July,53
Service,Administration,Q3,July,73
Service,Library,Q3,July,16
Culture,Museum,Q3,August,77
Culture,Theatre,Q3,August,21
Culture,Concert,Q3,August,50
Service,Hospital,Q3,August,37
Service,Administration,Q3,August,57
Service,Library,Q3,August,63
Culture,Museum,Q3,September,60
Culture,Theatre,Q3,September,84
Culture,Concert,Q3,September,62
Service,Hospital,Q3,September,85
Service,Administration,Q3,September,26
Service,Library,Q3,September,32
