{
"filename": "Number_of_constructions_set7_4_DB.csv",
"questions": [{"name": "template 1",
 "sql": "SELECT Value FROM DBdata WHERE ((Type_of_building = 'Residential' AND Usage = 'Apartment')) AND ((Quarter = 'Q1' AND Month = 'February'))",
 "sqlResult": "{98}",
 "nlq": "What is the number of Apartment buildings in February?"},
{"name": "template 2",
 "sql": "SELECT Value FROM DBdata WHERE ((Type_of_building = 'Residential' AND Usage = 'Hotel')) AND ((Quarter = 'Q1' AND Month = 'January') OR (Quarter = 'Q2' AND Month = 'April'))",
 "sqlResult": "{86} || {5}",
 "nlq": "What is the number of Hotel buildings in April or January?"},
{"name": "template 3",
 "sql": "SELECT Value FROM DBdata WHERE ((Type_of_building = 'Residential' AND Usage = 'Hotel') OR (Type_of_building = 'Culture' AND Usage = 'Theatre')) AND ((Quarter = 'Q2' AND Month = 'May'))",
 "sqlResult": "{11} || {45}",
 "nlq": "What is the number of Hotel or Theatre buildings in May?"},
{"name": "template 4",
 "sql": "SELECT sum(Value),avg(Value) FROM DBdata WHERE ((Type_of_building = 'Residential' AND Usage = 'Hotel') OR (Type_of_building = 'Culture' AND Usage = 'Theatre')) AND ((Quarter = 'Q2' AND Month = 'April'))",
 "sqlResult": "{68 | 34}",
 "nlq": "What are the total and average numbers of Hotel or Theatre buildings in April?"},
{"name": "template 6",
 "sql": "SELECT Value FROM DBdata WHERE ((Type_of_building = 'Production' AND Usage = 'Factory') OR (Type_of_building = 'Culture' AND Usage = 'Concert')) AND ((Quarter = 'Q1' AND Month = 'February') OR (Quarter = 'Q2' AND Month = 'April') OR (Quarter = 'Q2' AND Month = 'May'))",
 "sqlResult": "{97} || {74} || {28} || {7} || {83} || {14}",
 "nlq": "What is the number of Concert or Factory buildings in April, February, or May?"},
{"name": "template 7",
 "sql": "SELECT avg(Value),sum(Value) FROM DBdata WHERE ((Type_of_building = 'Production' AND Usage = 'Factory')) AND ((Quarter = 'Q1' AND Month = 'January') OR (Quarter = 'Q2' AND Month = 'April'))",
 "sqlResult": "{27.5 | 55}",
 "nlq": "What are the average and total numbers of Factory buildings in April or January?"},
{"name": "template 8",
 "sql": "SELECT Type_of_building,Usage,avg(Value),max(Value) FROM DBdata WHERE ((Type_of_building = 'Residential' AND Usage = 'Apartment') OR (Type_of_building = 'Residential' AND Usage = 'Hotel') OR (Type_of_building = 'Production' AND Usage = 'Workshop') OR (Type_of_building = 'Culture' AND Usage = 'Theatre') OR (Type_of_building = 'Culture' AND Usage = 'Concert')) AND ((Quarter = 'Q1' AND Month = 'January') OR (Quarter = 'Q2' AND Month = 'April')) GROUP BY Type_of_building,Usage",
 "sqlResult": "{Culture | Concert | 24 | 41} || {Culture | Theatre | 44.5 | 63} || {Production | Workshop | 46 | 49} || {Residential | Apartment | 34 | 38} || {Residential | Hotel | 45.5 | 86}",
 "nlq": "What are the average and maximum numbers for each Type of building and Usage, of Apartment, Concert, Hotel, Theatre, or Workshop buildings in April or January? Please, report the corresponding Type of building and Usage."},
{"name": "template 9",
 "sql": "SELECT min(Value) FROM DBdata WHERE ((Type_of_building = 'Residential' AND Usage = 'Apartment')) AND (Quarter IN ('Q1','Q2')) GROUP BY Quarter",
 "sqlResult": "{30} || {15}",
 "nlq": "What is the minimum number for each Quarter, of Apartment buildings in Q1 or Q2?"},
{"name": "template 10",
 "sql": "SELECT Quarter,max(Value) FROM DBdata WHERE ((Type_of_building = 'Production' AND Usage = 'Factory')) AND (Quarter IN ('Q1','Q2')) GROUP BY Quarter",
 "sqlResult": "{Q1 | 97} || {Q2 | 83}",
 "nlq": "What is the maximum number for each Quarter, of Factory buildings in Q1 or Q2? Please, report the corresponding Quarter."},
{"name": "template 11",
 "sql": "SELECT Quarter,Type_of_building,Usage,sum(Value) FROM DBdata WHERE ((Type_of_building = 'Residential' AND Usage = 'Hotel') OR (Type_of_building = 'Production' AND Usage = 'Workshop')) AND (Quarter IN ('Q1','Q2')) GROUP BY Quarter,Type_of_building,Usage",
 "sqlResult": "{Q1 | Production | Workshop | 139} || {Q1 | Residential | Hotel | 167} || {Q2 | Production | Workshop | 63} || {Q2 | Residential | Hotel | 16}",
 "nlq": "What is the total number for each Quarter, Type of building, and Usage, of Hotel or Workshop buildings in Q1 or Q2? Please, report the corresponding Quarter, Type of building, and Usage."},
{"name": "template 12",
 "sql": "SELECT Value FROM DBdata WHERE ((Type_of_building = 'Residential' AND Usage = 'Apartment')) AND (Quarter IN ('Q1','Q2')) ORDER BY VALUE ASC LIMIT 3",
 "sqlResult": "{15} || {30} || {38}",
 "nlq": "What are the bottom 3 numbers of Apartment buildings in Q1 or Q2?"},
{"name": "template 13",
 "sql": "SELECT Value FROM DBdata WHERE ((Type_of_building = 'Production' AND Usage = 'Workshop')) AND (Quarter IN ('Q1','Q2')) ORDER BY VALUE DESC",
 "sqlResult": "{90} || {49} || {43} || {20}",
 "nlq": "What are the numbers ordered by descending values of Workshop buildings in Q1 or Q2?"},
{"name": "template 14",
 "sql": "SELECT Quarter,Month FROM DBdata WHERE ((Type_of_building = 'Production' AND Usage = 'Workshop')) AND Value > 44.62",
 "sqlResult": "{Q1 | January} || {Q1 | February}",
 "nlq": "What are the Quarter and Month for which the number of Workshop buildings is greater than 44.62?"},
{"name": "template 15",
 "sql": "SELECT Quarter,Month,Value FROM DBdata WHERE ((Type_of_building = 'Residential' AND Usage = 'Apartment')) AND (Quarter,Month) IN (SELECT Quarter,Month FROM DBdata WHERE ((Type_of_building = 'Production' AND Usage = 'Workshop')) AND Value > 44.62)",
 "sqlResult": "{Q1 | January | 30} || {Q1 | February | 98}",
 "nlq": "What is the number of Apartment buildings in Quarter and in Month for which the number of Workshop buildings is greater than 44.62? Please, report the corresponding Quarter, Month, and number of buildings."}]
}
