{
"filename": "Number_of_constructions_set1_4_DB.csv",
"questions": [{"name": "template 1",
 "sql": "SELECT Value FROM DBdata WHERE ((AA = 'AAtv' AND BB = 'BBmw')) AND ((CC = 'CCmz' AND DD = 'DDfp'))",
 "sqlResult": "{24}",
 "nlq": "What is the number of BBmw buildings in DDfp?"},
{"name": "template 2",
 "sql": "SELECT Value FROM DBdata WHERE ((AA = 'AAtv' AND BB = 'BBms')) AND ((CC = 'CCmz' AND DD = 'DDfp') OR (CC = 'CCmz' AND DD = 'DDcy') OR (CC = 'CCfl' AND DD = 'DDmt'))",
 "sqlResult": "{4} || {79} || {91}",
 "nlq": "What is the number of BBms buildings in DDfp, DDmt, or DDcy?"},
{"name": "template 3",
 "sql": "SELECT Value FROM DBdata WHERE ((AA = 'AAbk' AND BB = 'BBgw') OR (AA = 'AAtv' AND BB = 'BBbl') OR (AA = 'AAtv' AND BB = 'BBms') OR (AA = 'AAtv' AND BB = 'BBmw')) AND ((CC = 'CCmz' AND DD = 'DDcy'))",
 "sqlResult": "{53} || {11} || {79} || {86}",
 "nlq": "What is the number of BBmw, BBbl, BBms, or BBgw buildings in DDcy?"},
{"name": "template 4",
 "sql": "SELECT max(Value),avg(Value) FROM DBdata WHERE ((AA = 'AAbk' AND BB = 'BBgw') OR (AA = 'AAtv' AND BB = 'BBbl')) AND ((CC = 'CCfl' AND DD = 'DDlt'))",
 "sqlResult": "{44 | 34.5}",
 "nlq": "What are the maximum and average numbers of BBbl or BBgw buildings in DDlt?"},
{"name": "template 6",
 "sql": "SELECT Value FROM DBdata WHERE ((AA = 'AAbk' AND BB = 'BBny') OR (AA = 'AAtv' AND BB = 'BBmw')) AND ((CC = 'CCmz' AND DD = 'DDfp') OR (CC = 'CCmz' AND DD = 'DDcy') OR (CC = 'CCfl' AND DD = 'DDmt') OR (CC = 'CCfl' AND DD = 'DDcw'))",
 "sqlResult": "{43} || {24} || {90} || {86} || {54} || {58} || {62} || {57}",
 "nlq": "What is the number of BBmw or BBny buildings in DDfp, DDcw, DDmt, or DDcy?"},
{"name": "template 7",
 "sql": "SELECT min(Value),sum(Value) FROM DBdata WHERE ((AA = 'AAbk' AND BB = 'BBny')) AND ((CC = 'CCmz' AND DD = 'DDfp') OR (CC = 'CCmz' AND DD = 'DDcy') OR (CC = 'CCfl' AND DD = 'DDlt') OR (CC = 'CCfl' AND DD = 'DDmt'))",
 "sqlResult": "{43 | 251}",
 "nlq": "What are the minimum and total numbers of BBny buildings in DDfp, DDmt, DDlt, or DDcy?"},
{"name": "template 8",
 "sql": "SELECT AA,BB,avg(Value),max(Value) FROM DBdata WHERE ((AA = 'AAtv' AND BB = 'BBbl') OR (AA = 'AAtv' AND BB = 'BBms')) AND ((CC = 'CCmz' AND DD = 'DDfp') OR (CC = 'CCmz' AND DD = 'DDcy') OR (CC = 'CCfl' AND DD = 'DDlt') OR (CC = 'CCfl' AND DD = 'DDmt') OR (CC = 'CCfl' AND DD = 'DDcw')) GROUP BY AA,BB",
 "sqlResult": "{AAtv | BBbl | 31.4 | 82} || {AAtv | BBms | 58.8 | 91}",
 "nlq": "What are the average and maximum numbers for each AA and BB, of BBbl or BBms buildings in DDfp, DDcw, DDmt, DDlt, or DDcy? Please, report the corresponding AA and BB."},
{"name": "template 9",
 "sql": "SELECT min(Value) FROM DBdata WHERE ((AA = 'AAtv' AND BB = 'BBmw')) AND (CC IN ('CCmz','CCfl')) GROUP BY CC",
 "sqlResult": "{24} || {57}",
 "nlq": "What is the minimum number for each CC, of BBmw buildings in CCmz or CCfl?"},
{"name": "template 10",
 "sql": "SELECT CC,avg(Value) FROM DBdata WHERE ((AA = 'AAtv' AND BB = 'BBbl')) AND (CC IN ('CCmz','CCfl')) GROUP BY CC",
 "sqlResult": "{CCmz | 15.5} || {CCfl | 42}",
 "nlq": "What is the average number for each CC, of BBbl buildings in CCmz or CCfl? Please, report the corresponding CC."},
{"name": "template 11",
 "sql": "SELECT CC,AA,BB,max(Value) FROM DBdata WHERE ((AA = 'AAbk' AND BB = 'BBny') OR (AA = 'AAtv' AND BB = 'BBmw')) AND (CC IN ('CCmz','CCfl')) GROUP BY CC,AA,BB",
 "sqlResult": "{CCmz | AAtv | BBmw | 86} || {CCmz | AAbk | BBny | 90} || {CCfl | AAtv | BBmw | 83} || {CCfl | AAbk | BBny | 64}",
 "nlq": "What is the maximum number for each CC, AA, and BB, of BBmw or BBny buildings in CCmz or CCfl? Please, report the corresponding CC, AA, and BB."},
{"name": "template 12",
 "sql": "SELECT Value FROM DBdata WHERE ((AA = 'AAbk' AND BB = 'BBny')) AND (CC IN ('CCmz','CCfl')) ORDER BY VALUE ASC LIMIT 3",
 "sqlResult": "{43} || {54} || {62}",
 "nlq": "What are the bottom 3 numbers of BBny buildings in CCmz or CCfl?"},
{"name": "template 13",
 "sql": "SELECT Value FROM DBdata WHERE ((AA = 'AAtv' AND BB = 'BBms')) AND (CC IN ('CCmz','CCfl')) ORDER BY VALUE DESC",
 "sqlResult": "{91} || {87} || {79} || {33} || {4}",
 "nlq": "What are the numbers ordered by descending values of BBms buildings in CCmz or CCfl?"},
{"name": "template 14",
 "sql": "SELECT CC,DD FROM DBdata WHERE ((AA = 'AAtv' AND BB = 'BBbl')) AND Value > 52.2",
 "sqlResult": "{CCfl | DDmt}",
 "nlq": "What are the CC and DD for which the number of BBbl buildings is greater than 52.2?"},
{"name": "template 15",
 "sql": "SELECT CC,DD,Value FROM DBdata WHERE ((AA = 'AAtv' AND BB = 'BBmw')) AND (CC,DD) IN (SELECT CC,DD FROM DBdata WHERE ((AA = 'AAtv' AND BB = 'BBbl')) AND Value > 52.2)",
 "sqlResult": "{CCfl | DDmt | 58}",
 "nlq": "What is the number of BBmw buildings in CC and in DD for which the number of BBbl buildings is greater than 52.2? Please, report the corresponding CC, DD, and number of buildings."}]
}

