{
"filename": "Number_of_constructions_set5_4_DB.csv",
"questions": [{"name": "template 1",
 "sql": "SELECT Value FROM DBdata WHERE ((Type_of_building = 'Culture' AND Usage = 'Museum')) AND ((Quarter = 'Q2' AND Month = 'May'))",
 "sqlResult": "{68}",
 "nlq": "What is the number of Museum buildings in May?"},
{"name": "template 2",
 "sql": "SELECT Value FROM DBdata WHERE ((Type_of_building = 'Service' AND Usage = 'Library')) AND ((Quarter = 'Q2' AND Month = 'April') OR (Quarter = 'Q2' AND Month = 'June') OR (Quarter = 'Q3' AND Month = 'July'))",
 "sqlResult": "{28} || {71} || {22}",
 "nlq": "What is the number of Library buildings in April, July, or June?"},
{"name": "template 3",
 "sql": "SELECT Value FROM DBdata WHERE ((Type_of_building = 'Production' AND Usage = 'Workshop') OR (Type_of_building = 'Production' AND Usage = 'Factory') OR (Type_of_building = 'Culture' AND Usage = 'Museum') OR (Type_of_building = 'Culture' AND Usage = 'Theatre') OR (Type_of_building = 'Service' AND Usage = 'Administration')) AND ((Quarter = 'Q2' AND Month = 'June'))",
 "sqlResult": "{67} || {72} || {14} || {17} || {9}",
 "nlq": "What is the number of Administration, Factory, Museum, Theatre, or Workshop buildings in June?"},
{"name": "template 4",
 "sql": "SELECT min(Value),avg(Value) FROM DBdata WHERE ((Type_of_building = 'Production' AND Usage = 'Workshop') OR (Type_of_building = 'Culture' AND Usage = 'Museum') OR (Type_of_building = 'Culture' AND Usage = 'Theatre') OR (Type_of_building = 'Service' AND Usage = 'Administration') OR (Type_of_building = 'Service' AND Usage = 'Library')) AND ((Quarter = 'Q1' AND Month = 'March'))",
 "sqlResult": "{16 | 56}",
 "nlq": "What are the minimum and average numbers of Administration, Library, Museum, Theatre, or Workshop buildings in March?"},
{"name": "template 6",
 "sql": "SELECT Value FROM DBdata WHERE ((Type_of_building = 'Production' AND Usage = 'Workshop') OR (Type_of_building = 'Production' AND Usage = 'Factory') OR (Type_of_building = 'Culture' AND Usage = 'Theatre') OR (Type_of_building = 'Service' AND Usage = 'Library')) AND ((Quarter = 'Q2' AND Month = 'April') OR (Quarter = 'Q2' AND Month = 'May') OR (Quarter = 'Q2' AND Month = 'June') OR (Quarter = 'Q3' AND Month = 'July'))",
 "sqlResult": "{0} || {21} || {59} || {28} || {83} || {84} || {52} || {12} || {67} || {72} || {17} || {71} || {64} || {58} || {19} || {22}",
 "nlq": "What is the number of Factory, Library, Theatre, or Workshop buildings in April, July, June, or May?"},
{"name": "template 7",
 "sql": "SELECT max(Value),min(Value) FROM DBdata WHERE ((Type_of_building = 'Culture' AND Usage = 'Theatre')) AND ((Quarter = 'Q1' AND Month = 'February') OR (Quarter = 'Q1' AND Month = 'March') OR (Quarter = 'Q2' AND Month = 'April') OR (Quarter = 'Q2' AND Month = 'May') OR (Quarter = 'Q3' AND Month = 'August'))",
 "sqlResult": "{59 | 3}",
 "nlq": "What are the maximum and minimum numbers of Theatre buildings in April, August, February, March, or May?"},
{"name": "template 8",
 "sql": "SELECT Type_of_building,Usage,avg(Value),min(Value) FROM DBdata WHERE ((Type_of_building = 'Production' AND Usage = 'Factory') OR (Type_of_building = 'Service' AND Usage = 'Library')) AND ((Quarter = 'Q1' AND Month = 'March') OR (Quarter = 'Q2' AND Month = 'April') OR (Quarter = 'Q3' AND Month = 'August')) GROUP BY Type_of_building,Usage",
 "sqlResult": "{Production | Factory | 19.67 | 6} || {Service | Library | 30.67 | 4}",
 "nlq": "What are the average and minimum numbers for each Type of building and Usage, of Factory or Library buildings in April, August, or March? Please, report the corresponding Type of building and Usage."},
{"name": "template 9",
 "sql": "SELECT min(Value) FROM DBdata WHERE ((Type_of_building = 'Production' AND Usage = 'Factory')) AND (Quarter IN ('Q1','Q2','Q3')) GROUP BY Quarter",
 "sqlResult": "{32} || {21} || {6}",
 "nlq": "What is the minimum number for each Quarter, of Factory buildings in Q1, Q2, or Q3?"},
{"name": "template 10",
 "sql": "SELECT Quarter,max(Value) FROM DBdata WHERE ((Type_of_building = 'Production' AND Usage = 'Factory')) AND (Quarter IN ('Q1','Q2','Q3')) GROUP BY Quarter",
 "sqlResult": "{Q1 | 42} || {Q2 | 84} || {Q3 | 58}",
 "nlq": "What is the maximum number for each Quarter, of Factory buildings in Q1, Q2, or Q3? Please, report the corresponding Quarter."},
{"name": "template 11",
 "sql": "SELECT Quarter,Type_of_building,Usage,min(Value) FROM DBdata WHERE ((Type_of_building = 'Production' AND Usage = 'Factory') OR (Type_of_building = 'Culture' AND Usage = 'Museum') OR (Type_of_building = 'Service' AND Usage = 'Administration')) AND (Quarter IN ('Q1','Q2','Q3')) GROUP BY Quarter,Type_of_building,Usage",
 "sqlResult": "{Q1 | Culture | Museum | 13} || {Q1 | Production | Factory | 32} || {Q1 | Service | Administration | 8} || {Q2 | Culture | Museum | 14} || {Q2 | Production | Factory | 21} || {Q2 | Service | Administration | 9} || {Q3 | Culture | Museum | 27} || {Q3 | Production | Factory | 6} || {Q3 | Service | Administration | 63}",
 "nlq": "What is the minimum number for each Quarter, Type of building, and Usage, of Administration, Factory, or Museum buildings in Q1, Q2, or Q3? Please, report the corresponding Quarter, Type of building, and Usage."},
{"name": "template 12",
 "sql": "SELECT Value FROM DBdata WHERE ((Type_of_building = 'Production' AND Usage = 'Workshop')) AND (Quarter IN ('Q1','Q3')) ORDER BY VALUE DESC LIMIT 3",
 "sqlResult": "{85} || {64} || {45}",
 "nlq": "What are the top 3 numbers of Workshop buildings in Q1 or Q3?"},
{"name": "template 13",
 "sql": "SELECT Value FROM DBdata WHERE ((Type_of_building = 'Production' AND Usage = 'Factory')) AND (Quarter IN ('Q2','Q3')) ORDER BY VALUE ASC",
 "sqlResult": "{6} || {21} || {58} || {72} || {84}",
 "nlq": "What are the numbers ordered by ascending values of Factory buildings in Q2 or Q3?"},
{"name": "template 14",
 "sql": "SELECT Quarter,Month FROM DBdata WHERE ((Type_of_building = 'Production' AND Usage = 'Workshop')) AND Value > 43.42",
 "sqlResult": "{Q1 | January} || {Q2 | May} || {Q2 | June} || {Q3 | July} || {Q3 | August}",
 "nlq": "What are the Quarter and Month for which the number of Workshop buildings is greater than 43.42?"},
{"name": "template 15",
 "sql": "SELECT Quarter,Month,Value FROM DBdata WHERE ((Type_of_building = 'Service' AND Usage = 'Administration')) AND (Quarter,Month) IN (SELECT Quarter,Month FROM DBdata WHERE ((Type_of_building = 'Production' AND Usage = 'Workshop')) AND Value > 43.42)",
 "sqlResult": "{Q1 | January | 8} || {Q2 | May | 53} || {Q2 | June | 9} || {Q3 | July | 92} || {Q3 | August | 63}",
 "nlq": "What is the number of Administration buildings in Quarter and in Month for which the number of Workshop buildings is greater than 43.42? Please, report the corresponding Quarter, Month, and number of buildings."}]
}
