AA,BB,CC,DD,Value
AA,BB,CC,DD,Value
AAlw,BBfn,CCkt,DDms,64
AAlw,BBmy,CCkt,DDms,21
AAlw,BBry,CCkt,DDms,75
AAny,BBgx,CCkt,DDms,82
AAny,BBsx,CCkt,DDms,47
AAwz,BBks,CCkt,DDms,29
AAwz,BBds,CCkt,DDms,57
AAlw,BBfn,CCkt,DDlt,39
AAlw,BBmy,CCkt,DDlt,66
AAlw,BBry,CCkt,DDlt,0
AAny,BBgx,CCkt,DDlt,4
AAny,BBsx,CCkt,DDlt,79
AAwz,BBks,CCkt,DDlt,99
AAwz,BBds,CCkt,DDlt,2
AAlw,BBfn,CCft,DDpz,7
AAlw,BBmy,CCft,DDpz,43
AAlw,BBry,CCft,DDpz,1
AAny,BBgx,CCft,DDpz,35
AAny,BBsx,CCft,DDpz,30
AAwz,BBks,CCft,DDpz,84
AAwz,BBds,CCft,DDpz,45
AAlw,BBfn,CCft,DDjz,63
AAlw,BBmy,CCft,DDjz,55
AAlw,BBry,CCft,DDjz,10
AAny,BBgx,CCft,DDjz,9
AAny,BBsx,CCft,DDjz,3
AAwz,BBks,CCft,DDjz,50
AAwz,BBds,CCft,DDjz,93
AAlw,BBfn,CCft,DDfp,67
AAlw,BBmy,CCft,DDfp,19
AAlw,BBry,CCft,DDfp,88
AAny,BBgx,CCft,DDfp,52
AAny,BBsx,CCft,DDfp,62
AAwz,BBks,CCft,DDfp,71
AAwz,BBds,CCft,DDfp,54

