{
"filename": "Number_of_constructions_set2_5_DB.csv",
"questions": [{"name": "template 1",
 "sql": "SELECT Value FROM DBdata WHERE ((AA = 'AAny' AND BB = 'BBsx')) AND ((CC = 'CCft' AND DD = 'DDpz'))",
 "sqlResult": "{30}",
 "nlq": "What is the number of BBsx buildings in DDpz?"},
{"name": "template 2",
 "sql": "SELECT Value FROM DBdata WHERE ((AA = 'AAny' AND BB = 'BBgx')) AND ((CC = 'CCft' AND DD = 'DDpz') OR (CC = 'CCft' AND DD = 'DDjz') OR (CC = 'CCft' AND DD = 'DDfp'))",
 "sqlResult": "{35} || {9} || {52}",
 "nlq": "What is the number of BBgx buildings in DDjz, DDpz, or DDfp?"},
{"name": "template 3",
 "sql": "SELECT Value FROM DBdata WHERE ((AA = 'AAlw' AND BB = 'BBry') OR (AA = 'AAny' AND BB = 'BBgx') OR (AA = 'AAwz' AND BB = 'BBks')) AND ((CC = 'CCkt' AND DD = 'DDlt'))",
 "sqlResult": "{0} || {4} || {99}",
 "nlq": "What is the number of BBry, BBks, or BBgx buildings in DDlt?"},
{"name": "template 4",
 "sql": "SELECT min(Value),sum(Value) FROM DBdata WHERE ((AA = 'AAlw' AND BB = 'BBfn') OR (AA = 'AAlw' AND BB = 'BBmy') OR (AA = 'AAlw' AND BB = 'BBry') OR (AA = 'AAny' AND BB = 'BBsx') OR (AA = 'AAwz' AND BB = 'BBks') OR (AA = 'AAwz' AND BB = 'BBds')) AND ((CC = 'CCkt' AND DD = 'DDlt'))",
 "sqlResult": "{0 | 285}",
 "nlq": "What are the minimum and total numbers of BBmy, BBds, BBsx, BBry, BBfn, or BBks buildings in DDlt?"},
{"name": "template 6",
 "sql": "SELECT Value FROM DBdata WHERE ((AA = 'AAlw' AND BB = 'BBfn') OR (AA = 'AAny' AND BB = 'BBgx')) AND ((CC = 'CCkt' AND DD = 'DDms') OR (CC = 'CCft' AND DD = 'DDpz') OR (CC = 'CCft' AND DD = 'DDjz') OR (CC = 'CCft' AND DD = 'DDfp'))",
 "sqlResult": "{64} || {82} || {7} || {35} || {63} || {9} || {67} || {52}",
 "nlq": "What is the number of BBfn or BBgx buildings in DDjz, DDpz, DDms, or DDfp?"},
{"name": "template 7",
 "sql": "SELECT min(Value),max(Value) FROM DBdata WHERE ((AA = 'AAwz' AND BB = 'BBds')) AND ((CC = 'CCkt' AND DD = 'DDlt') OR (CC = 'CCft' AND DD = 'DDjz'))",
 "sqlResult": "{2 | 93}",
 "nlq": "What are the minimum and maximum numbers of BBds buildings in DDjz or DDlt?"},
{"name": "template 8",
 "sql": "SELECT AA,BB,min(Value),max(Value) FROM DBdata WHERE ((AA = 'AAlw' AND BB = 'BBry') OR (AA = 'AAny' AND BB = 'BBsx')) AND ((CC = 'CCkt' AND DD = 'DDms') OR (CC = 'CCkt' AND DD = 'DDlt') OR (CC = 'CCft' AND DD = 'DDpz') OR (CC = 'CCft' AND DD = 'DDjz') OR (CC = 'CCft' AND DD = 'DDfp')) GROUP BY AA,BB",
 "sqlResult": "{AAny | BBsx | 3 | 79} || {AAlw | BBry | 0 | 88}",
 "nlq": "What are the minimum and maximum numbers for each AA and BB, of BBsx or BBry buildings in DDjz, DDpz, DDlt, DDms, or DDfp? Please, report the corresponding AA and BB."},
{"name": "template 9",
 "sql": "SELECT min(Value) FROM DBdata WHERE ((AA = 'AAlw' AND BB = 'BBry')) AND (CC IN ('CCkt','CCft')) GROUP BY CC",
 "sqlResult": "{0} || {1}",
 "nlq": "What is the minimum number for each CC, of BBry buildings in CCkt or CCft?"},
{"name": "template 10",
 "sql": "SELECT CC,max(Value) FROM DBdata WHERE ((AA = 'AAlw' AND BB = 'BBfn')) AND (CC IN ('CCkt','CCft')) GROUP BY CC",
 "sqlResult": "{CCkt | 64} || {CCft | 67}",
 "nlq": "What is the maximum number for each CC, of BBfn buildings in CCkt or CCft? Please, report the corresponding CC."},
{"name": "template 11",
 "sql": "SELECT CC,AA,BB,avg(Value) FROM DBdata WHERE ((AA = 'AAlw' AND BB = 'BBfn') OR (AA = 'AAny' AND BB = 'BBgx')) AND (CC IN ('CCkt','CCft')) GROUP BY CC,AA,BB",
 "sqlResult": "{CCkt | AAny | BBgx | 43} || {CCkt | AAlw | BBfn | 51.5} || {CCft | AAny | BBgx | 32} || {CCft | AAlw | BBfn | 45.67}",
 "nlq": "What is the average number for each CC, AA, and BB, of BBfn or BBgx buildings in CCkt or CCft? Please, report the corresponding CC, AA, and BB."},
{"name": "template 12",
 "sql": "SELECT Value FROM DBdata WHERE ((AA = 'AAwz' AND BB = 'BBks')) AND (CC IN ('CCkt','CCft')) ORDER BY VALUE DESC LIMIT 3",
 "sqlResult": "{99} || {84} || {71}",
 "nlq": "What are the top 3 numbers of BBks buildings in CCkt or CCft?"},
{"name": "template 13",
 "sql": "SELECT Value FROM DBdata WHERE ((AA = 'AAny' AND BB = 'BBgx')) AND (CC IN ('CCkt','CCft')) ORDER BY VALUE ASC",
 "sqlResult": "{4} || {9} || {35} || {52} || {82}",
 "nlq": "What are the numbers ordered by ascending values of BBgx buildings in CCkt or CCft?"},
{"name": "template 14",
 "sql": "SELECT CC,DD FROM DBdata WHERE ((AA = 'AAwz' AND BB = 'BBks')) AND Value < 45.86",
 "sqlResult": "{CCkt | DDms}",
 "nlq": "What are the CC and DD for which the number of BBks buildings is lower than 45.86?"},
{"name": "template 15",
 "sql": "SELECT CC,DD,Value FROM DBdata WHERE ((AA = 'AAwz' AND BB = 'BBds')) AND (CC,DD) IN (SELECT CC,DD FROM DBdata WHERE ((AA = 'AAwz' AND BB = 'BBks')) AND Value < 45.86)",
 "sqlResult": "{CCkt | DDms | 57}",
 "nlq": "What is the number of BBds buildings in CC and in DD for which the number of BBks buildings is lower than 45.86? Please, report the corresponding CC, DD, and number of buildings."}]
}

