{
"filename": "Number_of_constructions_set4_4_DB.csv",
"questions": [{"name": "template 1",
 "sql": "SELECT Value FROM DBdata WHERE ((Type_of_building = 'Culture' AND Usage = 'Theatre')) AND ((Quarter = 'Q2' AND Month = 'June'))",
 "sqlResult": "{52}",
 "nlq": "What is the number of Theatre buildings in June?"},
{"name": "template 2",
 "sql": "SELECT Value FROM DBdata WHERE ((Type_of_building = 'Residential' AND Usage = 'House')) AND ((Quarter = 'Q2' AND Month = 'June') OR (Quarter = 'Q3' AND Month = 'August'))",
 "sqlResult": "{17} || {16}",
 "nlq": "What is the number of House buildings in August or June?"},
{"name": "template 3",
 "sql": "SELECT Value FROM DBdata WHERE ((Type_of_building = 'Residential' AND Usage = 'House') OR (Type_of_building = 'Production' AND Usage = 'Factory') OR (Type_of_building = 'Culture' AND Usage = 'Theatre')) AND ((Quarter = 'Q3' AND Month = 'August'))",
 "sqlResult": "{16} || {89} || {61}",
 "nlq": "What is the number of Factory, House, or Theatre buildings in August?"},
{"name": "template 4",
 "sql": "SELECT max(Value),min(Value) FROM DBdata WHERE ((Type_of_building = 'Production' AND Usage = 'Factory') OR (Type_of_building = 'Culture' AND Usage = 'Theatre') OR (Type_of_building = 'Culture' AND Usage = 'Concert')) AND ((Quarter = 'Q2' AND Month = 'June'))",
 "sqlResult": "{79 | 23}",
 "nlq": "What are the maximum and minimum numbers of Concert, Factory, or Theatre buildings in June?"},
{"name": "template 6",
 "sql": "SELECT Value FROM DBdata WHERE ((Type_of_building = 'Production' AND Usage = 'Workshop') OR (Type_of_building = 'Culture' AND Usage = 'Theatre')) AND ((Quarter = 'Q2' AND Month = 'May') OR (Quarter = 'Q2' AND Month = 'June'))",
 "sqlResult": "{71} || {40} || {77} || {52}",
 "nlq": "What is the number of Theatre or Workshop buildings in June or May?"},
{"name": "template 7",
 "sql": "SELECT avg(Value),min(Value) FROM DBdata WHERE ((Type_of_building = 'Residential' AND Usage = 'Apartment')) AND ((Quarter = 'Q3' AND Month = 'July') OR (Quarter = 'Q3' AND Month = 'August'))",
 "sqlResult": "{42.5 | 1}",
 "nlq": "What are the average and minimum numbers of Apartment buildings in August or July?"},
{"name": "template 8",
 "sql": "SELECT Type_of_building,Usage,min(Value),sum(Value) FROM DBdata WHERE ((Type_of_building = 'Residential' AND Usage = 'House') OR (Type_of_building = 'Residential' AND Usage = 'Apartment') OR (Type_of_building = 'Culture' AND Usage = 'Theatre') OR (Type_of_building = 'Culture' AND Usage = 'Concert')) AND ((Quarter = 'Q2' AND Month = 'June') OR (Quarter = 'Q3' AND Month = 'July')) GROUP BY Type_of_building,Usage",
 "sqlResult": "{Culture | Concert | 23 | 47} || {Culture | Theatre | 52 | 133} || {Residential | Apartment | 18 | 102} || {Residential | House | 17 | 113}",
 "nlq": "What are the minimum and total numbers for each Type of building and Usage, of Apartment, Concert, House, or Theatre buildings in July or June? Please, report the corresponding Type of building and Usage."},
{"name": "template 9",
 "sql": "SELECT min(Value) FROM DBdata WHERE ((Type_of_building = 'Residential' AND Usage = 'House')) AND (Quarter IN ('Q2','Q3')) GROUP BY Quarter",
 "sqlResult": "{17} || {16}",
 "nlq": "What is the minimum number for each Quarter, of House buildings in Q2 or Q3?"},
{"name": "template 10",
 "sql": "SELECT Quarter,max(Value) FROM DBdata WHERE ((Type_of_building = 'Production' AND Usage = 'Workshop')) AND (Quarter IN ('Q2','Q3')) GROUP BY Quarter",
 "sqlResult": "{Q2 | 77} || {Q3 | 100}",
 "nlq": "What is the maximum number for each Quarter, of Workshop buildings in Q2 or Q3? Please, report the corresponding Quarter."},
{"name": "template 11",
 "sql": "SELECT Quarter,Type_of_building,Usage,max(Value) FROM DBdata WHERE ((Type_of_building = 'Production' AND Usage = 'Factory') OR (Type_of_building = 'Culture' AND Usage = 'Concert')) AND (Quarter IN ('Q2','Q3')) GROUP BY Quarter,Type_of_building,Usage",
 "sqlResult": "{Q2 | Culture | Concert | 37} || {Q2 | Production | Factory | 79} || {Q3 | Culture | Concert | 24} || {Q3 | Production | Factory | 89}",
 "nlq": "What is the maximum number for each Quarter, Type of building, and Usage, of Concert or Factory buildings in Q2 or Q3? Please, report the corresponding Quarter, Type of building, and Usage."},
{"name": "template 12",
 "sql": "SELECT Value FROM DBdata WHERE ((Type_of_building = 'Culture' AND Usage = 'Concert')) AND (Quarter IN ('Q2','Q3')) ORDER BY VALUE DESC LIMIT 3",
 "sqlResult": "{37} || {24} || {23}",
 "nlq": "What are the top 3 numbers of Concert buildings in Q2 or Q3?"},
{"name": "template 13",
 "sql": "SELECT Value FROM DBdata WHERE ((Type_of_building = 'Production' AND Usage = 'Factory')) AND (Quarter IN ('Q2','Q3')) ORDER BY VALUE DESC",
 "sqlResult": "{89} || {79} || {73} || {72} || {48}",
 "nlq": "What are the numbers ordered by descending values of Factory buildings in Q2 or Q3?"},
{"name": "template 14",
 "sql": "SELECT Quarter,Month FROM DBdata WHERE ((Type_of_building = 'Production' AND Usage = 'Factory')) AND Value > 52.87",
 "sqlResult": "{Q2 | April} || {Q2 | June} || {Q3 | July} || {Q3 | August}",
 "nlq": "What are the Quarter and Month for which the number of Factory buildings is greater than 52.87?"},
{"name": "template 15",
 "sql": "SELECT Quarter,Month,Value FROM DBdata WHERE ((Type_of_building = 'Culture' AND Usage = 'Theatre')) AND (Quarter,Month) IN (SELECT Quarter,Month FROM DBdata WHERE ((Type_of_building = 'Production' AND Usage = 'Factory')) AND Value > 52.87)",
 "sqlResult": "{Q2 | April | 65} || {Q2 | June | 52} || {Q3 | July | 81} || {Q3 | August | 61}",
 "nlq": "What is the number of Theatre buildings in Quarter and in Month for which the number of Factory buildings is greater than 52.87? Please, report the corresponding Quarter, Month, and number of buildings."}]
}
