Type of building,Usage,Quarter,Month,Value
Type_of_building,Usage,Quarter,Month,Value
Residential,Apartment,Q1,February,22
Residential,Hotel,Q1,February,71
Production,Workshop,Q1,February,21
Production,Factory,Q1,February,42
Culture,Museum,Q1,February,88
Culture,Theatre,Q1,February,46
Culture,Concert,Q1,February,32
Residential,Apartment,Q1,March,0
Residential,Hotel,Q1,March,96
Production,Workshop,Q1,March,34
Production,Factory,Q1,March,99
Culture,Museum,Q1,March,53
Culture,Theatre,Q1,March,7
Culture,Concert,Q1,March,16
Residential,Apartment,Q2,April,28
Residential,Hotel,Q2,April,57
Production,Workshop,Q2,April,84
Production,Factory,Q2,April,55
Culture,Museum,Q2,April,62
Culture,Theatre,Q2,April,67
Culture,Concert,Q2,April,17
Residential,Apartment,Q2,May,15
Residential,Hotel,Q2,May,33
Production,Workshop,Q2,May,29
Production,Factory,Q2,May,94
Culture,Museum,Q2,May,93
Culture,Theatre,Q2,May,89
Culture,Concert,Q2,May,77
Residential,Apartment,Q2,June,12
Residential,Hotel,Q2,June,95
Production,Workshop,Q2,June,90
Production,Factory,Q2,June,97
Culture,Museum,Q2,June,82
Culture,Theatre,Q2,June,19
Culture,Concert,Q2,June,78
Residential,Apartment,Q3,August,70
Residential,Hotel,Q3,August,24
Production,Workshop,Q3,August,31
Production,Factory,Q3,August,75
Culture,Museum,Q3,August,48
Culture,Theatre,Q3,August,76
Culture,Concert,Q3,August,4
Residential,Apartment,Q3,September,51
Residential,Hotel,Q3,September,18
Production,Workshop,Q3,September,100
Production,Factory,Q3,September,69
Culture,Museum,Q3,September,39
Culture,Theatre,Q3,September,80
Culture,Concert,Q3,September,86
