{
"filename": "Number_of_constructions_set1_2_DB.csv",
"questions": [{"name": "template 1",
 "sql": "SELECT Value FROM DBdata WHERE ((Type_of_building = 'Production' AND Usage = 'Factory')) AND ((Quarter = 'Q3' AND Month = 'August'))",
 "sqlResult": "{10}",
 "nlq": "What is the number of Factory buildings in August?"},
{"name": "template 2",
 "sql": "SELECT Value FROM DBdata WHERE ((Type_of_building = 'Residential' AND Usage = 'Apartment')) AND ((Quarter = 'Q3' AND Month = 'July') OR (Quarter = 'Q4' AND Month = 'November') OR (Quarter = 'Q4' AND Month = 'December'))",
 "sqlResult": "{43} || {35} || {49}",
 "nlq": "What is the number of Apartment buildings in December, July, or November?"},
{"name": "template 3",
 "sql": "SELECT Value FROM DBdata WHERE ((Type_of_building = 'Residential' AND Usage = 'House') OR (Type_of_building = 'Residential' AND Usage = 'Apartment') OR (Type_of_building = 'Production' AND Usage = 'Workshop') OR (Type_of_building = 'Production' AND Usage = 'Factory')) AND ((Quarter = 'Q2' AND Month = 'April'))",
 "sqlResult": "{36} || {9} || {60} || {27}",
 "nlq": "What is the number of Apartment, Factory, House, or Workshop buildings in April?"},
{"name": "template 4",
 "sql": "SELECT avg(Value),sum(Value) FROM DBdata WHERE ((Type_of_building = 'Residential' AND Usage = 'House') OR (Type_of_building = 'Production' AND Usage = 'Workshop')) AND ((Quarter = 'Q4' AND Month = 'December'))",
 "sqlResult": "{32.5 | 65}",
 "nlq": "What are the average and total numbers of House or Workshop buildings in December?"},
{"name": "template 6",
 "sql": "SELECT Value FROM DBdata WHERE ((Type_of_building = 'Residential' AND Usage = 'House') OR (Type_of_building = 'Residential' AND Usage = 'Apartment') OR (Type_of_building = 'Production' AND Usage = 'Workshop') OR (Type_of_building = 'Production' AND Usage = 'Factory')) AND ((Quarter = 'Q2' AND Month = 'May') OR (Quarter = 'Q4' AND Month = 'November'))",
 "sqlResult": "{69} || {89} || {8} || {46} || {82} || {35} || {3} || {56}",
 "nlq": "What is the number of Apartment, Factory, House, or Workshop buildings in May or November?"},
{"name": "template 7",
 "sql": "SELECT max(Value),avg(Value) FROM DBdata WHERE ((Type_of_building = 'Production' AND Usage = 'Workshop')) AND ((Quarter = 'Q2' AND Month = 'April') OR (Quarter = 'Q3' AND Month = 'July') OR (Quarter = 'Q3' AND Month = 'September'))",
 "sqlResult": "{88 | 75.33}",
 "nlq": "What are the maximum and average numbers of Workshop buildings in April, July, or September?"},
{"name": "template 8",
 "sql": "SELECT Type_of_building,Usage,avg(Value),sum(Value) FROM DBdata WHERE ((Type_of_building = 'Residential' AND Usage = 'Apartment') OR (Type_of_building = 'Production' AND Usage = 'Workshop') OR (Type_of_building = 'Production' AND Usage = 'Factory')) AND ((Quarter = 'Q2' AND Month = 'April') OR (Quarter = 'Q2' AND Month = 'May') OR (Quarter = 'Q3' AND Month = 'September') OR (Quarter = 'Q4' AND Month = 'October') OR (Quarter = 'Q4' AND Month = 'December')) GROUP BY Type_of_building,Usage",
 "sqlResult": "{Production | Factory | 42.4 | 212} || {Production | Workshop | 37.2 | 186} || {Residential | Apartment | 48.8 | 244}",
 "nlq": "What are the average and total numbers for each Type of building and Usage, of Apartment, Factory, or Workshop buildings in April, December, May, October, or September? Please, report the corresponding Type of building and Usage."},
{"name": "template 9",
 "sql": "SELECT min(Value) FROM DBdata WHERE ((Type_of_building = 'Residential' AND Usage = 'Apartment')) AND (Quarter IN ('Q2','Q3','Q4')) GROUP BY Quarter",
 "sqlResult": "{9} || {43} || {12}",
 "nlq": "What is the minimum number for each Quarter, of Apartment buildings in Q2, Q3, or Q4?"},
{"name": "template 10",
 "sql": "SELECT Quarter,max(Value) FROM DBdata WHERE ((Type_of_building = 'Production' AND Usage = 'Workshop')) AND (Quarter IN ('Q2','Q3','Q4')) GROUP BY Quarter",
 "sqlResult": "{Q2 | 95} || {Q3 | 88} || {Q4 | 40}",
 "nlq": "What is the maximum number for each Quarter, of Workshop buildings in Q2, Q3, or Q4? Please, report the corresponding Quarter."},
{"name": "template 11",
 "sql": "SELECT Quarter,Type_of_building,Usage,min(Value) FROM DBdata WHERE ((Type_of_building = 'Residential' AND Usage = 'Apartment') OR (Type_of_building = 'Production' AND Usage = 'Workshop')) AND (Quarter IN ('Q2','Q3','Q4')) GROUP BY Quarter,Type_of_building,Usage",
 "sqlResult": "{Q2 | Production | Workshop | 8} || {Q2 | Residential | Apartment | 9} || {Q3 | Production | Workshop | 34} || {Q3 | Residential | Apartment | 43} || {Q4 | Production | Workshop | 0} || {Q4 | Residential | Apartment | 12}",
 "nlq": "What is the minimum number for each Quarter, Type of building, and Usage, of Apartment or Workshop buildings in Q2, Q3, or Q4? Please, report the corresponding Quarter, Type of building, and Usage."},
{"name": "template 12",
 "sql": "SELECT Value FROM DBdata WHERE ((Type_of_building = 'Residential' AND Usage = 'House')) AND (Quarter IN ('Q3','Q4')) ORDER BY VALUE DESC LIMIT 3",
 "sqlResult": "{82} || {71} || {61}",
 "nlq": "What are the top 3 numbers of House buildings in Q3 or Q4?"},
{"name": "template 13",
 "sql": "SELECT Value FROM DBdata WHERE ((Type_of_building = 'Residential' AND Usage = 'House')) AND (Quarter IN ('Q2','Q4')) ORDER BY VALUE ASC",
 "sqlResult": "{25} || {36} || {47} || {69} || {82} || {98}",
 "nlq": "What are the numbers ordered by ascending values of House buildings in Q2 or Q4?"},
{"name": "template 14",
 "sql": "SELECT Quarter,Month FROM DBdata WHERE ((Type_of_building = 'Production' AND Usage = 'Workshop')) AND Value < 47.47",
 "sqlResult": "{Q2 | May} || {Q3 | August} || {Q4 | October} || {Q4 | November} || {Q4 | December}",
 "nlq": "What are the Quarter and Month for which the number of Workshop buildings is lower than 47.47?"},
{"name": "template 15",
 "sql": "SELECT Quarter,Month,Value FROM DBdata WHERE ((Type_of_building = 'Residential' AND Usage = 'Apartment')) AND (Quarter,Month) IN (SELECT Quarter,Month FROM DBdata WHERE ((Type_of_building = 'Production' AND Usage = 'Workshop')) AND Value < 47.47)",
 "sqlResult": "{Q2 | May | 89} || {Q3 | August | 45} || {Q4 | October | 12} || {Q4 | November | 35} || {Q4 | December | 49}",
 "nlq": "What is the number of Apartment buildings in Quarter and in Month for which the number of Workshop buildings is lower than 47.47? Please, report the corresponding Quarter, Month, and number of buildings."}]
}
