AA,BB,CC,DD,Value
AA,BB,CC,DD,Value
AAfw,BBkq,CCcy,DDxz,22
AAfw,BBqz,CCcy,DDxz,71
AAdf,BBln,CCcy,DDxz,21
AAdf,BBcn,CCcy,DDxz,42
AAdh,BBgw,CCcy,DDxz,88
AAdh,BBfz,CCcy,DDxz,46
AAdh,BBdy,CCcy,DDxz,32
AAfw,BBkq,CCcy,DDdm,0
AAfw,BBqz,CCcy,DDdm,96
AAdf,BBln,CCcy,DDdm,34
AAdf,BBcn,CCcy,DDdm,99
AAdh,BBgw,CCcy,DDdm,53
AAdh,BBfz,CCcy,DDdm,7
AAdh,BBdy,CCcy,DDdm,16
AAfw,BBkq,CClp,DDgv,28
AAfw,BBqz,CClp,DDgv,57
AAdf,BBln,CClp,DDgv,84
AAdf,BBcn,CClp,DDgv,55
AAdh,BBgw,CClp,DDgv,62
AAdh,BBfz,CClp,DDgv,67
AAdh,BBdy,CClp,DDgv,17
AAfw,BBkq,CClp,DDfk,15
AAfw,BBqz,CClp,DDfk,33
AAdf,BBln,CClp,DDfk,29
AAdf,BBcn,CClp,DDfk,94
AAdh,BBgw,CClp,DDfk,93
AAdh,BBfz,CClp,DDfk,89
AAdh,BBdy,CClp,DDfk,77
AAfw,BBkq,CClp,DDtw,12
AAfw,BBqz,CClp,DDtw,95
AAdf,BBln,CClp,DDtw,90
AAdf,BBcn,CClp,DDtw,97
AAdh,BBgw,CClp,DDtw,82
AAdh,BBfz,CClp,DDtw,19
AAdh,BBdy,CClp,DDtw,78
AAfw,BBkq,CCns,DDsx,70
AAfw,BBqz,CCns,DDsx,24
AAdf,BBln,CCns,DDsx,31
AAdf,BBcn,CCns,DDsx,75
AAdh,BBgw,CCns,DDsx,48
AAdh,BBfz,CCns,DDsx,76
AAdh,BBdy,CCns,DDsx,4
AAfw,BBkq,CCns,DDly,51
AAfw,BBqz,CCns,DDly,18
AAdf,BBln,CCns,DDly,100
AAdf,BBcn,CCns,DDly,69
AAdh,BBgw,CCns,DDly,39
AAdh,BBfz,CCns,DDly,80
AAdh,BBdy,CCns,DDly,86

