Type of building,Usage,Quarter,Month,Value
Type_of_building,Usage,Quarter,Month,Value
Residential,House,Q2,May,5
Residential,Apartment,Q2,May,12
Residential,Hotel,Q2,May,26
Production,Workshop,Q2,May,62
Production,Factory,Q2,May,36
Culture,Museum,Q2,May,53
Culture,Theatre,Q2,May,13
Residential,House,Q2,June,89
Residential,Apartment,Q2,June,79
Residential,Hotel,Q2,June,39
Production,Workshop,Q2,June,37
Production,Factory,Q2,June,66
Culture,Museum,Q2,June,16
Culture,Theatre,Q2,June,97
Residential,House,Q3,July,1
Residential,Apartment,Q3,July,11
Residential,Hotel,Q3,July,82
Production,Workshop,Q3,July,83
Production,Factory,Q3,July,10
Culture,Museum,Q3,July,49
Culture,Theatre,Q3,July,8
Residential,House,Q3,August,87
Residential,Apartment,Q3,August,84
Residential,Hotel,Q3,August,23
Production,Workshop,Q3,August,43
Production,Factory,Q3,August,33
Culture,Museum,Q3,August,52
Culture,Theatre,Q3,August,41
Residential,House,Q3,September,70
Residential,Apartment,Q3,September,95
Residential,Hotel,Q3,September,40
Production,Workshop,Q3,September,21
Production,Factory,Q3,September,20
Culture,Museum,Q3,September,24
Culture,Theatre,Q3,September,30
