Type of building,Usage,Quarter,Month,Value
Type_of_building,Usage,Quarter,Month,Value
Residential,Apartment,Q2,April,75
Residential,Hotel,Q2,April,44
Production,Workshop,Q2,April,36
Production,Factory,Q2,April,49
Culture,Museum,Q2,April,7
Culture,Theatre,Q2,April,81
Culture,Concert,Q2,April,68
Residential,Apartment,Q2,May,92
Residential,Hotel,Q2,May,24
Production,Workshop,Q2,May,30
Production,Factory,Q2,May,4
Culture,Museum,Q2,May,14
Culture,Theatre,Q2,May,60
Culture,Concert,Q2,May,13
Residential,Apartment,Q3,August,78
Residential,Hotel,Q3,August,67
Production,Workshop,Q3,August,8
Production,Factory,Q3,August,53
Culture,Museum,Q3,August,25
Culture,Theatre,Q3,August,0
Culture,Concert,Q3,August,52
Residential,Apartment,Q3,September,55
Residential,Hotel,Q3,September,40
Production,Workshop,Q3,September,35
Production,Factory,Q3,September,93
Culture,Museum,Q3,September,69
Culture,Theatre,Q3,September,94
Culture,Concert,Q3,September,46
Residential,Apartment,Q4,November,90
Residential,Hotel,Q4,November,12
Production,Workshop,Q4,November,56
Production,Factory,Q4,November,62
Culture,Museum,Q4,November,22
Culture,Theatre,Q4,November,99
Culture,Concert,Q4,November,42
Residential,Apartment,Q4,December,54
Residential,Hotel,Q4,December,70
Production,Workshop,Q4,December,10
Production,Factory,Q4,December,64
Culture,Museum,Q4,December,58
Culture,Theatre,Q4,December,97
Culture,Concert,Q4,December,87
