{
"filename": "Number_of_constructions_set9_4_DB.csv",
"questions": [{"name": "template 1",
 "sql": "SELECT Value FROM DBdata WHERE ((Type_of_building = 'Service' AND Usage = 'Administration')) AND ((Quarter = 'Q3' AND Month = 'July'))",
 "sqlResult": "{57}",
 "nlq": "What is the number of Administration buildings in July?"},
{"name": "template 2",
 "sql": "SELECT Value FROM DBdata WHERE ((Type_of_building = 'Production' AND Usage = 'Workshop')) AND ((Quarter = 'Q2' AND Month = 'April') OR (Quarter = 'Q2' AND Month = 'May') OR (Quarter = 'Q2' AND Month = 'June') OR (Quarter = 'Q3' AND Month = 'July') OR (Quarter = 'Q3' AND Month = 'August') OR (Quarter = 'Q4' AND Month = 'October') OR (Quarter = 'Q4' AND Month = 'November') OR (Quarter = 'Q4' AND Month = 'December'))",
 "sqlResult": "{60} || {26} || {1} || {66} || {68} || {40} || {55} || {46}",
 "nlq": "What is the number of Workshop buildings in April, August, December, July, June, May, November, or October?"},
{"name": "template 3",
 "sql": "SELECT Value FROM DBdata WHERE ((Type_of_building = 'Production' AND Usage = 'Workshop') OR (Type_of_building = 'Production' AND Usage = 'Factory') OR (Type_of_building = 'Culture' AND Usage = 'Museum') OR (Type_of_building = 'Culture' AND Usage = 'Theatre') OR (Type_of_building = 'Culture' AND Usage = 'Concert') OR (Type_of_building = 'Service' AND Usage = 'School') OR (Type_of_building = 'Service' AND Usage = 'Hospital') OR (Type_of_building = 'Service' AND Usage = 'Administration')) AND ((Quarter = 'Q3' AND Month = 'July'))",
 "sqlResult": "{66} || {53} || {10} || {100} || {28} || {17} || {18} || {57}",
 "nlq": "What is the number of Administration, Concert, Factory, Hospital, Museum, School, Theatre, or Workshop buildings in July?"},
{"name": "template 4",
 "sql": "SELECT min(Value),sum(Value) FROM DBdata WHERE ((Type_of_building = 'Production' AND Usage = 'Factory') OR (Type_of_building = 'Culture' AND Usage = 'Museum') OR (Type_of_building = 'Culture' AND Usage = 'Theatre') OR (Type_of_building = 'Culture' AND Usage = 'Concert') OR (Type_of_building = 'Service' AND Usage = 'School') OR (Type_of_building = 'Service' AND Usage = 'Hospital')) AND ((Quarter = 'Q3' AND Month = 'August'))",
 "sqlResult": "{51 | 451}",
 "nlq": "What are the minimum and total numbers of Concert, Factory, Hospital, Museum, School, or Theatre buildings in August?"},
{"name": "template 6",
 "sql": "SELECT Value FROM DBdata WHERE ((Type_of_building = 'Production' AND Usage = 'Factory') OR (Type_of_building = 'Service' AND Usage = 'School') OR (Type_of_building = 'Service' AND Usage = 'Hospital')) AND ((Quarter = 'Q2' AND Month = 'April') OR (Quarter = 'Q2' AND Month = 'June') OR (Quarter = 'Q3' AND Month = 'August'))",
 "sqlResult": "{96} || {12} || {78} || {35} || {24} || {23} || {71} || {63} || {87}",
 "nlq": "What is the number of Factory, Hospital, or School buildings in April, August, or June?"},
{"name": "template 7",
 "sql": "SELECT max(Value),min(Value) FROM DBdata WHERE ((Type_of_building = 'Production' AND Usage = 'Workshop')) AND ((Quarter = 'Q2' AND Month = 'June') OR (Quarter = 'Q4' AND Month = 'October') OR (Quarter = 'Q4' AND Month = 'November'))",
 "sqlResult": "{55 | 1}",
 "nlq": "What are the maximum and minimum numbers of Workshop buildings in June, November, or October?"},
{"name": "template 8",
 "sql": "SELECT Type_of_building,Usage,avg(Value),max(Value) FROM DBdata WHERE ((Type_of_building = 'Production' AND Usage = 'Factory') OR (Type_of_building = 'Culture' AND Usage = 'Concert') OR (Type_of_building = 'Service' AND Usage = 'Hospital')) AND ((Quarter = 'Q2' AND Month = 'April') OR (Quarter = 'Q2' AND Month = 'May')) GROUP BY Type_of_building,Usage",
 "sqlResult": "{Culture | Concert | 19 | 30} || {Production | Factory | 90.5 | 96} || {Service | Hospital | 85 | 92}",
 "nlq": "What are the average and maximum numbers for each Type of building and Usage, of Concert, Factory, or Hospital buildings in April or May? Please, report the corresponding Type of building and Usage."},
{"name": "template 9",
 "sql": "SELECT min(Value) FROM DBdata WHERE ((Type_of_building = 'Culture' AND Usage = 'Museum')) AND (Quarter IN ('Q2','Q3','Q4')) GROUP BY Quarter",
 "sqlResult": "{0} || {10} || {9}",
 "nlq": "What is the minimum number for each Quarter, of Museum buildings in Q2, Q3, or Q4?"},
{"name": "template 10",
 "sql": "SELECT Quarter,min(Value) FROM DBdata WHERE ((Type_of_building = 'Production' AND Usage = 'Workshop')) AND (Quarter IN ('Q2','Q3','Q4')) GROUP BY Quarter",
 "sqlResult": "{Q2 | 1} || {Q3 | 66} || {Q4 | 40}",
 "nlq": "What is the minimum number for each Quarter, of Workshop buildings in Q2, Q3, or Q4? Please, report the corresponding Quarter."},
{"name": "template 11",
 "sql": "SELECT Quarter,Type_of_building,Usage,avg(Value) FROM DBdata WHERE ((Type_of_building = 'Culture' AND Usage = 'Museum') OR (Type_of_building = 'Culture' AND Usage = 'Concert') OR (Type_of_building = 'Service' AND Usage = 'Administration')) AND (Quarter IN ('Q2','Q3','Q4')) GROUP BY Quarter,Type_of_building,Usage",
 "sqlResult": "{Q2 | Culture | Concert | 14.67} || {Q2 | Culture | Museum | 20.67} || {Q2 | Service | Administration | 41} || {Q3 | Culture | Concert | 59} || {Q3 | Culture | Museum | 49.5} || {Q3 | Service | Administration | 52} || {Q4 | Culture | Concert | 25} || {Q4 | Culture | Museum | 40.33} || {Q4 | Service | Administration | 75.33}",
 "nlq": "What is the average number for each Quarter, Type of building, and Usage, of Administration, Concert, or Museum buildings in Q2, Q3, or Q4? Please, report the corresponding Quarter, Type of building, and Usage."},
{"name": "template 12",
 "sql": "SELECT Value FROM DBdata WHERE ((Type_of_building = 'Service' AND Usage = 'School')) AND (Quarter IN ('Q2','Q4')) ORDER BY VALUE DESC LIMIT 3",
 "sqlResult": "{82} || {77} || {64}",
 "nlq": "What are the top 3 numbers of School buildings in Q2 or Q4?"},
{"name": "template 13",
 "sql": "SELECT Value FROM DBdata WHERE ((Type_of_building = 'Production' AND Usage = 'Factory')) AND (Quarter IN ('Q2','Q4')) ORDER BY VALUE DESC",
 "sqlResult": "{96} || {85} || {62} || {58} || {35} || {2}",
 "nlq": "What are the numbers ordered by descending values of Factory buildings in Q2 or Q4?"},
{"name": "template 14",
 "sql": "SELECT Quarter,Month FROM DBdata WHERE ((Type_of_building = 'Culture' AND Usage = 'Concert')) AND Value < 50.41",
 "sqlResult": "{Q2 | April} || {Q2 | May} || {Q2 | June} || {Q3 | July} || {Q4 | October} || {Q4 | November} || {Q4 | December}",
 "nlq": "What are the Quarter and Month for which the number of Concert buildings is lower than 50.41?"},
{"name": "template 15",
 "sql": "SELECT Quarter,Month,Value FROM DBdata WHERE ((Type_of_building = 'Culture' AND Usage = 'Theatre')) AND (Quarter,Month) IN (SELECT Quarter,Month FROM DBdata WHERE ((Type_of_building = 'Culture' AND Usage = 'Concert')) AND Value < 50.41)",
 "sqlResult": "{Q2 | April | 75} || {Q2 | May | 14} || {Q2 | June | 86} || {Q3 | July | 100} || {Q4 | October | 91} || {Q4 | November | 98} || {Q4 | December | 29}",
 "nlq": "What is the number of Theatre buildings in Quarter and in Month for which the number of Concert buildings is lower than 50.41? Please, report the corresponding Quarter, Month, and number of buildings."}]
}
