AA,BB,CC,DD,Value
AA,BB,CC,DD,Value
AAcn,BBbk,CCcj,DDkq,49
AAcn,BBfs,CCcj,DDkq,50
AAcn,BBtv,CCcj,DDkq,99
AAhq,BBgm,CCcj,DDkq,31
AAhq,BBfq,CCcj,DDkq,18
AAcn,BBbk,CCcj,DDdv,13
AAcn,BBfs,CCcj,DDdv,26
AAcn,BBtv,CCcj,DDdv,16
AAhq,BBgm,CCcj,DDdv,79
AAhq,BBfq,CCcj,DDdv,33
AAcn,BBbk,CCrs,DDdn,89
AAcn,BBfs,CCrs,DDdn,39
AAcn,BBtv,CCrs,DDdn,70
AAhq,BBgm,CCrs,DDdn,48
AAhq,BBfq,CCrs,DDdn,15
AAcn,BBbk,CCrs,DDnt,51
AAcn,BBfs,CCrs,DDnt,75
AAcn,BBtv,CCrs,DDnt,87
AAhq,BBgm,CCrs,DDnt,34
AAhq,BBfq,CCrs,DDnt,40
AAcn,BBbk,CCrs,DDkt,96
AAcn,BBfs,CCrs,DDkt,67
AAcn,BBtv,CCrs,DDkt,10
AAhq,BBgm,CCrs,DDkt,100
AAhq,BBfq,CCrs,DDkt,32

