Type of building,Usage,Quarter,Month,Value
Type_of_building,Usage,Quarter,Month,Value
Residential,House,Q3,August,6
Residential,Apartment,Q3,August,31
Residential,Hotel,Q3,August,88
Production,Workshop,Q3,August,43
Production,Factory,Q3,August,90
Residential,House,Q3,September,84
Residential,Apartment,Q3,September,13
Residential,Hotel,Q3,September,70
Production,Workshop,Q3,September,38
Production,Factory,Q3,September,59
Residential,House,Q4,October,46
Residential,Apartment,Q4,October,9
Residential,Hotel,Q4,October,19
Production,Workshop,Q4,October,56
Production,Factory,Q4,October,32
Residential,House,Q4,November,92
Residential,Apartment,Q4,November,76
Residential,Hotel,Q4,November,28
Production,Workshop,Q4,November,73
Production,Factory,Q4,November,21
