{
"filename": "Number_of_constructions_set2_1_DB.csv",
"questions": [{"name": "template 1",
 "sql": "SELECT Value FROM DBdata WHERE ((Type_of_building = 'Service' AND Usage = 'Administration')) AND ((Quarter = 'Q3' AND Month = 'August'))",
 "sqlResult": "{65}",
 "nlq": "What is the number of Administration buildings in August?"},
{"name": "template 2",
 "sql": "SELECT Value FROM DBdata WHERE ((Type_of_building = 'Culture' AND Usage = 'Concert')) AND ((Quarter = 'Q3' AND Month = 'July') OR (Quarter = 'Q4' AND Month = 'October') OR (Quarter = 'Q4' AND Month = 'November'))",
 "sqlResult": "{74} || {69} || {1}",
 "nlq": "What is the number of Concert buildings in July, November, or October?"},
{"name": "template 3",
 "sql": "SELECT Value FROM DBdata WHERE ((Type_of_building = 'Culture' AND Usage = 'Theatre') OR (Type_of_building = 'Culture' AND Usage = 'Concert') OR (Type_of_building = 'Service' AND Usage = 'Hospital') OR (Type_of_building = 'Service' AND Usage = 'Administration')) AND ((Quarter = 'Q4' AND Month = 'October'))",
 "sqlResult": "{51} || {69} || {0} || {73}",
 "nlq": "What is the number of Administration, Concert, Hospital, or Theatre buildings in October?"},
{"name": "template 4",
 "sql": "SELECT max(Value),avg(Value) FROM DBdata WHERE ((Type_of_building = 'Culture' AND Usage = 'Theatre') OR (Type_of_building = 'Culture' AND Usage = 'Concert')) AND ((Quarter = 'Q3' AND Month = 'August'))",
 "sqlResult": "{60 | 59.5}",
 "nlq": "What are the maximum and average numbers of Concert or Theatre buildings in August?"},
{"name": "template 6",
 "sql": "SELECT Value FROM DBdata WHERE ((Type_of_building = 'Culture' AND Usage = 'Museum') OR (Type_of_building = 'Culture' AND Usage = 'Theatre') OR (Type_of_building = 'Culture' AND Usage = 'Concert') OR (Type_of_building = 'Service' AND Usage = 'Hospital') OR (Type_of_building = 'Service' AND Usage = 'Administration')) AND ((Quarter = 'Q3' AND Month = 'July') OR (Quarter = 'Q4' AND Month = 'October'))",
 "sqlResult": "{82} || {13} || {74} || {57} || {31} || {14} || {51} || {69} || {0} || {73}",
 "nlq": "What is the number of Administration, Concert, Hospital, Museum, or Theatre buildings in July or October?"},
{"name": "template 7",
 "sql": "SELECT avg(Value),min(Value) FROM DBdata WHERE ((Type_of_building = 'Culture' AND Usage = 'Theatre')) AND ((Quarter = 'Q3' AND Month = 'July') OR (Quarter = 'Q3' AND Month = 'August') OR (Quarter = 'Q4' AND Month = 'October') OR (Quarter = 'Q4' AND Month = 'November') OR (Quarter = 'Q4' AND Month = 'December'))",
 "sqlResult": "{30.6 | 11}",
 "nlq": "What are the average and minimum numbers of Theatre buildings in August, December, July, November, or October?"},
{"name": "template 8",
 "sql": "SELECT Type_of_building,Usage,avg(Value),max(Value) FROM DBdata WHERE ((Type_of_building = 'Culture' AND Usage = 'Concert') OR (Type_of_building = 'Service' AND Usage = 'Hospital')) AND ((Quarter = 'Q3' AND Month = 'August') OR (Quarter = 'Q4' AND Month = 'December')) GROUP BY Type_of_building,Usage",
 "sqlResult": "{Culture | Concert | 79 | 98} || {Service | Hospital | 64.5 | 85}",
 "nlq": "What are the average and maximum numbers for each Type of building and Usage, of Concert or Hospital buildings in August or December? Please, report the corresponding Type of building and Usage."},
{"name": "template 9",
 "sql": "SELECT min(Value) FROM DBdata WHERE ((Type_of_building = 'Culture' AND Usage = 'Museum')) AND (Quarter IN ('Q3','Q4')) GROUP BY Quarter",
 "sqlResult": "{82} || {14}",
 "nlq": "What is the minimum number for each Quarter, of Museum buildings in Q3 or Q4?"},
{"name": "template 10",
 "sql": "SELECT Quarter,avg(Value) FROM DBdata WHERE ((Type_of_building = 'Service' AND Usage = 'Administration')) AND (Quarter IN ('Q3','Q4')) GROUP BY Quarter",
 "sqlResult": "{Q3 | 48} || {Q4 | 37.67}",
 "nlq": "What is the average number for each Quarter, of Administration buildings in Q3 or Q4? Please, report the corresponding Quarter."},
{"name": "template 11",
 "sql": "SELECT Quarter,Type_of_building,Usage,avg(Value) FROM DBdata WHERE ((Type_of_building = 'Culture' AND Usage = 'Museum') OR (Type_of_building = 'Service' AND Usage = 'Hospital')) AND (Quarter IN ('Q3','Q4')) GROUP BY Quarter,Type_of_building,Usage",
 "sqlResult": "{Q3 | Culture | Museum | 85.5} || {Q3 | Service | Hospital | 71} || {Q4 | Culture | Museum | 42.67} || {Q4 | Service | Hospital | 47}",
 "nlq": "What is the average number for each Quarter, Type of building, and Usage, of Hospital or Museum buildings in Q3 or Q4? Please, report the corresponding Quarter, Type of building, and Usage."},
{"name": "template 12",
 "sql": "SELECT Value FROM DBdata WHERE ((Type_of_building = 'Service' AND Usage = 'Administration')) AND (Quarter IN ('Q3','Q4')) ORDER BY VALUE DESC LIMIT 2",
 "sqlResult": "{73} || {65}",
 "nlq": "What are the top 2 numbers of Administration buildings in Q3 or Q4?"},
{"name": "template 13",
 "sql": "SELECT Value FROM DBdata WHERE ((Type_of_building = 'Culture' AND Usage = 'Museum')) AND (Quarter IN ('Q3','Q4')) ORDER BY VALUE DESC",
 "sqlResult": "{90} || {89} || {82} || {24} || {14}",
 "nlq": "What are the numbers ordered by descending values of Museum buildings in Q3 or Q4?"},
{"name": "template 14",
 "sql": "SELECT Quarter,Month FROM DBdata WHERE ((Type_of_building = 'Culture' AND Usage = 'Concert')) AND Value > 49.84",
 "sqlResult": "{Q3 | July} || {Q3 | August} || {Q4 | October} || {Q4 | December}",
 "nlq": "What are the Quarter and Month for which the number of Concert buildings is greater than 49.84?"},
{"name": "template 15",
 "sql": "SELECT Quarter,Month,Value FROM DBdata WHERE ((Type_of_building = 'Culture' AND Usage = 'Theatre')) AND (Quarter,Month) IN (SELECT Quarter,Month FROM DBdata WHERE ((Type_of_building = 'Culture' AND Usage = 'Concert')) AND Value > 49.84)",
 "sqlResult": "{Q3 | July | 13} || {Q3 | August | 59} || {Q4 | October | 51} || {Q4 | December | 11}",
 "nlq": "What is the number of Theatre buildings in Quarter and in Month for which the number of Concert buildings is greater than 49.84? Please, report the corresponding Quarter, Month, and number of buildings."}]
}
