AA,BB,CC,DD,Value
AA,BB,CC,DD,Value
AAfp,BBhw,CCkq,DDbj,40
AAfp,BBbs,CCkq,DDbj,80
AAdh,BBgm,CCkq,DDbj,3
AAdh,BBlr,CCkq,DDbj,12
AAms,BBfj,CCkq,DDbj,76
AAms,BBhn,CCkq,DDbj,15
AAfp,BBhw,CCkq,DDch,82
AAfp,BBbs,CCkq,DDch,11
AAdh,BBgm,CCkq,DDch,39
AAdh,BBlr,CCkq,DDch,18
AAms,BBfj,CCkq,DDch,97
AAms,BBhn,CCkq,DDch,4
AAfp,BBhw,CCkz,DDcm,23
AAfp,BBbs,CCkz,DDcm,38
AAdh,BBgm,CCkz,DDcm,31
AAdh,BBlr,CCkz,DDcm,45
AAms,BBfj,CCkz,DDcm,88
AAms,BBhn,CCkz,DDcm,64
AAfp,BBhw,CCkz,DDvw,98
AAfp,BBbs,CCkz,DDvw,44
AAdh,BBgm,CCkz,DDvw,50
AAdh,BBlr,CCkz,DDvw,95
AAms,BBfj,CCkz,DDvw,10
AAms,BBhn,CCkz,DDvw,8
AAfp,BBhw,CCkz,DDqr,99
AAfp,BBbs,CCkz,DDqr,47
AAdh,BBgm,CCkz,DDqr,72
AAdh,BBlr,CCkz,DDqr,90
AAms,BBfj,CCkz,DDqr,94
AAms,BBhn,CCkz,DDqr,46

