{
"filename": "Number_of_constructions_set9_5_DB.csv",
"questions": [{"name": "template 1",
 "sql": "SELECT Value FROM DBdata WHERE ((Type_of_building = 'Culture' AND Usage = 'Theatre')) AND ((Quarter = 'Q2' AND Month = 'June'))",
 "sqlResult": "{10}",
 "nlq": "What is the number of Theatre buildings in June?"},
{"name": "template 2",
 "sql": "SELECT Value FROM DBdata WHERE ((Type_of_building = 'Culture' AND Usage = 'Concert')) AND ((Quarter = 'Q2' AND Month = 'May') OR (Quarter = 'Q3' AND Month = 'August') OR (Quarter = 'Q4' AND Month = 'November'))",
 "sqlResult": "{18} || {62} || {85}",
 "nlq": "What is the number of Concert buildings in August, May, or November?"},
{"name": "template 3",
 "sql": "SELECT Value FROM DBdata WHERE ((Type_of_building = 'Residential' AND Usage = 'House') OR (Type_of_building = 'Residential' AND Usage = 'Apartment') OR (Type_of_building = 'Production' AND Usage = 'Factory') OR (Type_of_building = 'Culture' AND Usage = 'Concert')) AND ((Quarter = 'Q3' AND Month = 'September'))",
 "sqlResult": "{1} || {7} || {57} || {87}",
 "nlq": "What is the number of Apartment, Concert, Factory, or House buildings in September?"},
{"name": "template 4",
 "sql": "SELECT min(Value),max(Value) FROM DBdata WHERE ((Type_of_building = 'Residential' AND Usage = 'House') OR (Type_of_building = 'Residential' AND Usage = 'Apartment') OR (Type_of_building = 'Production' AND Usage = 'Workshop')) AND ((Quarter = 'Q3' AND Month = 'August'))",
 "sqlResult": "{52 | 94}",
 "nlq": "What are the minimum and maximum numbers of Apartment, House, or Workshop buildings in August?"},
{"name": "template 6",
 "sql": "SELECT Value FROM DBdata WHERE ((Type_of_building = 'Production' AND Usage = 'Factory') OR (Type_of_building = 'Culture' AND Usage = 'Theatre')) AND ((Quarter = 'Q2' AND Month = 'April') OR (Quarter = 'Q2' AND Month = 'May') OR (Quarter = 'Q4' AND Month = 'October') OR (Quarter = 'Q4' AND Month = 'December'))",
 "sqlResult": "{43} || {36} || {75} || {47} || {15} || {91} || {78} || {26}",
 "nlq": "What is the number of Factory or Theatre buildings in April, December, May, or October?"},
{"name": "template 7",
 "sql": "SELECT max(Value),min(Value) FROM DBdata WHERE ((Type_of_building = 'Culture' AND Usage = 'Theatre')) AND ((Quarter = 'Q2' AND Month = 'April') OR (Quarter = 'Q2' AND Month = 'June'))",
 "sqlResult": "{36 | 10}",
 "nlq": "What are the maximum and minimum numbers of Theatre buildings in April or June?"},
{"name": "template 8",
 "sql": "SELECT Type_of_building,Usage,sum(Value),avg(Value) FROM DBdata WHERE ((Type_of_building = 'Residential' AND Usage = 'House') OR (Type_of_building = 'Residential' AND Usage = 'Apartment') OR (Type_of_building = 'Production' AND Usage = 'Workshop') OR (Type_of_building = 'Production' AND Usage = 'Factory') OR (Type_of_building = 'Culture' AND Usage = 'Theatre')) AND ((Quarter = 'Q2' AND Month = 'May') OR (Quarter = 'Q2' AND Month = 'June') OR (Quarter = 'Q3' AND Month = 'July') OR (Quarter = 'Q3' AND Month = 'September')) GROUP BY Type_of_building,Usage",
 "sqlResult": "{Culture | Theatre | 150 | 37.5} || {Production | Factory | 171 | 42.75} || {Production | Workshop | 370 | 92.5} || {Residential | Apartment | 140 | 35} || {Residential | House | 169 | 42.25}",
 "nlq": "What are the total and average numbers for each Type of building and Usage, of Apartment, Factory, House, Theatre, or Workshop buildings in July, June, May, or September? Please, report the corresponding Type of building and Usage."},
{"name": "template 9",
 "sql": "SELECT min(Value) FROM DBdata WHERE ((Type_of_building = 'Production' AND Usage = 'Factory')) AND (Quarter IN ('Q2','Q3','Q4')) GROUP BY Quarter",
 "sqlResult": "{12} || {27} || {15}",
 "nlq": "What is the minimum number for each Quarter, of Factory buildings in Q2, Q3, or Q4?"},
{"name": "template 10",
 "sql": "SELECT Quarter,max(Value) FROM DBdata WHERE ((Type_of_building = 'Residential' AND Usage = 'House')) AND (Quarter IN ('Q2','Q3','Q4')) GROUP BY Quarter",
 "sqlResult": "{Q2 | 72} || {Q3 | 66} || {Q4 | 86}",
 "nlq": "What is the maximum number for each Quarter, of House buildings in Q2, Q3, or Q4? Please, report the corresponding Quarter."},
{"name": "template 11",
 "sql": "SELECT Quarter,Type_of_building,Usage,avg(Value) FROM DBdata WHERE ((Type_of_building = 'Residential' AND Usage = 'Apartment') OR (Type_of_building = 'Production' AND Usage = 'Workshop') OR (Type_of_building = 'Culture' AND Usage = 'Theatre')) AND (Quarter IN ('Q2','Q3','Q4')) GROUP BY Quarter,Type_of_building,Usage",
 "sqlResult": "{Q2 | Culture | Theatre | 31} || {Q2 | Production | Workshop | 91} || {Q2 | Residential | Apartment | 38.33} || {Q3 | Culture | Theatre | 46.33} || {Q3 | Production | Workshop | 79.33} || {Q3 | Residential | Apartment | 52} || {Q4 | Culture | Theatre | 40} || {Q4 | Production | Workshop | 57.67} || {Q4 | Residential | Apartment | 47.33}",
 "nlq": "What is the average number for each Quarter, Type of building, and Usage, of Apartment, Theatre, or Workshop buildings in Q2, Q3, or Q4? Please, report the corresponding Quarter, Type of building, and Usage."},
{"name": "template 12",
 "sql": "SELECT Value FROM DBdata WHERE ((Type_of_building = 'Culture' AND Usage = 'Concert')) AND (Quarter IN ('Q2','Q4')) ORDER BY VALUE DESC LIMIT 3",
 "sqlResult": "{85} || {32} || {18}",
 "nlq": "What are the top 3 numbers of Concert buildings in Q2 or Q4?"},
{"name": "template 13",
 "sql": "SELECT Value FROM DBdata WHERE ((Type_of_building = 'Production' AND Usage = 'Workshop')) AND (Quarter IN ('Q2','Q4')) ORDER BY VALUE ASC",
 "sqlResult": "{17} || {56} || {82} || {95} || {96} || {100}",
 "nlq": "What are the numbers ordered by ascending values of Workshop buildings in Q2 or Q4?"},
{"name": "template 14",
 "sql": "SELECT Quarter,Month FROM DBdata WHERE ((Type_of_building = 'Production' AND Usage = 'Workshop')) AND Value < 51.15",
 "sqlResult": "{Q4 | December}",
 "nlq": "What are the Quarter and Month for which the number of Workshop buildings is lower than 51.15?"},
{"name": "template 15",
 "sql": "SELECT Quarter,Month,Value FROM DBdata WHERE ((Type_of_building = 'Culture' AND Usage = 'Theatre')) AND (Quarter,Month) IN (SELECT Quarter,Month FROM DBdata WHERE ((Type_of_building = 'Production' AND Usage = 'Workshop')) AND Value < 51.15)",
 "sqlResult": "{Q4 | December | 26}",
 "nlq": "What is the number of Theatre buildings in Quarter and in Month for which the number of Workshop buildings is lower than 51.15? Please, report the corresponding Quarter, Month, and number of buildings."}]
}
