{
"filename": "Number_of_constructions_set8_4_DB.csv",
"questions": [{"name": "template 1",
 "sql": "SELECT Value FROM DBdata WHERE ((AA = 'AAkq' AND BB = 'BBbj')) AND ((CC = 'CCxz' AND DD = 'DDqx'))",
 "sqlResult": "{46}",
 "nlq": "What is the number of BBbj buildings in DDqx?"},
{"name": "template 2",
 "sql": "SELECT Value FROM DBdata WHERE ((AA = 'AAkq' AND BB = 'BBhn')) AND ((CC = 'CCxz' AND DD = 'DDqx') OR (CC = 'CCxz' AND DD = 'DDnt') OR (CC = 'CCfk' AND DD = 'DDcs') OR (CC = 'CCfk' AND DD = 'DDnq') OR (CC = 'CCdn' AND DD = 'DDmn') OR (CC = 'CCdn' AND DD = 'DDfq'))",
 "sqlResult": "{100} || {58} || {78} || {5} || {25} || {60}",
 "nlq": "What is the number of BBhn buildings in DDqx, DDnq, DDfq, DDcs, DDnt, or DDmn?"},
{"name": "template 3",
 "sql": "SELECT Value FROM DBdata WHERE ((AA = 'AAcr' AND BB = 'BBqw') OR (AA = 'AAcr' AND BB = 'BBbm') OR (AA = 'AAkq' AND BB = 'BBkp') OR (AA = 'AAkq' AND BB = 'BBbj')) AND ((CC = 'CCfk' AND DD = 'DDnq'))",
 "sqlResult": "{51} || {4} || {24} || {19}",
 "nlq": "What is the number of BBbm, BBkp, BBbj, or BBqw buildings in DDnq?"},
{"name": "template 4",
 "sql": "SELECT avg(Value),max(Value) FROM DBdata WHERE ((AA = 'AAcr' AND BB = 'BBqw') OR (AA = 'AAcr' AND BB = 'BBbm') OR (AA = 'AAkq' AND BB = 'BBkp') OR (AA = 'AAkq' AND BB = 'BBbj')) AND ((CC = 'CCdn' AND DD = 'DDmn'))",
 "sqlResult": "{62 | 98}",
 "nlq": "What are the average and maximum numbers of BBbm, BBkp, BBbj, or BBqw buildings in DDmn?"},
{"name": "template 6",
 "sql": "SELECT Value FROM DBdata WHERE ((AA = 'AAcr' AND BB = 'BBbm') OR (AA = 'AAkq' AND BB = 'BBbj') OR (AA = 'AAkq' AND BB = 'BBhn')) AND ((CC = 'CCxz' AND DD = 'DDqx') OR (CC = 'CCfk' AND DD = 'DDcs') OR (CC = 'CCfk' AND DD = 'DDnq'))",
 "sqlResult": "{68} || {46} || {100} || {29} || {85} || {78} || {4} || {19} || {5}",
 "nlq": "What is the number of BBhn, BBbm, or BBbj buildings in DDqx, DDnq, or DDcs?"},
{"name": "template 7",
 "sql": "SELECT sum(Value),avg(Value) FROM DBdata WHERE ((AA = 'AAcr' AND BB = 'BBbm')) AND ((CC = 'CCfk' AND DD = 'DDcs') OR (CC = 'CCfk' AND DD = 'DDgy') OR (CC = 'CCdn' AND DD = 'DDfq'))",
 "sqlResult": "{205 | 68.33}",
 "nlq": "What are the total and average numbers of BBbm buildings in DDfq, DDcs, or DDgy?"},
{"name": "template 8",
 "sql": "SELECT AA,BB,avg(Value),max(Value) FROM DBdata WHERE ((AA = 'AAcr' AND BB = 'BBqw') OR (AA = 'AAcr' AND BB = 'BBbm') OR (AA = 'AAkq' AND BB = 'BBbj')) AND ((CC = 'CCfk' AND DD = 'DDgy') OR (CC = 'CCdn' AND DD = 'DDmn')) GROUP BY AA,BB",
 "sqlResult": "{AAkq | BBbj | 22.5 | 45} || {AAcr | BBbm | 92 | 96} || {AAcr | BBqw | 35.5 | 62}",
 "nlq": "What are the average and maximum numbers for each AA and BB, of BBbm, BBbj, or BBqw buildings in DDmn or DDgy? Please, report the corresponding AA and BB."},
{"name": "template 9",
 "sql": "SELECT min(Value) FROM DBdata WHERE ((AA = 'AAcr' AND BB = 'BBqw')) AND (CC IN ('CCxz','CCfk','CCdn')) GROUP BY CC",
 "sqlResult": "{26} || {8} || {62}",
 "nlq": "What is the minimum number for each CC, of BBqw buildings in CCxz, CCfk, or CCdn?"},
{"name": "template 10",
 "sql": "SELECT CC,min(Value) FROM DBdata WHERE ((AA = 'AAkq' AND BB = 'BBhn')) AND (CC IN ('CCxz','CCfk','CCdn')) GROUP BY CC",
 "sqlResult": "{CCxz | 58} || {CCfk | 5} || {CCdn | 25}",
 "nlq": "What is the minimum number for each CC, of BBhn buildings in CCxz, CCfk, or CCdn? Please, report the corresponding CC."},
{"name": "template 11",
 "sql": "SELECT CC,AA,BB,sum(Value) FROM DBdata WHERE ((AA = 'AAcr' AND BB = 'BBqw') OR (AA = 'AAcr' AND BB = 'BBbm') OR (AA = 'AAkq' AND BB = 'BBbj')) AND (CC IN ('CCxz','CCfk','CCdn')) GROUP BY CC,AA,BB",
 "sqlResult": "{CCxz | AAkq | BBbj | 122} || {CCxz | AAcr | BBbm | 115} || {CCxz | AAcr | BBqw | 76} || {CCfk | AAkq | BBbj | 149} || {CCfk | AAcr | BBbm | 129} || {CCfk | AAcr | BBqw | 68} || {CCdn | AAkq | BBbj | 93} || {CCdn | AAcr | BBbm | 168} || {CCdn | AAcr | BBqw | 144}",
 "nlq": "What is the total number for each CC, AA, and BB, of BBbm, BBbj, or BBqw buildings in CCxz, CCfk, or CCdn? Please, report the corresponding CC, AA, and BB."},
{"name": "template 12",
 "sql": "SELECT Value FROM DBdata WHERE ((AA = 'AAcr' AND BB = 'BBbm')) AND (CC IN ('CCxz','CCdn')) ORDER BY VALUE DESC LIMIT 3",
 "sqlResult": "{88} || {80} || {68}",
 "nlq": "What are the top 3 numbers of BBbm buildings in CCxz or CCdn?"},
{"name": "template 13",
 "sql": "SELECT Value FROM DBdata WHERE ((AA = 'AAkq' AND BB = 'BBkp')) AND (CC IN ('CCfk','CCdn')) ORDER BY VALUE DESC",
 "sqlResult": "{98} || {72} || {24} || {13} || {3}",
 "nlq": "What are the numbers ordered by descending values of BBkp buildings in CCfk or CCdn?"},
{"name": "template 14",
 "sql": "SELECT CC,DD FROM DBdata WHERE ((AA = 'AAkq' AND BB = 'BBkp')) AND Value > 52.31",
 "sqlResult": "{CCxz | DDqx} || {CCxz | DDnt} || {CCfk | DDgy} || {CCdn | DDmn}",
 "nlq": "What are the CC and DD for which the number of BBkp buildings is greater than 52.31?"},
{"name": "template 15",
 "sql": "SELECT CC,DD,Value FROM DBdata WHERE ((AA = 'AAkq' AND BB = 'BBbj')) AND (CC,DD) IN (SELECT CC,DD FROM DBdata WHERE ((AA = 'AAkq' AND BB = 'BBkp')) AND Value > 52.31)",
 "sqlResult": "{CCxz | DDqx | 46} || {CCxz | DDnt | 76} || {CCfk | DDgy | 45} || {CCdn | DDmn | 0}",
 "nlq": "What is the number of BBbj buildings in CC and in DD for which the number of BBkp buildings is greater than 52.31? Please, report the corresponding CC, DD, and number of buildings."}]
}

