{
"filename": "Number_of_constructions_set8_5_DB.csv",
"questions": [{"name": "template 1",
 "sql": "SELECT Value FROM DBdata WHERE ((Type_of_building = 'Service' AND Usage = 'Administration')) AND ((Quarter = 'Q2' AND Month = 'April'))",
 "sqlResult": "{18}",
 "nlq": "What is the number of Administration buildings in April?"},
{"name": "template 2",
 "sql": "SELECT Value FROM DBdata WHERE ((Type_of_building = 'Culture' AND Usage = 'Theatre')) AND ((Quarter = 'Q1' AND Month = 'February') OR (Quarter = 'Q2' AND Month = 'June'))",
 "sqlResult": "{98} || {78}",
 "nlq": "What is the number of Theatre buildings in February or June?"},
{"name": "template 3",
 "sql": "SELECT Value FROM DBdata WHERE ((Type_of_building = 'Service' AND Usage = 'Hospital') OR (Type_of_building = 'Service' AND Usage = 'Administration')) AND ((Quarter = 'Q1' AND Month = 'February'))",
 "sqlResult": "{15} || {13}",
 "nlq": "What is the number of Administration or Hospital buildings in February?"},
{"name": "template 4",
 "sql": "SELECT avg(Value),min(Value) FROM DBdata WHERE ((Type_of_building = 'Culture' AND Usage = 'Museum') OR (Type_of_building = 'Culture' AND Usage = 'Theatre') OR (Type_of_building = 'Service' AND Usage = 'Administration')) AND ((Quarter = 'Q1' AND Month = 'January'))",
 "sqlResult": "{25.33 | 0}",
 "nlq": "What are the average and minimum numbers of Administration, Museum, or Theatre buildings in January?"},
{"name": "template 6",
 "sql": "SELECT Value FROM DBdata WHERE ((Type_of_building = 'Culture' AND Usage = 'Museum') OR (Type_of_building = 'Culture' AND Usage = 'Theatre') OR (Type_of_building = 'Service' AND Usage = 'Hospital') OR (Type_of_building = 'Service' AND Usage = 'Administration')) AND ((Quarter = 'Q1' AND Month = 'January') OR (Quarter = 'Q1' AND Month = 'February') OR (Quarter = 'Q2' AND Month = 'June'))",
 "sqlResult": "{0} || {57} || {96} || {19} || {8} || {98} || {15} || {13} || {95} || {78} || {86} || {46}",
 "nlq": "What is the number of Administration, Hospital, Museum, or Theatre buildings in February, January, or June?"},
{"name": "template 7",
 "sql": "SELECT avg(Value),max(Value) FROM DBdata WHERE ((Type_of_building = 'Culture' AND Usage = 'Museum')) AND ((Quarter = 'Q1' AND Month = 'February') OR (Quarter = 'Q2' AND Month = 'May'))",
 "sqlResult": "{39.5 | 71}",
 "nlq": "What are the average and maximum numbers of Museum buildings in February or May?"},
{"name": "template 8",
 "sql": "SELECT Type_of_building,Usage,max(Value),avg(Value) FROM DBdata WHERE ((Type_of_building = 'Culture' AND Usage = 'Theatre') OR (Type_of_building = 'Service' AND Usage = 'Hospital') OR (Type_of_building = 'Service' AND Usage = 'Administration')) AND ((Quarter = 'Q1' AND Month = 'January') OR (Quarter = 'Q1' AND Month = 'February') OR (Quarter = 'Q2' AND Month = 'April') OR (Quarter = 'Q2' AND Month = 'May') OR (Quarter = 'Q2' AND Month = 'June')) GROUP BY Type_of_building,Usage",
 "sqlResult": "{Culture | Theatre | 98 | 66.2} || {Service | Administration | 60 | 31.2} || {Service | Hospital | 96 | 68.4}",
 "nlq": "What are the maximum and average numbers for each Type of building and Usage, of Administration, Hospital, or Theatre buildings in April, February, January, June, or May? Please, report the corresponding Type of building and Usage."},
{"name": "template 9",
 "sql": "SELECT min(Value) FROM DBdata WHERE ((Type_of_building = 'Culture' AND Usage = 'Theatre')) AND (Quarter IN ('Q1','Q2')) GROUP BY Quarter",
 "sqlResult": "{57} || {44}",
 "nlq": "What is the minimum number for each Quarter, of Theatre buildings in Q1 or Q2?"},
{"name": "template 10",
 "sql": "SELECT Quarter,sum(Value) FROM DBdata WHERE ((Type_of_building = 'Culture' AND Usage = 'Theatre')) AND (Quarter IN ('Q1','Q2')) GROUP BY Quarter",
 "sqlResult": "{Q1 | 155} || {Q2 | 176}",
 "nlq": "What is the total number for each Quarter, of Theatre buildings in Q1 or Q2? Please, report the corresponding Quarter."},
{"name": "template 11",
 "sql": "SELECT Quarter,Type_of_building,Usage,max(Value) FROM DBdata WHERE ((Type_of_building = 'Culture' AND Usage = 'Museum') OR (Type_of_building = 'Culture' AND Usage = 'Theatre') OR (Type_of_building = 'Service' AND Usage = 'Administration')) AND (Quarter IN ('Q1','Q2')) GROUP BY Quarter,Type_of_building,Usage",
 "sqlResult": "{Q1 | Culture | Museum | 8} || {Q1 | Culture | Theatre | 98} || {Q1 | Service | Administration | 19} || {Q2 | Culture | Museum | 95} || {Q2 | Culture | Theatre | 78} || {Q2 | Service | Administration | 60}",
 "nlq": "What is the maximum number for each Quarter, Type of building, and Usage, of Administration, Museum, or Theatre buildings in Q1 or Q2? Please, report the corresponding Quarter, Type of building, and Usage."},
{"name": "template 12",
 "sql": "SELECT Value FROM DBdata WHERE ((Type_of_building = 'Culture' AND Usage = 'Theatre')) AND (Quarter IN ('Q1','Q2')) ORDER BY VALUE DESC LIMIT 2",
 "sqlResult": "{98} || {78}",
 "nlq": "What are the top 2 numbers of Theatre buildings in Q1 or Q2?"},
{"name": "template 13",
 "sql": "SELECT Value FROM DBdata WHERE ((Type_of_building = 'Culture' AND Usage = 'Theatre')) AND (Quarter IN ('Q1','Q2')) ORDER BY VALUE DESC",
 "sqlResult": "{98} || {78} || {57} || {54} || {44}",
 "nlq": "What are the numbers ordered by descending values of Theatre buildings in Q1 or Q2?"},
{"name": "template 14",
 "sql": "SELECT Quarter,Month FROM DBdata WHERE ((Type_of_building = 'Culture' AND Usage = 'Theatre')) AND Value > 54.3",
 "sqlResult": "{Q1 | January} || {Q1 | February} || {Q2 | June}",
 "nlq": "What are the Quarter and Month for which the number of Theatre buildings is greater than 54.3?"},
{"name": "template 15",
 "sql": "SELECT Quarter,Month,Value FROM DBdata WHERE ((Type_of_building = 'Culture' AND Usage = 'Museum')) AND (Quarter,Month) IN (SELECT Quarter,Month FROM DBdata WHERE ((Type_of_building = 'Culture' AND Usage = 'Theatre')) AND Value > 54.3)",
 "sqlResult": "{Q1 | January | 0} || {Q1 | February | 8} || {Q2 | June | 95}",
 "nlq": "What is the number of Museum buildings in Quarter and in Month for which the number of Theatre buildings is greater than 54.3? Please, report the corresponding Quarter, Month, and number of buildings."}]
}
