AA,BB,CC,DD,Value
AA,BB,CC,DD,Value
AAvy,BBvx,CCgm,DDhw,62
AAvy,BBkx,CCgm,DDhw,11
AAdg,BBsy,CCgm,DDhw,75
AAdg,BBrs,CCgm,DDhw,98
AAvy,BBvx,CCgm,DDdv,90
AAvy,BBkx,CCgm,DDdv,95
AAdg,BBsy,CCgm,DDdv,83
AAdg,BBrs,CCgm,DDdv,99
AAvy,BBvx,CCgm,DDlz,13
AAvy,BBkx,CCgm,DDlz,71
AAdg,BBsy,CCgm,DDlz,21
AAdg,BBrs,CCgm,DDlz,97
AAvy,BBvx,CChq,DDhx,23
AAvy,BBkx,CChq,DDhx,12
AAdg,BBsy,CChq,DDhx,17
AAdg,BBrs,CChq,DDhx,7
AAvy,BBvx,CChq,DDdp,2
AAvy,BBkx,CChq,DDdp,50
AAdg,BBsy,CChq,DDdp,30
AAdg,BBrs,CChq,DDdp,78
AAvy,BBvx,CCfn,DDmn,18
AAvy,BBkx,CCfn,DDmn,70
AAdg,BBsy,CCfn,DDmn,100
AAdg,BBrs,CCfn,DDmn,92
AAvy,BBvx,CCfn,DDln,86
AAvy,BBkx,CCfn,DDln,31
AAdg,BBsy,CCfn,DDln,28
AAdg,BBrs,CCfn,DDln,42

