Type of building,Usage,Quarter,Month,Value
Type_of_building,Usage,Quarter,Month,Value
Production,Workshop,Q3,August,96
Production,Factory,Q3,August,77
Culture,Museum,Q3,August,95
Culture,Theatre,Q3,August,16
Culture,Concert,Q3,August,80
Production,Workshop,Q3,September,81
Production,Factory,Q3,September,68
Culture,Museum,Q3,September,92
Culture,Theatre,Q3,September,87
Culture,Concert,Q3,September,76
Production,Workshop,Q4,October,93
Production,Factory,Q4,October,33
Culture,Museum,Q4,October,79
Culture,Theatre,Q4,October,24
Culture,Concert,Q4,October,11
Production,Workshop,Q4,November,85
Production,Factory,Q4,November,32
Culture,Museum,Q4,November,86
Culture,Theatre,Q4,November,74
Culture,Concert,Q4,November,35
