{
"filename": "Number_of_constructions_set6_4_DB.csv",
"questions": [{"name": "template 1",
 "sql": "SELECT Value FROM DBdata WHERE ((Type_of_building = 'Culture' AND Usage = 'Concert')) AND ((Quarter = 'Q2' AND Month = 'April'))",
 "sqlResult": "{40}",
 "nlq": "What is the number of Concert buildings in April?"},
{"name": "template 2",
 "sql": "SELECT Value FROM DBdata WHERE ((Type_of_building = 'Production' AND Usage = 'Factory')) AND ((Quarter = 'Q2' AND Month = 'April') OR (Quarter = 'Q2' AND Month = 'June') OR (Quarter = 'Q4' AND Month = 'November'))",
 "sqlResult": "{47} || {85} || {81}",
 "nlq": "What is the number of Factory buildings in April, June, or November?"},
{"name": "template 3",
 "sql": "SELECT Value FROM DBdata WHERE ((Type_of_building = 'Production' AND Usage = 'Workshop') OR (Type_of_building = 'Production' AND Usage = 'Factory') OR (Type_of_building = 'Culture' AND Usage = 'Museum') OR (Type_of_building = 'Culture' AND Usage = 'Theatre') OR (Type_of_building = 'Culture' AND Usage = 'Concert')) AND ((Quarter = 'Q4' AND Month = 'November'))",
 "sqlResult": "{64} || {81} || {5} || {82} || {58}",
 "nlq": "What is the number of Concert, Factory, Museum, Theatre, or Workshop buildings in November?"},
{"name": "template 4",
 "sql": "SELECT max(Value),sum(Value) FROM DBdata WHERE ((Type_of_building = 'Production' AND Usage = 'Workshop') OR (Type_of_building = 'Production' AND Usage = 'Factory')) AND ((Quarter = 'Q2' AND Month = 'May'))",
 "sqlResult": "{100 | 127}",
 "nlq": "What are the maximum and total numbers of Factory or Workshop buildings in May?"},
{"name": "template 6",
 "sql": "SELECT Value FROM DBdata WHERE ((Type_of_building = 'Production' AND Usage = 'Workshop') OR (Type_of_building = 'Production' AND Usage = 'Factory') OR (Type_of_building = 'Culture' AND Usage = 'Museum') OR (Type_of_building = 'Culture' AND Usage = 'Theatre')) AND ((Quarter = 'Q2' AND Month = 'June') OR (Quarter = 'Q3' AND Month = 'September') OR (Quarter = 'Q4' AND Month = 'December'))",
 "sqlResult": "{8} || {85} || {0} || {62} || {23} || {3} || {86} || {60} || {45} || {75} || {48} || {98}",
 "nlq": "What is the number of Factory, Museum, Theatre, or Workshop buildings in December, June, or September?"},
{"name": "template 7",
 "sql": "SELECT min(Value),avg(Value) FROM DBdata WHERE ((Type_of_building = 'Culture' AND Usage = 'Concert')) AND ((Quarter = 'Q2' AND Month = 'May') OR (Quarter = 'Q3' AND Month = 'September') OR (Quarter = 'Q4' AND Month = 'November'))",
 "sqlResult": "{18 | 34.67}",
 "nlq": "What are the minimum and average numbers of Concert buildings in May, November, or September?"},
{"name": "template 8",
 "sql": "SELECT Type_of_building,Usage,min(Value),max(Value) FROM DBdata WHERE ((Type_of_building = 'Production' AND Usage = 'Factory') OR (Type_of_building = 'Culture' AND Usage = 'Museum') OR (Type_of_building = 'Culture' AND Usage = 'Concert')) AND ((Quarter = 'Q2' AND Month = 'April') OR (Quarter = 'Q2' AND Month = 'May') OR (Quarter = 'Q2' AND Month = 'June') OR (Quarter = 'Q3' AND Month = 'August') OR (Quarter = 'Q4' AND Month = 'November')) GROUP BY Type_of_building,Usage",
 "sqlResult": "{Culture | Concert | 18 | 89} || {Culture | Museum | 0 | 79} || {Production | Factory | 2 | 100}",
 "nlq": "What are the minimum and maximum numbers for each Type of building and Usage, of Concert, Factory, or Museum buildings in April, August, June, May, or November? Please, report the corresponding Type of building and Usage."},
{"name": "template 9",
 "sql": "SELECT min(Value) FROM DBdata WHERE ((Type_of_building = 'Culture' AND Usage = 'Theatre')) AND (Quarter IN ('Q2','Q3','Q4')) GROUP BY Quarter",
 "sqlResult": "{39} || {60} || {82}",
 "nlq": "What is the minimum number for each Quarter, of Theatre buildings in Q2, Q3, or Q4?"},
{"name": "template 10",
 "sql": "SELECT Quarter,min(Value) FROM DBdata WHERE ((Type_of_building = 'Production' AND Usage = 'Factory')) AND (Quarter IN ('Q2','Q3','Q4')) GROUP BY Quarter",
 "sqlResult": "{Q2 | 47} || {Q3 | 2} || {Q4 | 75}",
 "nlq": "What is the minimum number for each Quarter, of Factory buildings in Q2, Q3, or Q4? Please, report the corresponding Quarter."},
{"name": "template 11",
 "sql": "SELECT Quarter,Type_of_building,Usage,avg(Value) FROM DBdata WHERE ((Type_of_building = 'Production' AND Usage = 'Factory') OR (Type_of_building = 'Culture' AND Usage = 'Concert')) AND (Quarter IN ('Q2','Q3','Q4')) GROUP BY Quarter,Type_of_building,Usage",
 "sqlResult": "{Q2 | Culture | Concert | 27.67} || {Q2 | Production | Factory | 77.33} || {Q3 | Culture | Concert | 58.5} || {Q3 | Production | Factory | 2.5} || {Q4 | Culture | Concert | 38.5} || {Q4 | Production | Factory | 78}",
 "nlq": "What is the average number for each Quarter, Type of building, and Usage, of Concert or Factory buildings in Q2, Q3, or Q4? Please, report the corresponding Quarter, Type of building, and Usage."},
{"name": "template 12",
 "sql": "SELECT Value FROM DBdata WHERE ((Type_of_building = 'Culture' AND Usage = 'Museum')) AND (Quarter IN ('Q3','Q4')) ORDER BY VALUE DESC LIMIT 3",
 "sqlResult": "{86} || {48} || {11}",
 "nlq": "What are the top 3 numbers of Museum buildings in Q3 or Q4?"},
{"name": "template 13",
 "sql": "SELECT Value FROM DBdata WHERE ((Type_of_building = 'Culture' AND Usage = 'Concert')) AND (Quarter IN ('Q2','Q4')) ORDER BY VALUE ASC",
 "sqlResult": "{18} || {19} || {25} || {40} || {58}",
 "nlq": "What are the numbers ordered by ascending values of Concert buildings in Q2 or Q4?"},
{"name": "template 14",
 "sql": "SELECT Quarter,Month FROM DBdata WHERE ((Type_of_building = 'Culture' AND Usage = 'Concert')) AND Value > 50.03",
 "sqlResult": "{Q3 | August} || {Q4 | November}",
 "nlq": "What are the Quarter and Month for which the number of Concert buildings is greater than 50.03?"},
{"name": "template 15",
 "sql": "SELECT Quarter,Month,Value FROM DBdata WHERE ((Type_of_building = 'Production' AND Usage = 'Workshop')) AND (Quarter,Month) IN (SELECT Quarter,Month FROM DBdata WHERE ((Type_of_building = 'Culture' AND Usage = 'Concert')) AND Value > 50.03)",
 "sqlResult": "{Q3 | August | 96} || {Q4 | November | 64}",
 "nlq": "What is the number of Workshop buildings in Quarter and in Month for which the number of Concert buildings is greater than 50.03? Please, report the corresponding Quarter, Month, and number of buildings."}]
}
