AA,BB,CC,DD,Value
AA,BB,CC,DD,Value
AAdh,BBrt,CCpt,DDkv,30
AAdh,BBlz,CCpt,DDkv,86
AAbh,BBcl,CCpt,DDkv,49
AAbh,BBfp,CCpt,DDkv,27
AAgv,BBky,CCpt,DDkv,26
AAgv,BBhj,CCpt,DDkv,41
AAdh,BBrt,CCpt,DDcm,98
AAdh,BBlz,CCpt,DDcm,81
AAbh,BBcl,CCpt,DDcm,90
AAbh,BBfp,CCpt,DDcm,97
AAgv,BBky,CCpt,DDcm,0
AAgv,BBhj,CCpt,DDcm,74
AAdh,BBrt,CCcz,DDln,38
AAdh,BBlz,CCcz,DDln,5
AAbh,BBcl,CCcz,DDln,43
AAbh,BBfp,CCcz,DDln,28
AAgv,BBky,CCcz,DDln,63
AAgv,BBhj,CCcz,DDln,7
AAdh,BBrt,CCcz,DDdf,15
AAdh,BBlz,CCcz,DDdf,11
AAbh,BBcl,CCcz,DDdf,20
AAbh,BBfp,CCcz,DDdf,83
AAgv,BBky,CCcz,DDdf,45
AAgv,BBhj,CCcz,DDdf,14

