Type of building,Usage,Quarter,Month,Value
Type_of_building,Usage,Quarter,Month,Value
Production,Workshop,Q3,August,60
Production,Factory,Q3,August,31
Culture,Theatre,Q3,August,52
Culture,Concert,Q3,August,26
Service,Hospital,Q3,August,83
Service,Administration,Q3,August,87
Production,Workshop,Q3,September,77
Production,Factory,Q3,September,34
Culture,Theatre,Q3,September,57
Culture,Concert,Q3,September,19
Service,Hospital,Q3,September,36
Service,Administration,Q3,September,40
Production,Workshop,Q4,November,78
Production,Factory,Q4,November,51
Culture,Theatre,Q4,November,82
Culture,Concert,Q4,November,75
Service,Hospital,Q4,November,66
Service,Administration,Q4,November,23
Production,Workshop,Q4,December,20
Production,Factory,Q4,December,8
Culture,Theatre,Q4,December,59
Culture,Concert,Q4,December,50
Service,Hospital,Q4,December,63
Service,Administration,Q4,December,28
