AA,BB,CC,DD,Value
AA,BB,CC,DD,Value
AApx,BBjk,CCjr,DDbt,35
AApx,BBfh,CCjr,DDbt,12
AAjm,BBlw,CCjr,DDbt,100
AAjm,BBpv,CCjr,DDbt,59
AApw,BBbp,CCjr,DDbt,2
AApw,BBjw,CCjr,DDbt,87
AApw,BBcj,CCjr,DDbt,10
AApx,BBjk,CCjr,DDdl,69
AApx,BBfh,CCjr,DDdl,73
AAjm,BBlw,CCjr,DDdl,95
AAjm,BBpv,CCjr,DDdl,63
AApw,BBbp,CCjr,DDdl,94
AApw,BBjw,CCjr,DDdl,77
AApw,BBcj,CCjr,DDdl,14
AApx,BBjk,CCbk,DDck,98
AApx,BBfh,CCbk,DDck,85
AAjm,BBlw,CCbk,DDck,23
AAjm,BBpv,CCbk,DDck,84
AApw,BBbp,CCbk,DDck,70
AApw,BBjw,CCbk,DDck,1
AApw,BBcj,CCbk,DDck,0
AApx,BBjk,CCbk,DDkt,3
AApx,BBfh,CCbk,DDkt,61
AAjm,BBlw,CCbk,DDkt,15
AAjm,BBpv,CCbk,DDkt,90
AApw,BBbp,CCbk,DDkt,79
AApw,BBjw,CCbk,DDkt,96
AApw,BBcj,CCbk,DDkt,91

