Type of building,Usage,Quarter,Month,Value
Type_of_building,Usage,Quarter,Month,Value
Residential,House,Q2,April,49
Residential,Apartment,Q2,April,50
Residential,Hotel,Q2,April,99
Production,Workshop,Q2,April,31
Production,Factory,Q2,April,18
Residential,House,Q2,May,13
Residential,Apartment,Q2,May,26
Residential,Hotel,Q2,May,16
Production,Workshop,Q2,May,79
Production,Factory,Q2,May,33
Residential,House,Q3,July,89
Residential,Apartment,Q3,July,39
Residential,Hotel,Q3,July,70
Production,Workshop,Q3,July,48
Production,Factory,Q3,July,15
Residential,House,Q3,August,51
Residential,Apartment,Q3,August,75
Residential,Hotel,Q3,August,87
Production,Workshop,Q3,August,34
Production,Factory,Q3,August,40
Residential,House,Q3,September,96
Residential,Apartment,Q3,September,67
Residential,Hotel,Q3,September,10
Production,Workshop,Q3,September,100
Production,Factory,Q3,September,32
