AA,BB,CC,DD,Value
AA,BB,CC,DD,Value
AAdh,BBqt,CCmn,DDht,43
AAdh,BBcn,CCmn,DDht,62
AAjt,BBdr,CCmn,DDht,64
AAjt,BBcx,CCmn,DDht,73
AAdf,BBqs,CCmn,DDht,65
AAdf,BBqx,CCmn,DDht,19
AAdh,BBqt,CCmn,DDlx,41
AAdh,BBcn,CCmn,DDlx,93
AAjt,BBdr,CCmn,DDlx,71
AAjt,BBcx,CCmn,DDlx,48
AAdf,BBqs,CCmn,DDlx,40
AAdf,BBqx,CCmn,DDlx,37
AAdh,BBqt,CCmn,DDfk,17
AAdh,BBcn,CCmn,DDfk,18
AAjt,BBdr,CCmn,DDfk,77
AAjt,BBcx,CCmn,DDfk,79
AAdf,BBqs,CCmn,DDfk,52
AAdf,BBqx,CCmn,DDfk,23
AAdh,BBqt,CCpv,DDhw,96
AAdh,BBcn,CCpv,DDhw,84
AAjt,BBdr,CCpv,DDhw,100
AAjt,BBcx,CCpv,DDhw,72
AAdf,BBqs,CCpv,DDhw,81
AAdf,BBqx,CCpv,DDhw,24
AAdh,BBqt,CCpv,DDxz,16
AAdh,BBcn,CCpv,DDxz,1
AAjt,BBdr,CCpv,DDxz,30
AAjt,BBcx,CCpv,DDxz,89
AAdf,BBqs,CCpv,DDxz,61
AAdf,BBqx,CCpv,DDxz,10

