{
"filename": "Number_of_constructions_set9_1_DB.csv",
"questions": [{"name": "template 1",
 "sql": "SELECT Value FROM DBdata WHERE ((Type_of_building = 'Production' AND Usage = 'Workshop')) AND ((Quarter = 'Q4' AND Month = 'December'))",
 "sqlResult": "{10}",
 "nlq": "What is the number of Workshop buildings in December?"},
{"name": "template 2",
 "sql": "SELECT Value FROM DBdata WHERE ((Type_of_building = 'Culture' AND Usage = 'Museum')) AND ((Quarter = 'Q3' AND Month = 'August') OR (Quarter = 'Q3' AND Month = 'September') OR (Quarter = 'Q4' AND Month = 'November') OR (Quarter = 'Q4' AND Month = 'December'))",
 "sqlResult": "{25} || {69} || {22} || {58}",
 "nlq": "What is the number of Museum buildings in August, December, November, or September?"},
{"name": "template 3",
 "sql": "SELECT Value FROM DBdata WHERE ((Type_of_building = 'Residential' AND Usage = 'Apartment') OR (Type_of_building = 'Residential' AND Usage = 'Hotel') OR (Type_of_building = 'Production' AND Usage = 'Workshop') OR (Type_of_building = 'Production' AND Usage = 'Factory') OR (Type_of_building = 'Culture' AND Usage = 'Museum') OR (Type_of_building = 'Culture' AND Usage = 'Theatre') OR (Type_of_building = 'Culture' AND Usage = 'Concert')) AND ((Quarter = 'Q4' AND Month = 'November'))",
 "sqlResult": "{90} || {12} || {56} || {62} || {22} || {99} || {42}",
 "nlq": "What is the number of Apartment, Concert, Factory, Hotel, Museum, Theatre, or Workshop buildings in November?"},
{"name": "template 4",
 "sql": "SELECT sum(Value),max(Value) FROM DBdata WHERE ((Type_of_building = 'Residential' AND Usage = 'Hotel') OR (Type_of_building = 'Production' AND Usage = 'Factory') OR (Type_of_building = 'Culture' AND Usage = 'Theatre')) AND ((Quarter = 'Q4' AND Month = 'December'))",
 "sqlResult": "{231 | 97}",
 "nlq": "What are the total and maximum numbers of Factory, Hotel, or Theatre buildings in December?"},
{"name": "template 6",
 "sql": "SELECT Value FROM DBdata WHERE ((Type_of_building = 'Production' AND Usage = 'Workshop') OR (Type_of_building = 'Production' AND Usage = 'Factory') OR (Type_of_building = 'Culture' AND Usage = 'Concert')) AND ((Quarter = 'Q2' AND Month = 'April') OR (Quarter = 'Q2' AND Month = 'May') OR (Quarter = 'Q3' AND Month = 'August') OR (Quarter = 'Q3' AND Month = 'September'))",
 "sqlResult": "{36} || {49} || {68} || {30} || {4} || {13} || {8} || {53} || {52} || {35} || {93} || {46}",
 "nlq": "What is the number of Concert, Factory, or Workshop buildings in April, August, May, or September?"},
{"name": "template 7",
 "sql": "SELECT sum(Value),avg(Value) FROM DBdata WHERE ((Type_of_building = 'Culture' AND Usage = 'Theatre')) AND ((Quarter = 'Q2' AND Month = 'May') OR (Quarter = 'Q3' AND Month = 'August') OR (Quarter = 'Q3' AND Month = 'September') OR (Quarter = 'Q4' AND Month = 'November') OR (Quarter = 'Q4' AND Month = 'December'))",
 "sqlResult": "{350 | 70}",
 "nlq": "What are the total and average numbers of Theatre buildings in August, December, May, November, or September?"},
{"name": "template 8",
 "sql": "SELECT Type_of_building,Usage,min(Value),sum(Value) FROM DBdata WHERE ((Type_of_building = 'Residential' AND Usage = 'Apartment') OR (Type_of_building = 'Residential' AND Usage = 'Hotel') OR (Type_of_building = 'Production' AND Usage = 'Factory') OR (Type_of_building = 'Culture' AND Usage = 'Museum')) AND ((Quarter = 'Q2' AND Month = 'April') OR (Quarter = 'Q2' AND Month = 'May')) GROUP BY Type_of_building,Usage",
 "sqlResult": "{Culture | Museum | 7 | 21} || {Production | Factory | 4 | 53} || {Residential | Apartment | 75 | 167} || {Residential | Hotel | 24 | 68}",
 "nlq": "What are the minimum and total numbers for each Type of building and Usage, of Apartment, Factory, Hotel, or Museum buildings in April or May? Please, report the corresponding Type of building and Usage."},
{"name": "template 9",
 "sql": "SELECT min(Value) FROM DBdata WHERE ((Type_of_building = 'Residential' AND Usage = 'Apartment')) AND (Quarter IN ('Q2','Q3','Q4')) GROUP BY Quarter",
 "sqlResult": "{75} || {55} || {54}",
 "nlq": "What is the minimum number for each Quarter, of Apartment buildings in Q2, Q3, or Q4?"},
{"name": "template 10",
 "sql": "SELECT Quarter,avg(Value) FROM DBdata WHERE ((Type_of_building = 'Culture' AND Usage = 'Museum')) AND (Quarter IN ('Q2','Q3','Q4')) GROUP BY Quarter",
 "sqlResult": "{Q2 | 10.5} || {Q3 | 47} || {Q4 | 40}",
 "nlq": "What is the average number for each Quarter, of Museum buildings in Q2, Q3, or Q4? Please, report the corresponding Quarter."},
{"name": "template 11",
 "sql": "SELECT Quarter,Type_of_building,Usage,sum(Value) FROM DBdata WHERE ((Type_of_building = 'Production' AND Usage = 'Workshop') OR (Type_of_building = 'Culture' AND Usage = 'Museum') OR (Type_of_building = 'Culture' AND Usage = 'Concert')) AND (Quarter IN ('Q2','Q3','Q4')) GROUP BY Quarter,Type_of_building,Usage",
 "sqlResult": "{Q2 | Culture | Concert | 81} || {Q2 | Culture | Museum | 21} || {Q2 | Production | Workshop | 66} || {Q3 | Culture | Concert | 98} || {Q3 | Culture | Museum | 94} || {Q3 | Production | Workshop | 43} || {Q4 | Culture | Concert | 129} || {Q4 | Culture | Museum | 80} || {Q4 | Production | Workshop | 66}",
 "nlq": "What is the total number for each Quarter, Type of building, and Usage, of Concert, Museum, or Workshop buildings in Q2, Q3, or Q4? Please, report the corresponding Quarter, Type of building, and Usage."},
{"name": "template 12",
 "sql": "SELECT Value FROM DBdata WHERE ((Type_of_building = 'Residential' AND Usage = 'Apartment')) AND (Quarter IN ('Q2','Q3')) ORDER BY VALUE DESC LIMIT 3",
 "sqlResult": "{92} || {78} || {75}",
 "nlq": "What are the top 3 numbers of Apartment buildings in Q2 or Q3?"},
{"name": "template 13",
 "sql": "SELECT Value FROM DBdata WHERE ((Type_of_building = 'Residential' AND Usage = 'Hotel')) AND (Quarter IN ('Q2','Q4')) ORDER BY VALUE ASC",
 "sqlResult": "{12} || {24} || {44} || {70}",
 "nlq": "What are the numbers ordered by ascending values of Hotel buildings in Q2 or Q4?"},
{"name": "template 14",
 "sql": "SELECT Quarter,Month FROM DBdata WHERE ((Type_of_building = 'Residential' AND Usage = 'Apartment')) AND Value > 50.83",
 "sqlResult": "{Q2 | April} || {Q2 | May} || {Q3 | August} || {Q3 | September} || {Q4 | November} || {Q4 | December}",
 "nlq": "What are the Quarter and Month for which the number of Apartment buildings is greater than 50.83?"},
{"name": "template 15",
 "sql": "SELECT Quarter,Month,Value FROM DBdata WHERE ((Type_of_building = 'Culture' AND Usage = 'Concert')) AND (Quarter,Month) IN (SELECT Quarter,Month FROM DBdata WHERE ((Type_of_building = 'Residential' AND Usage = 'Apartment')) AND Value > 50.83)",
 "sqlResult": "{Q2 | April | 68} || {Q2 | May | 13} || {Q3 | August | 52} || {Q3 | September | 46} || {Q4 | November | 42} || {Q4 | December | 87}",
 "nlq": "What is the number of Concert buildings in Quarter and in Month for which the number of Apartment buildings is greater than 50.83? Please, report the corresponding Quarter, Month, and number of buildings."}]
}
