{
"filename": "Number_of_constructions_set3_1_DB.csv",
"questions": [{"name": "template 1",
 "sql": "SELECT Value FROM DBdata WHERE ((Type_of_building = 'Service' AND Usage = 'Hospital')) AND ((Quarter = 'Q3' AND Month = 'September'))",
 "sqlResult": "{30}",
 "nlq": "What is the number of Hospital buildings in September?"},
{"name": "template 2",
 "sql": "SELECT Value FROM DBdata WHERE ((Type_of_building = 'Service' AND Usage = 'Hospital')) AND ((Quarter = 'Q2' AND Month = 'May') OR (Quarter = 'Q2' AND Month = 'June') OR (Quarter = 'Q3' AND Month = 'September') OR (Quarter = 'Q4' AND Month = 'November'))",
 "sqlResult": "{47} || {57} || {30} || {36}",
 "nlq": "What is the number of Hospital buildings in June, May, November, or September?"},
{"name": "template 3",
 "sql": "SELECT Value FROM DBdata WHERE ((Type_of_building = 'Culture' AND Usage = 'Concert') OR (Type_of_building = 'Service' AND Usage = 'Hospital')) AND ((Quarter = 'Q3' AND Month = 'August'))",
 "sqlResult": "{35} || {53}",
 "nlq": "What is the number of Concert or Hospital buildings in August?"},
{"name": "template 4",
 "sql": "SELECT sum(Value),min(Value) FROM DBdata WHERE ((Type_of_building = 'Culture' AND Usage = 'Museum') OR (Type_of_building = 'Culture' AND Usage = 'Theatre') OR (Type_of_building = 'Culture' AND Usage = 'Concert') OR (Type_of_building = 'Service' AND Usage = 'Hospital') OR (Type_of_building = 'Service' AND Usage = 'Administration')) AND ((Quarter = 'Q2' AND Month = 'June'))",
 "sqlResult": "{270 | 23}",
 "nlq": "What are the total and minimum numbers of Administration, Concert, Hospital, Museum, or Theatre buildings in June?"},
{"name": "template 6",
 "sql": "SELECT Value FROM DBdata WHERE ((Type_of_building = 'Service' AND Usage = 'Hospital') OR (Type_of_building = 'Service' AND Usage = 'Administration')) AND ((Quarter = 'Q2' AND Month = 'June') OR (Quarter = 'Q3' AND Month = 'September') OR (Quarter = 'Q4' AND Month = 'November'))",
 "sqlResult": "{57} || {62} || {30} || {67} || {36} || {66}",
 "nlq": "What is the number of Administration or Hospital buildings in June, November, or September?"},
{"name": "template 7",
 "sql": "SELECT avg(Value),sum(Value) FROM DBdata WHERE ((Type_of_building = 'Service' AND Usage = 'Administration')) AND ((Quarter = 'Q2' AND Month = 'May') OR (Quarter = 'Q2' AND Month = 'June') OR (Quarter = 'Q3' AND Month = 'August') OR (Quarter = 'Q4' AND Month = 'November'))",
 "sqlResult": "{48 | 192}",
 "nlq": "What are the average and total numbers of Administration buildings in August, June, May, or November?"},
{"name": "template 8",
 "sql": "SELECT Type_of_building,Usage,min(Value),max(Value) FROM DBdata WHERE ((Type_of_building = 'Culture' AND Usage = 'Concert') OR (Type_of_building = 'Service' AND Usage = 'Hospital')) AND ((Quarter = 'Q2' AND Month = 'May') OR (Quarter = 'Q3' AND Month = 'September') OR (Quarter = 'Q4' AND Month = 'December')) GROUP BY Type_of_building,Usage",
 "sqlResult": "{Culture | Concert | 49 | 89} || {Service | Hospital | 7 | 47}",
 "nlq": "What are the minimum and maximum numbers for each Type of building and Usage, of Concert or Hospital buildings in December, May, or September? Please, report the corresponding Type of building and Usage."},
{"name": "template 9",
 "sql": "SELECT min(Value) FROM DBdata WHERE ((Type_of_building = 'Service' AND Usage = 'Administration')) AND (Quarter IN ('Q2','Q3','Q4')) GROUP BY Quarter",
 "sqlResult": "{20} || {44} || {61}",
 "nlq": "What is the minimum number for each Quarter, of Administration buildings in Q2, Q3, or Q4?"},
{"name": "template 10",
 "sql": "SELECT Quarter,sum(Value) FROM DBdata WHERE ((Type_of_building = 'Culture' AND Usage = 'Museum')) AND (Quarter IN ('Q2','Q3','Q4')) GROUP BY Quarter",
 "sqlResult": "{Q2 | 102} || {Q3 | 119} || {Q4 | 16}",
 "nlq": "What is the total number for each Quarter, of Museum buildings in Q2, Q3, or Q4? Please, report the corresponding Quarter."},
{"name": "template 11",
 "sql": "SELECT Quarter,Type_of_building,Usage,min(Value) FROM DBdata WHERE ((Type_of_building = 'Culture' AND Usage = 'Theatre') OR (Type_of_building = 'Service' AND Usage = 'Hospital') OR (Type_of_building = 'Service' AND Usage = 'Administration')) AND (Quarter IN ('Q2','Q3','Q4')) GROUP BY Quarter,Type_of_building,Usage",
 "sqlResult": "{Q2 | Culture | Theatre | 94} || {Q2 | Service | Administration | 20} || {Q2 | Service | Hospital | 47} || {Q3 | Culture | Theatre | 78} || {Q3 | Service | Administration | 44} || {Q3 | Service | Hospital | 30} || {Q4 | Culture | Theatre | 6} || {Q4 | Service | Administration | 61} || {Q4 | Service | Hospital | 7}",
 "nlq": "What is the minimum number for each Quarter, Type of building, and Usage, of Administration, Hospital, or Theatre buildings in Q2, Q3, or Q4? Please, report the corresponding Quarter, Type of building, and Usage."},
{"name": "template 12",
 "sql": "SELECT Value FROM DBdata WHERE ((Type_of_building = 'Culture' AND Usage = 'Theatre')) AND (Quarter IN ('Q3','Q4')) ORDER BY VALUE DESC LIMIT 3",
 "sqlResult": "{97} || {84} || {78}",
 "nlq": "What are the top 3 numbers of Theatre buildings in Q3 or Q4?"},
{"name": "template 13",
 "sql": "SELECT Value FROM DBdata WHERE ((Type_of_building = 'Service' AND Usage = 'Administration')) AND (Quarter IN ('Q2','Q3')) ORDER BY VALUE DESC",
 "sqlResult": "{67} || {62} || {44} || {20}",
 "nlq": "What are the numbers ordered by descending values of Administration buildings in Q2 or Q3?"},
{"name": "template 14",
 "sql": "SELECT Quarter,Month FROM DBdata WHERE ((Type_of_building = 'Culture' AND Usage = 'Museum')) AND Value > 51.17",
 "sqlResult": "{Q2 | May} || {Q3 | September}",
 "nlq": "What are the Quarter and Month for which the number of Museum buildings is greater than 51.17?"},
{"name": "template 15",
 "sql": "SELECT Quarter,Month,Value FROM DBdata WHERE ((Type_of_building = 'Culture' AND Usage = 'Theatre')) AND (Quarter,Month) IN (SELECT Quarter,Month FROM DBdata WHERE ((Type_of_building = 'Culture' AND Usage = 'Museum')) AND Value > 51.17)",
 "sqlResult": "{Q2 | May | 96} || {Q3 | September | 97}",
 "nlq": "What is the number of Theatre buildings in Quarter and in Month for which the number of Museum buildings is greater than 51.17? Please, report the corresponding Quarter, Month, and number of buildings."}]
}
