{
"filename": "Number_of_constructions_set7_5_DB.csv",
"questions": [{"name": "template 1",
 "sql": "SELECT Value FROM DBdata WHERE ((AA = 'AAfz' AND BB = 'BBdq')) AND ((CC = 'CCfw' AND DD = 'DDkx'))",
 "sqlResult": "{37}",
 "nlq": "What is the number of BBdq buildings in DDkx?"},
{"name": "template 2",
 "sql": "SELECT Value FROM DBdata WHERE ((AA = 'AAln' AND BB = 'BBbf')) AND ((CC = 'CCfw' AND DD = 'DDgw') OR (CC = 'CCqv' AND DD = 'DDgj'))",
 "sqlResult": "{52} || {16}",
 "nlq": "What is the number of BBbf buildings in DDgw or DDgj?"},
{"name": "template 3",
 "sql": "SELECT Value FROM DBdata WHERE ((AA = 'AAln' AND BB = 'BBbf') OR (AA = 'AAfz' AND BB = 'BBdq')) AND ((CC = 'CCfw' AND DD = 'DDkx'))",
 "sqlResult": "{71} || {37}",
 "nlq": "What is the number of BBbf or BBdq buildings in DDkx?"},
{"name": "template 4",
 "sql": "SELECT avg(Value),min(Value) FROM DBdata WHERE ((AA = 'AAln' AND BB = 'BBft') OR (AA = 'AAln' AND BB = 'BBbf') OR (AA = 'AAfz' AND BB = 'BBdq') OR (AA = 'AAfz' AND BB = 'BBmz')) AND ((CC = 'CCfw' AND DD = 'DDgw'))",
 "sqlResult": "{42 | 3}",
 "nlq": "What are the average and minimum numbers of BBbf, BBmz, BBft, or BBdq buildings in DDgw?"},
{"name": "template 6",
 "sql": "SELECT Value FROM DBdata WHERE ((AA = 'AAln' AND BB = 'BBft') OR (AA = 'AAfz' AND BB = 'BBdq') OR (AA = 'AAfz' AND BB = 'BBmz')) AND ((CC = 'CCfw' AND DD = 'DDgw') OR (CC = 'CCfw' AND DD = 'DDkx') OR (CC = 'CCfw' AND DD = 'DDdg') OR (CC = 'CCqv' AND DD = 'DDgj'))",
 "sqlResult": "{3} || {64} || {49} || {100} || {37} || {82} || {84} || {45} || {19} || {95} || {91} || {88}",
 "nlq": "What is the number of BBmz, BBft, or BBdq buildings in DDkx, DDgw, DDgj, or DDdg?"},
{"name": "template 7",
 "sql": "SELECT avg(Value),max(Value) FROM DBdata WHERE ((AA = 'AAln' AND BB = 'BBft')) AND ((CC = 'CCfw' AND DD = 'DDgw') OR (CC = 'CCfw' AND DD = 'DDkx') OR (CC = 'CCfw' AND DD = 'DDdg') OR (CC = 'CCqv' AND DD = 'DDgt') OR (CC = 'CCqv' AND DD = 'DDgj'))",
 "sqlResult": "{62.2 | 100}",
 "nlq": "What are the average and maximum numbers of BBft buildings in DDkx, DDgw, DDgj, DDgt, or DDdg?"},
{"name": "template 8",
 "sql": "SELECT AA,BB,avg(Value),max(Value) FROM DBdata WHERE ((AA = 'AAln' AND BB = 'BBft') OR (AA = 'AAln' AND BB = 'BBbf')) AND ((CC = 'CCfw' AND DD = 'DDgw') OR (CC = 'CCfw' AND DD = 'DDkx') OR (CC = 'CCfw' AND DD = 'DDdg') OR (CC = 'CCqv' AND DD = 'DDgj')) GROUP BY AA,BB",
 "sqlResult": "{AAln | BBbf | 55 | 81} || {AAln | BBft | 70.5 | 100}",
 "nlq": "What are the average and maximum numbers for each AA and BB, of BBbf or BBft buildings in DDkx, DDgw, DDgj, or DDdg? Please, report the corresponding AA and BB."},
{"name": "template 9",
 "sql": "SELECT min(Value) FROM DBdata WHERE ((AA = 'AAln' AND BB = 'BBbf')) AND (CC IN ('CCfw','CCqv')) GROUP BY CC",
 "sqlResult": "{52} || {16}",
 "nlq": "What is the minimum number for each CC, of BBbf buildings in CCfw or CCqv?"},
{"name": "template 10",
 "sql": "SELECT CC,sum(Value) FROM DBdata WHERE ((AA = 'AAfz' AND BB = 'BBmz')) AND (CC IN ('CCfw','CCqv')) GROUP BY CC",
 "sqlResult": "{CCfw | 150} || {CCqv | 148}",
 "nlq": "What is the total number for each CC, of BBmz buildings in CCfw or CCqv? Please, report the corresponding CC."},
{"name": "template 11",
 "sql": "SELECT CC,AA,BB,sum(Value) FROM DBdata WHERE ((AA = 'AAln' AND BB = 'BBft') OR (AA = 'AAln' AND BB = 'BBbf') OR (AA = 'AAfz' AND BB = 'BBmz')) AND (CC IN ('CCfw','CCqv')) GROUP BY CC,AA,BB",
 "sqlResult": "{CCfw | AAfz | BBmz | 150} || {CCfw | AAln | BBbf | 204} || {CCfw | AAln | BBft | 187} || {CCqv | AAfz | BBmz | 148} || {CCqv | AAln | BBbf | 40} || {CCqv | AAln | BBft | 124}",
 "nlq": "What is the total number for each CC, AA, and BB, of BBbf, BBmz, or BBft buildings in CCfw or CCqv? Please, report the corresponding CC, AA, and BB."},
{"name": "template 12",
 "sql": "SELECT Value FROM DBdata WHERE ((AA = 'AAfz' AND BB = 'BBdq')) AND (CC IN ('CCfw','CCqv')) ORDER BY VALUE DESC LIMIT 2",
 "sqlResult": "{92} || {91}",
 "nlq": "What are the top 2 numbers of BBdq buildings in CCfw or CCqv?"},
{"name": "template 13",
 "sql": "SELECT Value FROM DBdata WHERE ((AA = 'AAfz' AND BB = 'BBmz')) AND (CC IN ('CCfw','CCqv')) ORDER BY VALUE DESC",
 "sqlResult": "{88} || {82} || {60} || {49} || {19}",
 "nlq": "What are the numbers ordered by descending values of BBmz buildings in CCfw or CCqv?"},
{"name": "template 14",
 "sql": "SELECT CC,DD FROM DBdata WHERE ((AA = 'AAln' AND BB = 'BBbf')) AND Value < 59.1",
 "sqlResult": "{CCfw | DDgw} || {CCqv | DDgt} || {CCqv | DDgj}",
 "nlq": "What are the CC and DD for which the number of BBbf buildings is lower than 59.1?"},
{"name": "template 15",
 "sql": "SELECT CC,DD,Value FROM DBdata WHERE ((AA = 'AAln' AND BB = 'BBft')) AND (CC,DD) IN (SELECT CC,DD FROM DBdata WHERE ((AA = 'AAln' AND BB = 'BBbf')) AND Value < 59.1)",
 "sqlResult": "{CCfw | DDgw | 3} || {CCqv | DDgt | 29} || {CCqv | DDgj | 95}",
 "nlq": "What is the number of BBft buildings in CC and in DD for which the number of BBbf buildings is lower than 59.1? Please, report the corresponding CC, DD, and number of buildings."}]
}

