AA,BB,CC,DD,Value
AA,BB,CC,DD,Value
AAgp,BBnw,CCch,DDrs,3
AAgp,BBht,CCch,DDrs,43
AAgh,BBcz,CCch,DDrs,11
AAgh,BBlq,CCch,DDrs,38
AAgp,BBnw,CCch,DDny,28
AAgp,BBht,CCch,DDny,49
AAgh,BBcz,CCch,DDny,86
AAgh,BBlq,CCch,DDny,35
AAgp,BBnw,CCgy,DDwx,29
AAgp,BBht,CCgy,DDwx,89
AAgh,BBcz,CCgy,DDwx,27
AAgh,BBlq,CCgy,DDwx,81
AAgp,BBnw,CCgy,DDfw,75
AAgp,BBht,CCgy,DDfw,9
AAgh,BBcz,CCgy,DDfw,98
AAgh,BBlq,CCgy,DDfw,62
AAgp,BBnw,CCgy,DDgs,76
AAgp,BBht,CCgy,DDgs,34
AAgh,BBcz,CCgy,DDgs,85
AAgh,BBlq,CCgy,DDgs,53
AAgp,BBnw,CCwy,DDlv,40
AAgp,BBht,CCwy,DDlv,32
AAgh,BBcz,CCwy,DDlv,48
AAgh,BBlq,CCwy,DDlv,64
AAgp,BBnw,CCwy,DDcd,25
AAgp,BBht,CCwy,DDcd,67
AAgh,BBcz,CCwy,DDcd,15
AAgh,BBlq,CCwy,DDcd,78

