{
"filename": "Number_of_constructions_set8_4_DB.csv",
"questions": [{"name": "template 1",
 "sql": "SELECT Value FROM DBdata WHERE ((Type_of_building = 'Culture' AND Usage = 'Theatre')) AND ((Quarter = 'Q2' AND Month = 'April'))",
 "sqlResult": "{46}",
 "nlq": "What is the number of Theatre buildings in April?"},
{"name": "template 2",
 "sql": "SELECT Value FROM DBdata WHERE ((Type_of_building = 'Culture' AND Usage = 'Concert')) AND ((Quarter = 'Q2' AND Month = 'April') OR (Quarter = 'Q2' AND Month = 'May') OR (Quarter = 'Q3' AND Month = 'July') OR (Quarter = 'Q3' AND Month = 'August') OR (Quarter = 'Q4' AND Month = 'November') OR (Quarter = 'Q4' AND Month = 'December'))",
 "sqlResult": "{100} || {58} || {78} || {5} || {25} || {60}",
 "nlq": "What is the number of Concert buildings in April, August, December, July, May, or November?"},
{"name": "template 3",
 "sql": "SELECT Value FROM DBdata WHERE ((Type_of_building = 'Production' AND Usage = 'Workshop') OR (Type_of_building = 'Production' AND Usage = 'Factory') OR (Type_of_building = 'Culture' AND Usage = 'Museum') OR (Type_of_building = 'Culture' AND Usage = 'Theatre')) AND ((Quarter = 'Q3' AND Month = 'August'))",
 "sqlResult": "{51} || {4} || {24} || {19}",
 "nlq": "What is the number of Factory, Museum, Theatre, or Workshop buildings in August?"},
{"name": "template 4",
 "sql": "SELECT avg(Value),max(Value) FROM DBdata WHERE ((Type_of_building = 'Production' AND Usage = 'Workshop') OR (Type_of_building = 'Production' AND Usage = 'Factory') OR (Type_of_building = 'Culture' AND Usage = 'Museum') OR (Type_of_building = 'Culture' AND Usage = 'Theatre')) AND ((Quarter = 'Q4' AND Month = 'November'))",
 "sqlResult": "{62 | 98}",
 "nlq": "What are the average and maximum numbers of Factory, Museum, Theatre, or Workshop buildings in November?"},
{"name": "template 6",
 "sql": "SELECT Value FROM DBdata WHERE ((Type_of_building = 'Production' AND Usage = 'Factory') OR (Type_of_building = 'Culture' AND Usage = 'Theatre') OR (Type_of_building = 'Culture' AND Usage = 'Concert')) AND ((Quarter = 'Q2' AND Month = 'April') OR (Quarter = 'Q3' AND Month = 'July') OR (Quarter = 'Q3' AND Month = 'August'))",
 "sqlResult": "{68} || {46} || {100} || {29} || {85} || {78} || {4} || {19} || {5}",
 "nlq": "What is the number of Concert, Factory, or Theatre buildings in April, August, or July?"},
{"name": "template 7",
 "sql": "SELECT sum(Value),avg(Value) FROM DBdata WHERE ((Type_of_building = 'Production' AND Usage = 'Factory')) AND ((Quarter = 'Q3' AND Month = 'July') OR (Quarter = 'Q3' AND Month = 'September') OR (Quarter = 'Q4' AND Month = 'December'))",
 "sqlResult": "{205 | 68.33}",
 "nlq": "What are the total and average numbers of Factory buildings in December, July, or September?"},
{"name": "template 8",
 "sql": "SELECT Type_of_building,Usage,avg(Value),max(Value) FROM DBdata WHERE ((Type_of_building = 'Production' AND Usage = 'Workshop') OR (Type_of_building = 'Production' AND Usage = 'Factory') OR (Type_of_building = 'Culture' AND Usage = 'Theatre')) AND ((Quarter = 'Q3' AND Month = 'September') OR (Quarter = 'Q4' AND Month = 'November')) GROUP BY Type_of_building,Usage",
 "sqlResult": "{Culture | Theatre | 22.5 | 45} || {Production | Factory | 92 | 96} || {Production | Workshop | 35.5 | 62}",
 "nlq": "What are the average and maximum numbers for each Type of building and Usage, of Factory, Theatre, or Workshop buildings in November or September? Please, report the corresponding Type of building and Usage."},
{"name": "template 9",
 "sql": "SELECT min(Value) FROM DBdata WHERE ((Type_of_building = 'Production' AND Usage = 'Workshop')) AND (Quarter IN ('Q2','Q3','Q4')) GROUP BY Quarter",
 "sqlResult": "{26} || {8} || {62}",
 "nlq": "What is the minimum number for each Quarter, of Workshop buildings in Q2, Q3, or Q4?"},
{"name": "template 10",
 "sql": "SELECT Quarter,min(Value) FROM DBdata WHERE ((Type_of_building = 'Culture' AND Usage = 'Concert')) AND (Quarter IN ('Q2','Q3','Q4')) GROUP BY Quarter",
 "sqlResult": "{Q2 | 58} || {Q3 | 5} || {Q4 | 25}",
 "nlq": "What is the minimum number for each Quarter, of Concert buildings in Q2, Q3, or Q4? Please, report the corresponding Quarter."},
{"name": "template 11",
 "sql": "SELECT Quarter,Type_of_building,Usage,sum(Value) FROM DBdata WHERE ((Type_of_building = 'Production' AND Usage = 'Workshop') OR (Type_of_building = 'Production' AND Usage = 'Factory') OR (Type_of_building = 'Culture' AND Usage = 'Theatre')) AND (Quarter IN ('Q2','Q3','Q4')) GROUP BY Quarter,Type_of_building,Usage",
 "sqlResult": "{Q2 | Culture | Theatre | 122} || {Q2 | Production | Factory | 115} || {Q2 | Production | Workshop | 76} || {Q3 | Culture | Theatre | 149} || {Q3 | Production | Factory | 129} || {Q3 | Production | Workshop | 68} || {Q4 | Culture | Theatre | 93} || {Q4 | Production | Factory | 168} || {Q4 | Production | Workshop | 144}",
 "nlq": "What is the total number for each Quarter, Type of building, and Usage, of Factory, Theatre, or Workshop buildings in Q2, Q3, or Q4? Please, report the corresponding Quarter, Type of building, and Usage."},
{"name": "template 12",
 "sql": "SELECT Value FROM DBdata WHERE ((Type_of_building = 'Production' AND Usage = 'Factory')) AND (Quarter IN ('Q2','Q4')) ORDER BY VALUE DESC LIMIT 3",
 "sqlResult": "{88} || {80} || {68}",
 "nlq": "What are the top 3 numbers of Factory buildings in Q2 or Q4?"},
{"name": "template 13",
 "sql": "SELECT Value FROM DBdata WHERE ((Type_of_building = 'Culture' AND Usage = 'Museum')) AND (Quarter IN ('Q3','Q4')) ORDER BY VALUE DESC",
 "sqlResult": "{98} || {72} || {24} || {13} || {3}",
 "nlq": "What are the numbers ordered by descending values of Museum buildings in Q3 or Q4?"},
{"name": "template 14",
 "sql": "SELECT Quarter,Month FROM DBdata WHERE ((Type_of_building = 'Culture' AND Usage = 'Museum')) AND Value > 52.31",
 "sqlResult": "{Q2 | April} || {Q2 | May} || {Q3 | September} || {Q4 | November}",
 "nlq": "What are the Quarter and Month for which the number of Museum buildings is greater than 52.31?"},
{"name": "template 15",
 "sql": "SELECT Quarter,Month,Value FROM DBdata WHERE ((Type_of_building = 'Culture' AND Usage = 'Theatre')) AND (Quarter,Month) IN (SELECT Quarter,Month FROM DBdata WHERE ((Type_of_building = 'Culture' AND Usage = 'Museum')) AND Value > 52.31)",
 "sqlResult": "{Q2 | April | 46} || {Q2 | May | 76} || {Q3 | September | 45} || {Q4 | November | 0}",
 "nlq": "What is the number of Theatre buildings in Quarter and in Month for which the number of Museum buildings is greater than 52.31? Please, report the corresponding Quarter, Month, and number of buildings."}]
}
