{
"filename": "Number_of_constructions_set8_5_DB.csv",
"questions": [{"name": "template 1",
 "sql": "SELECT Value FROM DBdata WHERE ((AA = 'AAht' AND BB = 'BBfy')) AND ((CC = 'CCbn' AND DD = 'DDmv'))",
 "sqlResult": "{18}",
 "nlq": "What is the number of BBfy buildings in DDmv?"},
{"name": "template 2",
 "sql": "SELECT Value FROM DBdata WHERE ((AA = 'AAdw' AND BB = 'BBps')) AND ((CC = 'CChy' AND DD = 'DDjp') OR (CC = 'CCbn' AND DD = 'DDgw'))",
 "sqlResult": "{98} || {78}",
 "nlq": "What is the number of BBps buildings in DDjp or DDgw?"},
{"name": "template 3",
 "sql": "SELECT Value FROM DBdata WHERE ((AA = 'AAht' AND BB = 'BBcf') OR (AA = 'AAht' AND BB = 'BBfy')) AND ((CC = 'CChy' AND DD = 'DDjp'))",
 "sqlResult": "{15} || {13}",
 "nlq": "What is the number of BBfy or BBcf buildings in DDjp?"},
{"name": "template 4",
 "sql": "SELECT avg(Value),min(Value) FROM DBdata WHERE ((AA = 'AAdw' AND BB = 'BBxz') OR (AA = 'AAdw' AND BB = 'BBps') OR (AA = 'AAht' AND BB = 'BBfy')) AND ((CC = 'CChy' AND DD = 'DDpt'))",
 "sqlResult": "{25.33 | 0}",
 "nlq": "What are the average and minimum numbers of BBfy, BBxz, or BBps buildings in DDpt?"},
{"name": "template 6",
 "sql": "SELECT Value FROM DBdata WHERE ((AA = 'AAdw' AND BB = 'BBxz') OR (AA = 'AAdw' AND BB = 'BBps') OR (AA = 'AAht' AND BB = 'BBcf') OR (AA = 'AAht' AND BB = 'BBfy')) AND ((CC = 'CChy' AND DD = 'DDpt') OR (CC = 'CChy' AND DD = 'DDjp') OR (CC = 'CCbn' AND DD = 'DDgw'))",
 "sqlResult": "{0} || {57} || {96} || {19} || {8} || {98} || {15} || {13} || {95} || {78} || {86} || {46}",
 "nlq": "What is the number of BBfy, BBcf, BBxz, or BBps buildings in DDjp, DDpt, or DDgw?"},
{"name": "template 7",
 "sql": "SELECT avg(Value),max(Value) FROM DBdata WHERE ((AA = 'AAdw' AND BB = 'BBxz')) AND ((CC = 'CChy' AND DD = 'DDjp') OR (CC = 'CCbn' AND DD = 'DDlv'))",
 "sqlResult": "{39.5 | 71}",
 "nlq": "What are the average and maximum numbers of BBxz buildings in DDjp or DDlv?"},
{"name": "template 8",
 "sql": "SELECT AA,BB,max(Value),avg(Value) FROM DBdata WHERE ((AA = 'AAdw' AND BB = 'BBps') OR (AA = 'AAht' AND BB = 'BBcf') OR (AA = 'AAht' AND BB = 'BBfy')) AND ((CC = 'CChy' AND DD = 'DDpt') OR (CC = 'CChy' AND DD = 'DDjp') OR (CC = 'CCbn' AND DD = 'DDmv') OR (CC = 'CCbn' AND DD = 'DDlv') OR (CC = 'CCbn' AND DD = 'DDgw')) GROUP BY AA,BB",
 "sqlResult": "{AAdw | BBps | 98 | 66.2} || {AAht | BBfy | 60 | 31.2} || {AAht | BBcf | 96 | 68.4}",
 "nlq": "What are the maximum and average numbers for each AA and BB, of BBfy, BBcf, or BBps buildings in DDmv, DDjp, DDpt, DDgw, or DDlv? Please, report the corresponding AA and BB."},
{"name": "template 9",
 "sql": "SELECT min(Value) FROM DBdata WHERE ((AA = 'AAdw' AND BB = 'BBps')) AND (CC IN ('CChy','CCbn')) GROUP BY CC",
 "sqlResult": "{57} || {44}",
 "nlq": "What is the minimum number for each CC, of BBps buildings in CChy or CCbn?"},
{"name": "template 10",
 "sql": "SELECT CC,sum(Value) FROM DBdata WHERE ((AA = 'AAdw' AND BB = 'BBps')) AND (CC IN ('CChy','CCbn')) GROUP BY CC",
 "sqlResult": "{CChy | 155} || {CCbn | 176}",
 "nlq": "What is the total number for each CC, of BBps buildings in CChy or CCbn? Please, report the corresponding CC."},
{"name": "template 11",
 "sql": "SELECT CC,AA,BB,max(Value) FROM DBdata WHERE ((AA = 'AAdw' AND BB = 'BBxz') OR (AA = 'AAdw' AND BB = 'BBps') OR (AA = 'AAht' AND BB = 'BBfy')) AND (CC IN ('CChy','CCbn')) GROUP BY CC,AA,BB",
 "sqlResult": "{CChy | AAdw | BBxz | 8} || {CChy | AAdw | BBps | 98} || {CChy | AAht | BBfy | 19} || {CCbn | AAdw | BBxz | 95} || {CCbn | AAdw | BBps | 78} || {CCbn | AAht | BBfy | 60}",
 "nlq": "What is the maximum number for each CC, AA, and BB, of BBfy, BBxz, or BBps buildings in CChy or CCbn? Please, report the corresponding CC, AA, and BB."},
{"name": "template 12",
 "sql": "SELECT Value FROM DBdata WHERE ((AA = 'AAdw' AND BB = 'BBps')) AND (CC IN ('CChy','CCbn')) ORDER BY VALUE DESC LIMIT 2",
 "sqlResult": "{98} || {78}",
 "nlq": "What are the top 2 numbers of BBps buildings in CChy or CCbn?"},
{"name": "template 13",
 "sql": "SELECT Value FROM DBdata WHERE ((AA = 'AAdw' AND BB = 'BBps')) AND (CC IN ('CChy','CCbn')) ORDER BY VALUE DESC",
 "sqlResult": "{98} || {78} || {57} || {54} || {44}",
 "nlq": "What are the numbers ordered by descending values of BBps buildings in CChy or CCbn?"},
{"name": "template 14",
 "sql": "SELECT CC,DD FROM DBdata WHERE ((AA = 'AAdw' AND BB = 'BBps')) AND Value > 54.3",
 "sqlResult": "{CChy | DDpt} || {CChy | DDjp} || {CCbn | DDgw}",
 "nlq": "What are the CC and DD for which the number of BBps buildings is greater than 54.3?"},
{"name": "template 15",
 "sql": "SELECT CC,DD,Value FROM DBdata WHERE ((AA = 'AAdw' AND BB = 'BBxz')) AND (CC,DD) IN (SELECT CC,DD FROM DBdata WHERE ((AA = 'AAdw' AND BB = 'BBps')) AND Value > 54.3)",
 "sqlResult": "{CChy | DDpt | 0} || {CChy | DDjp | 8} || {CCbn | DDgw | 95}",
 "nlq": "What is the number of BBxz buildings in CC and in DD for which the number of BBps buildings is greater than 54.3? Please, report the corresponding CC, DD, and number of buildings."}]
}

