{
"filename": "Number_of_constructions_set7_3_DB.csv",
"questions": [{"name": "template 1",
 "sql": "SELECT Value FROM DBdata WHERE ((AA = 'AAcs' AND BB = 'BBjx')) AND ((CC = 'CCmp' AND DD = 'DDfl'))",
 "sqlResult": "{80}",
 "nlq": "What is the number of BBjx buildings in DDfl?"},
{"name": "template 2",
 "sql": "SELECT Value FROM DBdata WHERE ((AA = 'AAln' AND BB = 'BBpv')) AND ((CC = 'CCjn' AND DD = 'DDtv') OR (CC = 'CCbv' AND DD = 'DDlm') OR (CC = 'CCmp' AND DD = 'DDhy'))",
 "sqlResult": "{27} || {76} || {9}",
 "nlq": "What is the number of BBpv buildings in DDtv, DDlm, or DDhy?"},
{"name": "template 3",
 "sql": "SELECT Value FROM DBdata WHERE ((AA = 'AAln' AND BB = 'BBdh') OR (AA = 'AAln' AND BB = 'BBpv') OR (AA = 'AAln' AND BB = 'BBnp') OR (AA = 'AAcs' AND BB = 'BBmz') OR (AA = 'AAcs' AND BB = 'BBjx')) AND ((CC = 'CCjn' AND DD = 'DDtv'))",
 "sqlResult": "{94} || {27} || {22} || {75} || {23}",
 "nlq": "What is the number of BBmz, BBnp, BBjx, BBdh, or BBpv buildings in DDtv?"},
{"name": "template 4",
 "sql": "SELECT avg(Value),sum(Value) FROM DBdata WHERE ((AA = 'AAln' AND BB = 'BBpv') OR (AA = 'AAcs' AND BB = 'BBjw') OR (AA = 'AAcs' AND BB = 'BBjx')) AND ((CC = 'CCbv' AND DD = 'DDxy'))",
 "sqlResult": "{38 | 114}",
 "nlq": "What are the average and total numbers of BBjw, BBjx, or BBpv buildings in DDxy?"},
{"name": "template 6",
 "sql": "SELECT Value FROM DBdata WHERE ((AA = 'AAln' AND BB = 'BBnp') OR (AA = 'AAcs' AND BB = 'BBmz') OR (AA = 'AAcs' AND BB = 'BBjx')) AND ((CC = 'CCbv' AND DD = 'DDxy') OR (CC = 'CCmp' AND DD = 'DDfl'))",
 "sqlResult": "{6} || {81} || {43} || {96} || {0} || {80}",
 "nlq": "What is the number of BBmz, BBnp, or BBjx buildings in DDfl or DDxy?"},
{"name": "template 7",
 "sql": "SELECT avg(Value),min(Value) FROM DBdata WHERE ((AA = 'AAcs' AND BB = 'BBjw')) AND ((CC = 'CCjn' AND DD = 'DDks') OR (CC = 'CCbv' AND DD = 'DDjv') OR (CC = 'CCbv' AND DD = 'DDxy') OR (CC = 'CCbv' AND DD = 'DDlm') OR (CC = 'CCmp' AND DD = 'DDfl'))",
 "sqlResult": "{53 | 17}",
 "nlq": "What are the average and minimum numbers of BBjw buildings in DDjv, DDfl, DDlm, DDks, or DDxy?"},
{"name": "template 8",
 "sql": "SELECT AA,BB,sum(Value),avg(Value) FROM DBdata WHERE ((AA = 'AAln' AND BB = 'BBpv') OR (AA = 'AAcs' AND BB = 'BBmz')) AND ((CC = 'CCjn' AND DD = 'DDtv') OR (CC = 'CCbv' AND DD = 'DDjv') OR (CC = 'CCmp' AND DD = 'DDhy')) GROUP BY AA,BB",
 "sqlResult": "{AAln | BBpv | 104 | 34.67} || {AAcs | BBmz | 112 | 37.33}",
 "nlq": "What are the total and average numbers for each AA and BB, of BBmz or BBpv buildings in DDjv, DDtv, or DDhy? Please, report the corresponding AA and BB."},
{"name": "template 9",
 "sql": "SELECT min(Value) FROM DBdata WHERE ((AA = 'AAln' AND BB = 'BBdh')) AND (CC IN ('CCjn','CCbv','CCmp')) GROUP BY CC",
 "sqlResult": "{61} || {42} || {12}",
 "nlq": "What is the minimum number for each CC, of BBdh buildings in CCjn, CCbv, or CCmp?"},
{"name": "template 10",
 "sql": "SELECT CC,min(Value) FROM DBdata WHERE ((AA = 'AAln' AND BB = 'BBnp')) AND (CC IN ('CCjn','CCbv','CCmp')) GROUP BY CC",
 "sqlResult": "{CCjn | 22} || {CCbv | 6} || {CCmp | 89}",
 "nlq": "What is the minimum number for each CC, of BBnp buildings in CCjn, CCbv, or CCmp? Please, report the corresponding CC."},
{"name": "template 11",
 "sql": "SELECT CC,AA,BB,max(Value) FROM DBdata WHERE ((AA = 'AAln' AND BB = 'BBnp') OR (AA = 'AAcs' AND BB = 'BBjx')) AND (CC IN ('CCjn','CCbv','CCmp')) GROUP BY CC,AA,BB",
 "sqlResult": "{CCjn | AAln | BBnp | 36} || {CCjn | AAcs | BBjx | 90} || {CCbv | AAln | BBnp | 21} || {CCbv | AAcs | BBjx | 53} || {CCmp | AAln | BBnp | 96} || {CCmp | AAcs | BBjx | 80}",
 "nlq": "What is the maximum number for each CC, AA, and BB, of BBnp or BBjx buildings in CCjn, CCbv, or CCmp? Please, report the corresponding CC, AA, and BB."},
{"name": "template 12",
 "sql": "SELECT Value FROM DBdata WHERE ((AA = 'AAcs' AND BB = 'BBjx')) AND (CC IN ('CCjn','CCbv')) ORDER BY VALUE ASC LIMIT 2",
 "sqlResult": "{23} || {30}",
 "nlq": "What are the bottom 2 numbers of BBjx buildings in CCjn or CCbv?"},
{"name": "template 13",
 "sql": "SELECT Value FROM DBdata WHERE ((AA = 'AAln' AND BB = 'BBpv')) AND (CC IN ('CCjn','CCmp')) ORDER BY VALUE DESC",
 "sqlResult": "{78} || {52} || {27} || {9}",
 "nlq": "What are the numbers ordered by descending values of BBpv buildings in CCjn or CCmp?"},
{"name": "template 14",
 "sql": "SELECT CC,DD FROM DBdata WHERE ((AA = 'AAln' AND BB = 'BBdh')) AND Value > 50.05",
 "sqlResult": "{CCjn | DDtv} || {CCjn | DDks} || {CCbv | DDjv} || {CCmp | DDfl}",
 "nlq": "What are the CC and DD for which the number of BBdh buildings is greater than 50.05?"},
{"name": "template 15",
 "sql": "SELECT CC,DD,Value FROM DBdata WHERE ((AA = 'AAcs' AND BB = 'BBjx')) AND (CC,DD) IN (SELECT CC,DD FROM DBdata WHERE ((AA = 'AAln' AND BB = 'BBdh')) AND Value > 50.05)",
 "sqlResult": "{CCjn | DDtv | 23} || {CCjn | DDks | 90} || {CCbv | DDjv | 53} || {CCmp | DDfl | 80}",
 "nlq": "What is the number of BBjx buildings in CC and in DD for which the number of BBdh buildings is greater than 50.05? Please, report the corresponding CC, DD, and number of buildings."}]
}

