{
"filename": "Number_of_constructions_set5_1_DB.csv",
"questions": [{"name": "template 1",
 "sql": "SELECT Value FROM DBdata WHERE ((AA = 'AAhvx' AND BB = 'BBltv')) AND ((CC = 'CCbch' AND DD = 'DDmqt'))",
 "sqlResult": "{10}",
 "nlq": "What is the number of BBltv buildings in DDmqt?"},
{"name": "template 2",
 "sql": "SELECT Value FROM DBdata WHERE ((AA = 'AAgmq' AND BB = 'BBdjq')) AND ((CC = 'CCgmt' AND DD = 'DDfps') OR (CC = 'CCgmt' AND DD = 'DDvwx') OR (CC = 'CCbch' AND DD = 'DDmqt') OR (CC = 'CCbch' AND DD = 'DDkrx') OR (CC = 'CCbch' AND DD = 'DDwxy') OR (CC = 'CCrtv' AND DD = 'DDdlr') OR (CC = 'CCrtv' AND DD = 'DDhrs'))",
 "sqlResult": "{57} || {89} || {11} || {65} || {33} || {92} || {23}",
 "nlq": "What is the number of BBdjq buildings in DDmqt, DDfps, DDdlr, DDwxy, DDvwx, DDkrx, or DDhrs?"},
{"name": "template 3",
 "sql": "SELECT Value FROM DBdata WHERE ((AA = 'AAjnx' AND BB = 'BBcpx') OR (AA = 'AAjnx' AND BB = 'BBdfx') OR (AA = 'AAgmq' AND BB = 'BBrtw') OR (AA = 'AAgmq' AND BB = 'BBdjq') OR (AA = 'AAhvx' AND BB = 'BBhkn') OR (AA = 'AAhvx' AND BB = 'BBfqx') OR (AA = 'AAhvx' AND BB = 'BBltv')) AND ((CC = 'CCgmt' AND DD = 'DDfps'))",
 "sqlResult": "{74} || {68} || {50} || {57} || {93} || {29} || {61}",
 "nlq": "What is the number of BBltv, BBdjq, BBdfx, BBfqx, BBhkn, BBrtw, or BBcpx buildings in DDfps?"},
{"name": "template 4",
 "sql": "SELECT max(Value),sum(Value) FROM DBdata WHERE ((AA = 'AAjnx' AND BB = 'BBcpx') OR (AA = 'AAgmq' AND BB = 'BBdjq')) AND ((CC = 'CCbch' AND DD = 'DDkrx'))",
 "sqlResult": "{80 | 145}",
 "nlq": "What are the maximum and total numbers of BBdjq or BBcpx buildings in DDkrx?"},
{"name": "template 6",
 "sql": "SELECT Value FROM DBdata WHERE ((AA = 'AAgmq' AND BB = 'BBdjq') OR (AA = 'AAhvx' AND BB = 'BBhkn')) AND ((CC = 'CCbch' AND DD = 'DDkrx') OR (CC = 'CCrtv' AND DD = 'DDhrs'))",
 "sqlResult": "{65} || {51} || {23} || {81}",
 "nlq": "What is the number of BBdjq or BBhkn buildings in DDkrx or DDhrs?"},
{"name": "template 7",
 "sql": "SELECT avg(Value),max(Value) FROM DBdata WHERE ((AA = 'AAjnx' AND BB = 'BBdfx')) AND ((CC = 'CCbch' AND DD = 'DDmqt') OR (CC = 'CCrtv' AND DD = 'DDdlr') OR (CC = 'CCrtv' AND DD = 'DDdmr') OR (CC = 'CCrtv' AND DD = 'DDhrs'))",
 "sqlResult": "{42 | 100}",
 "nlq": "What are the average and maximum numbers of BBdfx buildings in DDmqt, DDdmr, DDdlr, or DDhrs?"},
{"name": "template 8",
 "sql": "SELECT AA,BB,min(Value),max(Value) FROM DBdata WHERE ((AA = 'AAjnx' AND BB = 'BBcpx') OR (AA = 'AAjnx' AND BB = 'BBdfx') OR (AA = 'AAgmq' AND BB = 'BBrtw') OR (AA = 'AAgmq' AND BB = 'BBdjq') OR (AA = 'AAhvx' AND BB = 'BBfqx')) AND ((CC = 'CCgmt' AND DD = 'DDfps') OR (CC = 'CCbch' AND DD = 'DDkrx') OR (CC = 'CCrtv' AND DD = 'DDdlr') OR (CC = 'CCrtv' AND DD = 'DDdmr') OR (CC = 'CCrtv' AND DD = 'DDhrs')) GROUP BY AA,BB",
 "sqlResult": "{AAgmq | BBdjq | 23 | 92} || {AAgmq | BBrtw | 5 | 78} || {AAjnx | BBdfx | 4 | 100} || {AAjnx | BBcpx | 14 | 83} || {AAhvx | BBfqx | 16 | 52}",
 "nlq": "What are the minimum and maximum numbers for each AA and BB, of BBdjq, BBdfx, BBfqx, BBrtw, or BBcpx buildings in DDdmr, DDfps, DDdlr, DDkrx, or DDhrs? Please, report the corresponding AA and BB."},
{"name": "template 9",
 "sql": "SELECT min(Value) FROM DBdata WHERE ((AA = 'AAjnx' AND BB = 'BBdfx')) AND (CC IN ('CCgmt','CCbch','CCrtv')) GROUP BY CC",
 "sqlResult": "{68} || {6} || {4}",
 "nlq": "What is the minimum number for each CC, of BBdfx buildings in CCgmt, CCbch, or CCrtv?"},
{"name": "template 10",
 "sql": "SELECT CC,avg(Value) FROM DBdata WHERE ((AA = 'AAgmq' AND BB = 'BBrtw')) AND (CC IN ('CCgmt','CCbch','CCrtv')) GROUP BY CC",
 "sqlResult": "{CCgmt | 28.5} || {CCbch | 70} || {CCrtv | 51.67}",
 "nlq": "What is the average number for each CC, of BBrtw buildings in CCgmt, CCbch, or CCrtv? Please, report the corresponding CC."},
{"name": "template 11",
 "sql": "SELECT CC,AA,BB,avg(Value) FROM DBdata WHERE ((AA = 'AAjnx' AND BB = 'BBdfx') OR (AA = 'AAhvx' AND BB = 'BBfqx') OR (AA = 'AAhvx' AND BB = 'BBltv')) AND (CC IN ('CCgmt','CCbch','CCrtv')) GROUP BY CC,AA,BB",
 "sqlResult": "{CCgmt | AAjnx | BBdfx | 82} || {CCgmt | AAhvx | BBltv | 39} || {CCgmt | AAhvx | BBfqx | 32} || {CCbch | AAjnx | BBdfx | 27} || {CCbch | AAhvx | BBltv | 45.33} || {CCbch | AAhvx | BBfqx | 38.67} || {CCrtv | AAjnx | BBdfx | 54} || {CCrtv | AAhvx | BBltv | 16} || {CCrtv | AAhvx | BBfqx | 39.67}",
 "nlq": "What is the average number for each CC, AA, and BB, of BBltv, BBdfx, or BBfqx buildings in CCgmt, CCbch, or CCrtv? Please, report the corresponding CC, AA, and BB."},
{"name": "template 12",
 "sql": "SELECT Value FROM DBdata WHERE ((AA = 'AAhvx' AND BB = 'BBfqx')) AND (CC IN ('CCgmt','CCrtv')) ORDER BY VALUE DESC LIMIT 3",
 "sqlResult": "{52} || {41} || {35}",
 "nlq": "What are the top 3 numbers of BBfqx buildings in CCgmt or CCrtv?"},
{"name": "template 13",
 "sql": "SELECT Value FROM DBdata WHERE ((AA = 'AAgmq' AND BB = 'BBrtw')) AND (CC IN ('CCbch','CCrtv')) ORDER BY VALUE ASC",
 "sqlResult": "{5} || {59} || {63} || {72} || {78} || {88}",
 "nlq": "What are the numbers ordered by ascending values of BBrtw buildings in CCbch or CCrtv?"},
{"name": "template 14",
 "sql": "SELECT CC,DD FROM DBdata WHERE ((AA = 'AAhvx' AND BB = 'BBltv')) AND Value > 49.45",
 "sqlResult": "{CCgmt | DDfps} || {CCbch | DDkrx}",
 "nlq": "What are the CC and DD for which the number of BBltv buildings is greater than 49.45?"},
{"name": "template 15",
 "sql": "SELECT CC,DD,Value FROM DBdata WHERE ((AA = 'AAjnx' AND BB = 'BBcpx')) AND (CC,DD) IN (SELECT CC,DD FROM DBdata WHERE ((AA = 'AAhvx' AND BB = 'BBltv')) AND Value > 49.45)",
 "sqlResult": "{CCgmt | DDfps | 74} || {CCbch | DDkrx | 80}",
 "nlq": "What is the number of BBcpx buildings in CC and in DD for which the number of BBltv buildings is greater than 49.45? Please, report the corresponding CC, DD, and number of buildings."}]
}

