{
"filename": "Number_of_constructions_set360_5_DB.csv",
"questions": [{"name": "template 1",
 "sql": "SELECT Value FROM DBdata WHERE ((Type_of_building = 'Production' AND Usage = 'Factory')) AND ((Quarter = 'Q3' AND Month = 'July' AND State = 'California' AND City = 'Malibu'))",
 "sqlResult": "{20}",
 "nlq": "What is the number of Factory buildings in Malibu, California in July?"},
{"name": "template 2",
 "sql": "SELECT Value FROM DBdata WHERE ((Type_of_building = 'Production' AND Usage = 'Factory')) AND ((Quarter = 'Q2' AND Month = 'April' AND State = 'California' AND City = 'Malibu') OR (Quarter = 'Q3' AND Month = 'July' AND State = 'California' AND City = 'Malibu') OR (Quarter = 'Q3' AND Month = 'August' AND State = 'California' AND City = 'Malibu'))",
 "sqlResult": "{61} || {20} || {23}",
 "nlq": "What is the number of Factory buildings in Malibu, California in April, August, or July?"},
{"name": "template 3",
 "sql": "SELECT Value FROM DBdata WHERE ((Type_of_building = 'Production' AND Usage = 'Workshop') OR (Type_of_building = 'Production' AND Usage = 'Factory') OR (Type_of_building = 'Culture' AND Usage = 'Theatre')) AND ((Quarter = 'Q2' AND Month = 'May' AND State = 'California' AND City = 'Malibu'))",
 "sqlResult": "{64} || {44} || {31}",
 "nlq": "What is the number of Factory, Theatre, or Workshop buildings in Malibu, California in May?"},
{"name": "template 4",
 "sql": "SELECT max(Value),sum(Value) FROM DBdata WHERE ((Type_of_building = 'Production' AND Usage = 'Workshop') OR (Type_of_building = 'Production' AND Usage = 'Factory') OR (Type_of_building = 'Culture' AND Usage = 'Museum')) AND ((Quarter = 'Q3' AND Month = 'August' AND State = 'California' AND City = 'Malibu'))",
 "sqlResult": "{90 | 175}",
 "nlq": "What are the maximum and total numbers of Factory, Museum, or Workshop buildings in Malibu, California in August?"},
{"name": "template 5",
 "sql": "SELECT min(Value) FROM DBdata WHERE (Type_of_building IN ('Production','Culture')) AND ((Quarter = 'Q2' AND Month = 'April' AND State = 'California' AND City = 'Malibu'))",
 "sqlResult": "{54}",
 "nlq": "What is the minimum number of Culture or Production buildings in Malibu, California in April?"},
{"name": "template 6",
 "sql": "SELECT Value FROM DBdata WHERE ((Type_of_building = 'Production' AND Usage = 'Workshop') OR (Type_of_building = 'Production' AND Usage = 'Factory') OR (Type_of_building = 'Culture' AND Usage = 'Museum') OR (Type_of_building = 'Culture' AND Usage = 'Theatre')) AND ((Quarter = 'Q2' AND Month = 'May' AND State = 'California' AND City = 'Malibu') OR (Quarter = 'Q3' AND Month = 'August' AND State = 'California' AND City = 'Malibu'))",
 "sqlResult": "{64} || {44} || {15} || {31} || {90} || {23} || {62} || {85}",
 "nlq": "What is the number of Factory, Museum, Theatre, or Workshop buildings in Malibu, California in August or May?"},
{"name": "template 7",
 "sql": "SELECT avg(Value),max(Value) FROM DBdata WHERE ((Type_of_building = 'Production' AND Usage = 'Workshop')) AND ((Quarter = 'Q2' AND Month = 'April' AND State = 'California' AND City = 'Malibu') OR (Quarter = 'Q2' AND Month = 'May' AND State = 'California' AND City = 'Malibu') OR (Quarter = 'Q3' AND Month = 'August' AND State = 'California' AND City = 'Malibu'))",
 "sqlResult": "{69.33 | 90}",
 "nlq": "What are the average and maximum numbers of Workshop buildings in Malibu, California in April, August, or May?"},
{"name": "template 8",
 "sql": "SELECT Type_of_building,Usage,max(Value),min(Value) FROM DBdata WHERE ((Type_of_building = 'Production' AND Usage = 'Workshop') OR (Type_of_building = 'Culture' AND Usage = 'Museum') OR (Type_of_building = 'Culture' AND Usage = 'Theatre')) AND ((Quarter = 'Q2' AND Month = 'April' AND State = 'California' AND City = 'Malibu') OR (Quarter = 'Q2' AND Month = 'May' AND State = 'California' AND City = 'Malibu') OR (Quarter = 'Q3' AND Month = 'July' AND State = 'California' AND City = 'Malibu') OR (Quarter = 'Q3' AND Month = 'August' AND State = 'California' AND City = 'Malibu')) GROUP BY Type_of_building,Usage",
 "sqlResult": "{Culture | Museum | 82 | 15} || {Culture | Theatre | 85 | 31} || {Production | Workshop | 90 | 54}",
 "nlq": "What are the maximum and minimum numbers for each Type of building and Usage, of Museum, Theatre, or Workshop buildings in Malibu, California in April, August, July, or May? Please, report the corresponding Type of building and Usage."},
{"name": "template 9",
 "sql": "SELECT min(Value) FROM DBdata WHERE ((Type_of_building = 'Culture' AND Usage = 'Theatre')) AND (Quarter IN ('Q2','Q3')) GROUP BY Quarter",
 "sqlResult": "{31} || {69}",
 "nlq": "What is the minimum number for each Quarter, of Theatre buildings in Q2 or Q3?"},
{"name": "template 10",
 "sql": "SELECT Quarter,max(Value) FROM DBdata WHERE ((Type_of_building = 'Culture' AND Usage = 'Theatre')) AND (Quarter IN ('Q2','Q3')) GROUP BY Quarter",
 "sqlResult": "{Q2 | 81} || {Q3 | 85}",
 "nlq": "What is the maximum number for each Quarter, of Theatre buildings in Q2 or Q3? Please, report the corresponding Quarter."},
{"name": "template 11",
 "sql": "SELECT Quarter,Type_of_building,Usage,sum(Value) FROM DBdata WHERE ((Type_of_building = 'Production' AND Usage = 'Workshop') OR (Type_of_building = 'Culture' AND Usage = 'Theatre')) AND (Quarter IN ('Q2','Q3')) GROUP BY Quarter,Type_of_building,Usage",
 "sqlResult": "{Q2 | Culture | Theatre | 112} || {Q2 | Production | Workshop | 118} || {Q3 | Culture | Theatre | 154} || {Q3 | Production | Workshop | 168}",
 "nlq": "What is the total number for each Quarter, Type of building, and Usage, of Theatre or Workshop buildings in Q2 or Q3? Please, report the corresponding Quarter, Type of building, and Usage."},
{"name": "template 12",
 "sql": "SELECT Value FROM DBdata WHERE ((Type_of_building = 'Production' AND Usage = 'Factory')) AND (Quarter IN ('Q2','Q3')) ORDER BY VALUE ASC LIMIT 3",
 "sqlResult": "{20} || {23} || {44}",
 "nlq": "What are the bottom 3 numbers of Factory buildings in Q2 or Q3?"},
{"name": "template 13",
 "sql": "SELECT Value FROM DBdata WHERE ((Type_of_building = 'Production' AND Usage = 'Workshop')) AND (Quarter IN ('Q2','Q3')) ORDER BY VALUE DESC",
 "sqlResult": "{90} || {78} || {64} || {54}",
 "nlq": "What are the numbers ordered by descending values of Workshop buildings in Q2 or Q3?"},
{"name": "template 14",
 "sql": "SELECT Quarter,Month,State,City FROM DBdata WHERE ((Type_of_building = 'Culture' AND Usage = 'Museum')) AND Value < 55.94",
 "sqlResult": "{Q2 | May | California | Malibu} || {Q3 | July | California | Malibu}",
 "nlq": "What are the Quarter, Month, State, and City for which the number of Museum buildings is lower than 55.94?"},
{"name": "template 15",
 "sql": "SELECT Quarter,Month,State,City,Value FROM DBdata WHERE ((Type_of_building = 'Culture' AND Usage = 'Theatre')) AND (Quarter,Month,State,City) IN (SELECT Quarter,Month,State,City FROM DBdata WHERE ((Type_of_building = 'Culture' AND Usage = 'Museum')) AND Value < 55.94)",
 "sqlResult": "{Q2 | May | California | Malibu | 31} || {Q3 | July | California | Malibu | 69}",
 "nlq": "What is the number of Theatre buildings in Quarter, in Month, in State, and in City for which the number of Museum buildings is lower than 55.94? Please, report the corresponding Quarter, Month, State, City, and number of buildings."}]
}
