{
"filename": "Number_of_constructions_set2_4_DB.csv",
"questions": [{"name": "template 1",
 "sql": "SELECT Value FROM DBdata WHERE ((AA = 'AAjz' AND BB = 'BBmq')) AND ((CC = 'CCnv' AND DD = 'DDlm'))",
 "sqlResult": "{33}",
 "nlq": "What is the number of BBmq buildings in DDlm?"},
{"name": "template 2",
 "sql": "SELECT Value FROM DBdata WHERE ((AA = 'AAms' AND BB = 'BBfm')) AND ((CC = 'CCnv' AND DD = 'DDcl') OR (CC = 'CCmw' AND DD = 'DDln'))",
 "sqlResult": "{75} || {51}",
 "nlq": "What is the number of BBfm buildings in DDcl or DDln?"},
{"name": "template 3",
 "sql": "SELECT Value FROM DBdata WHERE ((AA = 'AAdl' AND BB = 'BBmn') OR (AA = 'AAdl' AND BB = 'BBgl') OR (AA = 'AAjz' AND BB = 'BBmq') OR (AA = 'AAjz' AND BB = 'BBjn') OR (AA = 'AAms' AND BB = 'BBjs')) AND ((CC = 'CCnv' AND DD = 'DDcl'))",
 "sqlResult": "{82} || {74} || {4} || {15} || {62}",
 "nlq": "What is the number of BBgl, BBjn, BBmn, BBjs, or BBmq buildings in DDcl?"},
{"name": "template 4",
 "sql": "SELECT max(Value),min(Value) FROM DBdata WHERE ((AA = 'AAdl' AND BB = 'BBmn') OR (AA = 'AAdl' AND BB = 'BBgl') OR (AA = 'AAjz' AND BB = 'BBjn')) AND ((CC = 'CCnv' AND DD = 'DDcl'))",
 "sqlResult": "{82 | 15}",
 "nlq": "What are the maximum and minimum numbers of BBgl, BBjn, or BBmn buildings in DDcl?"},
{"name": "template 6",
 "sql": "SELECT Value FROM DBdata WHERE ((AA = 'AAdl' AND BB = 'BBgl') OR (AA = 'AAjz' AND BB = 'BBjn') OR (AA = 'AAms' AND BB = 'BBfm')) AND ((CC = 'CCnv' AND DD = 'DDcl') OR (CC = 'CCnv' AND DD = 'DDlm') OR (CC = 'CCmw' AND DD = 'DDln') OR (CC = 'CCmw' AND DD = 'DDcq'))",
 "sqlResult": "{74} || {15} || {75} || {34} || {2} || {77} || {27} || {13} || {51} || {28} || {20} || {100}",
 "nlq": "What is the number of BBgl, BBjn, or BBfm buildings in DDlm, DDcl, DDcq, or DDln?"},
{"name": "template 7",
 "sql": "SELECT avg(Value),sum(Value) FROM DBdata WHERE ((AA = 'AAdl' AND BB = 'BBmn')) AND ((CC = 'CCnv' AND DD = 'DDcl') OR (CC = 'CCnv' AND DD = 'DDlm') OR (CC = 'CCmw' AND DD = 'DDcq'))",
 "sqlResult": "{42.67 | 128}",
 "nlq": "What are the average and total numbers of BBmn buildings in DDlm, DDcl, or DDcq?"},
{"name": "template 8",
 "sql": "SELECT AA,BB,sum(Value),avg(Value) FROM DBdata WHERE ((AA = 'AAdl' AND BB = 'BBmn') OR (AA = 'AAdl' AND BB = 'BBgl') OR (AA = 'AAjz' AND BB = 'BBmq') OR (AA = 'AAjz' AND BB = 'BBjn') OR (AA = 'AAms' AND BB = 'BBjs')) AND ((CC = 'CCnv' AND DD = 'DDlm') OR (CC = 'CCmw' AND DD = 'DDcq')) GROUP BY AA,BB",
 "sqlResult": "{AAms | BBjs | 82 | 41} || {AAjz | BBjn | 22 | 11} || {AAjz | BBmq | 76 | 38} || {AAdl | BBgl | 62 | 31} || {AAdl | BBmn | 46 | 23}",
 "nlq": "What are the total and average numbers for each AA and BB, of BBgl, BBjn, BBmn, BBjs, or BBmq buildings in DDlm or DDcq? Please, report the corresponding AA and BB."},
{"name": "template 9",
 "sql": "SELECT min(Value) FROM DBdata WHERE ((AA = 'AAdl' AND BB = 'BBgl')) AND (CC IN ('CCnv','CCmw')) GROUP BY CC",
 "sqlResult": "{34} || {27}",
 "nlq": "What is the minimum number for each CC, of BBgl buildings in CCnv or CCmw?"},
{"name": "template 10",
 "sql": "SELECT CC,max(Value) FROM DBdata WHERE ((AA = 'AAdl' AND BB = 'BBgl')) AND (CC IN ('CCnv','CCmw')) GROUP BY CC",
 "sqlResult": "{CCnv | 74} || {CCmw | 28}",
 "nlq": "What is the maximum number for each CC, of BBgl buildings in CCnv or CCmw? Please, report the corresponding CC."},
{"name": "template 11",
 "sql": "SELECT CC,AA,BB,avg(Value) FROM DBdata WHERE ((AA = 'AAdl' AND BB = 'BBmn') OR (AA = 'AAjz' AND BB = 'BBmq') OR (AA = 'AAms' AND BB = 'BBjs')) AND (CC IN ('CCnv','CCmw')) GROUP BY CC,AA,BB",
 "sqlResult": "{CCnv | AAms | BBjs | 61.5} || {CCnv | AAjz | BBmq | 18.5} || {CCnv | AAdl | BBmn | 41.5} || {CCmw | AAms | BBjs | 58.5} || {CCmw | AAjz | BBmq | 43.5} || {CCmw | AAdl | BBmn | 27.5}",
 "nlq": "What is the average number for each CC, AA, and BB, of BBmn, BBjs, or BBmq buildings in CCnv or CCmw? Please, report the corresponding CC, AA, and BB."},
{"name": "template 12",
 "sql": "SELECT Value FROM DBdata WHERE ((AA = 'AAms' AND BB = 'BBjs')) AND (CC IN ('CCnv','CCmw')) ORDER BY VALUE DESC LIMIT 3",
 "sqlResult": "{96} || {62} || {61}",
 "nlq": "What are the top 3 numbers of BBjs buildings in CCnv or CCmw?"},
{"name": "template 13",
 "sql": "SELECT Value FROM DBdata WHERE ((AA = 'AAjz' AND BB = 'BBjn')) AND (CC IN ('CCnv','CCmw')) ORDER BY VALUE ASC",
 "sqlResult": "{2} || {13} || {15} || {20}",
 "nlq": "What are the numbers ordered by ascending values of BBjn buildings in CCnv or CCmw?"},
{"name": "template 14",
 "sql": "SELECT CC,DD FROM DBdata WHERE ((AA = 'AAjz' AND BB = 'BBmq')) AND Value > 42.42",
 "sqlResult": "{CCmw | DDln} || {CCmw | DDcq}",
 "nlq": "What are the CC and DD for which the number of BBmq buildings is greater than 42.42?"},
{"name": "template 15",
 "sql": "SELECT CC,DD,Value FROM DBdata WHERE ((AA = 'AAdl' AND BB = 'BBgl')) AND (CC,DD) IN (SELECT CC,DD FROM DBdata WHERE ((AA = 'AAjz' AND BB = 'BBmq')) AND Value > 42.42)",
 "sqlResult": "{CCmw | DDln | 27} || {CCmw | DDcq | 28}",
 "nlq": "What is the number of BBgl buildings in CC and in DD for which the number of BBmq buildings is greater than 42.42? Please, report the corresponding CC, DD, and number of buildings."}]
}

