{
"filename": "Number_of_constructions_set7_3_DB.csv",
"questions": [{"name": "template 1",
 "sql": "SELECT Value FROM DBdata WHERE ((Type_of_building = 'Service' AND Usage = 'Library')) AND ((Quarter = 'Q3' AND Month = 'August'))",
 "sqlResult": "{80}",
 "nlq": "What is the number of Library buildings in August?"},
{"name": "template 2",
 "sql": "SELECT Value FROM DBdata WHERE ((Type_of_building = 'Culture' AND Usage = 'Theatre')) AND ((Quarter = 'Q1' AND Month = 'February') OR (Quarter = 'Q2' AND Month = 'June') OR (Quarter = 'Q3' AND Month = 'September'))",
 "sqlResult": "{27} || {76} || {9}",
 "nlq": "What is the number of Theatre buildings in February, June, or September?"},
{"name": "template 3",
 "sql": "SELECT Value FROM DBdata WHERE ((Type_of_building = 'Culture' AND Usage = 'Museum') OR (Type_of_building = 'Culture' AND Usage = 'Theatre') OR (Type_of_building = 'Culture' AND Usage = 'Concert') OR (Type_of_building = 'Service' AND Usage = 'Administration') OR (Type_of_building = 'Service' AND Usage = 'Library')) AND ((Quarter = 'Q1' AND Month = 'February'))",
 "sqlResult": "{94} || {27} || {22} || {75} || {23}",
 "nlq": "What is the number of Administration, Concert, Library, Museum, or Theatre buildings in February?"},
{"name": "template 4",
 "sql": "SELECT avg(Value),sum(Value) FROM DBdata WHERE ((Type_of_building = 'Culture' AND Usage = 'Theatre') OR (Type_of_building = 'Service' AND Usage = 'Hospital') OR (Type_of_building = 'Service' AND Usage = 'Library')) AND ((Quarter = 'Q2' AND Month = 'May'))",
 "sqlResult": "{38 | 114}",
 "nlq": "What are the average and total numbers of Hospital, Library, or Theatre buildings in May?"},
{"name": "template 6",
 "sql": "SELECT Value FROM DBdata WHERE ((Type_of_building = 'Culture' AND Usage = 'Concert') OR (Type_of_building = 'Service' AND Usage = 'Administration') OR (Type_of_building = 'Service' AND Usage = 'Library')) AND ((Quarter = 'Q2' AND Month = 'May') OR (Quarter = 'Q3' AND Month = 'August'))",
 "sqlResult": "{6} || {81} || {43} || {96} || {0} || {80}",
 "nlq": "What is the number of Administration, Concert, or Library buildings in August or May?"},
{"name": "template 7",
 "sql": "SELECT avg(Value),min(Value) FROM DBdata WHERE ((Type_of_building = 'Service' AND Usage = 'Hospital')) AND ((Quarter = 'Q1' AND Month = 'March') OR (Quarter = 'Q2' AND Month = 'April') OR (Quarter = 'Q2' AND Month = 'May') OR (Quarter = 'Q2' AND Month = 'June') OR (Quarter = 'Q3' AND Month = 'August'))",
 "sqlResult": "{53 | 17}",
 "nlq": "What are the average and minimum numbers of Hospital buildings in April, August, June, March, or May?"},
{"name": "template 8",
 "sql": "SELECT Type_of_building,Usage,sum(Value),avg(Value) FROM DBdata WHERE ((Type_of_building = 'Culture' AND Usage = 'Theatre') OR (Type_of_building = 'Service' AND Usage = 'Administration')) AND ((Quarter = 'Q1' AND Month = 'February') OR (Quarter = 'Q2' AND Month = 'April') OR (Quarter = 'Q3' AND Month = 'September')) GROUP BY Type_of_building,Usage",
 "sqlResult": "{Culture | Theatre | 104 | 34.67} || {Service | Administration | 112 | 37.33}",
 "nlq": "What are the total and average numbers for each Type of building and Usage, of Administration or Theatre buildings in April, February, or September? Please, report the corresponding Type of building and Usage."},
{"name": "template 9",
 "sql": "SELECT min(Value) FROM DBdata WHERE ((Type_of_building = 'Culture' AND Usage = 'Museum')) AND (Quarter IN ('Q1','Q2','Q3')) GROUP BY Quarter",
 "sqlResult": "{61} || {42} || {12}",
 "nlq": "What is the minimum number for each Quarter, of Museum buildings in Q1, Q2, or Q3?"},
{"name": "template 10",
 "sql": "SELECT Quarter,min(Value) FROM DBdata WHERE ((Type_of_building = 'Culture' AND Usage = 'Concert')) AND (Quarter IN ('Q1','Q2','Q3')) GROUP BY Quarter",
 "sqlResult": "{Q1 | 22} || {Q2 | 6} || {Q3 | 89}",
 "nlq": "What is the minimum number for each Quarter, of Concert buildings in Q1, Q2, or Q3? Please, report the corresponding Quarter."},
{"name": "template 11",
 "sql": "SELECT Quarter,Type_of_building,Usage,max(Value) FROM DBdata WHERE ((Type_of_building = 'Culture' AND Usage = 'Concert') OR (Type_of_building = 'Service' AND Usage = 'Library')) AND (Quarter IN ('Q1','Q2','Q3')) GROUP BY Quarter,Type_of_building,Usage",
 "sqlResult": "{Q1 | Culture | Concert | 36} || {Q1 | Service | Library | 90} || {Q2 | Culture | Concert | 21} || {Q2 | Service | Library | 53} || {Q3 | Culture | Concert | 96} || {Q3 | Service | Library | 80}",
 "nlq": "What is the maximum number for each Quarter, Type of building, and Usage, of Concert or Library buildings in Q1, Q2, or Q3? Please, report the corresponding Quarter, Type of building, and Usage."},
{"name": "template 12",
 "sql": "SELECT Value FROM DBdata WHERE ((Type_of_building = 'Service' AND Usage = 'Library')) AND (Quarter IN ('Q1','Q2')) ORDER BY VALUE ASC LIMIT 2",
 "sqlResult": "{23} || {30}",
 "nlq": "What are the bottom 2 numbers of Library buildings in Q1 or Q2?"},
{"name": "template 13",
 "sql": "SELECT Value FROM DBdata WHERE ((Type_of_building = 'Culture' AND Usage = 'Theatre')) AND (Quarter IN ('Q1','Q3')) ORDER BY VALUE DESC",
 "sqlResult": "{78} || {52} || {27} || {9}",
 "nlq": "What are the numbers ordered by descending values of Theatre buildings in Q1 or Q3?"},
{"name": "template 14",
 "sql": "SELECT Quarter,Month FROM DBdata WHERE ((Type_of_building = 'Culture' AND Usage = 'Museum')) AND Value > 50.05",
 "sqlResult": "{Q1 | February} || {Q1 | March} || {Q2 | April} || {Q3 | August}",
 "nlq": "What are the Quarter and Month for which the number of Museum buildings is greater than 50.05?"},
{"name": "template 15",
 "sql": "SELECT Quarter,Month,Value FROM DBdata WHERE ((Type_of_building = 'Service' AND Usage = 'Library')) AND (Quarter,Month) IN (SELECT Quarter,Month FROM DBdata WHERE ((Type_of_building = 'Culture' AND Usage = 'Museum')) AND Value > 50.05)",
 "sqlResult": "{Q1 | February | 23} || {Q1 | March | 90} || {Q2 | April | 53} || {Q3 | August | 80}",
 "nlq": "What is the number of Library buildings in Quarter and in Month for which the number of Museum buildings is greater than 50.05? Please, report the corresponding Quarter, Month, and number of buildings."}]
}
