{
"filename": "Number_of_constructions_set1_3_DB.csv",
"questions": [{"name": "template 1",
 "sql": "SELECT Value FROM DBdata WHERE ((Type_of_building = 'Culture' AND Usage = 'Museum')) AND ((Quarter = 'Q2' AND Month = 'June'))",
 "sqlResult": "{36}",
 "nlq": "What is the number of Museum buildings in June?"},
{"name": "template 2",
 "sql": "SELECT Value FROM DBdata WHERE ((Type_of_building = 'Production' AND Usage = 'Workshop')) AND ((Quarter = 'Q1' AND Month = 'January') OR (Quarter = 'Q2' AND Month = 'May') OR (Quarter = 'Q2' AND Month = 'June'))",
 "sqlResult": "{96} || {73} || {93}",
 "nlq": "What is the number of Workshop buildings in January, June, or May?"},
{"name": "template 3",
 "sql": "SELECT Value FROM DBdata WHERE ((Type_of_building = 'Production' AND Usage = 'Workshop') OR (Type_of_building = 'Culture' AND Usage = 'Theatre') OR (Type_of_building = 'Service' AND Usage = 'School') OR (Type_of_building = 'Service' AND Usage = 'Hospital') OR (Type_of_building = 'Service' AND Usage = 'Administration')) AND ((Quarter = 'Q1' AND Month = 'February'))",
 "sqlResult": "{88} || {9} || {65} || {69} || {42}",
 "nlq": "What is the number of Administration, Hospital, School, Theatre, or Workshop buildings in February?"},
{"name": "template 4",
 "sql": "SELECT max(Value),sum(Value) FROM DBdata WHERE ((Type_of_building = 'Production' AND Usage = 'Workshop') OR (Type_of_building = 'Production' AND Usage = 'Factory') OR (Type_of_building = 'Culture' AND Usage = 'Museum') OR (Type_of_building = 'Culture' AND Usage = 'Theatre') OR (Type_of_building = 'Culture' AND Usage = 'Concert') OR (Type_of_building = 'Service' AND Usage = 'School') OR (Type_of_building = 'Service' AND Usage = 'Hospital')) AND ((Quarter = 'Q2' AND Month = 'June'))",
 "sqlResult": "{98 | 351}",
 "nlq": "What are the maximum and total numbers of Concert, Factory, Hospital, Museum, School, Theatre, or Workshop buildings in June?"},
{"name": "template 6",
 "sql": "SELECT Value FROM DBdata WHERE ((Type_of_building = 'Culture' AND Usage = 'Concert') OR (Type_of_building = 'Service' AND Usage = 'Administration')) AND ((Quarter = 'Q1' AND Month = 'January') OR (Quarter = 'Q2' AND Month = 'May') OR (Quarter = 'Q2' AND Month = 'June'))",
 "sqlResult": "{60} || {45} || {43} || {37} || {40} || {15}",
 "nlq": "What is the number of Administration or Concert buildings in January, June, or May?"},
{"name": "template 7",
 "sql": "SELECT avg(Value),min(Value) FROM DBdata WHERE ((Type_of_building = 'Production' AND Usage = 'Workshop')) AND ((Quarter = 'Q1' AND Month = 'January') OR (Quarter = 'Q2' AND Month = 'June'))",
 "sqlResult": "{94.5 | 93}",
 "nlq": "What are the average and minimum numbers of Workshop buildings in January or June?"},
{"name": "template 8",
 "sql": "SELECT Type_of_building,Usage,sum(Value),max(Value) FROM DBdata WHERE ((Type_of_building = 'Culture' AND Usage = 'Theatre') OR (Type_of_building = 'Culture' AND Usage = 'Concert') OR (Type_of_building = 'Service' AND Usage = 'School') OR (Type_of_building = 'Service' AND Usage = 'Hospital') OR (Type_of_building = 'Service' AND Usage = 'Administration')) AND ((Quarter = 'Q1' AND Month = 'January') OR (Quarter = 'Q1' AND Month = 'February') OR (Quarter = 'Q2' AND Month = 'May') OR (Quarter = 'Q2' AND Month = 'June')) GROUP BY Type_of_building,Usage",
 "sqlResult": "{Culture | Concert | 230 | 87} || {Culture | Theatre | 176 | 84} || {Service | Administration | 139 | 45} || {Service | Hospital | 222 | 94} || {Service | School | 262 | 98}",
 "nlq": "What are the total and maximum numbers for each Type of building and Usage, of Administration, Concert, Hospital, School, or Theatre buildings in February, January, June, or May? Please, report the corresponding Type of building and Usage."},
{"name": "template 9",
 "sql": "SELECT min(Value) FROM DBdata WHERE ((Type_of_building = 'Service' AND Usage = 'Hospital')) AND (Quarter IN ('Q1','Q2')) GROUP BY Quarter",
 "sqlResult": "{27} || {32}",
 "nlq": "What is the minimum number for each Quarter, of Hospital buildings in Q1 or Q2?"},
{"name": "template 10",
 "sql": "SELECT Quarter,min(Value) FROM DBdata WHERE ((Type_of_building = 'Production' AND Usage = 'Workshop')) AND (Quarter IN ('Q1','Q2')) GROUP BY Quarter",
 "sqlResult": "{Q1 | 88} || {Q2 | 73}",
 "nlq": "What is the minimum number for each Quarter, of Workshop buildings in Q1 or Q2? Please, report the corresponding Quarter."},
{"name": "template 11",
 "sql": "SELECT Quarter,Type_of_building,Usage,min(Value) FROM DBdata WHERE ((Type_of_building = 'Culture' AND Usage = 'Museum') OR (Type_of_building = 'Service' AND Usage = 'School')) AND (Quarter IN ('Q1','Q2')) GROUP BY Quarter,Type_of_building,Usage",
 "sqlResult": "{Q1 | Culture | Museum | 79} || {Q1 | Service | School | 65} || {Q2 | Culture | Museum | 36} || {Q2 | Service | School | 8}",
 "nlq": "What is the minimum number for each Quarter, Type of building, and Usage, of Museum or School buildings in Q1 or Q2? Please, report the corresponding Quarter, Type of building, and Usage."},
{"name": "template 12",
 "sql": "SELECT Value FROM DBdata WHERE ((Type_of_building = 'Production' AND Usage = 'Factory')) AND (Quarter IN ('Q1','Q2')) ORDER BY VALUE ASC LIMIT 2",
 "sqlResult": "{4} || {55}",
 "nlq": "What are the bottom 2 numbers of Factory buildings in Q1 or Q2?"},
{"name": "template 13",
 "sql": "SELECT Value FROM DBdata WHERE ((Type_of_building = 'Service' AND Usage = 'School')) AND (Quarter IN ('Q1','Q2')) ORDER BY VALUE ASC",
 "sqlResult": "{8} || {65} || {91} || {98}",
 "nlq": "What are the numbers ordered by ascending values of School buildings in Q1 or Q2?"},
{"name": "template 14",
 "sql": "SELECT Quarter,Month FROM DBdata WHERE ((Type_of_building = 'Culture' AND Usage = 'Museum')) AND Value < 57.69",
 "sqlResult": "{Q2 | May} || {Q2 | June}",
 "nlq": "What are the Quarter and Month for which the number of Museum buildings is lower than 57.69?"},
{"name": "template 15",
 "sql": "SELECT Quarter,Month,Value FROM DBdata WHERE ((Type_of_building = 'Production' AND Usage = 'Factory')) AND (Quarter,Month) IN (SELECT Quarter,Month FROM DBdata WHERE ((Type_of_building = 'Culture' AND Usage = 'Museum')) AND Value < 57.69)",
 "sqlResult": "{Q2 | May | 95} || {Q2 | June | 4}",
 "nlq": "What is the number of Factory buildings in Quarter and in Month for which the number of Museum buildings is lower than 57.69? Please, report the corresponding Quarter, Month, and number of buildings."}]
}
