{
"filename": "Number_of_constructions_set1_2_DB.csv",
"questions": [{"name": "template 1",
 "sql": "SELECT Value FROM DBdata WHERE ((AA = 'AAjx' AND BB = 'BBmy')) AND ((CC = 'CCcg' AND DD = 'DDcq'))",
 "sqlResult": "{10}",
 "nlq": "What is the number of BBmy buildings in DDcq?"},
{"name": "template 2",
 "sql": "SELECT Value FROM DBdata WHERE ((AA = 'AArw' AND BB = 'BBfj')) AND ((CC = 'CCcg' AND DD = 'DDkq') OR (CC = 'CCbc' AND DD = 'DDqx') OR (CC = 'CCbc' AND DD = 'DDgs'))",
 "sqlResult": "{43} || {35} || {49}",
 "nlq": "What is the number of BBfj buildings in DDgs, DDkq, or DDqx?"},
{"name": "template 3",
 "sql": "SELECT Value FROM DBdata WHERE ((AA = 'AArw' AND BB = 'BBmp') OR (AA = 'AArw' AND BB = 'BBfj') OR (AA = 'AAjx' AND BB = 'BBct') OR (AA = 'AAjx' AND BB = 'BBmy')) AND ((CC = 'CCkv' AND DD = 'DDjm'))",
 "sqlResult": "{36} || {9} || {60} || {27}",
 "nlq": "What is the number of BBfj, BBmy, BBmp, or BBct buildings in DDjm?"},
{"name": "template 4",
 "sql": "SELECT avg(Value),sum(Value) FROM DBdata WHERE ((AA = 'AArw' AND BB = 'BBmp') OR (AA = 'AAjx' AND BB = 'BBct')) AND ((CC = 'CCbc' AND DD = 'DDgs'))",
 "sqlResult": "{32.5 | 65}",
 "nlq": "What are the average and total numbers of BBmp or BBct buildings in DDgs?"},
{"name": "template 6",
 "sql": "SELECT Value FROM DBdata WHERE ((AA = 'AArw' AND BB = 'BBmp') OR (AA = 'AArw' AND BB = 'BBfj') OR (AA = 'AAjx' AND BB = 'BBct') OR (AA = 'AAjx' AND BB = 'BBmy')) AND ((CC = 'CCkv' AND DD = 'DDlw') OR (CC = 'CCbc' AND DD = 'DDqx'))",
 "sqlResult": "{69} || {89} || {8} || {46} || {82} || {35} || {3} || {56}",
 "nlq": "What is the number of BBfj, BBmy, BBmp, or BBct buildings in DDlw or DDqx?"},
{"name": "template 7",
 "sql": "SELECT max(Value),avg(Value) FROM DBdata WHERE ((AA = 'AAjx' AND BB = 'BBct')) AND ((CC = 'CCkv' AND DD = 'DDjm') OR (CC = 'CCcg' AND DD = 'DDkq') OR (CC = 'CCcg' AND DD = 'DDcd'))",
 "sqlResult": "{88 | 75.33}",
 "nlq": "What are the maximum and average numbers of BBct buildings in DDjm, DDkq, or DDcd?"},
{"name": "template 8",
 "sql": "SELECT AA,BB,avg(Value),sum(Value) FROM DBdata WHERE ((AA = 'AArw' AND BB = 'BBfj') OR (AA = 'AAjx' AND BB = 'BBct') OR (AA = 'AAjx' AND BB = 'BBmy')) AND ((CC = 'CCkv' AND DD = 'DDjm') OR (CC = 'CCkv' AND DD = 'DDlw') OR (CC = 'CCcg' AND DD = 'DDcd') OR (CC = 'CCbc' AND DD = 'DDrt') OR (CC = 'CCbc' AND DD = 'DDgs')) GROUP BY AA,BB",
 "sqlResult": "{AAjx | BBmy | 42.4 | 212} || {AAjx | BBct | 37.2 | 186} || {AArw | BBfj | 48.8 | 244}",
 "nlq": "What are the average and total numbers for each AA and BB, of BBfj, BBmy, or BBct buildings in DDjm, DDgs, DDlw, DDrt, or DDcd? Please, report the corresponding AA and BB."},
{"name": "template 9",
 "sql": "SELECT min(Value) FROM DBdata WHERE ((AA = 'AArw' AND BB = 'BBfj')) AND (CC IN ('CCkv','CCcg','CCbc')) GROUP BY CC",
 "sqlResult": "{9} || {43} || {12}",
 "nlq": "What is the minimum number for each CC, of BBfj buildings in CCkv, CCcg, or CCbc?"},
{"name": "template 10",
 "sql": "SELECT CC,max(Value) FROM DBdata WHERE ((AA = 'AAjx' AND BB = 'BBct')) AND (CC IN ('CCkv','CCcg','CCbc')) GROUP BY CC",
 "sqlResult": "{CCkv | 95} || {CCcg | 88} || {CCbc | 40}",
 "nlq": "What is the maximum number for each CC, of BBct buildings in CCkv, CCcg, or CCbc? Please, report the corresponding CC."},
{"name": "template 11",
 "sql": "SELECT CC,AA,BB,min(Value) FROM DBdata WHERE ((AA = 'AArw' AND BB = 'BBfj') OR (AA = 'AAjx' AND BB = 'BBct')) AND (CC IN ('CCkv','CCcg','CCbc')) GROUP BY CC,AA,BB",
 "sqlResult": "{CCkv | AAjx | BBct | 8} || {CCkv | AArw | BBfj | 9} || {CCcg | AAjx | BBct | 34} || {CCcg | AArw | BBfj | 43} || {CCbc | AAjx | BBct | 0} || {CCbc | AArw | BBfj | 12}",
 "nlq": "What is the minimum number for each CC, AA, and BB, of BBfj or BBct buildings in CCkv, CCcg, or CCbc? Please, report the corresponding CC, AA, and BB."},
{"name": "template 12",
 "sql": "SELECT Value FROM DBdata WHERE ((AA = 'AArw' AND BB = 'BBmp')) AND (CC IN ('CCcg','CCbc')) ORDER BY VALUE DESC LIMIT 3",
 "sqlResult": "{82} || {71} || {61}",
 "nlq": "What are the top 3 numbers of BBmp buildings in CCcg or CCbc?"},
{"name": "template 13",
 "sql": "SELECT Value FROM DBdata WHERE ((AA = 'AArw' AND BB = 'BBmp')) AND (CC IN ('CCkv','CCbc')) ORDER BY VALUE ASC",
 "sqlResult": "{25} || {36} || {47} || {69} || {82} || {98}",
 "nlq": "What are the numbers ordered by ascending values of BBmp buildings in CCkv or CCbc?"},
{"name": "template 14",
 "sql": "SELECT CC,DD FROM DBdata WHERE ((AA = 'AAjx' AND BB = 'BBct')) AND Value < 47.47",
 "sqlResult": "{CCkv | DDlw} || {CCcg | DDcq} || {CCbc | DDrt} || {CCbc | DDqx} || {CCbc | DDgs}",
 "nlq": "What are the CC and DD for which the number of BBct buildings is lower than 47.47?"},
{"name": "template 15",
 "sql": "SELECT CC,DD,Value FROM DBdata WHERE ((AA = 'AArw' AND BB = 'BBfj')) AND (CC,DD) IN (SELECT CC,DD FROM DBdata WHERE ((AA = 'AAjx' AND BB = 'BBct')) AND Value < 47.47)",
 "sqlResult": "{CCkv | DDlw | 89} || {CCcg | DDcq | 45} || {CCbc | DDrt | 12} || {CCbc | DDqx | 35} || {CCbc | DDgs | 49}",
 "nlq": "What is the number of BBfj buildings in CC and in DD for which the number of BBct buildings is lower than 47.47? Please, report the corresponding CC, DD, and number of buildings."}]
}

