AA,BB,CC,DD,Value
AA,BB,CC,DD,Value
AAbj,BBgq,CCvz,DDgz,61
AAbj,BBcz,CCvz,DDgz,25
AAbj,BBfh,CCvz,DDgz,29
AAmn,BBnq,CCvz,DDgz,80
AAmn,BBtx,CCvz,DDgz,52
AAmn,BBcp,CCvz,DDgz,11
AAbj,BBgq,CCvz,DDdk,17
AAbj,BBcz,CCvz,DDdk,5
AAbj,BBfh,CCvz,DDdk,23
AAmn,BBnq,CCvz,DDdk,47
AAmn,BBtx,CCvz,DDdk,86
AAmn,BBcp,CCvz,DDdk,79
AAbj,BBgq,CCvz,DDdm,1
AAbj,BBcz,CCvz,DDdm,39
AAbj,BBfh,CCvz,DDdm,65
AAmn,BBnq,CCvz,DDdm,90
AAmn,BBtx,CCvz,DDdm,31
AAmn,BBcp,CCvz,DDdm,89
AAbj,BBgq,CCln,DDbf,93
AAbj,BBcz,CCln,DDbf,58
AAbj,BBfh,CCln,DDbf,59
AAmn,BBnq,CCln,DDbf,53
AAmn,BBtx,CCln,DDbf,73
AAmn,BBcp,CCln,DDbf,16
AAbj,BBgq,CCln,DDhw,77
AAbj,BBcz,CCln,DDhw,21
AAbj,BBfh,CCln,DDhw,50
AAmn,BBnq,CCln,DDhw,37
AAmn,BBtx,CCln,DDhw,57
AAmn,BBcp,CCln,DDhw,63
AAbj,BBgq,CCln,DDfl,60
AAbj,BBcz,CCln,DDfl,84
AAbj,BBfh,CCln,DDfl,62
AAmn,BBnq,CCln,DDfl,85
AAmn,BBtx,CCln,DDfl,26
AAmn,BBcp,CCln,DDfl,32

