Type of building,Usage,Quarter,Month,Value
Type_of_building,Usage,Quarter,Month,Value
Production,Workshop,Q3,July,81
Production,Factory,Q3,July,5
Culture,Museum,Q3,July,40
Culture,Theatre,Q3,July,10
Production,Workshop,Q3,August,14
Production,Factory,Q3,August,29
Culture,Museum,Q3,August,36
Culture,Theatre,Q3,August,9
Production,Workshop,Q3,September,78
Production,Factory,Q3,September,28
Culture,Museum,Q3,September,50
Culture,Theatre,Q3,September,16
Production,Workshop,Q4,October,41
Production,Factory,Q4,October,80
Culture,Museum,Q4,October,65
Culture,Theatre,Q4,October,75
Production,Workshop,Q4,November,26
Production,Factory,Q4,November,0
Culture,Museum,Q4,November,22
Culture,Theatre,Q4,November,63
Production,Workshop,Q4,December,39
Production,Factory,Q4,December,69
Culture,Museum,Q4,December,48
Culture,Theatre,Q4,December,6
