{
"filename": "Number_of_constructions_set5_2_DB.csv",
"questions": [{"name": "template 1",
 "sql": "SELECT Value FROM DBdata WHERE ((AA = 'AAfq' AND BB = 'BBkp')) AND ((CC = 'CCrw' AND DD = 'DDmx'))",
 "sqlResult": "{54}",
 "nlq": "What is the number of BBkp buildings in DDmx?"},
{"name": "template 2",
 "sql": "SELECT Value FROM DBdata WHERE ((AA = 'AAhz' AND BB = 'BBfy')) AND ((CC = 'CCrw' AND DD = 'DDmw') OR (CC = 'CCrw' AND DD = 'DDmx') OR (CC = 'CCjk' AND DD = 'DDdt'))",
 "sqlResult": "{75} || {65} || {19}",
 "nlq": "What is the number of BBfy buildings in DDmx, DDmw, or DDdt?"},
{"name": "template 3",
 "sql": "SELECT Value FROM DBdata WHERE ((AA = 'AAhz' AND BB = 'BBfy') OR (AA = 'AAhz' AND BB = 'BBfr') OR (AA = 'AAfq' AND BB = 'BBhx') OR (AA = 'AAfq' AND BB = 'BBcn') OR (AA = 'AAfq' AND BB = 'BBkp')) AND ((CC = 'CCrw' AND DD = 'DDmx'))",
 "sqlResult": "{65} || {70} || {77} || {50} || {54}",
 "nlq": "What is the number of BBkp, BBfr, BBhx, BBcn, or BBfy buildings in DDmx?"},
{"name": "template 4",
 "sql": "SELECT avg(Value),min(Value) FROM DBdata WHERE ((AA = 'AAhz' AND BB = 'BBfr') OR (AA = 'AAfq' AND BB = 'BBcn')) AND ((CC = 'CCjk' AND DD = 'DDdt'))",
 "sqlResult": "{54 | 45}",
 "nlq": "What are the average and minimum numbers of BBfr or BBcn buildings in DDdt?"},
{"name": "template 6",
 "sql": "SELECT Value FROM DBdata WHERE ((AA = 'AAfq' AND BB = 'BBhx') OR (AA = 'AAfq' AND BB = 'BBcn')) AND ((CC = 'CCrw' AND DD = 'DDmw') OR (CC = 'CCrw' AND DD = 'DDmx') OR (CC = 'CCjk' AND DD = 'DDfh'))",
 "sqlResult": "{9} || {41} || {77} || {50} || {80} || {59}",
 "nlq": "What is the number of BBhx or BBcn buildings in DDfh, DDmx, or DDmw?"},
{"name": "template 7",
 "sql": "SELECT avg(Value),min(Value) FROM DBdata WHERE ((AA = 'AAfq' AND BB = 'BBcn')) AND ((CC = 'CCrw' AND DD = 'DDmx') OR (CC = 'CCjk' AND DD = 'DDhl') OR (CC = 'CCjk' AND DD = 'DDfh'))",
 "sqlResult": "{37.67 | 4}",
 "nlq": "What are the average and minimum numbers of BBcn buildings in DDfh, DDhl, or DDmx?"},
{"name": "template 8",
 "sql": "SELECT AA,BB,avg(Value),sum(Value) FROM DBdata WHERE ((AA = 'AAhz' AND BB = 'BBfy') OR (AA = 'AAhz' AND BB = 'BBfr') OR (AA = 'AAfq' AND BB = 'BBhx') OR (AA = 'AAfq' AND BB = 'BBcn') OR (AA = 'AAfq' AND BB = 'BBkp')) AND ((CC = 'CCrw' AND DD = 'DDmx') OR (CC = 'CCjk' AND DD = 'DDdt')) GROUP BY AA,BB",
 "sqlResult": "{AAfq | BBkp | 41 | 82} || {AAfq | BBhx | 56 | 112} || {AAfq | BBcn | 56.5 | 113} || {AAhz | BBfr | 57.5 | 115} || {AAhz | BBfy | 42 | 84}",
 "nlq": "What are the average and total numbers for each AA and BB, of BBkp, BBfr, BBhx, BBcn, or BBfy buildings in DDmx or DDdt? Please, report the corresponding AA and BB."},
{"name": "template 9",
 "sql": "SELECT min(Value) FROM DBdata WHERE ((AA = 'AAhz' AND BB = 'BBfy')) AND (CC IN ('CCrw','CCjk')) GROUP BY CC",
 "sqlResult": "{65} || {19}",
 "nlq": "What is the minimum number for each CC, of BBfy buildings in CCrw or CCjk?"},
{"name": "template 10",
 "sql": "SELECT CC,sum(Value) FROM DBdata WHERE ((AA = 'AAhz' AND BB = 'BBfr')) AND (CC IN ('CCrw','CCjk')) GROUP BY CC",
 "sqlResult": "{CCrw | 101} || {CCjk | 205}",
 "nlq": "What is the total number for each CC, of BBfr buildings in CCrw or CCjk? Please, report the corresponding CC."},
{"name": "template 11",
 "sql": "SELECT CC,AA,BB,min(Value) FROM DBdata WHERE ((AA = 'AAhz' AND BB = 'BBfr') OR (AA = 'AAfq' AND BB = 'BBcn')) AND (CC IN ('CCrw','CCjk')) GROUP BY CC,AA,BB",
 "sqlResult": "{CCrw | AAfq | BBcn | 41} || {CCrw | AAhz | BBfr | 31} || {CCjk | AAfq | BBcn | 4} || {CCjk | AAhz | BBfr | 45}",
 "nlq": "What is the minimum number for each CC, AA, and BB, of BBfr or BBcn buildings in CCrw or CCjk? Please, report the corresponding CC, AA, and BB."},
{"name": "template 12",
 "sql": "SELECT Value FROM DBdata WHERE ((AA = 'AAfq' AND BB = 'BBkp')) AND (CC IN ('CCrw','CCjk')) ORDER BY VALUE DESC LIMIT 2",
 "sqlResult": "{56} || {54}",
 "nlq": "What are the top 2 numbers of BBkp buildings in CCrw or CCjk?"},
{"name": "template 13",
 "sql": "SELECT Value FROM DBdata WHERE ((AA = 'AAfq' AND BB = 'BBhx')) AND (CC IN ('CCrw','CCjk')) ORDER BY VALUE DESC",
 "sqlResult": "{80} || {77} || {35} || {16} || {9}",
 "nlq": "What are the numbers ordered by descending values of BBhx buildings in CCrw or CCjk?"},
{"name": "template 14",
 "sql": "SELECT CC,DD FROM DBdata WHERE ((AA = 'AAhz' AND BB = 'BBfy')) AND Value > 45.68",
 "sqlResult": "{CCrw | DDmw} || {CCrw | DDmx}",
 "nlq": "What are the CC and DD for which the number of BBfy buildings is greater than 45.68?"},
{"name": "template 15",
 "sql": "SELECT CC,DD,Value FROM DBdata WHERE ((AA = 'AAhz' AND BB = 'BBfr')) AND (CC,DD) IN (SELECT CC,DD FROM DBdata WHERE ((AA = 'AAhz' AND BB = 'BBfy')) AND Value > 45.68)",
 "sqlResult": "{CCrw | DDmw | 31} || {CCrw | DDmx | 70}",
 "nlq": "What is the number of BBfr buildings in CC and in DD for which the number of BBfy buildings is greater than 45.68? Please, report the corresponding CC, DD, and number of buildings."}]
}

