{
"filename": "Number_of_constructions_set8_2_DB.csv",
"questions": [{"name": "template 1",
 "sql": "SELECT Value FROM DBdata WHERE ((AA = 'AAsx' AND BB = 'BBkw')) AND ((CC = 'CCfl' AND DD = 'DDkx'))",
 "sqlResult": "{30}",
 "nlq": "What is the number of BBkw buildings in DDkx?"},
{"name": "template 2",
 "sql": "SELECT Value FROM DBdata WHERE ((AA = 'AAsx' AND BB = 'BBcf')) AND ((CC = 'CCfl' AND DD = 'DDhw') OR (CC = 'CCfl' AND DD = 'DDmx') OR (CC = 'CCfl' AND DD = 'DDkx') OR (CC = 'CCvx' AND DD = 'DDmq') OR (CC = 'CCvx' AND DD = 'DDtv'))",
 "sqlResult": "{69} || {52} || {14} || {75} || {87}",
 "nlq": "What is the number of BBcf buildings in DDmx, DDtv, DDhw, DDmq, or DDkx?"},
{"name": "template 3",
 "sql": "SELECT Value FROM DBdata WHERE ((AA = 'AAdn' AND BB = 'BBdj') OR (AA = 'AAvw' AND BB = 'BBjs') OR (AA = 'AAsx' AND BB = 'BBcf') OR (AA = 'AAsx' AND BB = 'BBfs')) AND ((CC = 'CCfl' AND DD = 'DDkx'))",
 "sqlResult": "{38} || {93} || {14} || {92}",
 "nlq": "What is the number of BBfs, BBdj, BBcf, or BBjs buildings in DDkx?"},
{"name": "template 4",
 "sql": "SELECT min(Value),max(Value) FROM DBdata WHERE ((AA = 'AAdn' AND BB = 'BBbt') OR (AA = 'AAvw' AND BB = 'BBjs') OR (AA = 'AAvw' AND BB = 'BBkn') OR (AA = 'AAsx' AND BB = 'BBkw')) AND ((CC = 'CCfl' AND DD = 'DDhw'))",
 "sqlResult": "{50 | 86}",
 "nlq": "What are the minimum and maximum numbers of BBbt, BBkn, BBkw, or BBjs buildings in DDhw?"},
{"name": "template 6",
 "sql": "SELECT Value FROM DBdata WHERE ((AA = 'AAdn' AND BB = 'BBdj') OR (AA = 'AAsx' AND BB = 'BBkw') OR (AA = 'AAsx' AND BB = 'BBcf') OR (AA = 'AAsx' AND BB = 'BBfs')) AND ((CC = 'CCfl' AND DD = 'DDmx') OR (CC = 'CCfl' AND DD = 'DDkx'))",
 "sqlResult": "{71} || {45} || {52} || {68} || {38} || {30} || {14} || {92}",
 "nlq": "What is the number of BBfs, BBdj, BBkw, or BBcf buildings in DDmx or DDkx?"},
{"name": "template 7",
 "sql": "SELECT min(Value),avg(Value) FROM DBdata WHERE ((AA = 'AAsx' AND BB = 'BBfs')) AND ((CC = 'CCfl' AND DD = 'DDkx') OR (CC = 'CCvx' AND DD = 'DDtv'))",
 "sqlResult": "{79 | 85.5}",
 "nlq": "What are the minimum and average numbers of BBfs buildings in DDtv or DDkx?"},
{"name": "template 8",
 "sql": "SELECT AA,BB,max(Value),avg(Value) FROM DBdata WHERE ((AA = 'AAdn' AND BB = 'BBbt') OR (AA = 'AAdn' AND BB = 'BBdj') OR (AA = 'AAvw' AND BB = 'BBjs') OR (AA = 'AAsx' AND BB = 'BBfs')) AND ((CC = 'CCfl' AND DD = 'DDhw') OR (CC = 'CCfl' AND DD = 'DDmx') OR (CC = 'CCfl' AND DD = 'DDkx') OR (CC = 'CCvx' AND DD = 'DDmq') OR (CC = 'CCvx' AND DD = 'DDtv')) GROUP BY AA,BB",
 "sqlResult": "{AAsx | BBfs | 92 | 69.8} || {AAvw | BBjs | 93 | 47.4} || {AAdn | BBbt | 82 | 37} || {AAdn | BBdj | 71 | 44.6}",
 "nlq": "What are the maximum and average numbers for each AA and BB, of BBbt, BBfs, BBdj, or BBjs buildings in DDmx, DDtv, DDhw, DDmq, or DDkx? Please, report the corresponding AA and BB."},
{"name": "template 9",
 "sql": "SELECT min(Value) FROM DBdata WHERE ((AA = 'AAdn' AND BB = 'BBbt')) AND (CC IN ('CCfl','CCvx')) GROUP BY CC",
 "sqlResult": "{8} || {18}",
 "nlq": "What is the minimum number for each CC, of BBbt buildings in CCfl or CCvx?"},
{"name": "template 10",
 "sql": "SELECT CC,sum(Value) FROM DBdata WHERE ((AA = 'AAsx' AND BB = 'BBfs')) AND (CC IN ('CCfl','CCvx')) GROUP BY CC",
 "sqlResult": "{CCfl | 251} || {CCvx | 98}",
 "nlq": "What is the total number for each CC, of BBfs buildings in CCfl or CCvx? Please, report the corresponding CC."},
{"name": "template 11",
 "sql": "SELECT CC,AA,BB,avg(Value) FROM DBdata WHERE ((AA = 'AAdn' AND BB = 'BBdj') OR (AA = 'AAsx' AND BB = 'BBfs')) AND (CC IN ('CCfl','CCvx')) GROUP BY CC,AA,BB",
 "sqlResult": "{CCfl | AAsx | BBfs | 83.67} || {CCfl | AAdn | BBdj | 56.33} || {CCvx | AAsx | BBfs | 49} || {CCvx | AAdn | BBdj | 27}",
 "nlq": "What is the average number for each CC, AA, and BB, of BBfs or BBdj buildings in CCfl or CCvx? Please, report the corresponding CC, AA, and BB."},
{"name": "template 12",
 "sql": "SELECT Value FROM DBdata WHERE ((AA = 'AAvw' AND BB = 'BBjs')) AND (CC IN ('CCfl','CCvx')) ORDER BY VALUE DESC LIMIT 2",
 "sqlResult": "{93} || {50}",
 "nlq": "What are the top 2 numbers of BBjs buildings in CCfl or CCvx?"},
{"name": "template 13",
 "sql": "SELECT Value FROM DBdata WHERE ((AA = 'AAdn' AND BB = 'BBdj')) AND (CC IN ('CCfl','CCvx')) ORDER BY VALUE ASC",
 "sqlResult": "{3} || {38} || {51} || {60} || {71}",
 "nlq": "What are the numbers ordered by ascending values of BBdj buildings in CCfl or CCvx?"},
{"name": "template 14",
 "sql": "SELECT CC,DD FROM DBdata WHERE ((AA = 'AAvw' AND BB = 'BBkn')) AND Value > 51.74",
 "sqlResult": "{CCfl | DDhw} || {CCfl | DDkx}",
 "nlq": "What are the CC and DD for which the number of BBkn buildings is greater than 51.74?"},
{"name": "template 15",
 "sql": "SELECT CC,DD,Value FROM DBdata WHERE ((AA = 'AAvw' AND BB = 'BBjs')) AND (CC,DD) IN (SELECT CC,DD FROM DBdata WHERE ((AA = 'AAvw' AND BB = 'BBkn')) AND Value > 51.74)",
 "sqlResult": "{CCfl | DDhw | 50} || {CCfl | DDkx | 93}",
 "nlq": "What is the number of BBjs buildings in CC and in DD for which the number of BBkn buildings is greater than 51.74? Please, report the corresponding CC, DD, and number of buildings."}]
}

