AA,BB,CC,DD,Value
AA,BB,CC,DD,Value
AAqv,BBbk,CCnv,DDvx,69
AAqv,BBtw,CCnv,DDvx,75
AAjz,BBch,CCnv,DDvx,100
AAjz,BBpr,CCnv,DDvx,33
AAjz,BBck,CCnv,DDvx,67
AAqv,BBbk,CCnv,DDfk,8
AAqv,BBtw,CCnv,DDfk,39
AAjz,BBch,CCnv,DDfk,0
AAjz,BBpr,CCnv,DDfk,92
AAjz,BBck,CCnv,DDfk,36
AAqv,BBbk,CCbq,DDbr,63
AAqv,BBtw,CCbq,DDbr,58
AAjz,BBch,CCbq,DDbr,59
AAjz,BBpr,CCbq,DDbr,9
AAjz,BBck,CCbq,DDbr,97
AAqv,BBbk,CCbq,DDcd,94
AAqv,BBtw,CCbq,DDcd,50
AAjz,BBch,CCbq,DDcd,88
AAjz,BBpr,CCbq,DDcd,68
AAjz,BBck,CCbq,DDcd,76

