{
"filename": "Number_of_constructions_set4_1_DB.csv",
"questions": [{"name": "template 1",
 "sql": "SELECT Value FROM DBdata WHERE ((Type_of_building = 'Culture' AND Usage = 'Museum')) AND ((Quarter = 'Q3' AND Month = 'August'))",
 "sqlResult": "{52}",
 "nlq": "What is the number of Museum buildings in August?"},
{"name": "template 2",
 "sql": "SELECT Value FROM DBdata WHERE ((Type_of_building = 'Production' AND Usage = 'Factory')) AND ((Quarter = 'Q2' AND Month = 'May') OR (Quarter = 'Q2' AND Month = 'June') OR (Quarter = 'Q3' AND Month = 'July') OR (Quarter = 'Q3' AND Month = 'August'))",
 "sqlResult": "{36} || {66} || {10} || {33}",
 "nlq": "What is the number of Factory buildings in August, July, June, or May?"},
{"name": "template 3",
 "sql": "SELECT Value FROM DBdata WHERE ((Type_of_building = 'Residential' AND Usage = 'Apartment') OR (Type_of_building = 'Production' AND Usage = 'Workshop') OR (Type_of_building = 'Culture' AND Usage = 'Museum') OR (Type_of_building = 'Culture' AND Usage = 'Theatre')) AND ((Quarter = 'Q2' AND Month = 'June'))",
 "sqlResult": "{79} || {37} || {16} || {97}",
 "nlq": "What is the number of Apartment, Museum, Theatre, or Workshop buildings in June?"},
{"name": "template 4",
 "sql": "SELECT min(Value),sum(Value) FROM DBdata WHERE ((Type_of_building = 'Residential' AND Usage = 'House') OR (Type_of_building = 'Production' AND Usage = 'Workshop') OR (Type_of_building = 'Culture' AND Usage = 'Museum') OR (Type_of_building = 'Culture' AND Usage = 'Theatre')) AND ((Quarter = 'Q2' AND Month = 'June'))",
 "sqlResult": "{16 | 239}",
 "nlq": "What are the minimum and total numbers of House, Museum, Theatre, or Workshop buildings in June?"},
{"name": "template 6",
 "sql": "SELECT Value FROM DBdata WHERE ((Type_of_building = 'Residential' AND Usage = 'House') OR (Type_of_building = 'Residential' AND Usage = 'Hotel') OR (Type_of_building = 'Production' AND Usage = 'Workshop') OR (Type_of_building = 'Production' AND Usage = 'Factory') OR (Type_of_building = 'Culture' AND Usage = 'Museum')) AND ((Quarter = 'Q2' AND Month = 'June') OR (Quarter = 'Q3' AND Month = 'September'))",
 "sqlResult": "{89} || {39} || {37} || {66} || {16} || {70} || {40} || {21} || {20} || {24}",
 "nlq": "What is the number of Factory, Hotel, House, Museum, or Workshop buildings in June or September?"},
{"name": "template 7",
 "sql": "SELECT sum(Value),max(Value) FROM DBdata WHERE ((Type_of_building = 'Culture' AND Usage = 'Museum')) AND ((Quarter = 'Q3' AND Month = 'July') OR (Quarter = 'Q3' AND Month = 'August') OR (Quarter = 'Q3' AND Month = 'September'))",
 "sqlResult": "{125 | 52}",
 "nlq": "What are the total and maximum numbers of Museum buildings in August, July, or September?"},
{"name": "template 8",
 "sql": "SELECT Type_of_building,Usage,max(Value),min(Value) FROM DBdata WHERE ((Type_of_building = 'Production' AND Usage = 'Workshop') OR (Type_of_building = 'Production' AND Usage = 'Factory') OR (Type_of_building = 'Culture' AND Usage = 'Theatre')) AND ((Quarter = 'Q2' AND Month = 'May') OR (Quarter = 'Q2' AND Month = 'June') OR (Quarter = 'Q3' AND Month = 'July') OR (Quarter = 'Q3' AND Month = 'August') OR (Quarter = 'Q3' AND Month = 'September')) GROUP BY Type_of_building,Usage",
 "sqlResult": "{Culture | Theatre | 97 | 8} || {Production | Factory | 66 | 10} || {Production | Workshop | 83 | 21}",
 "nlq": "What are the maximum and minimum numbers for each Type of building and Usage, of Factory, Theatre, or Workshop buildings in August, July, June, May, or September? Please, report the corresponding Type of building and Usage."},
{"name": "template 9",
 "sql": "SELECT min(Value) FROM DBdata WHERE ((Type_of_building = 'Culture' AND Usage = 'Museum')) AND (Quarter IN ('Q2','Q3')) GROUP BY Quarter",
 "sqlResult": "{16} || {24}",
 "nlq": "What is the minimum number for each Quarter, of Museum buildings in Q2 or Q3?"},
{"name": "template 10",
 "sql": "SELECT Quarter,max(Value) FROM DBdata WHERE ((Type_of_building = 'Residential' AND Usage = 'Apartment')) AND (Quarter IN ('Q2','Q3')) GROUP BY Quarter",
 "sqlResult": "{Q2 | 79} || {Q3 | 95}",
 "nlq": "What is the maximum number for each Quarter, of Apartment buildings in Q2 or Q3? Please, report the corresponding Quarter."},
{"name": "template 11",
 "sql": "SELECT Quarter,Type_of_building,Usage,max(Value) FROM DBdata WHERE ((Type_of_building = 'Residential' AND Usage = 'Apartment') OR (Type_of_building = 'Production' AND Usage = 'Workshop') OR (Type_of_building = 'Culture' AND Usage = 'Theatre')) AND (Quarter IN ('Q2','Q3')) GROUP BY Quarter,Type_of_building,Usage",
 "sqlResult": "{Q2 | Culture | Theatre | 97} || {Q2 | Production | Workshop | 62} || {Q2 | Residential | Apartment | 79} || {Q3 | Culture | Theatre | 41} || {Q3 | Production | Workshop | 83} || {Q3 | Residential | Apartment | 95}",
 "nlq": "What is the maximum number for each Quarter, Type of building, and Usage, of Apartment, Theatre, or Workshop buildings in Q2 or Q3? Please, report the corresponding Quarter, Type of building, and Usage."},
{"name": "template 12",
 "sql": "SELECT Value FROM DBdata WHERE ((Type_of_building = 'Production' AND Usage = 'Factory')) AND (Quarter IN ('Q2','Q3')) ORDER BY VALUE DESC LIMIT 3",
 "sqlResult": "{66} || {36} || {33}",
 "nlq": "What are the top 3 numbers of Factory buildings in Q2 or Q3?"},
{"name": "template 13",
 "sql": "SELECT Value FROM DBdata WHERE ((Type_of_building = 'Production' AND Usage = 'Workshop')) AND (Quarter IN ('Q2','Q3')) ORDER BY VALUE ASC",
 "sqlResult": "{21} || {37} || {43} || {62} || {83}",
 "nlq": "What are the numbers ordered by ascending values of Workshop buildings in Q2 or Q3?"},
{"name": "template 14",
 "sql": "SELECT Quarter,Month FROM DBdata WHERE ((Type_of_building = 'Residential' AND Usage = 'Hotel')) AND Value > 43.91",
 "sqlResult": "{Q3 | July}",
 "nlq": "What are the Quarter and Month for which the number of Hotel buildings is greater than 43.91?"},
{"name": "template 15",
 "sql": "SELECT Quarter,Month,Value FROM DBdata WHERE ((Type_of_building = 'Residential' AND Usage = 'House')) AND (Quarter,Month) IN (SELECT Quarter,Month FROM DBdata WHERE ((Type_of_building = 'Residential' AND Usage = 'Hotel')) AND Value > 43.91)",
 "sqlResult": "{Q3 | July | 1}",
 "nlq": "What is the number of House buildings in Quarter and in Month for which the number of Hotel buildings is greater than 43.91? Please, report the corresponding Quarter, Month, and number of buildings."}]
}
