{
"filename": "Number_of_constructions_set1_3_DB.csv",
"questions": [{"name": "template 1",
 "sql": "SELECT Value FROM DBdata WHERE ((AA = 'AAqy' AND BB = 'BBjm')) AND ((CC = 'CCqs' AND DD = 'DDlt'))",
 "sqlResult": "{36}",
 "nlq": "What is the number of BBjm buildings in DDlt?"},
{"name": "template 2",
 "sql": "SELECT Value FROM DBdata WHERE ((AA = 'AAxy' AND BB = 'BBmq')) AND ((CC = 'CCjq' AND DD = 'DDdh') OR (CC = 'CCqs' AND DD = 'DDdj') OR (CC = 'CCqs' AND DD = 'DDlt'))",
 "sqlResult": "{96} || {73} || {93}",
 "nlq": "What is the number of BBmq buildings in DDdh, DDlt, or DDdj?"},
{"name": "template 3",
 "sql": "SELECT Value FROM DBdata WHERE ((AA = 'AAxy' AND BB = 'BBmq') OR (AA = 'AAqy' AND BB = 'BBjz') OR (AA = 'AAlq' AND BB = 'BBcl') OR (AA = 'AAlq' AND BB = 'BBcs') OR (AA = 'AAlq' AND BB = 'BBgk')) AND ((CC = 'CCjq' AND DD = 'DDnr'))",
 "sqlResult": "{88} || {9} || {65} || {69} || {42}",
 "nlq": "What is the number of BBgk, BBcs, BBcl, BBjz, or BBmq buildings in DDnr?"},
{"name": "template 4",
 "sql": "SELECT max(Value),sum(Value) FROM DBdata WHERE ((AA = 'AAxy' AND BB = 'BBmq') OR (AA = 'AAxy' AND BB = 'BBgp') OR (AA = 'AAqy' AND BB = 'BBjm') OR (AA = 'AAqy' AND BB = 'BBjz') OR (AA = 'AAqy' AND BB = 'BBkt') OR (AA = 'AAlq' AND BB = 'BBcl') OR (AA = 'AAlq' AND BB = 'BBcs')) AND ((CC = 'CCqs' AND DD = 'DDlt'))",
 "sqlResult": "{98 | 351}",
 "nlq": "What are the maximum and total numbers of BBkt, BBgp, BBcs, BBjm, BBcl, BBjz, or BBmq buildings in DDlt?"},
{"name": "template 6",
 "sql": "SELECT Value FROM DBdata WHERE ((AA = 'AAqy' AND BB = 'BBkt') OR (AA = 'AAlq' AND BB = 'BBgk')) AND ((CC = 'CCjq' AND DD = 'DDdh') OR (CC = 'CCqs' AND DD = 'DDdj') OR (CC = 'CCqs' AND DD = 'DDlt'))",
 "sqlResult": "{60} || {45} || {43} || {37} || {40} || {15}",
 "nlq": "What is the number of BBgk or BBkt buildings in DDdh, DDlt, or DDdj?"},
{"name": "template 7",
 "sql": "SELECT avg(Value),min(Value) FROM DBdata WHERE ((AA = 'AAxy' AND BB = 'BBmq')) AND ((CC = 'CCjq' AND DD = 'DDdh') OR (CC = 'CCqs' AND DD = 'DDlt'))",
 "sqlResult": "{94.5 | 93}",
 "nlq": "What are the average and minimum numbers of BBmq buildings in DDdh or DDlt?"},
{"name": "template 8",
 "sql": "SELECT AA,BB,sum(Value),max(Value) FROM DBdata WHERE ((AA = 'AAqy' AND BB = 'BBjz') OR (AA = 'AAqy' AND BB = 'BBkt') OR (AA = 'AAlq' AND BB = 'BBcl') OR (AA = 'AAlq' AND BB = 'BBcs') OR (AA = 'AAlq' AND BB = 'BBgk')) AND ((CC = 'CCjq' AND DD = 'DDdh') OR (CC = 'CCjq' AND DD = 'DDnr') OR (CC = 'CCqs' AND DD = 'DDdj') OR (CC = 'CCqs' AND DD = 'DDlt')) GROUP BY AA,BB",
 "sqlResult": "{AAqy | BBkt | 230 | 87} || {AAqy | BBjz | 176 | 84} || {AAlq | BBgk | 139 | 45} || {AAlq | BBcs | 222 | 94} || {AAlq | BBcl | 262 | 98}",
 "nlq": "What are the total and maximum numbers for each AA and BB, of BBgk, BBkt, BBcs, BBcl, or BBjz buildings in DDnr, DDdh, DDlt, or DDdj? Please, report the corresponding AA and BB."},
{"name": "template 9",
 "sql": "SELECT min(Value) FROM DBdata WHERE ((AA = 'AAlq' AND BB = 'BBcs')) AND (CC IN ('CCjq','CCqs')) GROUP BY CC",
 "sqlResult": "{27} || {32}",
 "nlq": "What is the minimum number for each CC, of BBcs buildings in CCjq or CCqs?"},
{"name": "template 10",
 "sql": "SELECT CC,min(Value) FROM DBdata WHERE ((AA = 'AAxy' AND BB = 'BBmq')) AND (CC IN ('CCjq','CCqs')) GROUP BY CC",
 "sqlResult": "{CCjq | 88} || {CCqs | 73}",
 "nlq": "What is the minimum number for each CC, of BBmq buildings in CCjq or CCqs? Please, report the corresponding CC."},
{"name": "template 11",
 "sql": "SELECT CC,AA,BB,min(Value) FROM DBdata WHERE ((AA = 'AAqy' AND BB = 'BBjm') OR (AA = 'AAlq' AND BB = 'BBcl')) AND (CC IN ('CCjq','CCqs')) GROUP BY CC,AA,BB",
 "sqlResult": "{CCjq | AAqy | BBjm | 79} || {CCjq | AAlq | BBcl | 65} || {CCqs | AAqy | BBjm | 36} || {CCqs | AAlq | BBcl | 8}",
 "nlq": "What is the minimum number for each CC, AA, and BB, of BBjm or BBcl buildings in CCjq or CCqs? Please, report the corresponding CC, AA, and BB."},
{"name": "template 12",
 "sql": "SELECT Value FROM DBdata WHERE ((AA = 'AAxy' AND BB = 'BBgp')) AND (CC IN ('CCjq','CCqs')) ORDER BY VALUE ASC LIMIT 2",
 "sqlResult": "{4} || {55}",
 "nlq": "What are the bottom 2 numbers of BBgp buildings in CCjq or CCqs?"},
{"name": "template 13",
 "sql": "SELECT Value FROM DBdata WHERE ((AA = 'AAlq' AND BB = 'BBcl')) AND (CC IN ('CCjq','CCqs')) ORDER BY VALUE ASC",
 "sqlResult": "{8} || {65} || {91} || {98}",
 "nlq": "What are the numbers ordered by ascending values of BBcl buildings in CCjq or CCqs?"},
{"name": "template 14",
 "sql": "SELECT CC,DD FROM DBdata WHERE ((AA = 'AAqy' AND BB = 'BBjm')) AND Value < 57.69",
 "sqlResult": "{CCqs | DDdj} || {CCqs | DDlt}",
 "nlq": "What are the CC and DD for which the number of BBjm buildings is lower than 57.69?"},
{"name": "template 15",
 "sql": "SELECT CC,DD,Value FROM DBdata WHERE ((AA = 'AAxy' AND BB = 'BBgp')) AND (CC,DD) IN (SELECT CC,DD FROM DBdata WHERE ((AA = 'AAqy' AND BB = 'BBjm')) AND Value < 57.69)",
 "sqlResult": "{CCqs | DDdj | 95} || {CCqs | DDlt | 4}",
 "nlq": "What is the number of BBgp buildings in CC and in DD for which the number of BBjm buildings is lower than 57.69? Please, report the corresponding CC, DD, and number of buildings."}]
}

