AA,BB,CC,DD,Value
AA,BB,CC,DD,Value
AAgz,BBkx,CCms,DDkw,75
AAgz,BBcn,CCms,DDkw,44
AAks,BBbs,CCms,DDkw,36
AAks,BBdg,CCms,DDkw,49
AAmv,BBdn,CCms,DDkw,7
AAmv,BBht,CCms,DDkw,81
AAmv,BBpz,CCms,DDkw,68
AAgz,BBkx,CCms,DDny,92
AAgz,BBcn,CCms,DDny,24
AAks,BBbs,CCms,DDny,30
AAks,BBdg,CCms,DDny,4
AAmv,BBdn,CCms,DDny,14
AAmv,BBht,CCms,DDny,60
AAmv,BBpz,CCms,DDny,13
AAgz,BBkx,CCbd,DDcp,78
AAgz,BBcn,CCbd,DDcp,67
AAks,BBbs,CCbd,DDcp,8
AAks,BBdg,CCbd,DDcp,53
AAmv,BBdn,CCbd,DDcp,25
AAmv,BBht,CCbd,DDcp,0
AAmv,BBpz,CCbd,DDcp,52
AAgz,BBkx,CCbd,DDkv,55
AAgz,BBcn,CCbd,DDkv,40
AAks,BBbs,CCbd,DDkv,35
AAks,BBdg,CCbd,DDkv,93
AAmv,BBdn,CCbd,DDkv,69
AAmv,BBht,CCbd,DDkv,94
AAmv,BBpz,CCbd,DDkv,46
AAgz,BBkx,CChz,DDns,90
AAgz,BBcn,CChz,DDns,12
AAks,BBbs,CChz,DDns,56
AAks,BBdg,CChz,DDns,62
AAmv,BBdn,CChz,DDns,22
AAmv,BBht,CChz,DDns,99
AAmv,BBpz,CChz,DDns,42
AAgz,BBkx,CChz,DDkl,54
AAgz,BBcn,CChz,DDkl,70
AAks,BBbs,CChz,DDkl,10
AAks,BBdg,CChz,DDkl,64
AAmv,BBdn,CChz,DDkl,58
AAmv,BBht,CChz,DDkl,97
AAmv,BBpz,CChz,DDkl,87

