{
"filename": "Number_of_constructions_set3_4_DB.csv",
"questions": [{"name": "template 1",
 "sql": "SELECT Value FROM DBdata WHERE ((Type_of_building = 'Service' AND Usage = 'Administration')) AND ((Quarter = 'Q1' AND Month = 'February'))",
 "sqlResult": "{25}",
 "nlq": "What is the number of Administration buildings in February?"},
{"name": "template 2",
 "sql": "SELECT Value FROM DBdata WHERE ((Type_of_building = 'Service' AND Usage = 'Hospital')) AND ((Quarter = 'Q1' AND Month = 'January') OR (Quarter = 'Q1' AND Month = 'March') OR (Quarter = 'Q2' AND Month = 'May') OR (Quarter = 'Q2' AND Month = 'June') OR (Quarter = 'Q3' AND Month = 'July') OR (Quarter = 'Q3' AND Month = 'September'))",
 "sqlResult": "{74} || {26} || {100} || {73} || {66} || {40}",
 "nlq": "What is the number of Hospital buildings in January, July, June, March, May, or September?"},
{"name": "template 3",
 "sql": "SELECT Value FROM DBdata WHERE ((Type_of_building = 'Production' AND Usage = 'Workshop') OR (Type_of_building = 'Culture' AND Usage = 'Theatre') OR (Type_of_building = 'Service' AND Usage = 'Administration')) AND ((Quarter = 'Q3' AND Month = 'July'))",
 "sqlResult": "{33} || {7} || {0}",
 "nlq": "What is the number of Administration, Theatre, or Workshop buildings in July?"},
{"name": "template 4",
 "sql": "SELECT sum(Value),min(Value) FROM DBdata WHERE ((Type_of_building = 'Culture' AND Usage = 'Theatre') OR (Type_of_building = 'Culture' AND Usage = 'Concert')) AND ((Quarter = 'Q3' AND Month = 'September'))",
 "sqlResult": "{73 | 5}",
 "nlq": "What are the total and minimum numbers of Concert or Theatre buildings in September?"},
{"name": "template 6",
 "sql": "SELECT Value FROM DBdata WHERE ((Type_of_building = 'Production' AND Usage = 'Workshop') OR (Type_of_building = 'Culture' AND Usage = 'Theatre') OR (Type_of_building = 'Culture' AND Usage = 'Concert') OR (Type_of_building = 'Service' AND Usage = 'Hospital') OR (Type_of_building = 'Service' AND Usage = 'Library')) AND ((Quarter = 'Q1' AND Month = 'January') OR (Quarter = 'Q1' AND Month = 'March') OR (Quarter = 'Q2' AND Month = 'June') OR (Quarter = 'Q3' AND Month = 'July'))",
 "sqlResult": "{67} || {45} || {96} || {74} || {46} || {30} || {34} || {76} || {26} || {63} || {42} || {10} || {98} || {73} || {36} || {33} || {7} || {6} || {66} || {95}",
 "nlq": "What is the number of Concert, Hospital, Library, Theatre, or Workshop buildings in January, July, June, or March?"},
{"name": "template 7",
 "sql": "SELECT min(Value),sum(Value) FROM DBdata WHERE ((Type_of_building = 'Production' AND Usage = 'Factory')) AND ((Quarter = 'Q1' AND Month = 'January') OR (Quarter = 'Q2' AND Month = 'June') OR (Quarter = 'Q3' AND Month = 'July') OR (Quarter = 'Q3' AND Month = 'August') OR (Quarter = 'Q3' AND Month = 'September'))",
 "sqlResult": "{16 | 224}",
 "nlq": "What are the minimum and total numbers of Factory buildings in August, January, July, June, or September?"},
{"name": "template 8",
 "sql": "SELECT Type_of_building,Usage,sum(Value),max(Value) FROM DBdata WHERE ((Type_of_building = 'Production' AND Usage = 'Workshop') OR (Type_of_building = 'Production' AND Usage = 'Factory') OR (Type_of_building = 'Culture' AND Usage = 'Concert') OR (Type_of_building = 'Service' AND Usage = 'Administration') OR (Type_of_building = 'Service' AND Usage = 'Library')) AND ((Quarter = 'Q1' AND Month = 'January') OR (Quarter = 'Q2' AND Month = 'June') OR (Quarter = 'Q3' AND Month = 'July') OR (Quarter = 'Q3' AND Month = 'August')) GROUP BY Type_of_building,Usage",
 "sqlResult": "{Culture | Concert | 281 | 98} || {Production | Factory | 146 | 58} || {Production | Workshop | 155 | 67} || {Service | Administration | 161 | 94} || {Service | Library | 259 | 95}",
 "nlq": "What are the total and maximum numbers for each Type of building and Usage, of Administration, Concert, Factory, Library, or Workshop buildings in August, January, July, or June? Please, report the corresponding Type of building and Usage."},
{"name": "template 9",
 "sql": "SELECT min(Value) FROM DBdata WHERE ((Type_of_building = 'Service' AND Usage = 'Hospital')) AND (Quarter IN ('Q1','Q2','Q3')) GROUP BY Quarter",
 "sqlResult": "{18} || {73} || {20}",
 "nlq": "What is the minimum number for each Quarter, of Hospital buildings in Q1, Q2, or Q3?"},
{"name": "template 10",
 "sql": "SELECT Quarter,max(Value) FROM DBdata WHERE ((Type_of_building = 'Service' AND Usage = 'Hospital')) AND (Quarter IN ('Q1','Q2','Q3')) GROUP BY Quarter",
 "sqlResult": "{Q1 | 74} || {Q2 | 100} || {Q3 | 66}",
 "nlq": "What is the maximum number for each Quarter, of Hospital buildings in Q1, Q2, or Q3? Please, report the corresponding Quarter."},
{"name": "template 11",
 "sql": "SELECT Quarter,Type_of_building,Usage,max(Value) FROM DBdata WHERE ((Type_of_building = 'Production' AND Usage = 'Factory') OR (Type_of_building = 'Culture' AND Usage = 'Concert') OR (Type_of_building = 'Service' AND Usage = 'Library')) AND (Quarter IN ('Q1','Q2','Q3')) GROUP BY Quarter,Type_of_building,Usage",
 "sqlResult": "{Q1 | Culture | Concert | 96} || {Q1 | Production | Factory | 91} || {Q1 | Service | Library | 63} || {Q2 | Culture | Concert | 98} || {Q2 | Production | Factory | 65} || {Q2 | Service | Library | 52} || {Q3 | Culture | Concert | 81} || {Q3 | Production | Factory | 78} || {Q3 | Service | Library | 95}",
 "nlq": "What is the maximum number for each Quarter, Type of building, and Usage, of Concert, Factory, or Library buildings in Q1, Q2, or Q3? Please, report the corresponding Quarter, Type of building, and Usage."},
{"name": "template 12",
 "sql": "SELECT Value FROM DBdata WHERE ((Type_of_building = 'Service' AND Usage = 'Hospital')) AND (Quarter IN ('Q1','Q2')) ORDER BY VALUE ASC LIMIT 2",
 "sqlResult": "{18} || {26}",
 "nlq": "What are the bottom 2 numbers of Hospital buildings in Q1 or Q2?"},
{"name": "template 13",
 "sql": "SELECT Value FROM DBdata WHERE ((Type_of_building = 'Service' AND Usage = 'Library')) AND (Quarter IN ('Q2','Q3')) ORDER BY VALUE ASC",
 "sqlResult": "{19} || {36} || {52} || {82} || {95}",
 "nlq": "What are the numbers ordered by ascending values of Library buildings in Q2 or Q3?"},
{"name": "template 14",
 "sql": "SELECT Quarter,Month FROM DBdata WHERE ((Type_of_building = 'Culture' AND Usage = 'Theatre')) AND Value > 48.62",
 "sqlResult": "{Q1 | February}",
 "nlq": "What are the Quarter and Month for which the number of Theatre buildings is greater than 48.62?"},
{"name": "template 15",
 "sql": "SELECT Quarter,Month,Value FROM DBdata WHERE ((Type_of_building = 'Production' AND Usage = 'Factory')) AND (Quarter,Month) IN (SELECT Quarter,Month FROM DBdata WHERE ((Type_of_building = 'Culture' AND Usage = 'Theatre')) AND Value > 48.62)",
 "sqlResult": "{Q1 | February | 43}",
 "nlq": "What is the number of Factory buildings in Quarter and in Month for which the number of Theatre buildings is greater than 48.62? Please, report the corresponding Quarter, Month, and number of buildings."}]
}
