{
"filename": "Number_of_constructions_set6_1_DB.csv",
"questions": [{"name": "template 1",
 "sql": "SELECT Value FROM DBdata WHERE ((AA = 'AAjt' AND BB = 'BBqs')) AND ((CC = 'CCcs' AND DD = 'DDsz'))",
 "sqlResult": "{64}",
 "nlq": "What is the number of BBqs buildings in DDsz?"},
{"name": "template 2",
 "sql": "SELECT Value FROM DBdata WHERE ((AA = 'AAjt' AND BB = 'BBfl')) AND ((CC = 'CCcs' AND DD = 'DDfm') OR (CC = 'CCcs' AND DD = 'DDhx') OR (CC = 'CCfz' AND DD = 'DDdr') OR (CC = 'CCfz' AND DD = 'DDxy') OR (CC = 'CCfz' AND DD = 'DDrx'))",
 "sqlResult": "{6} || {14} || {60} || {40} || {3}",
 "nlq": "What is the number of BBfl buildings in DDfm, DDrx, DDxy, DDdr, or DDhx?"},
{"name": "template 3",
 "sql": "SELECT Value FROM DBdata WHERE ((AA = 'AAps' AND BB = 'BByz') OR (AA = 'AAps' AND BB = 'BBsv') OR (AA = 'AAps' AND BB = 'BBlv') OR (AA = 'AAjt' AND BB = 'BBfl')) AND ((CC = 'CCfz' AND DD = 'DDdr'))",
 "sqlResult": "{16} || {32} || {48} || {60}",
 "nlq": "What is the number of BBsv, BBfl, BBlv, or BByz buildings in DDdr?"},
{"name": "template 4",
 "sql": "SELECT avg(Value),min(Value) FROM DBdata WHERE ((AA = 'AAps' AND BB = 'BByz') OR (AA = 'AAps' AND BB = 'BBlv') OR (AA = 'AAjt' AND BB = 'BBfl')) AND ((CC = 'CCcs' AND DD = 'DDfm'))",
 "sqlResult": "{39.33 | 6}",
 "nlq": "What are the average and minimum numbers of BBfl, BBlv, or BByz buildings in DDfm?"},
{"name": "template 6",
 "sql": "SELECT Value FROM DBdata WHERE ((AA = 'AAps' AND BB = 'BBsv') OR (AA = 'AAjt' AND BB = 'BBqs') OR (AA = 'AAjt' AND BB = 'BBfl')) AND ((CC = 'CCcs' AND DD = 'DDhx') OR (CC = 'CCfz' AND DD = 'DDdr') OR (CC = 'CCfz' AND DD = 'DDxy') OR (CC = 'CCfz' AND DD = 'DDrx'))",
 "sqlResult": "{68} || {100} || {14} || {32} || {54} || {60} || {86} || {15} || {40} || {34} || {26} || {3}",
 "nlq": "What is the number of BBsv, BBfl, or BBqs buildings in DDrx, DDxy, DDdr, or DDhx?"},
{"name": "template 7",
 "sql": "SELECT avg(Value),min(Value) FROM DBdata WHERE ((AA = 'AAps' AND BB = 'BBlv')) AND ((CC = 'CCcs' AND DD = 'DDfm') OR (CC = 'CCcs' AND DD = 'DDhx') OR (CC = 'CCfz' AND DD = 'DDrx'))",
 "sqlResult": "{60.33 | 38}",
 "nlq": "What are the average and minimum numbers of BBlv buildings in DDfm, DDrx, or DDhx?"},
{"name": "template 8",
 "sql": "SELECT AA,BB,min(Value),avg(Value) FROM DBdata WHERE ((AA = 'AAps' AND BB = 'BByz') OR (AA = 'AAps' AND BB = 'BBsv') OR (AA = 'AAps' AND BB = 'BBlv') OR (AA = 'AAjt' AND BB = 'BBqs') OR (AA = 'AAjt' AND BB = 'BBfl')) AND ((CC = 'CCcs' AND DD = 'DDhx') OR (CC = 'CCfz' AND DD = 'DDdr') OR (CC = 'CCfz' AND DD = 'DDrx')) GROUP BY AA,BB",
 "sqlResult": "{AAjt | BBfl | 3 | 25.67} || {AAjt | BBqs | 26 | 60} || {AAps | BBsv | 32 | 44.67} || {AAps | BBlv | 38 | 61} || {AAps | BByz | 16 | 56}",
 "nlq": "What are the minimum and average numbers for each AA and BB, of BBsv, BBfl, BBlv, BByz, or BBqs buildings in DDrx, DDdr, or DDhx? Please, report the corresponding AA and BB."},
{"name": "template 9",
 "sql": "SELECT min(Value) FROM DBdata WHERE ((AA = 'AAjt' AND BB = 'BBqs')) AND (CC IN ('CCcs','CCfz')) GROUP BY CC",
 "sqlResult": "{23} || {15}",
 "nlq": "What is the minimum number for each CC, of BBqs buildings in CCcs or CCfz?"},
{"name": "template 10",
 "sql": "SELECT CC,avg(Value) FROM DBdata WHERE ((AA = 'AAps' AND BB = 'BBlv')) AND (CC IN ('CCcs','CCfz')) GROUP BY CC",
 "sqlResult": "{CCcs | 43.67} || {CCfz | 67.67}",
 "nlq": "What is the average number for each CC, of BBlv buildings in CCcs or CCfz? Please, report the corresponding CC."},
{"name": "template 11",
 "sql": "SELECT CC,AA,BB,min(Value) FROM DBdata WHERE ((AA = 'AAps' AND BB = 'BBsv') OR (AA = 'AAjt' AND BB = 'BBqs')) AND (CC IN ('CCcs','CCfz')) GROUP BY CC,AA,BB",
 "sqlResult": "{CCcs | AAjt | BBqs | 23} || {CCcs | AAps | BBsv | 68} || {CCfz | AAjt | BBqs | 15} || {CCfz | AAps | BBsv | 32}",
 "nlq": "What is the minimum number for each CC, AA, and BB, of BBsv or BBqs buildings in CCcs or CCfz? Please, report the corresponding CC, AA, and BB."},
{"name": "template 12",
 "sql": "SELECT Value FROM DBdata WHERE ((AA = 'AAjt' AND BB = 'BBfl')) AND (CC IN ('CCcs','CCfz')) ORDER BY VALUE ASC LIMIT 5",
 "sqlResult": "{3} || {6} || {7} || {14} || {40}",
 "nlq": "What are the bottom 5 numbers of BBfl buildings in CCcs or CCfz?"},
{"name": "template 13",
 "sql": "SELECT Value FROM DBdata WHERE ((AA = 'AAps' AND BB = 'BByz')) AND (CC IN ('CCcs','CCfz')) ORDER BY VALUE ASC",
 "sqlResult": "{9} || {16} || {53} || {66} || {77} || {99}",
 "nlq": "What are the numbers ordered by ascending values of BByz buildings in CCcs or CCfz?"},
{"name": "template 14",
 "sql": "SELECT CC,DD FROM DBdata WHERE ((AA = 'AAps' AND BB = 'BBlv')) AND Value < 48.17",
 "sqlResult": "{CCcs | DDsz} || {CCcs | DDfm} || {CCcs | DDhx} || {CCfz | DDdr}",
 "nlq": "What are the CC and DD for which the number of BBlv buildings is lower than 48.17?"},
{"name": "template 15",
 "sql": "SELECT CC,DD,Value FROM DBdata WHERE ((AA = 'AAjt' AND BB = 'BBfl')) AND (CC,DD) IN (SELECT CC,DD FROM DBdata WHERE ((AA = 'AAps' AND BB = 'BBlv')) AND Value < 48.17)",
 "sqlResult": "{CCcs | DDsz | 7} || {CCcs | DDfm | 6} || {CCcs | DDhx | 14} || {CCfz | DDdr | 60}",
 "nlq": "What is the number of BBfl buildings in CC and in DD for which the number of BBlv buildings is lower than 48.17? Please, report the corresponding CC, DD, and number of buildings."}]
}

