Type of building,Usage,Quarter,Month,Value
Type_of_building,Usage,Quarter,Month,Value
Residential,Apartment,Q3,July,82
Residential,Hotel,Q3,July,60
Production,Workshop,Q3,July,50
Production,Factory,Q3,July,77
Culture,Museum,Q3,July,86
Culture,Theatre,Q3,July,69
Culture,Concert,Q3,July,91
Residential,Apartment,Q3,August,23
Residential,Hotel,Q3,August,71
Production,Workshop,Q3,August,43
Production,Factory,Q3,August,15
Culture,Museum,Q3,August,45
Culture,Theatre,Q3,August,52
Culture,Concert,Q3,August,68
Residential,Apartment,Q3,September,8
Residential,Hotel,Q3,September,38
Production,Workshop,Q3,September,93
Production,Factory,Q3,September,84
Culture,Museum,Q3,September,30
Culture,Theatre,Q3,September,14
Culture,Concert,Q3,September,92
Residential,Apartment,Q4,November,18
Residential,Hotel,Q4,November,51
Production,Workshop,Q4,November,24
Production,Factory,Q4,November,16
Culture,Museum,Q4,November,65
Culture,Theatre,Q4,November,75
Culture,Concert,Q4,November,19
Residential,Apartment,Q4,December,54
Residential,Hotel,Q4,December,3
Production,Workshop,Q4,December,27
Production,Factory,Q4,December,36
Culture,Museum,Q4,December,66
Culture,Theatre,Q4,December,87
Culture,Concert,Q4,December,79
