{
"filename": "Number_of_constructions_set3_3_DB.csv",
"questions": [{"name": "template 1",
 "sql": "SELECT Value FROM DBdata WHERE ((AA = 'AAqv' AND BB = 'BBtw')) AND ((CC = 'CCbq' AND DD = 'DDcd'))",
 "sqlResult": "{50}",
 "nlq": "What is the number of BBtw buildings in DDcd?"},
{"name": "template 2",
 "sql": "SELECT Value FROM DBdata WHERE ((AA = 'AAjz' AND BB = 'BBch')) AND ((CC = 'CCbq' AND DD = 'DDbr') OR (CC = 'CCbq' AND DD = 'DDcd'))",
 "sqlResult": "{59} || {88}",
 "nlq": "What is the number of BBch buildings in DDcd or DDbr?"},
{"name": "template 3",
 "sql": "SELECT Value FROM DBdata WHERE ((AA = 'AAqv' AND BB = 'BBtw') OR (AA = 'AAjz' AND BB = 'BBch') OR (AA = 'AAjz' AND BB = 'BBpr')) AND ((CC = 'CCnv' AND DD = 'DDfk'))",
 "sqlResult": "{39} || {0} || {92}",
 "nlq": "What is the number of BBtw, BBch, or BBpr buildings in DDfk?"},
{"name": "template 4",
 "sql": "SELECT avg(Value),sum(Value) FROM DBdata WHERE ((AA = 'AAqv' AND BB = 'BBbk') OR (AA = 'AAqv' AND BB = 'BBtw') OR (AA = 'AAjz' AND BB = 'BBch') OR (AA = 'AAjz' AND BB = 'BBpr') OR (AA = 'AAjz' AND BB = 'BBck')) AND ((CC = 'CCnv' AND DD = 'DDvx'))",
 "sqlResult": "{68.8 | 344}",
 "nlq": "What are the average and total numbers of BBck, BBtw, BBch, BBpr, or BBbk buildings in DDvx?"},
{"name": "template 6",
 "sql": "SELECT Value FROM DBdata WHERE ((AA = 'AAqv' AND BB = 'BBbk') OR (AA = 'AAqv' AND BB = 'BBtw') OR (AA = 'AAjz' AND BB = 'BBch') OR (AA = 'AAjz' AND BB = 'BBpr') OR (AA = 'AAjz' AND BB = 'BBck')) AND ((CC = 'CCnv' AND DD = 'DDvx') OR (CC = 'CCnv' AND DD = 'DDfk') OR (CC = 'CCbq' AND DD = 'DDbr') OR (CC = 'CCbq' AND DD = 'DDcd'))",
 "sqlResult": "{69} || {75} || {100} || {33} || {67} || {8} || {39} || {0} || {92} || {36} || {63} || {58} || {59} || {9} || {97} || {94} || {50} || {88} || {68} || {76}",
 "nlq": "What is the number of BBck, BBtw, BBch, BBpr, or BBbk buildings in DDfk, DDcd, DDvx, or DDbr?"},
{"name": "template 7",
 "sql": "SELECT avg(Value),min(Value) FROM DBdata WHERE ((AA = 'AAjz' AND BB = 'BBch')) AND ((CC = 'CCbq' AND DD = 'DDbr') OR (CC = 'CCbq' AND DD = 'DDcd'))",
 "sqlResult": "{73.5 | 59}",
 "nlq": "What are the average and minimum numbers of BBch buildings in DDcd or DDbr?"},
{"name": "template 8",
 "sql": "SELECT AA,BB,max(Value),sum(Value) FROM DBdata WHERE ((AA = 'AAqv' AND BB = 'BBbk') OR (AA = 'AAjz' AND BB = 'BBch')) AND ((CC = 'CCnv' AND DD = 'DDvx') OR (CC = 'CCnv' AND DD = 'DDfk')) GROUP BY AA,BB",
 "sqlResult": "{AAjz | BBch | 100 | 100} || {AAqv | BBbk | 69 | 77}",
 "nlq": "What are the maximum and total numbers for each AA and BB, of BBch or BBbk buildings in DDfk or DDvx? Please, report the corresponding AA and BB."},
{"name": "template 9",
 "sql": "SELECT min(Value) FROM DBdata WHERE ((AA = 'AAqv' AND BB = 'BBtw')) AND (CC IN ('CCnv','CCbq')) GROUP BY CC",
 "sqlResult": "{39} || {50}",
 "nlq": "What is the minimum number for each CC, of BBtw buildings in CCnv or CCbq?"},
{"name": "template 10",
 "sql": "SELECT CC,max(Value) FROM DBdata WHERE ((AA = 'AAjz' AND BB = 'BBck')) AND (CC IN ('CCnv','CCbq')) GROUP BY CC",
 "sqlResult": "{CCnv | 67} || {CCbq | 97}",
 "nlq": "What is the maximum number for each CC, of BBck buildings in CCnv or CCbq? Please, report the corresponding CC."},
{"name": "template 11",
 "sql": "SELECT CC,AA,BB,min(Value) FROM DBdata WHERE ((AA = 'AAqv' AND BB = 'BBbk') OR (AA = 'AAqv' AND BB = 'BBtw') OR (AA = 'AAjz' AND BB = 'BBpr')) AND (CC IN ('CCnv','CCbq')) GROUP BY CC,AA,BB",
 "sqlResult": "{CCnv | AAjz | BBpr | 33} || {CCnv | AAqv | BBtw | 39} || {CCnv | AAqv | BBbk | 8} || {CCbq | AAjz | BBpr | 9} || {CCbq | AAqv | BBtw | 50} || {CCbq | AAqv | BBbk | 63}",
 "nlq": "What is the minimum number for each CC, AA, and BB, of BBtw, BBpr, or BBbk buildings in CCnv or CCbq? Please, report the corresponding CC, AA, and BB."},
{"name": "template 12",
 "sql": "SELECT Value FROM DBdata WHERE ((AA = 'AAqv' AND BB = 'BBtw')) AND (CC IN ('CCnv','CCbq')) ORDER BY VALUE ASC LIMIT 2",
 "sqlResult": "{39} || {50}",
 "nlq": "What are the bottom 2 numbers of BBtw buildings in CCnv or CCbq?"},
{"name": "template 13",
 "sql": "SELECT Value FROM DBdata WHERE ((AA = 'AAjz' AND BB = 'BBck')) AND (CC IN ('CCnv','CCbq')) ORDER BY VALUE DESC",
 "sqlResult": "{97} || {76} || {67} || {36}",
 "nlq": "What are the numbers ordered by descending values of BBck buildings in CCnv or CCbq?"},
{"name": "template 14",
 "sql": "SELECT CC,DD FROM DBdata WHERE ((AA = 'AAqv' AND BB = 'BBbk')) AND Value > 59.05",
 "sqlResult": "{CCnv | DDvx} || {CCbq | DDbr} || {CCbq | DDcd}",
 "nlq": "What are the CC and DD for which the number of BBbk buildings is greater than 59.05?"},
{"name": "template 15",
 "sql": "SELECT CC,DD,Value FROM DBdata WHERE ((AA = 'AAqv' AND BB = 'BBtw')) AND (CC,DD) IN (SELECT CC,DD FROM DBdata WHERE ((AA = 'AAqv' AND BB = 'BBbk')) AND Value > 59.05)",
 "sqlResult": "{CCnv | DDvx | 75} || {CCbq | DDbr | 58} || {CCbq | DDcd | 50}",
 "nlq": "What is the number of BBtw buildings in CC and in DD for which the number of BBbk buildings is greater than 59.05? Please, report the corresponding CC, DD, and number of buildings."}]
}

