{
"filename": "Number_of_constructions_set10_2_DB.csv",
"questions": [{"name": "template 1",
 "sql": "SELECT Value FROM DBdata WHERE ((AA = 'AAgw' AND BB = 'BBcg')) AND ((CC = 'CCbv' AND DD = 'DDmx'))",
 "sqlResult": "{24}",
 "nlq": "What is the number of BBcg buildings in DDmx?"},
{"name": "template 2",
 "sql": "SELECT Value FROM DBdata WHERE ((AA = 'AAfl' AND BB = 'BBcd')) AND ((CC = 'CCbv' AND DD = 'DDmx') OR (CC = 'CCbv' AND DD = 'DDhl') OR (CC = 'CCbv' AND DD = 'DDfw') OR (CC = 'CCtz' AND DD = 'DDgj') OR (CC = 'CCtz' AND DD = 'DDhn') OR (CC = 'CCfk' AND DD = 'DDdr'))",
 "sqlResult": "{62} || {25} || {64} || {95} || {38} || {39}",
 "nlq": "What is the number of BBcd buildings in DDmx, DDgj, DDfw, DDhl, DDdr, or DDhn?"},
{"name": "template 3",
 "sql": "SELECT Value FROM DBdata WHERE ((AA = 'AAgw' AND BB = 'BBcg') OR (AA = 'AAgw' AND BB = 'BBlq') OR (AA = 'AAgw' AND BB = 'BBsw') OR (AA = 'AAfl' AND BB = 'BBln') OR (AA = 'AAfl' AND BB = 'BBlw')) AND ((CC = 'CCtz' AND DD = 'DDhn'))",
 "sqlResult": "{100} || {79} || {17} || {75} || {83}",
 "nlq": "What is the number of BBlw, BBsw, BBln, BBcg, or BBlq buildings in DDhn?"},
{"name": "template 4",
 "sql": "SELECT avg(Value),sum(Value) FROM DBdata WHERE ((AA = 'AAfl' AND BB = 'BBln') OR (AA = 'AAfl' AND BB = 'BBlw')) AND ((CC = 'CCbv' AND DD = 'DDfw'))",
 "sqlResult": "{16 | 32}",
 "nlq": "What are the average and total numbers of BBlw or BBln buildings in DDfw?"},
{"name": "template 6",
 "sql": "SELECT Value FROM DBdata WHERE ((AA = 'AAgw' AND BB = 'BBlq') OR (AA = 'AAgw' AND BB = 'BBsw') OR (AA = 'AAfl' AND BB = 'BBlw')) AND ((CC = 'CCtz' AND DD = 'DDgj') OR (CC = 'CCfk' AND DD = 'DDdr'))",
 "sqlResult": "{57} || {63} || {32} || {5} || {94} || {52}",
 "nlq": "What is the number of BBlw, BBsw, or BBlq buildings in DDgj or DDdr?"},
{"name": "template 7",
 "sql": "SELECT max(Value),min(Value) FROM DBdata WHERE ((AA = 'AAfl' AND BB = 'BBln')) AND ((CC = 'CCbv' AND DD = 'DDhl') OR (CC = 'CCbv' AND DD = 'DDfw') OR (CC = 'CCtz' AND DD = 'DDgj') OR (CC = 'CCfk' AND DD = 'DDdr'))",
 "sqlResult": "{81 | 9}",
 "nlq": "What are the maximum and minimum numbers of BBln buildings in DDgj, DDfw, DDhl, or DDdr?"},
{"name": "template 8",
 "sql": "SELECT AA,BB,max(Value),min(Value) FROM DBdata WHERE ((AA = 'AAgw' AND BB = 'BBcg') OR (AA = 'AAgw' AND BB = 'BBsw') OR (AA = 'AAfl' AND BB = 'BBlw')) AND ((CC = 'CCbv' AND DD = 'DDhl') OR (CC = 'CCfk' AND DD = 'DDdr') OR (CC = 'CCfk' AND DD = 'DDms')) GROUP BY AA,BB",
 "sqlResult": "{AAgw | BBsw | 94 | 0} || {AAgw | BBcg | 47 | 6} || {AAfl | BBlw | 58 | 14}",
 "nlq": "What are the maximum and minimum numbers for each AA and BB, of BBlw, BBsw, or BBcg buildings in DDhl, DDms, or DDdr? Please, report the corresponding AA and BB."},
{"name": "template 9",
 "sql": "SELECT min(Value) FROM DBdata WHERE ((AA = 'AAgw' AND BB = 'BBcg')) AND (CC IN ('CCbv','CCtz','CCfk')) GROUP BY CC",
 "sqlResult": "{20} || {11} || {6}",
 "nlq": "What is the minimum number for each CC, of BBcg buildings in CCbv, CCtz, or CCfk?"},
{"name": "template 10",
 "sql": "SELECT CC,avg(Value) FROM DBdata WHERE ((AA = 'AAgw' AND BB = 'BBlq')) AND (CC IN ('CCbv','CCtz','CCfk')) GROUP BY CC",
 "sqlResult": "{CCbv | 61.67} || {CCtz | 68} || {CCfk | 10}",
 "nlq": "What is the average number for each CC, of BBlq buildings in CCbv, CCtz, or CCfk? Please, report the corresponding CC."},
{"name": "template 11",
 "sql": "SELECT CC,AA,BB,max(Value) FROM DBdata WHERE ((AA = 'AAgw' AND BB = 'BBcg') OR (AA = 'AAgw' AND BB = 'BBlq') OR (AA = 'AAgw' AND BB = 'BBsw')) AND (CC IN ('CCbv','CCtz','CCfk')) GROUP BY CC,AA,BB",
 "sqlResult": "{CCbv | AAgw | BBsw | 76} || {CCbv | AAgw | BBcg | 96} || {CCbv | AAgw | BBlq | 92} || {CCtz | AAgw | BBsw | 63} || {CCtz | AAgw | BBcg | 100} || {CCtz | AAgw | BBlq | 79} || {CCfk | AAgw | BBsw | 94} || {CCfk | AAgw | BBcg | 47} || {CCfk | AAgw | BBlq | 15}",
 "nlq": "What is the maximum number for each CC, AA, and BB, of BBsw, BBcg, or BBlq buildings in CCbv, CCtz, or CCfk? Please, report the corresponding CC, AA, and BB."},
{"name": "template 12",
 "sql": "SELECT Value FROM DBdata WHERE ((AA = 'AAfl' AND BB = 'BBcd')) AND (CC IN ('CCbv','CCfk')) ORDER BY VALUE DESC LIMIT 2",
 "sqlResult": "{64} || {62}",
 "nlq": "What are the top 2 numbers of BBcd buildings in CCbv or CCfk?"},
{"name": "template 13",
 "sql": "SELECT Value FROM DBdata WHERE ((AA = 'AAgw' AND BB = 'BBlq')) AND (CC IN ('CCtz','CCfk')) ORDER BY VALUE DESC",
 "sqlResult": "{79} || {57} || {15} || {5}",
 "nlq": "What are the numbers ordered by descending values of BBlq buildings in CCtz or CCfk?"},
{"name": "template 14",
 "sql": "SELECT CC,DD FROM DBdata WHERE ((AA = 'AAgw' AND BB = 'BBsw')) AND Value < 50.07",
 "sqlResult": "{CCbv | DDhl} || {CCbv | DDfw} || {CCtz | DDhn}",
 "nlq": "What are the CC and DD for which the number of BBsw buildings is lower than 50.07?"},
{"name": "template 15",
 "sql": "SELECT CC,DD,Value FROM DBdata WHERE ((AA = 'AAfl' AND BB = 'BBlw')) AND (CC,DD) IN (SELECT CC,DD FROM DBdata WHERE ((AA = 'AAgw' AND BB = 'BBsw')) AND Value < 50.07)",
 "sqlResult": "{CCbv | DDhl | 14} || {CCbv | DDfw | 23} || {CCtz | DDhn | 83}",
 "nlq": "What is the number of BBlw buildings in CC and in DD for which the number of BBsw buildings is lower than 50.07? Please, report the corresponding CC, DD, and number of buildings."}]
}

