{
"filename": "Number_of_constructions_set5_5_DB.csv",
"questions": [{"name": "template 1",
 "sql": "SELECT Value FROM DBdata WHERE ((AA = 'AAhn' AND BB = 'BBkn')) AND ((CC = 'CCkt' AND DD = 'DDbd'))",
 "sqlResult": "{79}",
 "nlq": "What is the number of BBkn buildings in DDbd?"},
{"name": "template 2",
 "sql": "SELECT Value FROM DBdata WHERE ((AA = 'AApr' AND BB = 'BBhz')) AND ((CC = 'CCdq' AND DD = 'DDwx') OR (CC = 'CCkt' AND DD = 'DDbd'))",
 "sqlResult": "{68} || {33}",
 "nlq": "What is the number of BBhz buildings in DDbd or DDwx?"},
{"name": "template 3",
 "sql": "SELECT Value FROM DBdata WHERE ((AA = 'AApr' AND BB = 'BBnt') OR (AA = 'AAhn' AND BB = 'BBkn')) AND ((CC = 'CCkt' AND DD = 'DDbd'))",
 "sqlResult": "{93} || {79}",
 "nlq": "What is the number of BBkn or BBnt buildings in DDbd?"},
{"name": "template 4",
 "sql": "SELECT min(Value),avg(Value) FROM DBdata WHERE ((AA = 'AApr' AND BB = 'BBnt') OR (AA = 'AAhn' AND BB = 'BBkn') OR (AA = 'AAhn' AND BB = 'BBfy')) AND ((CC = 'CCdq' AND DD = 'DDwx'))",
 "sqlResult": "{76 | 83}",
 "nlq": "What are the minimum and average numbers of BBfy, BBkn, or BBnt buildings in DDwx?"},
{"name": "template 6",
 "sql": "SELECT Value FROM DBdata WHERE ((AA = 'AApr' AND BB = 'BBnt') OR (AA = 'AApr' AND BB = 'BBhz') OR (AA = 'AAhn' AND BB = 'BBkn') OR (AA = 'AAhn' AND BB = 'BBcj') OR (AA = 'AAhn' AND BB = 'BBfy')) AND ((CC = 'CCdq' AND DD = 'DDlw') OR (CC = 'CCdq' AND DD = 'DDwx') OR (CC = 'CCkt' AND DD = 'DDbd') OR (CC = 'CCkt' AND DD = 'DDfn'))",
 "sqlResult": "{96} || {77} || {95} || {16} || {80} || {81} || {68} || {92} || {87} || {76} || {93} || {33} || {79} || {24} || {11} || {85} || {32} || {86} || {74} || {35}",
 "nlq": "What is the number of BBfy, BBhz, BBkn, BBcj, or BBnt buildings in DDlw, DDfn, DDbd, or DDwx?"},
{"name": "template 7",
 "sql": "SELECT min(Value),avg(Value) FROM DBdata WHERE ((AA = 'AApr' AND BB = 'BBhz')) AND ((CC = 'CCdq' AND DD = 'DDwx') OR (CC = 'CCkt' AND DD = 'DDbd') OR (CC = 'CCkt' AND DD = 'DDfn'))",
 "sqlResult": "{32 | 44.33}",
 "nlq": "What are the minimum and average numbers of BBhz buildings in DDfn, DDbd, or DDwx?"},
{"name": "template 8",
 "sql": "SELECT AA,BB,min(Value),max(Value) FROM DBdata WHERE ((AA = 'AApr' AND BB = 'BBnt') OR (AA = 'AAhn' AND BB = 'BBcj') OR (AA = 'AAhn' AND BB = 'BBfy')) AND ((CC = 'CCdq' AND DD = 'DDlw') OR (CC = 'CCdq' AND DD = 'DDwx') OR (CC = 'CCkt' AND DD = 'DDbd') OR (CC = 'CCkt' AND DD = 'DDfn')) GROUP BY AA,BB",
 "sqlResult": "{AAhn | BBfy | 11 | 80} || {AAhn | BBcj | 16 | 87} || {AApr | BBnt | 81 | 96}",
 "nlq": "What are the minimum and maximum numbers for each AA and BB, of BBfy, BBcj, or BBnt buildings in DDlw, DDfn, DDbd, or DDwx? Please, report the corresponding AA and BB."},
{"name": "template 9",
 "sql": "SELECT min(Value) FROM DBdata WHERE ((AA = 'AApr' AND BB = 'BBhz')) AND (CC IN ('CCdq','CCkt')) GROUP BY CC",
 "sqlResult": "{68} || {32}",
 "nlq": "What is the minimum number for each CC, of BBhz buildings in CCdq or CCkt?"},
{"name": "template 10",
 "sql": "SELECT CC,avg(Value) FROM DBdata WHERE ((AA = 'AApr' AND BB = 'BBnt')) AND (CC IN ('CCdq','CCkt')) GROUP BY CC",
 "sqlResult": "{CCdq | 88.5} || {CCkt | 89}",
 "nlq": "What is the average number for each CC, of BBnt buildings in CCdq or CCkt? Please, report the corresponding CC."},
{"name": "template 11",
 "sql": "SELECT CC,AA,BB,min(Value) FROM DBdata WHERE ((AA = 'AApr' AND BB = 'BBnt') OR (AA = 'AAhn' AND BB = 'BBkn') OR (AA = 'AAhn' AND BB = 'BBcj')) AND (CC IN ('CCdq','CCkt')) GROUP BY CC,AA,BB",
 "sqlResult": "{CCdq | AAhn | BBkn | 92} || {CCdq | AAhn | BBcj | 16} || {CCdq | AApr | BBnt | 81} || {CCkt | AAhn | BBkn | 79} || {CCkt | AAhn | BBcj | 24} || {CCkt | AApr | BBnt | 85}",
 "nlq": "What is the minimum number for each CC, AA, and BB, of BBkn, BBcj, or BBnt buildings in CCdq or CCkt? Please, report the corresponding CC, AA, and BB."},
{"name": "template 12",
 "sql": "SELECT Value FROM DBdata WHERE ((AA = 'AApr' AND BB = 'BBnt')) AND (CC IN ('CCdq','CCkt')) ORDER BY VALUE DESC LIMIT 2",
 "sqlResult": "{96} || {93}",
 "nlq": "What are the top 2 numbers of BBnt buildings in CCdq or CCkt?"},
{"name": "template 13",
 "sql": "SELECT Value FROM DBdata WHERE ((AA = 'AAhn' AND BB = 'BBkn')) AND (CC IN ('CCdq','CCkt')) ORDER BY VALUE ASC",
 "sqlResult": "{79} || {86} || {92} || {95}",
 "nlq": "What are the numbers ordered by ascending values of BBkn buildings in CCdq or CCkt?"},
{"name": "template 14",
 "sql": "SELECT CC,DD FROM DBdata WHERE ((AA = 'AAhn' AND BB = 'BBfy')) AND Value > 66",
 "sqlResult": "{CCdq | DDlw} || {CCdq | DDwx}",
 "nlq": "What are the CC and DD for which the number of BBfy buildings is greater than 66?"},
{"name": "template 15",
 "sql": "SELECT CC,DD,Value FROM DBdata WHERE ((AA = 'AApr' AND BB = 'BBnt')) AND (CC,DD) IN (SELECT CC,DD FROM DBdata WHERE ((AA = 'AAhn' AND BB = 'BBfy')) AND Value > 66)",
 "sqlResult": "{CCdq | DDlw | 96} || {CCdq | DDwx | 81}",
 "nlq": "What is the number of BBnt buildings in CC and in DD for which the number of BBfy buildings is greater than 66? Please, report the corresponding CC, DD, and number of buildings."}]
}

