Type of building,Usage,Quarter,Month,Value
Type_of_building,Usage,Quarter,Month,Value
Production,Workshop,Q3,July,35
Production,Factory,Q3,July,12
Culture,Museum,Q3,July,100
Culture,Theatre,Q3,July,59
Service,School,Q3,July,2
Service,Hospital,Q3,July,87
Service,Administration,Q3,July,10
Production,Workshop,Q3,August,69
Production,Factory,Q3,August,73
Culture,Museum,Q3,August,95
Culture,Theatre,Q3,August,63
Service,School,Q3,August,94
Service,Hospital,Q3,August,77
Service,Administration,Q3,August,14
Production,Workshop,Q4,November,98
Production,Factory,Q4,November,85
Culture,Museum,Q4,November,23
Culture,Theatre,Q4,November,84
Service,School,Q4,November,70
Service,Hospital,Q4,November,1
Service,Administration,Q4,November,0
Production,Workshop,Q4,December,3
Production,Factory,Q4,December,61
Culture,Museum,Q4,December,15
Culture,Theatre,Q4,December,90
Service,School,Q4,December,79
Service,Hospital,Q4,December,96
Service,Administration,Q4,December,91
