Type of building,Usage,Quarter,Month,Value
Type_of_building,Usage,Quarter,Month,Value
Production,Workshop,Q2,April,60
Production,Factory,Q2,April,96
Culture,Museum,Q2,April,0
Culture,Theatre,Q2,April,75
Culture,Concert,Q2,April,30
Service,School,Q2,April,12
Service,Hospital,Q2,April,78
Service,Administration,Q2,April,37
Production,Workshop,Q2,May,26
Production,Factory,Q2,May,85
Culture,Museum,Q2,May,20
Culture,Theatre,Q2,May,14
Culture,Concert,Q2,May,8
Service,School,Q2,May,43
Service,Hospital,Q2,May,92
Service,Administration,Q2,May,16
Production,Workshop,Q2,June,1
Production,Factory,Q2,June,35
Culture,Museum,Q2,June,42
Culture,Theatre,Q2,June,86
Culture,Concert,Q2,June,6
Service,School,Q2,June,24
Service,Hospital,Q2,June,23
Service,Administration,Q2,June,70
Production,Workshop,Q3,July,66
Production,Factory,Q3,July,53
Culture,Museum,Q3,July,10
Culture,Theatre,Q3,July,100
Culture,Concert,Q3,July,28
Service,School,Q3,July,17
Service,Hospital,Q3,July,18
Service,Administration,Q3,July,57
Production,Workshop,Q3,August,68
Production,Factory,Q3,August,71
Culture,Museum,Q3,August,89
Culture,Theatre,Q3,August,51
Culture,Concert,Q3,August,90
Service,School,Q3,August,63
Service,Hospital,Q3,August,87
Service,Administration,Q3,August,47
Production,Workshop,Q4,October,40
Production,Factory,Q4,October,62
Culture,Museum,Q4,October,9
Culture,Theatre,Q4,October,91
Culture,Concert,Q4,October,44
Service,School,Q4,October,77
Service,Hospital,Q4,October,13
Service,Administration,Q4,October,83
Production,Workshop,Q4,November,55
Production,Factory,Q4,November,58
Culture,Museum,Q4,November,32
Culture,Theatre,Q4,November,98
Culture,Concert,Q4,November,27
Service,School,Q4,November,82
Service,Hospital,Q4,November,94
Service,Administration,Q4,November,84
Production,Workshop,Q4,December,46
Production,Factory,Q4,December,2
Culture,Museum,Q4,December,80
Culture,Theatre,Q4,December,29
Culture,Concert,Q4,December,4
Service,School,Q4,December,64
Service,Hospital,Q4,December,99
Service,Administration,Q4,December,59
