Type of building,Usage,Quarter,Month,Value
Type_of_building,Usage,Quarter,Month,Value
Culture,Museum,Q1,February,94
Culture,Theatre,Q1,February,27
Culture,Concert,Q1,February,22
Service,Hospital,Q1,February,88
Service,Administration,Q1,February,75
Service,Library,Q1,February,23
Culture,Museum,Q1,March,61
Culture,Theatre,Q1,March,78
Culture,Concert,Q1,March,36
Service,Hospital,Q1,March,58
Service,Administration,Q1,March,70
Service,Library,Q1,March,90
Culture,Museum,Q2,April,93
Culture,Theatre,Q2,April,68
Culture,Concert,Q2,April,21
Service,Hospital,Q2,April,17
Service,Administration,Q2,April,19
Service,Library,Q2,April,53
Culture,Museum,Q2,May,47
Culture,Theatre,Q2,May,46
Culture,Concert,Q2,May,6
Service,Hospital,Q2,May,25
Service,Administration,Q2,May,81
Service,Library,Q2,May,43
Culture,Museum,Q2,June,42
Culture,Theatre,Q2,June,76
Culture,Concert,Q2,June,15
Service,Hospital,Q2,June,100
Service,Administration,Q2,June,66
Service,Library,Q2,June,30
Culture,Museum,Q3,August,97
Culture,Theatre,Q3,August,52
Culture,Concert,Q3,August,96
Service,Hospital,Q3,August,65
Service,Administration,Q3,August,0
Service,Library,Q3,August,80
Culture,Museum,Q3,September,12
Culture,Theatre,Q3,September,9
Culture,Concert,Q3,September,89
Service,Hospital,Q3,September,4
Service,Administration,Q3,September,18
Service,Library,Q3,September,10
