Type of building,Usage,Quarter,Month,Value
Type_of_building,Usage,Quarter,Month,Value
Residential,House,Q1,January,62
Residential,Apartment,Q1,January,11
Production,Workshop,Q1,January,75
Production,Factory,Q1,January,98
Residential,House,Q1,February,90
Residential,Apartment,Q1,February,95
Production,Workshop,Q1,February,83
Production,Factory,Q1,February,99
Residential,House,Q1,March,13
Residential,Apartment,Q1,March,71
Production,Workshop,Q1,March,21
Production,Factory,Q1,March,97
Residential,House,Q2,April,23
Residential,Apartment,Q2,April,12
Production,Workshop,Q2,April,17
Production,Factory,Q2,April,7
Residential,House,Q2,May,2
Residential,Apartment,Q2,May,50
Production,Workshop,Q2,May,30
Production,Factory,Q2,May,78
Residential,House,Q3,August,18
Residential,Apartment,Q3,August,70
Production,Workshop,Q3,August,100
Production,Factory,Q3,August,92
Residential,House,Q3,September,86
Residential,Apartment,Q3,September,31
Production,Workshop,Q3,September,28
Production,Factory,Q3,September,42
