{
"filename": "Number_of_constructions_set2_2_DB.csv",
"questions": [{"name": "template 1",
 "sql": "SELECT Value FROM DBdata WHERE ((Type_of_building = 'Production' AND Usage = 'Factory')) AND ((Quarter = 'Q2' AND Month = 'May'))",
 "sqlResult": "{32}",
 "nlq": "What is the number of Factory buildings in May?"},
{"name": "template 2",
 "sql": "SELECT Value FROM DBdata WHERE ((Type_of_building = 'Production' AND Usage = 'Factory')) AND ((Quarter = 'Q1' AND Month = 'January') OR (Quarter = 'Q1' AND Month = 'February') OR (Quarter = 'Q2' AND Month = 'April') OR (Quarter = 'Q2' AND Month = 'May') OR (Quarter = 'Q2' AND Month = 'June'))",
 "sqlResult": "{69} || {34} || {67} || {32} || {26}",
 "nlq": "What is the number of Factory buildings in April, February, January, June, or May?"},
{"name": "template 3",
 "sql": "SELECT Value FROM DBdata WHERE ((Type_of_building = 'Production' AND Usage = 'Factory') OR (Type_of_building = 'Culture' AND Usage = 'Museum') OR (Type_of_building = 'Culture' AND Usage = 'Theatre') OR (Type_of_building = 'Service' AND Usage = 'Hospital')) AND ((Quarter = 'Q1' AND Month = 'January'))",
 "sqlResult": "{69} || {17} || {44} || {71}",
 "nlq": "What is the number of Factory, Hospital, Museum, or Theatre buildings in January?"},
{"name": "template 4",
 "sql": "SELECT sum(Value),max(Value) FROM DBdata WHERE ((Type_of_building = 'Production' AND Usage = 'Workshop') OR (Type_of_building = 'Production' AND Usage = 'Factory') OR (Type_of_building = 'Culture' AND Usage = 'Museum') OR (Type_of_building = 'Culture' AND Usage = 'Theatre') OR (Type_of_building = 'Service' AND Usage = 'Hospital') OR (Type_of_building = 'Service' AND Usage = 'Administration') OR (Type_of_building = 'Service' AND Usage = 'Library')) AND ((Quarter = 'Q2' AND Month = 'June'))",
 "sqlResult": "{339 | 98}",
 "nlq": "What are the total and maximum numbers of Administration, Factory, Hospital, Library, Museum, Theatre, or Workshop buildings in June?"},
{"name": "template 6",
 "sql": "SELECT Value FROM DBdata WHERE ((Type_of_building = 'Culture' AND Usage = 'Theatre') OR (Type_of_building = 'Service' AND Usage = 'Hospital') OR (Type_of_building = 'Service' AND Usage = 'Administration')) AND ((Quarter = 'Q1' AND Month = 'January') OR (Quarter = 'Q2' AND Month = 'April') OR (Quarter = 'Q2' AND Month = 'May'))",
 "sqlResult": "{44} || {71} || {20} || {97} || {21} || {51} || {41} || {75} || {40}",
 "nlq": "What is the number of Administration, Hospital, or Theatre buildings in April, January, or May?"},
{"name": "template 7",
 "sql": "SELECT avg(Value),sum(Value) FROM DBdata WHERE ((Type_of_building = 'Culture' AND Usage = 'Theatre')) AND ((Quarter = 'Q1' AND Month = 'January') OR (Quarter = 'Q1' AND Month = 'February') OR (Quarter = 'Q1' AND Month = 'March') OR (Quarter = 'Q2' AND Month = 'May') OR (Quarter = 'Q2' AND Month = 'June'))",
 "sqlResult": "{45 | 225}",
 "nlq": "What are the average and total numbers of Theatre buildings in February, January, June, March, or May?"},
{"name": "template 8",
 "sql": "SELECT Type_of_building,Usage,min(Value),max(Value) FROM DBdata WHERE ((Type_of_building = 'Production' AND Usage = 'Workshop') OR (Type_of_building = 'Production' AND Usage = 'Factory') OR (Type_of_building = 'Culture' AND Usage = 'Museum') OR (Type_of_building = 'Service' AND Usage = 'Hospital') OR (Type_of_building = 'Service' AND Usage = 'Library')) AND ((Quarter = 'Q1' AND Month = 'January') OR (Quarter = 'Q2' AND Month = 'April') OR (Quarter = 'Q2' AND Month = 'June')) GROUP BY Type_of_building,Usage",
 "sqlResult": "{Culture | Museum | 6 | 99} || {Production | Factory | 26 | 69} || {Production | Workshop | 38 | 100} || {Service | Hospital | 21 | 71} || {Service | Library | 15 | 68}",
 "nlq": "What are the minimum and maximum numbers for each Type of building and Usage, of Factory, Hospital, Library, Museum, or Workshop buildings in April, January, or June? Please, report the corresponding Type of building and Usage."},
{"name": "template 9",
 "sql": "SELECT min(Value) FROM DBdata WHERE ((Type_of_building = 'Service' AND Usage = 'Library')) AND (Quarter IN ('Q1','Q2')) GROUP BY Quarter",
 "sqlResult": "{52} || {15}",
 "nlq": "What is the minimum number for each Quarter, of Library buildings in Q1 or Q2?"},
{"name": "template 10",
 "sql": "SELECT Quarter,min(Value) FROM DBdata WHERE ((Type_of_building = 'Service' AND Usage = 'Library')) AND (Quarter IN ('Q1','Q2')) GROUP BY Quarter",
 "sqlResult": "{Q1 | 52} || {Q2 | 15}",
 "nlq": "What is the minimum number for each Quarter, of Library buildings in Q1 or Q2? Please, report the corresponding Quarter."},
{"name": "template 11",
 "sql": "SELECT Quarter,Type_of_building,Usage,avg(Value) FROM DBdata WHERE ((Type_of_building = 'Service' AND Usage = 'Administration') OR (Type_of_building = 'Service' AND Usage = 'Library')) AND (Quarter IN ('Q1','Q2')) GROUP BY Quarter,Type_of_building,Usage",
 "sqlResult": "{Q1 | Service | Administration | 48.67} || {Q1 | Service | Library | 68.33} || {Q2 | Service | Administration | 32.67} || {Q2 | Service | Library | 59.33}",
 "nlq": "What is the average number for each Quarter, Type of building, and Usage, of Administration or Library buildings in Q1 or Q2? Please, report the corresponding Quarter, Type of building, and Usage."},
{"name": "template 12",
 "sql": "SELECT Value FROM DBdata WHERE ((Type_of_building = 'Service' AND Usage = 'Library')) AND (Quarter IN ('Q1','Q2')) ORDER BY VALUE ASC LIMIT 2",
 "sqlResult": "{15} || {52}",
 "nlq": "What are the bottom 2 numbers of Library buildings in Q1 or Q2?"},
{"name": "template 13",
 "sql": "SELECT Value FROM DBdata WHERE ((Type_of_building = 'Service' AND Usage = 'Hospital')) AND (Quarter IN ('Q1','Q2')) ORDER BY VALUE DESC",
 "sqlResult": "{80} || {75} || {71} || {43} || {27} || {21}",
 "nlq": "What are the numbers ordered by descending values of Hospital buildings in Q1 or Q2?"},
{"name": "template 14",
 "sql": "SELECT Quarter,Month FROM DBdata WHERE ((Type_of_building = 'Service' AND Usage = 'Hospital')) AND Value > 50.76",
 "sqlResult": "{Q1 | January} || {Q1 | March} || {Q2 | May}",
 "nlq": "What are the Quarter and Month for which the number of Hospital buildings is greater than 50.76?"},
{"name": "template 15",
 "sql": "SELECT Quarter,Month,Value FROM DBdata WHERE ((Type_of_building = 'Production' AND Usage = 'Workshop')) AND (Quarter,Month) IN (SELECT Quarter,Month FROM DBdata WHERE ((Type_of_building = 'Service' AND Usage = 'Hospital')) AND Value > 50.76)",
 "sqlResult": "{Q1 | January | 38} || {Q1 | March | 55} || {Q2 | May | 90}",
 "nlq": "What is the number of Workshop buildings in Quarter and in Month for which the number of Hospital buildings is greater than 50.76? Please, report the corresponding Quarter, Month, and number of buildings."}]
}
