{
"filename": "Number_of_constructions_set6_4_DB.csv",
"questions": [{"name": "template 1",
 "sql": "SELECT Value FROM DBdata WHERE ((AA = 'AAdf' AND BB = 'BBmz')) AND ((CC = 'CCnv' AND DD = 'DDls'))",
 "sqlResult": "{40}",
 "nlq": "What is the number of BBmz buildings in DDls?"},
{"name": "template 2",
 "sql": "SELECT Value FROM DBdata WHERE ((AA = 'AAjs' AND BB = 'BBbq')) AND ((CC = 'CCnv' AND DD = 'DDls') OR (CC = 'CCnv' AND DD = 'DDdz') OR (CC = 'CCkw' AND DD = 'DDqw'))",
 "sqlResult": "{47} || {85} || {81}",
 "nlq": "What is the number of BBbq buildings in DDls, DDdz, or DDqw?"},
{"name": "template 3",
 "sql": "SELECT Value FROM DBdata WHERE ((AA = 'AAjs' AND BB = 'BByz') OR (AA = 'AAjs' AND BB = 'BBbq') OR (AA = 'AAdf' AND BB = 'BBpx') OR (AA = 'AAdf' AND BB = 'BBbz') OR (AA = 'AAdf' AND BB = 'BBmz')) AND ((CC = 'CCkw' AND DD = 'DDqw'))",
 "sqlResult": "{64} || {81} || {5} || {82} || {58}",
 "nlq": "What is the number of BBmz, BBbq, BBpx, BBbz, or BByz buildings in DDqw?"},
{"name": "template 4",
 "sql": "SELECT max(Value),sum(Value) FROM DBdata WHERE ((AA = 'AAjs' AND BB = 'BByz') OR (AA = 'AAjs' AND BB = 'BBbq')) AND ((CC = 'CCnv' AND DD = 'DDbp'))",
 "sqlResult": "{100 | 127}",
 "nlq": "What are the maximum and total numbers of BBbq or BByz buildings in DDbp?"},
{"name": "template 6",
 "sql": "SELECT Value FROM DBdata WHERE ((AA = 'AAjs' AND BB = 'BByz') OR (AA = 'AAjs' AND BB = 'BBbq') OR (AA = 'AAdf' AND BB = 'BBpx') OR (AA = 'AAdf' AND BB = 'BBbz')) AND ((CC = 'CCnv' AND DD = 'DDdz') OR (CC = 'CChw' AND DD = 'DDdv') OR (CC = 'CCkw' AND DD = 'DDfn'))",
 "sqlResult": "{8} || {85} || {0} || {62} || {23} || {3} || {86} || {60} || {45} || {75} || {48} || {98}",
 "nlq": "What is the number of BBbq, BBpx, BBbz, or BByz buildings in DDfn, DDdz, or DDdv?"},
{"name": "template 7",
 "sql": "SELECT min(Value),avg(Value) FROM DBdata WHERE ((AA = 'AAdf' AND BB = 'BBmz')) AND ((CC = 'CCnv' AND DD = 'DDbp') OR (CC = 'CChw' AND DD = 'DDdv') OR (CC = 'CCkw' AND DD = 'DDqw'))",
 "sqlResult": "{18 | 34.67}",
 "nlq": "What are the minimum and average numbers of BBmz buildings in DDbp, DDqw, or DDdv?"},
{"name": "template 8",
 "sql": "SELECT AA,BB,min(Value),max(Value) FROM DBdata WHERE ((AA = 'AAjs' AND BB = 'BBbq') OR (AA = 'AAdf' AND BB = 'BBpx') OR (AA = 'AAdf' AND BB = 'BBmz')) AND ((CC = 'CCnv' AND DD = 'DDls') OR (CC = 'CCnv' AND DD = 'DDbp') OR (CC = 'CCnv' AND DD = 'DDdz') OR (CC = 'CChw' AND DD = 'DDcs') OR (CC = 'CCkw' AND DD = 'DDqw')) GROUP BY AA,BB",
 "sqlResult": "{AAdf | BBmz | 18 | 89} || {AAdf | BBpx | 0 | 79} || {AAjs | BBbq | 2 | 100}",
 "nlq": "What are the minimum and maximum numbers for each AA and BB, of BBmz, BBbq, or BBpx buildings in DDls, DDcs, DDdz, DDbp, or DDqw? Please, report the corresponding AA and BB."},
{"name": "template 9",
 "sql": "SELECT min(Value) FROM DBdata WHERE ((AA = 'AAdf' AND BB = 'BBbz')) AND (CC IN ('CCnv','CChw','CCkw')) GROUP BY CC",
 "sqlResult": "{39} || {60} || {82}",
 "nlq": "What is the minimum number for each CC, of BBbz buildings in CCnv, CChw, or CCkw?"},
{"name": "template 10",
 "sql": "SELECT CC,min(Value) FROM DBdata WHERE ((AA = 'AAjs' AND BB = 'BBbq')) AND (CC IN ('CCnv','CChw','CCkw')) GROUP BY CC",
 "sqlResult": "{CCnv | 47} || {CChw | 2} || {CCkw | 75}",
 "nlq": "What is the minimum number for each CC, of BBbq buildings in CCnv, CChw, or CCkw? Please, report the corresponding CC."},
{"name": "template 11",
 "sql": "SELECT CC,AA,BB,avg(Value) FROM DBdata WHERE ((AA = 'AAjs' AND BB = 'BBbq') OR (AA = 'AAdf' AND BB = 'BBmz')) AND (CC IN ('CCnv','CChw','CCkw')) GROUP BY CC,AA,BB",
 "sqlResult": "{CCnv | AAdf | BBmz | 27.67} || {CCnv | AAjs | BBbq | 77.33} || {CChw | AAdf | BBmz | 58.5} || {CChw | AAjs | BBbq | 2.5} || {CCkw | AAdf | BBmz | 38.5} || {CCkw | AAjs | BBbq | 78}",
 "nlq": "What is the average number for each CC, AA, and BB, of BBmz or BBbq buildings in CCnv, CChw, or CCkw? Please, report the corresponding CC, AA, and BB."},
{"name": "template 12",
 "sql": "SELECT Value FROM DBdata WHERE ((AA = 'AAdf' AND BB = 'BBpx')) AND (CC IN ('CChw','CCkw')) ORDER BY VALUE DESC LIMIT 3",
 "sqlResult": "{86} || {48} || {11}",
 "nlq": "What are the top 3 numbers of BBpx buildings in CChw or CCkw?"},
{"name": "template 13",
 "sql": "SELECT Value FROM DBdata WHERE ((AA = 'AAdf' AND BB = 'BBmz')) AND (CC IN ('CCnv','CCkw')) ORDER BY VALUE ASC",
 "sqlResult": "{18} || {19} || {25} || {40} || {58}",
 "nlq": "What are the numbers ordered by ascending values of BBmz buildings in CCnv or CCkw?"},
{"name": "template 14",
 "sql": "SELECT CC,DD FROM DBdata WHERE ((AA = 'AAdf' AND BB = 'BBmz')) AND Value > 50.03",
 "sqlResult": "{CChw | DDcs} || {CCkw | DDqw}",
 "nlq": "What are the CC and DD for which the number of BBmz buildings is greater than 50.03?"},
{"name": "template 15",
 "sql": "SELECT CC,DD,Value FROM DBdata WHERE ((AA = 'AAjs' AND BB = 'BByz')) AND (CC,DD) IN (SELECT CC,DD FROM DBdata WHERE ((AA = 'AAdf' AND BB = 'BBmz')) AND Value > 50.03)",
 "sqlResult": "{CChw | DDcs | 96} || {CCkw | DDqw | 64}",
 "nlq": "What is the number of BByz buildings in CC and in DD for which the number of BBmz buildings is greater than 50.03? Please, report the corresponding CC, DD, and number of buildings."}]
}

