AA,BB,CC,DD,Value
AA,BB,CC,DD,Value
AAdn,BBbt,CCfl,DDhw,82
AAdn,BBdj,CCfl,DDhw,60
AAvw,BBjs,CCfl,DDhw,50
AAvw,BBkn,CCfl,DDhw,77
AAsx,BBkw,CCfl,DDhw,86
AAsx,BBcf,CCfl,DDhw,69
AAsx,BBfs,CCfl,DDhw,91
AAdn,BBbt,CCfl,DDmx,23
AAdn,BBdj,CCfl,DDmx,71
AAvw,BBjs,CCfl,DDmx,43
AAvw,BBkn,CCfl,DDmx,15
AAsx,BBkw,CCfl,DDmx,45
AAsx,BBcf,CCfl,DDmx,52
AAsx,BBfs,CCfl,DDmx,68
AAdn,BBbt,CCfl,DDkx,8
AAdn,BBdj,CCfl,DDkx,38
AAvw,BBjs,CCfl,DDkx,93
AAvw,BBkn,CCfl,DDkx,84
AAsx,BBkw,CCfl,DDkx,30
AAsx,BBcf,CCfl,DDkx,14
AAsx,BBfs,CCfl,DDkx,92
AAdn,BBbt,CCvx,DDmq,18
AAdn,BBdj,CCvx,DDmq,51
AAvw,BBjs,CCvx,DDmq,24
AAvw,BBkn,CCvx,DDmq,16
AAsx,BBkw,CCvx,DDmq,65
AAsx,BBcf,CCvx,DDmq,75
AAsx,BBfs,CCvx,DDmq,19
AAdn,BBbt,CCvx,DDtv,54
AAdn,BBdj,CCvx,DDtv,3
AAvw,BBjs,CCvx,DDtv,27
AAvw,BBkn,CCvx,DDtv,36
AAsx,BBkw,CCvx,DDtv,66
AAsx,BBcf,CCvx,DDtv,87
AAsx,BBfs,CCvx,DDtv,79

