{
"filename": "Number_of_constructions_set6_2_DB.csv",
"questions": [{"name": "template 1",
 "sql": "SELECT Value FROM DBdata WHERE ((AA = 'AAhk' AND BB = 'BBkn')) AND ((CC = 'CCbw' AND DD = 'DDgr'))",
 "sqlResult": "{84}",
 "nlq": "What is the number of BBkn buildings in DDgr?"},
{"name": "template 2",
 "sql": "SELECT Value FROM DBdata WHERE ((AA = 'AAhk' AND BB = 'BBdz')) AND ((CC = 'CCdk' AND DD = 'DDjk') OR (CC = 'CCdk' AND DD = 'DDgp') OR (CC = 'CCfh' AND DD = 'DDqr') OR (CC = 'CCfh' AND DD = 'DDhz') OR (CC = 'CCfh' AND DD = 'DDrw') OR (CC = 'CCbw' AND DD = 'DDpw') OR (CC = 'CCbw' AND DD = 'DDgr'))",
 "sqlResult": "{66} || {22} || {33} || {0} || {94} || {89} || {61}",
 "nlq": "What is the number of BBdz buildings in DDjk, DDhz, DDqr, DDgp, DDgr, DDpw, or DDrw?"},
{"name": "template 3",
 "sql": "SELECT Value FROM DBdata WHERE ((AA = 'AAdv' AND BB = 'BBgz') OR (AA = 'AAdv' AND BB = 'BBnt') OR (AA = 'AAhk' AND BB = 'BBkn')) AND ((CC = 'CCbw' AND DD = 'DDpw'))",
 "sqlResult": "{67} || {51} || {26}",
 "nlq": "What is the number of BBkn, BBgz, or BBnt buildings in DDpw?"},
{"name": "template 4",
 "sql": "SELECT sum(Value),min(Value) FROM DBdata WHERE ((AA = 'AAdv' AND BB = 'BBnt') OR (AA = 'AAhk' AND BB = 'BBkn')) AND ((CC = 'CCbw' AND DD = 'DDpw'))",
 "sqlResult": "{77 | 26}",
 "nlq": "What are the total and minimum numbers of BBkn or BBnt buildings in DDpw?"},
{"name": "template 6",
 "sql": "SELECT Value FROM DBdata WHERE ((AA = 'AAdv' AND BB = 'BBnt') OR (AA = 'AAhk' AND BB = 'BBkn')) AND ((CC = 'CCdk' AND DD = 'DDgp') OR (CC = 'CCfh' AND DD = 'DDhz'))",
 "sqlResult": "{46} || {35} || {62} || {98}",
 "nlq": "What is the number of BBkn or BBnt buildings in DDhz or DDgp?"},
{"name": "template 7",
 "sql": "SELECT min(Value),max(Value) FROM DBdata WHERE ((AA = 'AAdv' AND BB = 'BBgz')) AND ((CC = 'CCdk' AND DD = 'DDjk') OR (CC = 'CCdk' AND DD = 'DDgp') OR (CC = 'CCfh' AND DD = 'DDrw') OR (CC = 'CCbw' AND DD = 'DDgr'))",
 "sqlResult": "{8 | 87}",
 "nlq": "What are the minimum and maximum numbers of BBgz buildings in DDjk, DDgp, DDgr, or DDrw?"},
{"name": "template 8",
 "sql": "SELECT AA,BB,min(Value),avg(Value) FROM DBdata WHERE ((AA = 'AAdv' AND BB = 'BBgz') OR (AA = 'AAdv' AND BB = 'BBnt') OR (AA = 'AAhk' AND BB = 'BBdz')) AND ((CC = 'CCdk' AND DD = 'DDjk') OR (CC = 'CCdk' AND DD = 'DDgp') OR (CC = 'CCfh' AND DD = 'DDqr') OR (CC = 'CCfh' AND DD = 'DDrw') OR (CC = 'CCbw' AND DD = 'DDpw')) GROUP BY AA,BB",
 "sqlResult": "{AAdv | BBgz | 8 | 36.2} || {AAdv | BBnt | 25 | 57.6} || {AAhk | BBdz | 22 | 60.8}",
 "nlq": "What are the minimum and average numbers for each AA and BB, of BBdz, BBgz, or BBnt buildings in DDjk, DDqr, DDgp, DDpw, or DDrw? Please, report the corresponding AA and BB."},
{"name": "template 9",
 "sql": "SELECT min(Value) FROM DBdata WHERE ((AA = 'AAhk' AND BB = 'BBdz')) AND (CC IN ('CCdk','CCfh','CCbw')) GROUP BY CC",
 "sqlResult": "{22} || {0} || {61}",
 "nlq": "What is the minimum number for each CC, of BBdz buildings in CCdk, CCfh, or CCbw?"},
{"name": "template 10",
 "sql": "SELECT CC,avg(Value) FROM DBdata WHERE ((AA = 'AAdv' AND BB = 'BBnt')) AND (CC IN ('CCdk','CCfh','CCbw')) GROUP BY CC",
 "sqlResult": "{CCdk | 35.5} || {CCfh | 76} || {CCbw | 39}",
 "nlq": "What is the average number for each CC, of BBnt buildings in CCdk, CCfh, or CCbw? Please, report the corresponding CC."},
{"name": "template 11",
 "sql": "SELECT CC,AA,BB,sum(Value) FROM DBdata WHERE ((AA = 'AAdv' AND BB = 'BBnt') OR (AA = 'AAhk' AND BB = 'BBkn') OR (AA = 'AAhk' AND BB = 'BBdz')) AND (CC IN ('CCdk','CCfh','CCbw')) GROUP BY CC,AA,BB",
 "sqlResult": "{CCdk | AAdv | BBnt | 71} || {CCdk | AAhk | BBdz | 88} || {CCdk | AAhk | BBkn | 109} || {CCfh | AAdv | BBnt | 228} || {CCfh | AAhk | BBdz | 127} || {CCfh | AAhk | BBkn | 132} || {CCbw | AAdv | BBnt | 78} || {CCbw | AAhk | BBdz | 150} || {CCbw | AAhk | BBkn | 110}",
 "nlq": "What is the total number for each CC, AA, and BB, of BBdz, BBkn, or BBnt buildings in CCdk, CCfh, or CCbw? Please, report the corresponding CC, AA, and BB."},
{"name": "template 12",
 "sql": "SELECT Value FROM DBdata WHERE ((AA = 'AAhk' AND BB = 'BBdz')) AND (CC IN ('CCfh','CCbw')) ORDER BY VALUE ASC LIMIT 3",
 "sqlResult": "{0} || {33} || {61}",
 "nlq": "What are the bottom 3 numbers of BBdz buildings in CCfh or CCbw?"},
{"name": "template 13",
 "sql": "SELECT Value FROM DBdata WHERE ((AA = 'AAdv' AND BB = 'BBnt')) AND (CC IN ('CCfh','CCbw')) ORDER BY VALUE DESC",
 "sqlResult": "{88} || {78} || {62} || {51} || {27}",
 "nlq": "What are the numbers ordered by descending values of BBnt buildings in CCfh or CCbw?"},
{"name": "template 14",
 "sql": "SELECT CC,DD FROM DBdata WHERE ((AA = 'AAdv' AND BB = 'BBnt')) AND Value > 50.75",
 "sqlResult": "{CCfh | DDqr} || {CCfh | DDhz} || {CCfh | DDrw} || {CCbw | DDpw}",
 "nlq": "What are the CC and DD for which the number of BBnt buildings is greater than 50.75?"},
{"name": "template 15",
 "sql": "SELECT CC,DD,Value FROM DBdata WHERE ((AA = 'AAhk' AND BB = 'BBkn')) AND (CC,DD) IN (SELECT CC,DD FROM DBdata WHERE ((AA = 'AAdv' AND BB = 'BBnt')) AND Value > 50.75)",
 "sqlResult": "{CCfh | DDqr | 31} || {CCfh | DDhz | 98} || {CCfh | DDrw | 3} || {CCbw | DDpw | 26}",
 "nlq": "What is the number of BBkn buildings in CC and in DD for which the number of BBnt buildings is greater than 50.75? Please, report the corresponding CC, DD, and number of buildings."}]
}

