AA,BB,CC,DD,Value
AA,BB,CC,DD,Value
AAdw,BBxz,CChy,DDpt,0
AAdw,BBps,CChy,DDpt,57
AAht,BBcf,CChy,DDpt,96
AAht,BBfy,CChy,DDpt,19
AAdw,BBxz,CChy,DDjp,8
AAdw,BBps,CChy,DDjp,98
AAht,BBcf,CChy,DDjp,15
AAht,BBfy,CChy,DDjp,13
AAdw,BBxz,CCbn,DDmv,83
AAdw,BBps,CCbn,DDmv,44
AAht,BBcf,CCbn,DDmv,66
AAht,BBfy,CCbn,DDmv,18
AAdw,BBxz,CCbn,DDlv,71
AAdw,BBps,CCbn,DDlv,54
AAht,BBcf,CCbn,DDlv,79
AAht,BBfy,CCbn,DDlv,60
AAdw,BBxz,CCbn,DDgw,95
AAdw,BBps,CCbn,DDgw,78
AAht,BBcf,CCbn,DDgw,86
AAht,BBfy,CCbn,DDgw,46

