AA,BB,CC,DD,Value
AA,BB,CC,DD,Value
AAdv,BBgz,CCdk,DDjk,8
AAdv,BBnt,CCdk,DDjk,25
AAhk,BBkn,CCdk,DDjk,74
AAhk,BBdz,CCdk,DDjk,66
AAdv,BBgz,CCdk,DDgp,20
AAdv,BBnt,CCdk,DDgp,46
AAhk,BBkn,CCdk,DDgp,35
AAhk,BBdz,CCdk,DDgp,22
AAdv,BBgz,CCfh,DDqr,70
AAdv,BBnt,CCfh,DDqr,78
AAhk,BBkn,CCfh,DDqr,31
AAhk,BBdz,CCfh,DDqr,33
AAdv,BBgz,CCfh,DDhz,60
AAdv,BBnt,CCfh,DDhz,62
AAhk,BBkn,CCfh,DDhz,98
AAhk,BBdz,CCfh,DDhz,0
AAdv,BBgz,CCfh,DDrw,16
AAdv,BBnt,CCfh,DDrw,88
AAhk,BBkn,CCfh,DDrw,3
AAhk,BBdz,CCfh,DDrw,94
AAdv,BBgz,CCbw,DDpw,67
AAdv,BBnt,CCbw,DDpw,51
AAhk,BBkn,CCbw,DDpw,26
AAhk,BBdz,CCbw,DDpw,89
AAdv,BBgz,CCbw,DDgr,87
AAdv,BBnt,CCbw,DDgr,27
AAhk,BBkn,CCbw,DDgr,84
AAhk,BBdz,CCbw,DDgr,61

