Type of building,Usage,Quarter,Month,Value
Type_of_building,Usage,Quarter,Month,Value
Production,Workshop,Q2,May,82
Production,Factory,Q2,May,68
Culture,Theatre,Q2,May,59
Culture,Concert,Q2,May,67
Service,Hospital,Q2,May,54
Service,Administration,Q2,May,11
Service,Library,Q2,May,86
Production,Workshop,Q2,June,62
Production,Factory,Q2,June,39
Culture,Theatre,Q2,June,49
Culture,Concert,Q2,June,93
Service,Hospital,Q2,June,76
Service,Administration,Q2,June,43
Service,Library,Q2,June,36
Production,Workshop,Q3,July,56
Production,Factory,Q3,July,60
Culture,Theatre,Q3,July,42
Culture,Concert,Q3,July,53
Service,Hospital,Q3,July,26
Service,Administration,Q3,July,35
Service,Library,Q3,July,14
Production,Workshop,Q3,August,55
Production,Factory,Q3,August,80
Culture,Theatre,Q3,August,87
Culture,Concert,Q3,August,5
Service,Hospital,Q3,August,24
Service,Administration,Q3,August,45
Service,Library,Q3,August,81
Production,Workshop,Q4,November,90
Production,Factory,Q4,November,23
Culture,Theatre,Q4,November,13
Culture,Concert,Q4,November,75
Service,Hospital,Q4,November,73
Service,Administration,Q4,November,71
Service,Library,Q4,November,4
Production,Workshop,Q4,December,33
Production,Factory,Q4,December,69
Culture,Theatre,Q4,December,99
Culture,Concert,Q4,December,98
Service,Hospital,Q4,December,16
Service,Administration,Q4,December,30
Service,Library,Q4,December,52
