{
"filename": "Number_of_constructions_set1_1_DB.csv",
"questions": [{"name": "template 1",
 "sql": "SELECT Value FROM DBdata WHERE ((AA = 'AAdh' AND BB = 'BBfz')) AND ((CC = 'CCcy' AND DD = 'DDxz'))",
 "sqlResult": "{46}",
 "nlq": "What is the number of BBfz buildings in DDxz?"},
{"name": "template 2",
 "sql": "SELECT Value FROM DBdata WHERE ((AA = 'AAdh' AND BB = 'BBdy')) AND ((CC = 'CCcy' AND DD = 'DDdm') OR (CC = 'CClp' AND DD = 'DDfk') OR (CC = 'CClp' AND DD = 'DDtw') OR (CC = 'CCns' AND DD = 'DDsx') OR (CC = 'CCns' AND DD = 'DDly'))",
 "sqlResult": "{16} || {77} || {78} || {4} || {86}",
 "nlq": "What is the number of BBdy buildings in DDsx, DDtw, DDdm, DDfk, or DDly?"},
{"name": "template 3",
 "sql": "SELECT Value FROM DBdata WHERE ((AA = 'AAdh' AND BB = 'BBgw') OR (AA = 'AAdh' AND BB = 'BBfz')) AND ((CC = 'CCns' AND DD = 'DDly'))",
 "sqlResult": "{39} || {80}",
 "nlq": "What is the number of BBgw or BBfz buildings in DDly?"},
{"name": "template 4",
 "sql": "SELECT avg(Value),sum(Value) FROM DBdata WHERE ((AA = 'AAfw' AND BB = 'BBkq') OR (AA = 'AAfw' AND BB = 'BBqz') OR (AA = 'AAdf' AND BB = 'BBln') OR (AA = 'AAdh' AND BB = 'BBgw') OR (AA = 'AAdh' AND BB = 'BBfz') OR (AA = 'AAdh' AND BB = 'BBdy')) AND ((CC = 'CCcy' AND DD = 'DDdm'))",
 "sqlResult": "{34.33 | 206}",
 "nlq": "What are the average and total numbers of BBkq, BBdy, BBqz, BBgw, BBfz, or BBln buildings in DDdm?"},
{"name": "template 6",
 "sql": "SELECT Value FROM DBdata WHERE ((AA = 'AAfw' AND BB = 'BBqz') OR (AA = 'AAdf' AND BB = 'BBcn') OR (AA = 'AAdh' AND BB = 'BBgw') OR (AA = 'AAdh' AND BB = 'BBfz') OR (AA = 'AAdh' AND BB = 'BBdy')) AND ((CC = 'CClp' AND DD = 'DDgv') OR (CC = 'CClp' AND DD = 'DDfk') OR (CC = 'CClp' AND DD = 'DDtw') OR (CC = 'CCns' AND DD = 'DDly'))",
 "sqlResult": "{57} || {55} || {62} || {67} || {17} || {33} || {94} || {93} || {89} || {77} || {95} || {97} || {82} || {19} || {78} || {18} || {69} || {39} || {80} || {86}",
 "nlq": "What is the number of BBdy, BBcn, BBqz, BBgw, or BBfz buildings in DDgv, DDtw, DDfk, or DDly?"},
{"name": "template 7",
 "sql": "SELECT max(Value),avg(Value) FROM DBdata WHERE ((AA = 'AAdf' AND BB = 'BBln')) AND ((CC = 'CCcy' AND DD = 'DDdm') OR (CC = 'CClp' AND DD = 'DDfk') OR (CC = 'CCns' AND DD = 'DDsx') OR (CC = 'CCns' AND DD = 'DDly'))",
 "sqlResult": "{100 | 48.5}",
 "nlq": "What are the maximum and average numbers of BBln buildings in DDsx, DDdm, DDfk, or DDly?"},
{"name": "template 8",
 "sql": "SELECT AA,BB,sum(Value),avg(Value) FROM DBdata WHERE ((AA = 'AAfw' AND BB = 'BBkq') OR (AA = 'AAdh' AND BB = 'BBdy')) AND ((CC = 'CClp' AND DD = 'DDfk') OR (CC = 'CClp' AND DD = 'DDtw') OR (CC = 'CCns' AND DD = 'DDly')) GROUP BY AA,BB",
 "sqlResult": "{AAdh | BBdy | 241 | 80.33} || {AAfw | BBkq | 78 | 26}",
 "nlq": "What are the total and average numbers for each AA and BB, of BBkq or BBdy buildings in DDtw, DDfk, or DDly? Please, report the corresponding AA and BB."},
{"name": "template 9",
 "sql": "SELECT min(Value) FROM DBdata WHERE ((AA = 'AAdh' AND BB = 'BBfz')) AND (CC IN ('CCcy','CClp','CCns')) GROUP BY CC",
 "sqlResult": "{7} || {19} || {76}",
 "nlq": "What is the minimum number for each CC, of BBfz buildings in CCcy, CClp, or CCns?"},
{"name": "template 10",
 "sql": "SELECT CC,min(Value) FROM DBdata WHERE ((AA = 'AAdh' AND BB = 'BBdy')) AND (CC IN ('CCcy','CClp','CCns')) GROUP BY CC",
 "sqlResult": "{CCcy | 16} || {CClp | 17} || {CCns | 4}",
 "nlq": "What is the minimum number for each CC, of BBdy buildings in CCcy, CClp, or CCns? Please, report the corresponding CC."},
{"name": "template 11",
 "sql": "SELECT CC,AA,BB,max(Value) FROM DBdata WHERE ((AA = 'AAfw' AND BB = 'BBkq') OR (AA = 'AAdh' AND BB = 'BBfz') OR (AA = 'AAdh' AND BB = 'BBdy')) AND (CC IN ('CCcy','CClp','CCns')) GROUP BY CC,AA,BB",
 "sqlResult": "{CCcy | AAdh | BBdy | 32} || {CCcy | AAdh | BBfz | 46} || {CCcy | AAfw | BBkq | 22} || {CClp | AAdh | BBdy | 78} || {CClp | AAdh | BBfz | 89} || {CClp | AAfw | BBkq | 28} || {CCns | AAdh | BBdy | 86} || {CCns | AAdh | BBfz | 80} || {CCns | AAfw | BBkq | 70}",
 "nlq": "What is the maximum number for each CC, AA, and BB, of BBkq, BBdy, or BBfz buildings in CCcy, CClp, or CCns? Please, report the corresponding CC, AA, and BB."},
{"name": "template 12",
 "sql": "SELECT Value FROM DBdata WHERE ((AA = 'AAdf' AND BB = 'BBcn')) AND (CC IN ('CCcy','CCns')) ORDER BY VALUE DESC LIMIT 3",
 "sqlResult": "{99} || {75} || {69}",
 "nlq": "What are the top 3 numbers of BBcn buildings in CCcy or CCns?"},
{"name": "template 13",
 "sql": "SELECT Value FROM DBdata WHERE ((AA = 'AAdh' AND BB = 'BBdy')) AND (CC IN ('CCcy','CClp')) ORDER BY VALUE DESC",
 "sqlResult": "{78} || {77} || {32} || {17} || {16}",
 "nlq": "What are the numbers ordered by descending values of BBdy buildings in CCcy or CClp?"},
{"name": "template 14",
 "sql": "SELECT CC,DD FROM DBdata WHERE ((AA = 'AAdh' AND BB = 'BBgw')) AND Value > 54.51",
 "sqlResult": "{CCcy | DDxz} || {CClp | DDgv} || {CClp | DDfk} || {CClp | DDtw}",
 "nlq": "What are the CC and DD for which the number of BBgw buildings is greater than 54.51?"},
{"name": "template 15",
 "sql": "SELECT CC,DD,Value FROM DBdata WHERE ((AA = 'AAfw' AND BB = 'BBqz')) AND (CC,DD) IN (SELECT CC,DD FROM DBdata WHERE ((AA = 'AAdh' AND BB = 'BBgw')) AND Value > 54.51)",
 "sqlResult": "{CCcy | DDxz | 71} || {CClp | DDgv | 57} || {CClp | DDfk | 33} || {CClp | DDtw | 95}",
 "nlq": "What is the number of BBqz buildings in CC and in DD for which the number of BBgw buildings is greater than 54.51? Please, report the corresponding CC, DD, and number of buildings."}]
}

