AA,BB,CC,DD,Value
AA,BB,CC,DD,Value
AAgw,BBcg,CCbv,DDmx,24
AAgw,BBlq,CCbv,DDmx,66
AAgw,BBsw,CCbv,DDmx,76
AAfl,BBln,CCbv,DDmx,90
AAfl,BBlw,CCbv,DDmx,98
AAfl,BBcd,CCbv,DDmx,62
AAgw,BBcg,CCbv,DDhl,20
AAgw,BBlq,CCbv,DDhl,92
AAgw,BBsw,CCbv,DDhl,0
AAfl,BBln,CCbv,DDhl,70
AAfl,BBlw,CCbv,DDhl,14
AAfl,BBcd,CCbv,DDhl,25
AAgw,BBcg,CCbv,DDfw,96
AAgw,BBlq,CCbv,DDfw,27
AAgw,BBsw,CCbv,DDfw,21
AAfl,BBln,CCbv,DDfw,9
AAfl,BBlw,CCbv,DDfw,23
AAfl,BBcd,CCbv,DDfw,64
AAgw,BBcg,CCtz,DDgj,11
AAgw,BBlq,CCtz,DDgj,57
AAgw,BBsw,CCtz,DDgj,63
AAfl,BBln,CCtz,DDgj,43
AAfl,BBlw,CCtz,DDgj,32
AAfl,BBcd,CCtz,DDgj,95
AAgw,BBcg,CCtz,DDhn,100
AAgw,BBlq,CCtz,DDhn,79
AAgw,BBsw,CCtz,DDhn,17
AAfl,BBln,CCtz,DDhn,75
AAfl,BBlw,CCtz,DDhn,83
AAfl,BBcd,CCtz,DDhn,38
AAgw,BBcg,CCfk,DDdr,6
AAgw,BBlq,CCfk,DDdr,5
AAgw,BBsw,CCfk,DDdr,94
AAfl,BBln,CCfk,DDdr,81
AAfl,BBlw,CCfk,DDdr,52
AAfl,BBcd,CCfk,DDdr,39
AAgw,BBcg,CCfk,DDms,47
AAgw,BBlq,CCfk,DDms,15
AAgw,BBsw,CCfk,DDms,91
AAfl,BBln,CCfk,DDms,37
AAfl,BBlw,CCfk,DDms,58
AAfl,BBcd,CCfk,DDms,8

