Type of building,Usage,Quarter,Month,Value
Type_of_building,Usage,Quarter,Month,Value
Production,Workshop,Q2,May,40
Production,Factory,Q2,May,80
Culture,Museum,Q2,May,3
Culture,Theatre,Q2,May,12
Service,Administration,Q2,May,76
Service,Library,Q2,May,15
Production,Workshop,Q2,June,82
Production,Factory,Q2,June,11
Culture,Museum,Q2,June,39
Culture,Theatre,Q2,June,18
Service,Administration,Q2,June,97
Service,Library,Q2,June,4
Production,Workshop,Q3,July,23
Production,Factory,Q3,July,38
Culture,Museum,Q3,July,31
Culture,Theatre,Q3,July,45
Service,Administration,Q3,July,88
Service,Library,Q3,July,64
Production,Workshop,Q3,August,98
Production,Factory,Q3,August,44
Culture,Museum,Q3,August,50
Culture,Theatre,Q3,August,95
Service,Administration,Q3,August,10
Service,Library,Q3,August,8
Production,Workshop,Q3,September,99
Production,Factory,Q3,September,47
Culture,Museum,Q3,September,72
Culture,Theatre,Q3,September,90
Service,Administration,Q3,September,94
Service,Library,Q3,September,46
