{
"filename": "Number_of_constructions_set4_3_DB.csv",
"questions": [{"name": "template 1",
 "sql": "SELECT Value FROM DBdata WHERE ((Type_of_building = 'Service' AND Usage = 'Library')) AND ((Quarter = 'Q2' AND Month = 'April'))",
 "sqlResult": "{11}",
 "nlq": "What is the number of Library buildings in April?"},
{"name": "template 2",
 "sql": "SELECT Value FROM DBdata WHERE ((Type_of_building = 'Service' AND Usage = 'Hospital')) AND ((Quarter = 'Q2' AND Month = 'May') OR (Quarter = 'Q2' AND Month = 'June') OR (Quarter = 'Q3' AND Month = 'July') OR (Quarter = 'Q3' AND Month = 'August') OR (Quarter = 'Q3' AND Month = 'September'))",
 "sqlResult": "{47} || {90} || {53} || {37} || {85}",
 "nlq": "What is the number of Hospital buildings in August, July, June, May, or September?"},
{"name": "template 3",
 "sql": "SELECT Value FROM DBdata WHERE ((Type_of_building = 'Culture' AND Usage = 'Museum') OR (Type_of_building = 'Culture' AND Usage = 'Theatre') OR (Type_of_building = 'Culture' AND Usage = 'Concert') OR (Type_of_building = 'Service' AND Usage = 'Hospital') OR (Type_of_building = 'Service' AND Usage = 'Administration') OR (Type_of_building = 'Service' AND Usage = 'Library')) AND ((Quarter = 'Q2' AND Month = 'April'))",
 "sqlResult": "{61} || {25} || {29} || {80} || {52} || {11}",
 "nlq": "What is the number of Administration, Concert, Hospital, Library, Museum, or Theatre buildings in April?"},
{"name": "template 4",
 "sql": "SELECT sum(Value),avg(Value) FROM DBdata WHERE ((Type_of_building = 'Culture' AND Usage = 'Museum') OR (Type_of_building = 'Service' AND Usage = 'Hospital') OR (Type_of_building = 'Service' AND Usage = 'Administration') OR (Type_of_building = 'Service' AND Usage = 'Library')) AND ((Quarter = 'Q3' AND Month = 'August'))",
 "sqlResult": "{234 | 58.5}",
 "nlq": "What are the total and average numbers of Administration, Hospital, Library, or Museum buildings in August?"},
{"name": "template 6",
 "sql": "SELECT Value FROM DBdata WHERE ((Type_of_building = 'Culture' AND Usage = 'Concert') OR (Type_of_building = 'Service' AND Usage = 'Hospital')) AND ((Quarter = 'Q2' AND Month = 'April') OR (Quarter = 'Q2' AND Month = 'June') OR (Quarter = 'Q3' AND Month = 'July') OR (Quarter = 'Q3' AND Month = 'September'))",
 "sqlResult": "{29} || {80} || {65} || {90} || {59} || {53} || {62} || {85}",
 "nlq": "What is the number of Concert or Hospital buildings in April, July, June, or September?"},
{"name": "template 7",
 "sql": "SELECT avg(Value),sum(Value) FROM DBdata WHERE ((Type_of_building = 'Culture' AND Usage = 'Concert')) AND ((Quarter = 'Q2' AND Month = 'April') OR (Quarter = 'Q2' AND Month = 'May') OR (Quarter = 'Q2' AND Month = 'June') OR (Quarter = 'Q3' AND Month = 'July') OR (Quarter = 'Q3' AND Month = 'August'))",
 "sqlResult": "{45.2 | 226}",
 "nlq": "What are the average and total numbers of Concert buildings in April, August, July, June, or May?"},
{"name": "template 8",
 "sql": "SELECT Type_of_building,Usage,max(Value),min(Value) FROM DBdata WHERE ((Type_of_building = 'Culture' AND Usage = 'Museum') OR (Type_of_building = 'Culture' AND Usage = 'Theatre') OR (Type_of_building = 'Culture' AND Usage = 'Concert') OR (Type_of_building = 'Service' AND Usage = 'Administration') OR (Type_of_building = 'Service' AND Usage = 'Library')) AND ((Quarter = 'Q2' AND Month = 'April') OR (Quarter = 'Q2' AND Month = 'May') OR (Quarter = 'Q3' AND Month = 'July') OR (Quarter = 'Q3' AND Month = 'August') OR (Quarter = 'Q3' AND Month = 'September')) GROUP BY Type_of_building,Usage",
 "sqlResult": "{Culture | Concert | 62 | 23} || {Culture | Museum | 93 | 17} || {Culture | Theatre | 84 | 5} || {Service | Administration | 86 | 26} || {Service | Library | 79 | 11}",
 "nlq": "What are the maximum and minimum numbers for each Type of building and Usage, of Administration, Concert, Library, Museum, or Theatre buildings in April, August, July, May, or September? Please, report the corresponding Type of building and Usage."},
{"name": "template 9",
 "sql": "SELECT min(Value) FROM DBdata WHERE ((Type_of_building = 'Service' AND Usage = 'Administration')) AND (Quarter IN ('Q2','Q3')) GROUP BY Quarter",
 "sqlResult": "{31} || {26}",
 "nlq": "What is the minimum number for each Quarter, of Administration buildings in Q2 or Q3?"},
{"name": "template 10",
 "sql": "SELECT Quarter,sum(Value) FROM DBdata WHERE ((Type_of_building = 'Service' AND Usage = 'Library')) AND (Quarter IN ('Q2','Q3')) GROUP BY Quarter",
 "sqlResult": "{Q2 | 179} || {Q3 | 111}",
 "nlq": "What is the total number for each Quarter, of Library buildings in Q2 or Q3? Please, report the corresponding Quarter."},
{"name": "template 11",
 "sql": "SELECT Quarter,Type_of_building,Usage,max(Value) FROM DBdata WHERE ((Type_of_building = 'Service' AND Usage = 'Hospital') OR (Type_of_building = 'Service' AND Usage = 'Library')) AND (Quarter IN ('Q2','Q3')) GROUP BY Quarter,Type_of_building,Usage",
 "sqlResult": "{Q2 | Service | Hospital | 90} || {Q2 | Service | Library | 89} || {Q3 | Service | Hospital | 85} || {Q3 | Service | Library | 63}",
 "nlq": "What is the maximum number for each Quarter, Type of building, and Usage, of Hospital or Library buildings in Q2 or Q3? Please, report the corresponding Quarter, Type of building, and Usage."},
{"name": "template 12",
 "sql": "SELECT Value FROM DBdata WHERE ((Type_of_building = 'Culture' AND Usage = 'Theatre')) AND (Quarter IN ('Q2','Q3')) ORDER BY VALUE ASC LIMIT 4",
 "sqlResult": "{5} || {21} || {25} || {39}",
 "nlq": "What are the bottom 4 numbers of Theatre buildings in Q2 or Q3?"},
{"name": "template 13",
 "sql": "SELECT Value FROM DBdata WHERE ((Type_of_building = 'Culture' AND Usage = 'Museum')) AND (Quarter IN ('Q2','Q3')) ORDER BY VALUE DESC",
 "sqlResult": "{93} || {77} || {61} || {60} || {17} || {1}",
 "nlq": "What are the numbers ordered by descending values of Museum buildings in Q2 or Q3?"},
{"name": "template 14",
 "sql": "SELECT Quarter,Month FROM DBdata WHERE ((Type_of_building = 'Culture' AND Usage = 'Theatre')) AND Value < 51",
 "sqlResult": "{Q2 | April} || {Q2 | May} || {Q2 | June} || {Q3 | August}",
 "nlq": "What are the Quarter and Month for which the number of Theatre buildings is lower than 51?"},
{"name": "template 15",
 "sql": "SELECT Quarter,Month,Value FROM DBdata WHERE ((Type_of_building = 'Service' AND Usage = 'Hospital')) AND (Quarter,Month) IN (SELECT Quarter,Month FROM DBdata WHERE ((Type_of_building = 'Culture' AND Usage = 'Theatre')) AND Value < 51)",
 "sqlResult": "{Q2 | April | 80} || {Q2 | May | 47} || {Q2 | June | 90} || {Q3 | August | 37}",
 "nlq": "What is the number of Hospital buildings in Quarter and in Month for which the number of Theatre buildings is lower than 51? Please, report the corresponding Quarter, Month, and number of buildings."}]
}
