{
"filename": "Number_of_constructions_set3_5_DB.csv",
"questions": [{"name": "template 1",
 "sql": "SELECT Value FROM DBdata WHERE ((Type_of_building = 'Residential' AND Usage = 'Apartment')) AND ((Quarter = 'Q3' AND Month = 'July'))",
 "sqlResult": "{64}",
 "nlq": "What is the number of Apartment buildings in July?"},
{"name": "template 2",
 "sql": "SELECT Value FROM DBdata WHERE ((Type_of_building = 'Residential' AND Usage = 'House')) AND ((Quarter = 'Q1' AND Month = 'January') OR (Quarter = 'Q1' AND Month = 'February') OR (Quarter = 'Q1' AND Month = 'March') OR (Quarter = 'Q2' AND Month = 'May') OR (Quarter = 'Q3' AND Month = 'August'))",
 "sqlResult": "{37} || {92} || {93} || {68} || {39}",
 "nlq": "What is the number of House buildings in August, February, January, March, or May?"},
{"name": "template 3",
 "sql": "SELECT Value FROM DBdata WHERE ((Type_of_building = 'Residential' AND Usage = 'House') OR (Type_of_building = 'Residential' AND Usage = 'Apartment') OR (Type_of_building = 'Production' AND Usage = 'Workshop') OR (Type_of_building = 'Production' AND Usage = 'Factory')) AND ((Quarter = 'Q1' AND Month = 'January'))",
 "sqlResult": "{37} || {12} || {70} || {85}",
 "nlq": "What is the number of Apartment, Factory, House, or Workshop buildings in January?"},
{"name": "template 4",
 "sql": "SELECT sum(Value),min(Value) FROM DBdata WHERE ((Type_of_building = 'Residential' AND Usage = 'House') OR (Type_of_building = 'Production' AND Usage = 'Workshop')) AND ((Quarter = 'Q1' AND Month = 'January'))",
 "sqlResult": "{107 | 37}",
 "nlq": "What are the total and minimum numbers of House or Workshop buildings in January?"},
{"name": "template 6",
 "sql": "SELECT Value FROM DBdata WHERE ((Type_of_building = 'Residential' AND Usage = 'House') OR (Type_of_building = 'Production' AND Usage = 'Factory')) AND ((Quarter = 'Q2' AND Month = 'May') OR (Quarter = 'Q2' AND Month = 'June'))",
 "sqlResult": "{68} || {69} || {77} || {50}",
 "nlq": "What is the number of Factory or House buildings in June or May?"},
{"name": "template 7",
 "sql": "SELECT max(Value),sum(Value) FROM DBdata WHERE ((Type_of_building = 'Production' AND Usage = 'Workshop')) AND ((Quarter = 'Q1' AND Month = 'January') OR (Quarter = 'Q1' AND Month = 'February') OR (Quarter = 'Q2' AND Month = 'May') OR (Quarter = 'Q3' AND Month = 'August'))",
 "sqlResult": "{98 | 272}",
 "nlq": "What are the maximum and total numbers of Workshop buildings in August, February, January, or May?"},
{"name": "template 8",
 "sql": "SELECT Type_of_building,Usage,avg(Value),max(Value) FROM DBdata WHERE ((Type_of_building = 'Residential' AND Usage = 'House') OR (Type_of_building = 'Residential' AND Usage = 'Apartment')) AND ((Quarter = 'Q1' AND Month = 'March') OR (Quarter = 'Q2' AND Month = 'June') OR (Quarter = 'Q3' AND Month = 'August')) GROUP BY Type_of_building,Usage",
 "sqlResult": "{Residential | Apartment | 22.33 | 36} || {Residential | House | 69.67 | 93}",
 "nlq": "What are the average and maximum numbers for each Type of building and Usage, of Apartment or House buildings in August, June, or March? Please, report the corresponding Type of building and Usage."},
{"name": "template 9",
 "sql": "SELECT min(Value) FROM DBdata WHERE ((Type_of_building = 'Production' AND Usage = 'Factory')) AND (Quarter IN ('Q1','Q2','Q3')) GROUP BY Quarter",
 "sqlResult": "{22} || {50} || {51}",
 "nlq": "What is the minimum number for each Quarter, of Factory buildings in Q1, Q2, or Q3?"},
{"name": "template 10",
 "sql": "SELECT Quarter,avg(Value) FROM DBdata WHERE ((Type_of_building = 'Residential' AND Usage = 'Apartment')) AND (Quarter IN ('Q1','Q2','Q3')) GROUP BY Quarter",
 "sqlResult": "{Q1 | 23.33} || {Q2 | 34.5} || {Q3 | 40}",
 "nlq": "What is the average number for each Quarter, of Apartment buildings in Q1, Q2, or Q3? Please, report the corresponding Quarter."},
{"name": "template 11",
 "sql": "SELECT Quarter,Type_of_building,Usage,avg(Value) FROM DBdata WHERE ((Type_of_building = 'Residential' AND Usage = 'House') OR (Type_of_building = 'Residential' AND Usage = 'Apartment') OR (Type_of_building = 'Production' AND Usage = 'Workshop')) AND (Quarter IN ('Q1','Q2','Q3')) GROUP BY Quarter,Type_of_building,Usage",
 "sqlResult": "{Q1 | Production | Workshop | 47.33} || {Q1 | Residential | Apartment | 23.33} || {Q1 | Residential | House | 74} || {Q2 | Production | Workshop | 43.5} || {Q2 | Residential | Apartment | 34.5} || {Q2 | Residential | House | 72.5} || {Q3 | Production | Workshop | 94} || {Q3 | Residential | Apartment | 40} || {Q3 | Residential | House | 42.5}",
 "nlq": "What is the average number for each Quarter, Type of building, and Usage, of Apartment, House, or Workshop buildings in Q1, Q2, or Q3? Please, report the corresponding Quarter, Type of building, and Usage."},
{"name": "template 12",
 "sql": "SELECT Value FROM DBdata WHERE ((Type_of_building = 'Residential' AND Usage = 'House')) AND (Quarter IN ('Q1','Q3')) ORDER BY VALUE ASC LIMIT 2",
 "sqlResult": "{37} || {39}",
 "nlq": "What are the bottom 2 numbers of House buildings in Q1 or Q3?"},
{"name": "template 13",
 "sql": "SELECT Value FROM DBdata WHERE ((Type_of_building = 'Production' AND Usage = 'Factory')) AND (Quarter IN ('Q1','Q2')) ORDER BY VALUE ASC",
 "sqlResult": "{22} || {50} || {65} || {69} || {85}",
 "nlq": "What are the numbers ordered by ascending values of Factory buildings in Q1 or Q2?"},
{"name": "template 14",
 "sql": "SELECT Quarter,Month FROM DBdata WHERE ((Type_of_building = 'Production' AND Usage = 'Factory')) AND Value > 54.64",
 "sqlResult": "{Q1 | January} || {Q1 | February} || {Q2 | May} || {Q3 | July}",
 "nlq": "What are the Quarter and Month for which the number of Factory buildings is greater than 54.64?"},
{"name": "template 15",
 "sql": "SELECT Quarter,Month,Value FROM DBdata WHERE ((Type_of_building = 'Residential' AND Usage = 'House')) AND (Quarter,Month) IN (SELECT Quarter,Month FROM DBdata WHERE ((Type_of_building = 'Production' AND Usage = 'Factory')) AND Value > 54.64)",
 "sqlResult": "{Q1 | January | 37} || {Q1 | February | 92} || {Q2 | May | 68} || {Q3 | July | 46}",
 "nlq": "What is the number of House buildings in Quarter and in Month for which the number of Factory buildings is greater than 54.64? Please, report the corresponding Quarter, Month, and number of buildings."}]
}
