Type of building,Usage,Quarter,Month,Value
Type_of_building,Usage,Quarter,Month,Value
Culture,Museum,Q1,January,0
Culture,Theatre,Q1,January,57
Service,Hospital,Q1,January,96
Service,Administration,Q1,January,19
Culture,Museum,Q1,February,8
Culture,Theatre,Q1,February,98
Service,Hospital,Q1,February,15
Service,Administration,Q1,February,13
Culture,Museum,Q2,April,83
Culture,Theatre,Q2,April,44
Service,Hospital,Q2,April,66
Service,Administration,Q2,April,18
Culture,Museum,Q2,May,71
Culture,Theatre,Q2,May,54
Service,Hospital,Q2,May,79
Service,Administration,Q2,May,60
Culture,Museum,Q2,June,95
Culture,Theatre,Q2,June,78
Service,Hospital,Q2,June,86
Service,Administration,Q2,June,46
