AA,BB,CC,DD,Value
AA,BB,CC,DD,Value
AAsw,BByz,CCfv,DDgk,82
AAsw,BBwy,CCfv,DDgk,13
AAsw,BBhj,CCfv,DDgk,74
AAbk,BBrz,CCfv,DDgk,57
AAbk,BBvw,CCfv,DDgk,31
AAsw,BByz,CCfv,DDfk,89
AAsw,BBwy,CCfv,DDfk,59
AAsw,BBhj,CCfv,DDfk,60
AAbk,BBrz,CCfv,DDfk,85
AAbk,BBvw,CCfv,DDfk,65
AAsw,BByz,CCvz,DDkt,14
AAsw,BBwy,CCvz,DDkt,51
AAsw,BBhj,CCvz,DDkt,69
AAbk,BBrz,CCvz,DDkt,0
AAbk,BBvw,CCvz,DDkt,73
AAsw,BByz,CCvz,DDdk,24
AAsw,BBwy,CCvz,DDdk,19
AAsw,BBhj,CCvz,DDdk,1
AAbk,BBrz,CCvz,DDdk,97
AAbk,BBvw,CCvz,DDdk,3
AAsw,BByz,CCvz,DDkv,90
AAsw,BBwy,CCvz,DDkv,11
AAsw,BBhj,CCvz,DDkv,98
AAbk,BBrz,CCvz,DDkv,44
AAbk,BBvw,CCvz,DDkv,37

