{
"filename": "Number_of_constructions_set3_2_DB.csv",
"questions": [{"name": "template 1",
 "sql": "SELECT Value FROM DBdata WHERE ((Type_of_building = 'Culture' AND Usage = 'Concert')) AND ((Quarter = 'Q4' AND Month = 'November'))",
 "sqlResult": "{75}",
 "nlq": "What is the number of Concert buildings in November?"},
{"name": "template 2",
 "sql": "SELECT Value FROM DBdata WHERE ((Type_of_building = 'Production' AND Usage = 'Factory')) AND ((Quarter = 'Q3' AND Month = 'August') OR (Quarter = 'Q3' AND Month = 'September') OR (Quarter = 'Q4' AND Month = 'December'))",
 "sqlResult": "{31} || {34} || {8}",
 "nlq": "What is the number of Factory buildings in August, December, or September?"},
{"name": "template 3",
 "sql": "SELECT Value FROM DBdata WHERE ((Type_of_building = 'Production' AND Usage = 'Workshop') OR (Type_of_building = 'Production' AND Usage = 'Factory') OR (Type_of_building = 'Service' AND Usage = 'Administration')) AND ((Quarter = 'Q4' AND Month = 'December'))",
 "sqlResult": "{20} || {8} || {28}",
 "nlq": "What is the number of Administration, Factory, or Workshop buildings in December?"},
{"name": "template 4",
 "sql": "SELECT avg(Value),sum(Value) FROM DBdata WHERE ((Type_of_building = 'Production' AND Usage = 'Workshop') OR (Type_of_building = 'Production' AND Usage = 'Factory') OR (Type_of_building = 'Culture' AND Usage = 'Theatre') OR (Type_of_building = 'Culture' AND Usage = 'Concert') OR (Type_of_building = 'Service' AND Usage = 'Hospital') OR (Type_of_building = 'Service' AND Usage = 'Administration')) AND ((Quarter = 'Q4' AND Month = 'November'))",
 "sqlResult": "{62.5 | 375}",
 "nlq": "What are the average and total numbers of Administration, Concert, Factory, Hospital, Theatre, or Workshop buildings in November?"},
{"name": "template 6",
 "sql": "SELECT Value FROM DBdata WHERE ((Type_of_building = 'Culture' AND Usage = 'Theatre') OR (Type_of_building = 'Culture' AND Usage = 'Concert')) AND ((Quarter = 'Q3' AND Month = 'August') OR (Quarter = 'Q3' AND Month = 'September') OR (Quarter = 'Q4' AND Month = 'November') OR (Quarter = 'Q4' AND Month = 'December'))",
 "sqlResult": "{52} || {26} || {57} || {19} || {82} || {75} || {59} || {50}",
 "nlq": "What is the number of Concert or Theatre buildings in August, December, November, or September?"},
{"name": "template 7",
 "sql": "SELECT min(Value),max(Value) FROM DBdata WHERE ((Type_of_building = 'Culture' AND Usage = 'Theatre')) AND ((Quarter = 'Q3' AND Month = 'August') OR (Quarter = 'Q3' AND Month = 'September') OR (Quarter = 'Q4' AND Month = 'November'))",
 "sqlResult": "{52 | 82}",
 "nlq": "What are the minimum and maximum numbers of Theatre buildings in August, November, or September?"},
{"name": "template 8",
 "sql": "SELECT Type_of_building,Usage,sum(Value),max(Value) FROM DBdata WHERE ((Type_of_building = 'Production' AND Usage = 'Workshop') OR (Type_of_building = 'Production' AND Usage = 'Factory') OR (Type_of_building = 'Culture' AND Usage = 'Theatre') OR (Type_of_building = 'Service' AND Usage = 'Hospital') OR (Type_of_building = 'Service' AND Usage = 'Administration')) AND ((Quarter = 'Q3' AND Month = 'September') OR (Quarter = 'Q4' AND Month = 'November') OR (Quarter = 'Q4' AND Month = 'December')) GROUP BY Type_of_building,Usage",
 "sqlResult": "{Culture | Theatre | 198 | 82} || {Production | Factory | 93 | 51} || {Production | Workshop | 175 | 78} || {Service | Administration | 91 | 40} || {Service | Hospital | 165 | 66}",
 "nlq": "What are the total and maximum numbers for each Type of building and Usage, of Administration, Factory, Hospital, Theatre, or Workshop buildings in December, November, or September? Please, report the corresponding Type of building and Usage."},
{"name": "template 9",
 "sql": "SELECT min(Value) FROM DBdata WHERE ((Type_of_building = 'Service' AND Usage = 'Administration')) AND (Quarter IN ('Q3','Q4')) GROUP BY Quarter",
 "sqlResult": "{40} || {23}",
 "nlq": "What is the minimum number for each Quarter, of Administration buildings in Q3 or Q4?"},
{"name": "template 10",
 "sql": "SELECT Quarter,avg(Value) FROM DBdata WHERE ((Type_of_building = 'Production' AND Usage = 'Factory')) AND (Quarter IN ('Q3','Q4')) GROUP BY Quarter",
 "sqlResult": "{Q3 | 32.5} || {Q4 | 29.5}",
 "nlq": "What is the average number for each Quarter, of Factory buildings in Q3 or Q4? Please, report the corresponding Quarter."},
{"name": "template 11",
 "sql": "SELECT Quarter,Type_of_building,Usage,min(Value) FROM DBdata WHERE ((Type_of_building = 'Production' AND Usage = 'Factory') OR (Type_of_building = 'Culture' AND Usage = 'Theatre') OR (Type_of_building = 'Service' AND Usage = 'Administration')) AND (Quarter IN ('Q3','Q4')) GROUP BY Quarter,Type_of_building,Usage",
 "sqlResult": "{Q3 | Culture | Theatre | 52} || {Q3 | Production | Factory | 31} || {Q3 | Service | Administration | 40} || {Q4 | Culture | Theatre | 59} || {Q4 | Production | Factory | 8} || {Q4 | Service | Administration | 23}",
 "nlq": "What is the minimum number for each Quarter, Type of building, and Usage, of Administration, Factory, or Theatre buildings in Q3 or Q4? Please, report the corresponding Quarter, Type of building, and Usage."},
{"name": "template 12",
 "sql": "SELECT Value FROM DBdata WHERE ((Type_of_building = 'Production' AND Usage = 'Workshop')) AND (Quarter IN ('Q3','Q4')) ORDER BY VALUE DESC LIMIT 2",
 "sqlResult": "{78} || {77}",
 "nlq": "What are the top 2 numbers of Workshop buildings in Q3 or Q4?"},
{"name": "template 13",
 "sql": "SELECT Value FROM DBdata WHERE ((Type_of_building = 'Culture' AND Usage = 'Theatre')) AND (Quarter IN ('Q3','Q4')) ORDER BY VALUE DESC",
 "sqlResult": "{82} || {59} || {57} || {52}",
 "nlq": "What are the numbers ordered by descending values of Theatre buildings in Q3 or Q4?"},
{"name": "template 14",
 "sql": "SELECT Quarter,Month FROM DBdata WHERE ((Type_of_building = 'Production' AND Usage = 'Workshop')) AND Value < 50.21",
 "sqlResult": "{Q4 | December}",
 "nlq": "What are the Quarter and Month for which the number of Workshop buildings is lower than 50.21?"},
{"name": "template 15",
 "sql": "SELECT Quarter,Month,Value FROM DBdata WHERE ((Type_of_building = 'Production' AND Usage = 'Factory')) AND (Quarter,Month) IN (SELECT Quarter,Month FROM DBdata WHERE ((Type_of_building = 'Production' AND Usage = 'Workshop')) AND Value < 50.21)",
 "sqlResult": "{Q4 | December | 8}",
 "nlq": "What is the number of Factory buildings in Quarter and in Month for which the number of Workshop buildings is lower than 50.21? Please, report the corresponding Quarter, Month, and number of buildings."}]
}
