{
"filename": "Number_of_constructions_set10_2_DB.csv",
"questions": [{"name": "template 1",
 "sql": "SELECT Value FROM DBdata WHERE ((Type_of_building = 'Culture' AND Usage = 'Museum')) AND ((Quarter = 'Q2' AND Month = 'April'))",
 "sqlResult": "{24}",
 "nlq": "What is the number of Museum buildings in April?"},
{"name": "template 2",
 "sql": "SELECT Value FROM DBdata WHERE ((Type_of_building = 'Service' AND Usage = 'Library')) AND ((Quarter = 'Q2' AND Month = 'April') OR (Quarter = 'Q2' AND Month = 'May') OR (Quarter = 'Q2' AND Month = 'June') OR (Quarter = 'Q3' AND Month = 'August') OR (Quarter = 'Q3' AND Month = 'September') OR (Quarter = 'Q4' AND Month = 'October'))",
 "sqlResult": "{62} || {25} || {64} || {95} || {38} || {39}",
 "nlq": "What is the number of Library buildings in April, August, June, May, October, or September?"},
{"name": "template 3",
 "sql": "SELECT Value FROM DBdata WHERE ((Type_of_building = 'Culture' AND Usage = 'Museum') OR (Type_of_building = 'Culture' AND Usage = 'Theatre') OR (Type_of_building = 'Culture' AND Usage = 'Concert') OR (Type_of_building = 'Service' AND Usage = 'Hospital') OR (Type_of_building = 'Service' AND Usage = 'Administration')) AND ((Quarter = 'Q3' AND Month = 'September'))",
 "sqlResult": "{100} || {79} || {17} || {75} || {83}",
 "nlq": "What is the number of Administration, Concert, Hospital, Museum, or Theatre buildings in September?"},
{"name": "template 4",
 "sql": "SELECT avg(Value),sum(Value) FROM DBdata WHERE ((Type_of_building = 'Service' AND Usage = 'Hospital') OR (Type_of_building = 'Service' AND Usage = 'Administration')) AND ((Quarter = 'Q2' AND Month = 'June'))",
 "sqlResult": "{16 | 32}",
 "nlq": "What are the average and total numbers of Administration or Hospital buildings in June?"},
{"name": "template 6",
 "sql": "SELECT Value FROM DBdata WHERE ((Type_of_building = 'Culture' AND Usage = 'Theatre') OR (Type_of_building = 'Culture' AND Usage = 'Concert') OR (Type_of_building = 'Service' AND Usage = 'Administration')) AND ((Quarter = 'Q3' AND Month = 'August') OR (Quarter = 'Q4' AND Month = 'October'))",
 "sqlResult": "{57} || {63} || {32} || {5} || {94} || {52}",
 "nlq": "What is the number of Administration, Concert, or Theatre buildings in August or October?"},
{"name": "template 7",
 "sql": "SELECT max(Value),min(Value) FROM DBdata WHERE ((Type_of_building = 'Service' AND Usage = 'Hospital')) AND ((Quarter = 'Q2' AND Month = 'May') OR (Quarter = 'Q2' AND Month = 'June') OR (Quarter = 'Q3' AND Month = 'August') OR (Quarter = 'Q4' AND Month = 'October'))",
 "sqlResult": "{81 | 9}",
 "nlq": "What are the maximum and minimum numbers of Hospital buildings in August, June, May, or October?"},
{"name": "template 8",
 "sql": "SELECT Type_of_building,Usage,max(Value),min(Value) FROM DBdata WHERE ((Type_of_building = 'Culture' AND Usage = 'Museum') OR (Type_of_building = 'Culture' AND Usage = 'Concert') OR (Type_of_building = 'Service' AND Usage = 'Administration')) AND ((Quarter = 'Q2' AND Month = 'May') OR (Quarter = 'Q4' AND Month = 'October') OR (Quarter = 'Q4' AND Month = 'November')) GROUP BY Type_of_building,Usage",
 "sqlResult": "{Culture | Concert | 94 | 0} || {Culture | Museum | 47 | 6} || {Service | Administration | 58 | 14}",
 "nlq": "What are the maximum and minimum numbers for each Type of building and Usage, of Administration, Concert, or Museum buildings in May, November, or October? Please, report the corresponding Type of building and Usage."},
{"name": "template 9",
 "sql": "SELECT min(Value) FROM DBdata WHERE ((Type_of_building = 'Culture' AND Usage = 'Museum')) AND (Quarter IN ('Q2','Q3','Q4')) GROUP BY Quarter",
 "sqlResult": "{20} || {11} || {6}",
 "nlq": "What is the minimum number for each Quarter, of Museum buildings in Q2, Q3, or Q4?"},
{"name": "template 10",
 "sql": "SELECT Quarter,avg(Value) FROM DBdata WHERE ((Type_of_building = 'Culture' AND Usage = 'Theatre')) AND (Quarter IN ('Q2','Q3','Q4')) GROUP BY Quarter",
 "sqlResult": "{Q2 | 61.67} || {Q3 | 68} || {Q4 | 10}",
 "nlq": "What is the average number for each Quarter, of Theatre buildings in Q2, Q3, or Q4? Please, report the corresponding Quarter."},
{"name": "template 11",
 "sql": "SELECT Quarter,Type_of_building,Usage,max(Value) FROM DBdata WHERE ((Type_of_building = 'Culture' AND Usage = 'Museum') OR (Type_of_building = 'Culture' AND Usage = 'Theatre') OR (Type_of_building = 'Culture' AND Usage = 'Concert')) AND (Quarter IN ('Q2','Q3','Q4')) GROUP BY Quarter,Type_of_building,Usage",
 "sqlResult": "{Q2 | Culture | Concert | 76} || {Q2 | Culture | Museum | 96} || {Q2 | Culture | Theatre | 92} || {Q3 | Culture | Concert | 63} || {Q3 | Culture | Museum | 100} || {Q3 | Culture | Theatre | 79} || {Q4 | Culture | Concert | 94} || {Q4 | Culture | Museum | 47} || {Q4 | Culture | Theatre | 15}",
 "nlq": "What is the maximum number for each Quarter, Type of building, and Usage, of Concert, Museum, or Theatre buildings in Q2, Q3, or Q4? Please, report the corresponding Quarter, Type of building, and Usage."},
{"name": "template 12",
 "sql": "SELECT Value FROM DBdata WHERE ((Type_of_building = 'Service' AND Usage = 'Library')) AND (Quarter IN ('Q2','Q4')) ORDER BY VALUE DESC LIMIT 2",
 "sqlResult": "{64} || {62}",
 "nlq": "What are the top 2 numbers of Library buildings in Q2 or Q4?"},
{"name": "template 13",
 "sql": "SELECT Value FROM DBdata WHERE ((Type_of_building = 'Culture' AND Usage = 'Theatre')) AND (Quarter IN ('Q3','Q4')) ORDER BY VALUE DESC",
 "sqlResult": "{79} || {57} || {15} || {5}",
 "nlq": "What are the numbers ordered by descending values of Theatre buildings in Q3 or Q4?"},
{"name": "template 14",
 "sql": "SELECT Quarter,Month FROM DBdata WHERE ((Type_of_building = 'Culture' AND Usage = 'Concert')) AND Value < 50.07",
 "sqlResult": "{Q2 | May} || {Q2 | June} || {Q3 | September}",
 "nlq": "What are the Quarter and Month for which the number of Concert buildings is lower than 50.07?"},
{"name": "template 15",
 "sql": "SELECT Quarter,Month,Value FROM DBdata WHERE ((Type_of_building = 'Service' AND Usage = 'Administration')) AND (Quarter,Month) IN (SELECT Quarter,Month FROM DBdata WHERE ((Type_of_building = 'Culture' AND Usage = 'Concert')) AND Value < 50.07)",
 "sqlResult": "{Q2 | May | 14} || {Q2 | June | 23} || {Q3 | September | 83}",
 "nlq": "What is the number of Administration buildings in Quarter and in Month for which the number of Concert buildings is lower than 50.07? Please, report the corresponding Quarter, Month, and number of buildings."}]
}
