{
"filename": "Number_of_constructions_set10_3_DB.csv",
"questions": [{"name": "template 1",
 "sql": "SELECT Value FROM DBdata WHERE ((AA = 'AAcqw' AND BB = 'BBcsy')) AND ((CC = 'CCbhl' AND DD = 'DDbdr'))",
 "sqlResult": "{10}",
 "nlq": "What is the number of BBcsy buildings in DDbdr?"},
{"name": "template 2",
 "sql": "SELECT Value FROM DBdata WHERE ((AA = 'AAhnt' AND BB = 'BBkrw')) AND ((CC = 'CCdpq' AND DD = 'DDdjz') OR (CC = 'CCdpq' AND DD = 'DDbmz') OR (CC = 'CCdpq' AND DD = 'DDdjq') OR (CC = 'CCbhl' AND DD = 'DDbdr') OR (CC = 'CChmy' AND DD = 'DDbjt') OR (CC = 'CChmy' AND DD = 'DDfjy'))",
 "sqlResult": "{48} || {70} || {94} || {59} || {96} || {6}",
 "nlq": "What is the number of BBkrw buildings in DDdjz, DDbdr, DDdjq, DDbmz, DDfjy, or DDbjt?"},
{"name": "template 3",
 "sql": "SELECT Value FROM DBdata WHERE ((AA = 'AAcqw' AND BB = 'BBbgj') OR (AA = 'AAcqw' AND BB = 'BBcsy') OR (AA = 'AAcgk' AND BB = 'BBdpw') OR (AA = 'AAcgk' AND BB = 'BBhjk')) AND ((CC = 'CChmy' AND DD = 'DDbjt'))",
 "sqlResult": "{81} || {58} || {57} || {47}",
 "nlq": "What is the number of BBhjk, BBbgj, BBdpw, or BBcsy buildings in DDbjt?"},
{"name": "template 4",
 "sql": "SELECT min(Value),avg(Value) FROM DBdata WHERE ((AA = 'AAhnt' AND BB = 'BBgwz') OR (AA = 'AAcqw' AND BB = 'BBbgj') OR (AA = 'AAcqw' AND BB = 'BBhjr') OR (AA = 'AAcgk' AND BB = 'BBdpw') OR (AA = 'AAcgk' AND BB = 'BBlsz')) AND ((CC = 'CCdpq' AND DD = 'DDbmz'))",
 "sqlResult": "{49 | 60.2}",
 "nlq": "What are the minimum and average numbers of BBhjr, BBlsz, BBbgj, BBdpw, or BBgwz buildings in DDbmz?"},
{"name": "template 6",
 "sql": "SELECT Value FROM DBdata WHERE ((AA = 'AAcqw' AND BB = 'BBcsy') OR (AA = 'AAcgk' AND BB = 'BBdpw') OR (AA = 'AAcgk' AND BB = 'BBlsz') OR (AA = 'AAcgk' AND BB = 'BBhjk')) AND ((CC = 'CCdpq' AND DD = 'DDbmz') OR (CC = 'CCdpq' AND DD = 'DDdjq') OR (CC = 'CChmy' AND DD = 'DDbjt'))",
 "sqlResult": "{54} || {72} || {56} || {74} || {32} || {83} || {39} || {37} || {58} || {57} || {4} || {47}",
 "nlq": "What is the number of BBhjk, BBlsz, BBdpw, or BBcsy buildings in DDdjq, DDbmz, or DDbjt?"},
{"name": "template 7",
 "sql": "SELECT min(Value),max(Value) FROM DBdata WHERE ((AA = 'AAcgk' AND BB = 'BBlsz')) AND ((CC = 'CCbhl' AND DD = 'DDbhw') OR (CC = 'CCbhl' AND DD = 'DDcdv'))",
 "sqlResult": "{23 | 52}",
 "nlq": "What are the minimum and maximum numbers of BBlsz buildings in DDbhw or DDcdv?"},
{"name": "template 8",
 "sql": "SELECT AA,BB,max(Value),sum(Value) FROM DBdata WHERE ((AA = 'AAhnt' AND BB = 'BBkrw') OR (AA = 'AAcgk' AND BB = 'BBlsz')) AND ((CC = 'CCdpq' AND DD = 'DDbmz') OR (CC = 'CCbhl' AND DD = 'DDbhw')) GROUP BY AA,BB",
 "sqlResult": "{AAhnt | BBkrw | 70 | 78} || {AAcgk | BBlsz | 56 | 108}",
 "nlq": "What are the maximum and total numbers for each AA and BB, of BBkrw or BBlsz buildings in DDbhw or DDbmz? Please, report the corresponding AA and BB."},
{"name": "template 9",
 "sql": "SELECT min(Value) FROM DBdata WHERE ((AA = 'AAcqw' AND BB = 'BBcsy')) AND (CC IN ('CCdpq','CCbhl','CChmy')) GROUP BY CC",
 "sqlResult": "{32} || {10} || {26}",
 "nlq": "What is the minimum number for each CC, of BBcsy buildings in CCdpq, CCbhl, or CChmy?"},
{"name": "template 10",
 "sql": "SELECT CC,avg(Value) FROM DBdata WHERE ((AA = 'AAhnt' AND BB = 'BBgwz')) AND (CC IN ('CCdpq','CCbhl','CChmy')) GROUP BY CC",
 "sqlResult": "{CCdpq | 73} || {CCbhl | 29} || {CChmy | 69}",
 "nlq": "What is the average number for each CC, of BBgwz buildings in CCdpq, CCbhl, or CChmy? Please, report the corresponding CC."},
{"name": "template 11",
 "sql": "SELECT CC,AA,BB,avg(Value) FROM DBdata WHERE ((AA = 'AAcgk' AND BB = 'BBlsz') OR (AA = 'AAcgk' AND BB = 'BBhjk')) AND (CC IN ('CCdpq','CCbhl','CChmy')) GROUP BY CC,AA,BB",
 "sqlResult": "{CCdpq | AAcgk | BBhjk | 38.67} || {CCdpq | AAcgk | BBlsz | 36.67} || {CCbhl | AAcgk | BBhjk | 49.33} || {CCbhl | AAcgk | BBlsz | 51.33} || {CChmy | AAcgk | BBhjk | 37.5} || {CChmy | AAcgk | BBlsz | 23.5}",
 "nlq": "What is the average number for each CC, AA, and BB, of BBhjk or BBlsz buildings in CCdpq, CCbhl, or CChmy? Please, report the corresponding CC, AA, and BB."},
{"name": "template 12",
 "sql": "SELECT Value FROM DBdata WHERE ((AA = 'AAcgk' AND BB = 'BBhjk')) AND (CC IN ('CCdpq','CChmy')) ORDER BY VALUE DESC LIMIT 3",
 "sqlResult": "{74} || {47} || {37}",
 "nlq": "What are the top 3 numbers of BBhjk buildings in CCdpq or CChmy?"},
{"name": "template 13",
 "sql": "SELECT Value FROM DBdata WHERE ((AA = 'AAcgk' AND BB = 'BBlsz')) AND (CC IN ('CCbhl','CChmy')) ORDER BY VALUE DESC",
 "sqlResult": "{79} || {52} || {43} || {23} || {4}",
 "nlq": "What are the numbers ordered by descending values of BBlsz buildings in CCbhl or CChmy?"},
{"name": "template 14",
 "sql": "SELECT CC,DD FROM DBdata WHERE ((AA = 'AAcgk' AND BB = 'BBdpw')) AND Value < 46.69",
 "sqlResult": "{CCbhl | DDbhw}",
 "nlq": "What are the CC and DD for which the number of BBdpw buildings is lower than 46.69?"},
{"name": "template 15",
 "sql": "SELECT CC,DD,Value FROM DBdata WHERE ((AA = 'AAcqw' AND BB = 'BBbgj')) AND (CC,DD) IN (SELECT CC,DD FROM DBdata WHERE ((AA = 'AAcgk' AND BB = 'BBdpw')) AND Value < 46.69)",
 "sqlResult": "{CCbhl | DDbhw | 22}",
 "nlq": "What is the number of BBbgj buildings in CC and in DD for which the number of BBdpw buildings is lower than 46.69? Please, report the corresponding CC, DD, and number of buildings."}]
}

