{
"filename": "Number_of_constructions_set2_1_DB.csv",
"questions": [{"name": "template 1",
 "sql": "SELECT Value FROM DBdata WHERE ((AA = 'AAbk' AND BB = 'BBvw')) AND ((CC = 'CCfv' AND DD = 'DDfk'))",
 "sqlResult": "{65}",
 "nlq": "What is the number of BBvw buildings in DDfk?"},
{"name": "template 2",
 "sql": "SELECT Value FROM DBdata WHERE ((AA = 'AAsw' AND BB = 'BBhj')) AND ((CC = 'CCfv' AND DD = 'DDgk') OR (CC = 'CCvz' AND DD = 'DDkt') OR (CC = 'CCvz' AND DD = 'DDdk'))",
 "sqlResult": "{74} || {69} || {1}",
 "nlq": "What is the number of BBhj buildings in DDgk, DDdk, or DDkt?"},
{"name": "template 3",
 "sql": "SELECT Value FROM DBdata WHERE ((AA = 'AAsw' AND BB = 'BBwy') OR (AA = 'AAsw' AND BB = 'BBhj') OR (AA = 'AAbk' AND BB = 'BBrz') OR (AA = 'AAbk' AND BB = 'BBvw')) AND ((CC = 'CCvz' AND DD = 'DDkt'))",
 "sqlResult": "{51} || {69} || {0} || {73}",
 "nlq": "What is the number of BBvw, BBhj, BBrz, or BBwy buildings in DDkt?"},
{"name": "template 4",
 "sql": "SELECT max(Value),avg(Value) FROM DBdata WHERE ((AA = 'AAsw' AND BB = 'BBwy') OR (AA = 'AAsw' AND BB = 'BBhj')) AND ((CC = 'CCfv' AND DD = 'DDfk'))",
 "sqlResult": "{60 | 59.5}",
 "nlq": "What are the maximum and average numbers of BBhj or BBwy buildings in DDfk?"},
{"name": "template 6",
 "sql": "SELECT Value FROM DBdata WHERE ((AA = 'AAsw' AND BB = 'BByz') OR (AA = 'AAsw' AND BB = 'BBwy') OR (AA = 'AAsw' AND BB = 'BBhj') OR (AA = 'AAbk' AND BB = 'BBrz') OR (AA = 'AAbk' AND BB = 'BBvw')) AND ((CC = 'CCfv' AND DD = 'DDgk') OR (CC = 'CCvz' AND DD = 'DDkt'))",
 "sqlResult": "{82} || {13} || {74} || {57} || {31} || {14} || {51} || {69} || {0} || {73}",
 "nlq": "What is the number of BBvw, BBhj, BBrz, BByz, or BBwy buildings in DDgk or DDkt?"},
{"name": "template 7",
 "sql": "SELECT avg(Value),min(Value) FROM DBdata WHERE ((AA = 'AAsw' AND BB = 'BBwy')) AND ((CC = 'CCfv' AND DD = 'DDgk') OR (CC = 'CCfv' AND DD = 'DDfk') OR (CC = 'CCvz' AND DD = 'DDkt') OR (CC = 'CCvz' AND DD = 'DDdk') OR (CC = 'CCvz' AND DD = 'DDkv'))",
 "sqlResult": "{30.6 | 11}",
 "nlq": "What are the average and minimum numbers of BBwy buildings in DDfk, DDkv, DDgk, DDdk, or DDkt?"},
{"name": "template 8",
 "sql": "SELECT AA,BB,avg(Value),max(Value) FROM DBdata WHERE ((AA = 'AAsw' AND BB = 'BBhj') OR (AA = 'AAbk' AND BB = 'BBrz')) AND ((CC = 'CCfv' AND DD = 'DDfk') OR (CC = 'CCvz' AND DD = 'DDkv')) GROUP BY AA,BB",
 "sqlResult": "{AAsw | BBhj | 79 | 98} || {AAbk | BBrz | 64.5 | 85}",
 "nlq": "What are the average and maximum numbers for each AA and BB, of BBhj or BBrz buildings in DDfk or DDkv? Please, report the corresponding AA and BB."},
{"name": "template 9",
 "sql": "SELECT min(Value) FROM DBdata WHERE ((AA = 'AAsw' AND BB = 'BByz')) AND (CC IN ('CCfv','CCvz')) GROUP BY CC",
 "sqlResult": "{82} || {14}",
 "nlq": "What is the minimum number for each CC, of BByz buildings in CCfv or CCvz?"},
{"name": "template 10",
 "sql": "SELECT CC,avg(Value) FROM DBdata WHERE ((AA = 'AAbk' AND BB = 'BBvw')) AND (CC IN ('CCfv','CCvz')) GROUP BY CC",
 "sqlResult": "{CCfv | 48} || {CCvz | 37.67}",
 "nlq": "What is the average number for each CC, of BBvw buildings in CCfv or CCvz? Please, report the corresponding CC."},
{"name": "template 11",
 "sql": "SELECT CC,AA,BB,avg(Value) FROM DBdata WHERE ((AA = 'AAsw' AND BB = 'BByz') OR (AA = 'AAbk' AND BB = 'BBrz')) AND (CC IN ('CCfv','CCvz')) GROUP BY CC,AA,BB",
 "sqlResult": "{CCfv | AAsw | BByz | 85.5} || {CCfv | AAbk | BBrz | 71} || {CCvz | AAsw | BByz | 42.67} || {CCvz | AAbk | BBrz | 47}",
 "nlq": "What is the average number for each CC, AA, and BB, of BBrz or BByz buildings in CCfv or CCvz? Please, report the corresponding CC, AA, and BB."},
{"name": "template 12",
 "sql": "SELECT Value FROM DBdata WHERE ((AA = 'AAbk' AND BB = 'BBvw')) AND (CC IN ('CCfv','CCvz')) ORDER BY VALUE DESC LIMIT 2",
 "sqlResult": "{73} || {65}",
 "nlq": "What are the top 2 numbers of BBvw buildings in CCfv or CCvz?"},
{"name": "template 13",
 "sql": "SELECT Value FROM DBdata WHERE ((AA = 'AAsw' AND BB = 'BByz')) AND (CC IN ('CCfv','CCvz')) ORDER BY VALUE DESC",
 "sqlResult": "{90} || {89} || {82} || {24} || {14}",
 "nlq": "What are the numbers ordered by descending values of BByz buildings in CCfv or CCvz?"},
{"name": "template 14",
 "sql": "SELECT CC,DD FROM DBdata WHERE ((AA = 'AAsw' AND BB = 'BBhj')) AND Value > 49.84",
 "sqlResult": "{CCfv | DDgk} || {CCfv | DDfk} || {CCvz | DDkt} || {CCvz | DDkv}",
 "nlq": "What are the CC and DD for which the number of BBhj buildings is greater than 49.84?"},
{"name": "template 15",
 "sql": "SELECT CC,DD,Value FROM DBdata WHERE ((AA = 'AAsw' AND BB = 'BBwy')) AND (CC,DD) IN (SELECT CC,DD FROM DBdata WHERE ((AA = 'AAsw' AND BB = 'BBhj')) AND Value > 49.84)",
 "sqlResult": "{CCfv | DDgk | 13} || {CCfv | DDfk | 59} || {CCvz | DDkt | 51} || {CCvz | DDkv | 11}",
 "nlq": "What is the number of BBwy buildings in CC and in DD for which the number of BBhj buildings is greater than 49.84? Please, report the corresponding CC, DD, and number of buildings."}]
}

