{
"filename": "Number_of_constructions_set3_2_DB.csv",
"questions": [{"name": "template 1",
 "sql": "SELECT Value FROM DBdata WHERE ((AA = 'AAcp' AND BB = 'BBfh')) AND ((CC = 'CCty' AND DD = 'DDhq'))",
 "sqlResult": "{75}",
 "nlq": "What is the number of BBfh buildings in DDhq?"},
{"name": "template 2",
 "sql": "SELECT Value FROM DBdata WHERE ((AA = 'AAhx' AND BB = 'BBlv')) AND ((CC = 'CCct' AND DD = 'DDny') OR (CC = 'CCct' AND DD = 'DDfz') OR (CC = 'CCty' AND DD = 'DDqy'))",
 "sqlResult": "{31} || {34} || {8}",
 "nlq": "What is the number of BBlv buildings in DDny, DDqy, or DDfz?"},
{"name": "template 3",
 "sql": "SELECT Value FROM DBdata WHERE ((AA = 'AAhx' AND BB = 'BBcl') OR (AA = 'AAhx' AND BB = 'BBlv') OR (AA = 'AAsv' AND BB = 'BBgh')) AND ((CC = 'CCty' AND DD = 'DDqy'))",
 "sqlResult": "{20} || {8} || {28}",
 "nlq": "What is the number of BBgh, BBlv, or BBcl buildings in DDqy?"},
{"name": "template 4",
 "sql": "SELECT avg(Value),sum(Value) FROM DBdata WHERE ((AA = 'AAhx' AND BB = 'BBcl') OR (AA = 'AAhx' AND BB = 'BBlv') OR (AA = 'AAcp' AND BB = 'BBmz') OR (AA = 'AAcp' AND BB = 'BBfh') OR (AA = 'AAsv' AND BB = 'BBtw') OR (AA = 'AAsv' AND BB = 'BBgh')) AND ((CC = 'CCty' AND DD = 'DDhq'))",
 "sqlResult": "{62.5 | 375}",
 "nlq": "What are the average and total numbers of BBgh, BBfh, BBlv, BBtw, BBmz, or BBcl buildings in DDhq?"},
{"name": "template 6",
 "sql": "SELECT Value FROM DBdata WHERE ((AA = 'AAcp' AND BB = 'BBmz') OR (AA = 'AAcp' AND BB = 'BBfh')) AND ((CC = 'CCct' AND DD = 'DDny') OR (CC = 'CCct' AND DD = 'DDfz') OR (CC = 'CCty' AND DD = 'DDhq') OR (CC = 'CCty' AND DD = 'DDqy'))",
 "sqlResult": "{52} || {26} || {57} || {19} || {82} || {75} || {59} || {50}",
 "nlq": "What is the number of BBfh or BBmz buildings in DDny, DDqy, DDhq, or DDfz?"},
{"name": "template 7",
 "sql": "SELECT min(Value),max(Value) FROM DBdata WHERE ((AA = 'AAcp' AND BB = 'BBmz')) AND ((CC = 'CCct' AND DD = 'DDny') OR (CC = 'CCct' AND DD = 'DDfz') OR (CC = 'CCty' AND DD = 'DDhq'))",
 "sqlResult": "{52 | 82}",
 "nlq": "What are the minimum and maximum numbers of BBmz buildings in DDny, DDhq, or DDfz?"},
{"name": "template 8",
 "sql": "SELECT AA,BB,sum(Value),max(Value) FROM DBdata WHERE ((AA = 'AAhx' AND BB = 'BBcl') OR (AA = 'AAhx' AND BB = 'BBlv') OR (AA = 'AAcp' AND BB = 'BBmz') OR (AA = 'AAsv' AND BB = 'BBtw') OR (AA = 'AAsv' AND BB = 'BBgh')) AND ((CC = 'CCct' AND DD = 'DDfz') OR (CC = 'CCty' AND DD = 'DDhq') OR (CC = 'CCty' AND DD = 'DDqy')) GROUP BY AA,BB",
 "sqlResult": "{AAcp | BBmz | 198 | 82} || {AAhx | BBlv | 93 | 51} || {AAhx | BBcl | 175 | 78} || {AAsv | BBgh | 91 | 40} || {AAsv | BBtw | 165 | 66}",
 "nlq": "What are the total and maximum numbers for each AA and BB, of BBgh, BBlv, BBtw, BBmz, or BBcl buildings in DDqy, DDhq, or DDfz? Please, report the corresponding AA and BB."},
{"name": "template 9",
 "sql": "SELECT min(Value) FROM DBdata WHERE ((AA = 'AAsv' AND BB = 'BBgh')) AND (CC IN ('CCct','CCty')) GROUP BY CC",
 "sqlResult": "{40} || {23}",
 "nlq": "What is the minimum number for each CC, of BBgh buildings in CCct or CCty?"},
{"name": "template 10",
 "sql": "SELECT CC,avg(Value) FROM DBdata WHERE ((AA = 'AAhx' AND BB = 'BBlv')) AND (CC IN ('CCct','CCty')) GROUP BY CC",
 "sqlResult": "{CCct | 32.5} || {CCty | 29.5}",
 "nlq": "What is the average number for each CC, of BBlv buildings in CCct or CCty? Please, report the corresponding CC."},
{"name": "template 11",
 "sql": "SELECT CC,AA,BB,min(Value) FROM DBdata WHERE ((AA = 'AAhx' AND BB = 'BBlv') OR (AA = 'AAcp' AND BB = 'BBmz') OR (AA = 'AAsv' AND BB = 'BBgh')) AND (CC IN ('CCct','CCty')) GROUP BY CC,AA,BB",
 "sqlResult": "{CCct | AAcp | BBmz | 52} || {CCct | AAhx | BBlv | 31} || {CCct | AAsv | BBgh | 40} || {CCty | AAcp | BBmz | 59} || {CCty | AAhx | BBlv | 8} || {CCty | AAsv | BBgh | 23}",
 "nlq": "What is the minimum number for each CC, AA, and BB, of BBgh, BBlv, or BBmz buildings in CCct or CCty? Please, report the corresponding CC, AA, and BB."},
{"name": "template 12",
 "sql": "SELECT Value FROM DBdata WHERE ((AA = 'AAhx' AND BB = 'BBcl')) AND (CC IN ('CCct','CCty')) ORDER BY VALUE DESC LIMIT 2",
 "sqlResult": "{78} || {77}",
 "nlq": "What are the top 2 numbers of BBcl buildings in CCct or CCty?"},
{"name": "template 13",
 "sql": "SELECT Value FROM DBdata WHERE ((AA = 'AAcp' AND BB = 'BBmz')) AND (CC IN ('CCct','CCty')) ORDER BY VALUE DESC",
 "sqlResult": "{82} || {59} || {57} || {52}",
 "nlq": "What are the numbers ordered by descending values of BBmz buildings in CCct or CCty?"},
{"name": "template 14",
 "sql": "SELECT CC,DD FROM DBdata WHERE ((AA = 'AAhx' AND BB = 'BBcl')) AND Value < 50.21",
 "sqlResult": "{CCty | DDqy}",
 "nlq": "What are the CC and DD for which the number of BBcl buildings is lower than 50.21?"},
{"name": "template 15",
 "sql": "SELECT CC,DD,Value FROM DBdata WHERE ((AA = 'AAhx' AND BB = 'BBlv')) AND (CC,DD) IN (SELECT CC,DD FROM DBdata WHERE ((AA = 'AAhx' AND BB = 'BBcl')) AND Value < 50.21)",
 "sqlResult": "{CCty | DDqy | 8}",
 "nlq": "What is the number of BBlv buildings in CC and in DD for which the number of BBcl buildings is lower than 50.21? Please, report the corresponding CC, DD, and number of buildings."}]
}

