{
"filename": "Number_of_constructions_set9_3_DB.csv",
"questions": [{"name": "template 1",
 "sql": "SELECT Value FROM DBdata WHERE ((Type_of_building = 'Service' AND Usage = 'School')) AND ((Quarter = 'Q3' AND Month = 'August'))",
 "sqlResult": "{94}",
 "nlq": "What is the number of School buildings in August?"},
{"name": "template 2",
 "sql": "SELECT Value FROM DBdata WHERE ((Type_of_building = 'Culture' AND Usage = 'Theatre')) AND ((Quarter = 'Q3' AND Month = 'July') OR (Quarter = 'Q3' AND Month = 'August') OR (Quarter = 'Q4' AND Month = 'November') OR (Quarter = 'Q4' AND Month = 'December'))",
 "sqlResult": "{59} || {63} || {84} || {90}",
 "nlq": "What is the number of Theatre buildings in August, December, July, or November?"},
{"name": "template 3",
 "sql": "SELECT Value FROM DBdata WHERE ((Type_of_building = 'Production' AND Usage = 'Factory') OR (Type_of_building = 'Culture' AND Usage = 'Museum') OR (Type_of_building = 'Service' AND Usage = 'School') OR (Type_of_building = 'Service' AND Usage = 'Administration')) AND ((Quarter = 'Q3' AND Month = 'July'))",
 "sqlResult": "{12} || {100} || {2} || {10}",
 "nlq": "What is the number of Administration, Factory, Museum, or School buildings in July?"},
{"name": "template 4",
 "sql": "SELECT sum(Value),min(Value) FROM DBdata WHERE ((Type_of_building = 'Culture' AND Usage = 'Theatre') OR (Type_of_building = 'Service' AND Usage = 'School')) AND ((Quarter = 'Q4' AND Month = 'December'))",
 "sqlResult": "{169 | 79}",
 "nlq": "What are the total and minimum numbers of School or Theatre buildings in December?"},
{"name": "template 6",
 "sql": "SELECT Value FROM DBdata WHERE ((Type_of_building = 'Production' AND Usage = 'Workshop') OR (Type_of_building = 'Culture' AND Usage = 'Museum') OR (Type_of_building = 'Culture' AND Usage = 'Theatre') OR (Type_of_building = 'Service' AND Usage = 'School') OR (Type_of_building = 'Service' AND Usage = 'Hospital')) AND ((Quarter = 'Q3' AND Month = 'July') OR (Quarter = 'Q3' AND Month = 'August') OR (Quarter = 'Q4' AND Month = 'November') OR (Quarter = 'Q4' AND Month = 'December'))",
 "sqlResult": "{35} || {100} || {59} || {2} || {87} || {69} || {95} || {63} || {94} || {77} || {98} || {23} || {84} || {70} || {1} || {3} || {15} || {90} || {79} || {96}",
 "nlq": "What is the number of Hospital, Museum, School, Theatre, or Workshop buildings in August, December, July, or November?"},
{"name": "template 7",
 "sql": "SELECT min(Value),avg(Value) FROM DBdata WHERE ((Type_of_building = 'Culture' AND Usage = 'Theatre')) AND ((Quarter = 'Q3' AND Month = 'August') OR (Quarter = 'Q4' AND Month = 'November') OR (Quarter = 'Q4' AND Month = 'December'))",
 "sqlResult": "{63 | 79}",
 "nlq": "What are the minimum and average numbers of Theatre buildings in August, December, or November?"},
{"name": "template 8",
 "sql": "SELECT Type_of_building,Usage,min(Value),sum(Value) FROM DBdata WHERE ((Type_of_building = 'Production' AND Usage = 'Workshop') OR (Type_of_building = 'Production' AND Usage = 'Factory') OR (Type_of_building = 'Culture' AND Usage = 'Museum')) AND ((Quarter = 'Q3' AND Month = 'July') OR (Quarter = 'Q4' AND Month = 'November') OR (Quarter = 'Q4' AND Month = 'December')) GROUP BY Type_of_building,Usage",
 "sqlResult": "{Culture | Museum | 15 | 138} || {Production | Factory | 12 | 158} || {Production | Workshop | 3 | 136}",
 "nlq": "What are the minimum and total numbers for each Type of building and Usage, of Factory, Museum, or Workshop buildings in December, July, or November? Please, report the corresponding Type of building and Usage."},
{"name": "template 9",
 "sql": "SELECT min(Value) FROM DBdata WHERE ((Type_of_building = 'Service' AND Usage = 'Administration')) AND (Quarter IN ('Q3','Q4')) GROUP BY Quarter",
 "sqlResult": "{10} || {0}",
 "nlq": "What is the minimum number for each Quarter, of Administration buildings in Q3 or Q4?"},
{"name": "template 10",
 "sql": "SELECT Quarter,avg(Value) FROM DBdata WHERE ((Type_of_building = 'Culture' AND Usage = 'Theatre')) AND (Quarter IN ('Q3','Q4')) GROUP BY Quarter",
 "sqlResult": "{Q3 | 61} || {Q4 | 87}",
 "nlq": "What is the average number for each Quarter, of Theatre buildings in Q3 or Q4? Please, report the corresponding Quarter."},
{"name": "template 11",
 "sql": "SELECT Quarter,Type_of_building,Usage,avg(Value) FROM DBdata WHERE ((Type_of_building = 'Production' AND Usage = 'Factory') OR (Type_of_building = 'Culture' AND Usage = 'Museum') OR (Type_of_building = 'Service' AND Usage = 'Hospital')) AND (Quarter IN ('Q3','Q4')) GROUP BY Quarter,Type_of_building,Usage",
 "sqlResult": "{Q3 | Culture | Museum | 97.5} || {Q3 | Production | Factory | 42.5} || {Q3 | Service | Hospital | 82} || {Q4 | Culture | Museum | 19} || {Q4 | Production | Factory | 73} || {Q4 | Service | Hospital | 48.5}",
 "nlq": "What is the average number for each Quarter, Type of building, and Usage, of Factory, Hospital, or Museum buildings in Q3 or Q4? Please, report the corresponding Quarter, Type of building, and Usage."},
{"name": "template 12",
 "sql": "SELECT Value FROM DBdata WHERE ((Type_of_building = 'Production' AND Usage = 'Workshop')) AND (Quarter IN ('Q3','Q4')) ORDER BY VALUE DESC LIMIT 2",
 "sqlResult": "{98} || {69}",
 "nlq": "What are the top 2 numbers of Workshop buildings in Q3 or Q4?"},
{"name": "template 13",
 "sql": "SELECT Value FROM DBdata WHERE ((Type_of_building = 'Production' AND Usage = 'Workshop')) AND (Quarter IN ('Q3','Q4')) ORDER BY VALUE ASC",
 "sqlResult": "{3} || {35} || {69} || {98}",
 "nlq": "What are the numbers ordered by ascending values of Workshop buildings in Q3 or Q4?"},
{"name": "template 14",
 "sql": "SELECT Quarter,Month FROM DBdata WHERE ((Type_of_building = 'Service' AND Usage = 'School')) AND Value < 56.64",
 "sqlResult": "{Q3 | July}",
 "nlq": "What are the Quarter and Month for which the number of School buildings is lower than 56.64?"},
{"name": "template 15",
 "sql": "SELECT Quarter,Month,Value FROM DBdata WHERE ((Type_of_building = 'Production' AND Usage = 'Factory')) AND (Quarter,Month) IN (SELECT Quarter,Month FROM DBdata WHERE ((Type_of_building = 'Service' AND Usage = 'School')) AND Value < 56.64)",
 "sqlResult": "{Q3 | July | 12}",
 "nlq": "What is the number of Factory buildings in Quarter and in Month for which the number of School buildings is lower than 56.64? Please, report the corresponding Quarter, Month, and number of buildings."}]
}
