{
"filename": "Number_of_constructions_set8_3_DB.csv",
"questions": [{"name": "template 1",
 "sql": "SELECT Value FROM DBdata WHERE ((AA = 'AAjp' AND BB = 'BBnw')) AND ((CC = 'CCcf' AND DD = 'DDvz'))",
 "sqlResult": "{56}",
 "nlq": "What is the number of BBnw buildings in DDvz?"},
{"name": "template 2",
 "sql": "SELECT Value FROM DBdata WHERE ((AA = 'AAjp' AND BB = 'BBnw')) AND ((CC = 'CCdn' AND DD = 'DDdt') OR (CC = 'CCdn' AND DD = 'DDwy'))",
 "sqlResult": "{43} || {38}",
 "nlq": "What is the number of BBnw buildings in DDdt or DDwy?"},
{"name": "template 3",
 "sql": "SELECT Value FROM DBdata WHERE ((AA = 'AAjw' AND BB = 'BBnz') OR (AA = 'AAjp' AND BB = 'BBnw')) AND ((CC = 'CCdn' AND DD = 'DDdt'))",
 "sqlResult": "{31} || {43}",
 "nlq": "What is the number of BBnz or BBnw buildings in DDdt?"},
{"name": "template 4",
 "sql": "SELECT min(Value),max(Value) FROM DBdata WHERE ((AA = 'AAjw' AND BB = 'BBms') OR (AA = 'AAjw' AND BB = 'BBnz') OR (AA = 'AAjp' AND BB = 'BBnw') OR (AA = 'AAjp' AND BB = 'BBgv')) AND ((CC = 'CCcf' AND DD = 'DDvz'))",
 "sqlResult": "{9 | 56}",
 "nlq": "What are the minimum and maximum numbers of BBnz, BBgv, BBms, or BBnw buildings in DDvz?"},
{"name": "template 6",
 "sql": "SELECT Value FROM DBdata WHERE ((AA = 'AAjw' AND BB = 'BBms') OR (AA = 'AAjw' AND BB = 'BBnz') OR (AA = 'AAjw' AND BB = 'BBbz') OR (AA = 'AAjp' AND BB = 'BBgv')) AND ((CC = 'CCdn' AND DD = 'DDdt') OR (CC = 'CCdn' AND DD = 'DDwy') OR (CC = 'CCcf' AND DD = 'DDvz') OR (CC = 'CCcf' AND DD = 'DDhy'))",
 "sqlResult": "{6} || {31} || {88} || {90} || {84} || {13} || {70} || {59} || {46} || {9} || {19} || {32} || {92} || {76} || {28} || {21}",
 "nlq": "What is the number of BBnz, BBgv, BBbz, or BBms buildings in DDdt, DDhy, DDvz, or DDwy?"},
{"name": "template 7",
 "sql": "SELECT max(Value),min(Value) FROM DBdata WHERE ((AA = 'AAjp' AND BB = 'BBgv')) AND ((CC = 'CCdn' AND DD = 'DDdt') OR (CC = 'CCdn' AND DD = 'DDwy') OR (CC = 'CCcf' AND DD = 'DDhy'))",
 "sqlResult": "{90 | 21}",
 "nlq": "What are the maximum and minimum numbers of BBgv buildings in DDdt, DDhy, or DDwy?"},
{"name": "template 8",
 "sql": "SELECT AA,BB,max(Value),sum(Value) FROM DBdata WHERE ((AA = 'AAjw' AND BB = 'BBms') OR (AA = 'AAjw' AND BB = 'BBnz') OR (AA = 'AAjw' AND BB = 'BBbz') OR (AA = 'AAjp' AND BB = 'BBnw') OR (AA = 'AAjp' AND BB = 'BBgv')) AND ((CC = 'CCdn' AND DD = 'DDdt') OR (CC = 'CCcf' AND DD = 'DDvz') OR (CC = 'CCcf' AND DD = 'DDhy')) GROUP BY AA,BB",
 "sqlResult": "{AAjp | BBgv | 90 | 143} || {AAjp | BBnw | 73 | 172} || {AAjw | BBnz | 76 | 116} || {AAjw | BBbz | 88 | 135} || {AAjw | BBms | 92 | 144}",
 "nlq": "What are the maximum and total numbers for each AA and BB, of BBnz, BBgv, BBbz, BBms, or BBnw buildings in DDdt, DDhy, or DDvz? Please, report the corresponding AA and BB."},
{"name": "template 9",
 "sql": "SELECT min(Value) FROM DBdata WHERE ((AA = 'AAjp' AND BB = 'BBnw')) AND (CC IN ('CCdn','CCcf')) GROUP BY CC",
 "sqlResult": "{38} || {56}",
 "nlq": "What is the minimum number for each CC, of BBnw buildings in CCdn or CCcf?"},
{"name": "template 10",
 "sql": "SELECT CC,max(Value) FROM DBdata WHERE ((AA = 'AAjp' AND BB = 'BBgv')) AND (CC IN ('CCdn','CCcf')) GROUP BY CC",
 "sqlResult": "{CCdn | 90} || {CCcf | 32}",
 "nlq": "What is the maximum number for each CC, of BBgv buildings in CCdn or CCcf? Please, report the corresponding CC."},
{"name": "template 11",
 "sql": "SELECT CC,AA,BB,max(Value) FROM DBdata WHERE ((AA = 'AAjw' AND BB = 'BBms') OR (AA = 'AAjw' AND BB = 'BBnz') OR (AA = 'AAjp' AND BB = 'BBgv')) AND (CC IN ('CCdn','CCcf')) GROUP BY CC,AA,BB",
 "sqlResult": "{CCdn | AAjp | BBgv | 90} || {CCdn | AAjw | BBnz | 31} || {CCdn | AAjw | BBms | 84} || {CCcf | AAjp | BBgv | 32} || {CCcf | AAjw | BBnz | 76} || {CCcf | AAjw | BBms | 92}",
 "nlq": "What is the maximum number for each CC, AA, and BB, of BBnz, BBgv, or BBms buildings in CCdn or CCcf? Please, report the corresponding CC, AA, and BB."},
{"name": "template 12",
 "sql": "SELECT Value FROM DBdata WHERE ((AA = 'AAjp' AND BB = 'BBnw')) AND (CC IN ('CCdn','CCcf')) ORDER BY VALUE DESC LIMIT 3",
 "sqlResult": "{73} || {56} || {43}",
 "nlq": "What are the top 3 numbers of BBnw buildings in CCdn or CCcf?"},
{"name": "template 13",
 "sql": "SELECT Value FROM DBdata WHERE ((AA = 'AAjp' AND BB = 'BBgv')) AND (CC IN ('CCdn','CCcf')) ORDER BY VALUE DESC",
 "sqlResult": "{90} || {59} || {32} || {21}",
 "nlq": "What are the numbers ordered by descending values of BBgv buildings in CCdn or CCcf?"},
{"name": "template 14",
 "sql": "SELECT CC,DD FROM DBdata WHERE ((AA = 'AAjw' AND BB = 'BBnz')) AND Value > 48.7",
 "sqlResult": "{CCcf | DDhy}",
 "nlq": "What are the CC and DD for which the number of BBnz buildings is greater than 48.7?"},
{"name": "template 15",
 "sql": "SELECT CC,DD,Value FROM DBdata WHERE ((AA = 'AAjp' AND BB = 'BBnw')) AND (CC,DD) IN (SELECT CC,DD FROM DBdata WHERE ((AA = 'AAjw' AND BB = 'BBnz')) AND Value > 48.7)",
 "sqlResult": "{CCcf | DDhy | 73}",
 "nlq": "What is the number of BBnw buildings in CC and in DD for which the number of BBnz buildings is greater than 48.7? Please, report the corresponding CC, DD, and number of buildings."}]
}

