Type of building,Usage,Quarter,Month,Value
Type_of_building,Usage,Quarter,Month,Value
Production,Workshop,Q2,April,3
Production,Factory,Q2,April,43
Culture,Theatre,Q2,April,11
Culture,Concert,Q2,April,38
Production,Workshop,Q2,May,28
Production,Factory,Q2,May,49
Culture,Theatre,Q2,May,86
Culture,Concert,Q2,May,35
Production,Workshop,Q3,July,29
Production,Factory,Q3,July,89
Culture,Theatre,Q3,July,27
Culture,Concert,Q3,July,81
Production,Workshop,Q3,August,75
Production,Factory,Q3,August,9
Culture,Theatre,Q3,August,98
Culture,Concert,Q3,August,62
Production,Workshop,Q3,September,76
Production,Factory,Q3,September,34
Culture,Theatre,Q3,September,85
Culture,Concert,Q3,September,53
Production,Workshop,Q4,October,40
Production,Factory,Q4,October,32
Culture,Theatre,Q4,October,48
Culture,Concert,Q4,October,64
Production,Workshop,Q4,November,25
Production,Factory,Q4,November,67
Culture,Theatre,Q4,November,15
Culture,Concert,Q4,November,78
