AA,BB,CC,DD,Value
AA,BB,CC,DD,Value
AAjw,BBms,CCdn,DDdt,6
AAjw,BBnz,CCdn,DDdt,31
AAjw,BBbz,CCdn,DDdt,88
AAjp,BBnw,CCdn,DDdt,43
AAjp,BBgv,CCdn,DDdt,90
AAjw,BBms,CCdn,DDwy,84
AAjw,BBnz,CCdn,DDwy,13
AAjw,BBbz,CCdn,DDwy,70
AAjp,BBnw,CCdn,DDwy,38
AAjp,BBgv,CCdn,DDwy,59
AAjw,BBms,CCcf,DDvz,46
AAjw,BBnz,CCcf,DDvz,9
AAjw,BBbz,CCcf,DDvz,19
AAjp,BBnw,CCcf,DDvz,56
AAjp,BBgv,CCcf,DDvz,32
AAjw,BBms,CCcf,DDhy,92
AAjw,BBnz,CCcf,DDhy,76
AAjw,BBbz,CCcf,DDhy,28
AAjp,BBnw,CCcf,DDhy,73
AAjp,BBgv,CCcf,DDhy,21

