AA,BB,CC,DD,Value
AA,BB,CC,DD,Value
AAdl,BBmn,CCnv,DDcl,82
AAdl,BBgl,CCnv,DDcl,74
AAjz,BBmq,CCnv,DDcl,4
AAjz,BBjn,CCnv,DDcl,15
AAms,BBjs,CCnv,DDcl,62
AAms,BBfm,CCnv,DDcl,75
AAdl,BBmn,CCnv,DDlm,1
AAdl,BBgl,CCnv,DDlm,34
AAjz,BBmq,CCnv,DDlm,33
AAjz,BBjn,CCnv,DDlm,2
AAms,BBjs,CCnv,DDlm,61
AAms,BBfm,CCnv,DDlm,77
AAdl,BBmn,CCmw,DDln,10
AAdl,BBgl,CCmw,DDln,27
AAjz,BBmq,CCmw,DDln,44
AAjz,BBjn,CCmw,DDln,13
AAms,BBjs,CCmw,DDln,96
AAms,BBfm,CCmw,DDln,51
AAdl,BBmn,CCmw,DDcq,45
AAdl,BBgl,CCmw,DDcq,28
AAjz,BBmq,CCmw,DDcq,43
AAjz,BBjn,CCmw,DDcq,20
AAms,BBjs,CCmw,DDcq,21
AAms,BBfm,CCmw,DDcq,100

