Type of building,Usage,Quarter,Month,Value
Type_of_building,Usage,Quarter,Month,Value
Residential,House,Q1,January,37
Residential,Apartment,Q1,January,12
Production,Workshop,Q1,January,70
Production,Factory,Q1,January,85
Residential,House,Q1,February,92
Residential,Apartment,Q1,February,43
Production,Workshop,Q1,February,47
Production,Factory,Q1,February,65
Residential,House,Q1,March,93
Residential,Apartment,Q1,March,15
Production,Workshop,Q1,March,25
Production,Factory,Q1,March,22
Residential,House,Q2,May,68
Residential,Apartment,Q2,May,33
Production,Workshop,Q2,May,57
Production,Factory,Q2,May,69
Residential,House,Q2,June,77
Residential,Apartment,Q2,June,36
Production,Workshop,Q2,June,30
Production,Factory,Q2,June,50
Residential,House,Q3,July,46
Residential,Apartment,Q3,July,64
Production,Workshop,Q3,July,90
Production,Factory,Q3,July,100
Residential,House,Q3,August,39
Residential,Apartment,Q3,August,16
Production,Workshop,Q3,August,98
Production,Factory,Q3,August,51
