{
"filename": "Number_of_constructions_set8_3_DB.csv",
"questions": [{"name": "template 1",
 "sql": "SELECT Value FROM DBdata WHERE ((Type_of_building = 'Production' AND Usage = 'Workshop')) AND ((Quarter = 'Q4' AND Month = 'October'))",
 "sqlResult": "{56}",
 "nlq": "What is the number of Workshop buildings in October?"},
{"name": "template 2",
 "sql": "SELECT Value FROM DBdata WHERE ((Type_of_building = 'Production' AND Usage = 'Workshop')) AND ((Quarter = 'Q3' AND Month = 'August') OR (Quarter = 'Q3' AND Month = 'September'))",
 "sqlResult": "{43} || {38}",
 "nlq": "What is the number of Workshop buildings in August or September?"},
{"name": "template 3",
 "sql": "SELECT Value FROM DBdata WHERE ((Type_of_building = 'Residential' AND Usage = 'Apartment') OR (Type_of_building = 'Production' AND Usage = 'Workshop')) AND ((Quarter = 'Q3' AND Month = 'August'))",
 "sqlResult": "{31} || {43}",
 "nlq": "What is the number of Apartment or Workshop buildings in August?"},
{"name": "template 4",
 "sql": "SELECT min(Value),max(Value) FROM DBdata WHERE ((Type_of_building = 'Residential' AND Usage = 'House') OR (Type_of_building = 'Residential' AND Usage = 'Apartment') OR (Type_of_building = 'Production' AND Usage = 'Workshop') OR (Type_of_building = 'Production' AND Usage = 'Factory')) AND ((Quarter = 'Q4' AND Month = 'October'))",
 "sqlResult": "{9 | 56}",
 "nlq": "What are the minimum and maximum numbers of Apartment, Factory, House, or Workshop buildings in October?"},
{"name": "template 6",
 "sql": "SELECT Value FROM DBdata WHERE ((Type_of_building = 'Residential' AND Usage = 'House') OR (Type_of_building = 'Residential' AND Usage = 'Apartment') OR (Type_of_building = 'Residential' AND Usage = 'Hotel') OR (Type_of_building = 'Production' AND Usage = 'Factory')) AND ((Quarter = 'Q3' AND Month = 'August') OR (Quarter = 'Q3' AND Month = 'September') OR (Quarter = 'Q4' AND Month = 'October') OR (Quarter = 'Q4' AND Month = 'November'))",
 "sqlResult": "{6} || {31} || {88} || {90} || {84} || {13} || {70} || {59} || {46} || {9} || {19} || {32} || {92} || {76} || {28} || {21}",
 "nlq": "What is the number of Apartment, Factory, Hotel, or House buildings in August, November, October, or September?"},
{"name": "template 7",
 "sql": "SELECT max(Value),min(Value) FROM DBdata WHERE ((Type_of_building = 'Production' AND Usage = 'Factory')) AND ((Quarter = 'Q3' AND Month = 'August') OR (Quarter = 'Q3' AND Month = 'September') OR (Quarter = 'Q4' AND Month = 'November'))",
 "sqlResult": "{90 | 21}",
 "nlq": "What are the maximum and minimum numbers of Factory buildings in August, November, or September?"},
{"name": "template 8",
 "sql": "SELECT Type_of_building,Usage,max(Value),sum(Value) FROM DBdata WHERE ((Type_of_building = 'Residential' AND Usage = 'House') OR (Type_of_building = 'Residential' AND Usage = 'Apartment') OR (Type_of_building = 'Residential' AND Usage = 'Hotel') OR (Type_of_building = 'Production' AND Usage = 'Workshop') OR (Type_of_building = 'Production' AND Usage = 'Factory')) AND ((Quarter = 'Q3' AND Month = 'August') OR (Quarter = 'Q4' AND Month = 'October') OR (Quarter = 'Q4' AND Month = 'November')) GROUP BY Type_of_building,Usage",
 "sqlResult": "{Production | Factory | 90 | 143} || {Production | Workshop | 73 | 172} || {Residential | Apartment | 76 | 116} || {Residential | Hotel | 88 | 135} || {Residential | House | 92 | 144}",
 "nlq": "What are the maximum and total numbers for each Type of building and Usage, of Apartment, Factory, Hotel, House, or Workshop buildings in August, November, or October? Please, report the corresponding Type of building and Usage."},
{"name": "template 9",
 "sql": "SELECT min(Value) FROM DBdata WHERE ((Type_of_building = 'Production' AND Usage = 'Workshop')) AND (Quarter IN ('Q3','Q4')) GROUP BY Quarter",
 "sqlResult": "{38} || {56}",
 "nlq": "What is the minimum number for each Quarter, of Workshop buildings in Q3 or Q4?"},
{"name": "template 10",
 "sql": "SELECT Quarter,max(Value) FROM DBdata WHERE ((Type_of_building = 'Production' AND Usage = 'Factory')) AND (Quarter IN ('Q3','Q4')) GROUP BY Quarter",
 "sqlResult": "{Q3 | 90} || {Q4 | 32}",
 "nlq": "What is the maximum number for each Quarter, of Factory buildings in Q3 or Q4? Please, report the corresponding Quarter."},
{"name": "template 11",
 "sql": "SELECT Quarter,Type_of_building,Usage,max(Value) FROM DBdata WHERE ((Type_of_building = 'Residential' AND Usage = 'House') OR (Type_of_building = 'Residential' AND Usage = 'Apartment') OR (Type_of_building = 'Production' AND Usage = 'Factory')) AND (Quarter IN ('Q3','Q4')) GROUP BY Quarter,Type_of_building,Usage",
 "sqlResult": "{Q3 | Production | Factory | 90} || {Q3 | Residential | Apartment | 31} || {Q3 | Residential | House | 84} || {Q4 | Production | Factory | 32} || {Q4 | Residential | Apartment | 76} || {Q4 | Residential | House | 92}",
 "nlq": "What is the maximum number for each Quarter, Type of building, and Usage, of Apartment, Factory, or House buildings in Q3 or Q4? Please, report the corresponding Quarter, Type of building, and Usage."},
{"name": "template 12",
 "sql": "SELECT Value FROM DBdata WHERE ((Type_of_building = 'Production' AND Usage = 'Workshop')) AND (Quarter IN ('Q3','Q4')) ORDER BY VALUE DESC LIMIT 3",
 "sqlResult": "{73} || {56} || {43}",
 "nlq": "What are the top 3 numbers of Workshop buildings in Q3 or Q4?"},
{"name": "template 13",
 "sql": "SELECT Value FROM DBdata WHERE ((Type_of_building = 'Production' AND Usage = 'Factory')) AND (Quarter IN ('Q3','Q4')) ORDER BY VALUE DESC",
 "sqlResult": "{90} || {59} || {32} || {21}",
 "nlq": "What are the numbers ordered by descending values of Factory buildings in Q3 or Q4?"},
{"name": "template 14",
 "sql": "SELECT Quarter,Month FROM DBdata WHERE ((Type_of_building = 'Residential' AND Usage = 'Apartment')) AND Value > 48.7",
 "sqlResult": "{Q4 | November}",
 "nlq": "What are the Quarter and Month for which the number of Apartment buildings is greater than 48.7?"},
{"name": "template 15",
 "sql": "SELECT Quarter,Month,Value FROM DBdata WHERE ((Type_of_building = 'Production' AND Usage = 'Workshop')) AND (Quarter,Month) IN (SELECT Quarter,Month FROM DBdata WHERE ((Type_of_building = 'Residential' AND Usage = 'Apartment')) AND Value > 48.7)",
 "sqlResult": "{Q4 | November | 73}",
 "nlq": "What is the number of Workshop buildings in Quarter and in Month for which the number of Apartment buildings is greater than 48.7? Please, report the corresponding Quarter, Month, and number of buildings."}]
}
