{
"filename": "Number_of_constructions_set1_1_DB.csv",
"questions": [{"name": "template 1",
 "sql": "SELECT Value FROM DBdata WHERE ((Type_of_building = 'Culture' AND Usage = 'Theatre')) AND ((Quarter = 'Q1' AND Month = 'February'))",
 "sqlResult": "{46}",
 "nlq": "What is the number of Theatre buildings in February?"},
{"name": "template 2",
 "sql": "SELECT Value FROM DBdata WHERE ((Type_of_building = 'Culture' AND Usage = 'Concert')) AND ((Quarter = 'Q1' AND Month = 'March') OR (Quarter = 'Q2' AND Month = 'May') OR (Quarter = 'Q2' AND Month = 'June') OR (Quarter = 'Q3' AND Month = 'August') OR (Quarter = 'Q3' AND Month = 'September'))",
 "sqlResult": "{16} || {77} || {78} || {4} || {86}",
 "nlq": "What is the number of Concert buildings in August, June, March, May, or September?"},
{"name": "template 3",
 "sql": "SELECT Value FROM DBdata WHERE ((Type_of_building = 'Culture' AND Usage = 'Museum') OR (Type_of_building = 'Culture' AND Usage = 'Theatre')) AND ((Quarter = 'Q3' AND Month = 'September'))",
 "sqlResult": "{39} || {80}",
 "nlq": "What is the number of Museum or Theatre buildings in September?"},
{"name": "template 4",
 "sql": "SELECT avg(Value),sum(Value) FROM DBdata WHERE ((Type_of_building = 'Residential' AND Usage = 'Apartment') OR (Type_of_building = 'Residential' AND Usage = 'Hotel') OR (Type_of_building = 'Production' AND Usage = 'Workshop') OR (Type_of_building = 'Culture' AND Usage = 'Museum') OR (Type_of_building = 'Culture' AND Usage = 'Theatre') OR (Type_of_building = 'Culture' AND Usage = 'Concert')) AND ((Quarter = 'Q1' AND Month = 'March'))",
 "sqlResult": "{34.33 | 206}",
 "nlq": "What are the average and total numbers of Apartment, Concert, Hotel, Museum, Theatre, or Workshop buildings in March?"},
{"name": "template 6",
 "sql": "SELECT Value FROM DBdata WHERE ((Type_of_building = 'Residential' AND Usage = 'Hotel') OR (Type_of_building = 'Production' AND Usage = 'Factory') OR (Type_of_building = 'Culture' AND Usage = 'Museum') OR (Type_of_building = 'Culture' AND Usage = 'Theatre') OR (Type_of_building = 'Culture' AND Usage = 'Concert')) AND ((Quarter = 'Q2' AND Month = 'April') OR (Quarter = 'Q2' AND Month = 'May') OR (Quarter = 'Q2' AND Month = 'June') OR (Quarter = 'Q3' AND Month = 'September'))",
 "sqlResult": "{57} || {55} || {62} || {67} || {17} || {33} || {94} || {93} || {89} || {77} || {95} || {97} || {82} || {19} || {78} || {18} || {69} || {39} || {80} || {86}",
 "nlq": "What is the number of Concert, Factory, Hotel, Museum, or Theatre buildings in April, June, May, or September?"},
{"name": "template 7",
 "sql": "SELECT max(Value),avg(Value) FROM DBdata WHERE ((Type_of_building = 'Production' AND Usage = 'Workshop')) AND ((Quarter = 'Q1' AND Month = 'March') OR (Quarter = 'Q2' AND Month = 'May') OR (Quarter = 'Q3' AND Month = 'August') OR (Quarter = 'Q3' AND Month = 'September'))",
 "sqlResult": "{100 | 48.5}",
 "nlq": "What are the maximum and average numbers of Workshop buildings in August, March, May, or September?"},
{"name": "template 8",
 "sql": "SELECT Type_of_building,Usage,sum(Value),avg(Value) FROM DBdata WHERE ((Type_of_building = 'Residential' AND Usage = 'Apartment') OR (Type_of_building = 'Culture' AND Usage = 'Concert')) AND ((Quarter = 'Q2' AND Month = 'May') OR (Quarter = 'Q2' AND Month = 'June') OR (Quarter = 'Q3' AND Month = 'September')) GROUP BY Type_of_building,Usage",
 "sqlResult": "{Culture | Concert | 241 | 80.33} || {Residential | Apartment | 78 | 26}",
 "nlq": "What are the total and average numbers for each Type of building and Usage, of Apartment or Concert buildings in June, May, or September? Please, report the corresponding Type of building and Usage."},
{"name": "template 9",
 "sql": "SELECT min(Value) FROM DBdata WHERE ((Type_of_building = 'Culture' AND Usage = 'Theatre')) AND (Quarter IN ('Q1','Q2','Q3')) GROUP BY Quarter",
 "sqlResult": "{7} || {19} || {76}",
 "nlq": "What is the minimum number for each Quarter, of Theatre buildings in Q1, Q2, or Q3?"},
{"name": "template 10",
 "sql": "SELECT Quarter,min(Value) FROM DBdata WHERE ((Type_of_building = 'Culture' AND Usage = 'Concert')) AND (Quarter IN ('Q1','Q2','Q3')) GROUP BY Quarter",
 "sqlResult": "{Q1 | 16} || {Q2 | 17} || {Q3 | 4}",
 "nlq": "What is the minimum number for each Quarter, of Concert buildings in Q1, Q2, or Q3? Please, report the corresponding Quarter."},
{"name": "template 11",
 "sql": "SELECT Quarter,Type_of_building,Usage,max(Value) FROM DBdata WHERE ((Type_of_building = 'Residential' AND Usage = 'Apartment') OR (Type_of_building = 'Culture' AND Usage = 'Theatre') OR (Type_of_building = 'Culture' AND Usage = 'Concert')) AND (Quarter IN ('Q1','Q2','Q3')) GROUP BY Quarter,Type_of_building,Usage",
 "sqlResult": "{Q1 | Culture | Concert | 32} || {Q1 | Culture | Theatre | 46} || {Q1 | Residential | Apartment | 22} || {Q2 | Culture | Concert | 78} || {Q2 | Culture | Theatre | 89} || {Q2 | Residential | Apartment | 28} || {Q3 | Culture | Concert | 86} || {Q3 | Culture | Theatre | 80} || {Q3 | Residential | Apartment | 70}",
 "nlq": "What is the maximum number for each Quarter, Type of building, and Usage, of Apartment, Concert, or Theatre buildings in Q1, Q2, or Q3? Please, report the corresponding Quarter, Type of building, and Usage."},
{"name": "template 12",
 "sql": "SELECT Value FROM DBdata WHERE ((Type_of_building = 'Production' AND Usage = 'Factory')) AND (Quarter IN ('Q1','Q3')) ORDER BY VALUE DESC LIMIT 3",
 "sqlResult": "{99} || {75} || {69}",
 "nlq": "What are the top 3 numbers of Factory buildings in Q1 or Q3?"},
{"name": "template 13",
 "sql": "SELECT Value FROM DBdata WHERE ((Type_of_building = 'Culture' AND Usage = 'Concert')) AND (Quarter IN ('Q1','Q2')) ORDER BY VALUE DESC",
 "sqlResult": "{78} || {77} || {32} || {17} || {16}",
 "nlq": "What are the numbers ordered by descending values of Concert buildings in Q1 or Q2?"},
{"name": "template 14",
 "sql": "SELECT Quarter,Month FROM DBdata WHERE ((Type_of_building = 'Culture' AND Usage = 'Museum')) AND Value > 54.51",
 "sqlResult": "{Q1 | February} || {Q2 | April} || {Q2 | May} || {Q2 | June}",
 "nlq": "What are the Quarter and Month for which the number of Museum buildings is greater than 54.51?"},
{"name": "template 15",
 "sql": "SELECT Quarter,Month,Value FROM DBdata WHERE ((Type_of_building = 'Residential' AND Usage = 'Hotel')) AND (Quarter,Month) IN (SELECT Quarter,Month FROM DBdata WHERE ((Type_of_building = 'Culture' AND Usage = 'Museum')) AND Value > 54.51)",
 "sqlResult": "{Q1 | February | 71} || {Q2 | April | 57} || {Q2 | May | 33} || {Q2 | June | 95}",
 "nlq": "What is the number of Hotel buildings in Quarter and in Month for which the number of Museum buildings is greater than 54.51? Please, report the corresponding Quarter, Month, and number of buildings."}]
}
