AA,BB,CC,DD,Value
AA,BB,CC,DD,Value
AAfv,BBmt,CCdp,DDcn,28
AAfv,BBgq,CCdp,DDcn,13
AAfv,BBdg,CCdp,DDcn,54
AAbq,BBbn,CCdp,DDcn,25
AAbq,BBbz,CCdp,DDcn,60
AAfv,BBmt,CCdp,DDcv,75
AAfv,BBgq,CCdp,DDcv,67
AAfv,BBdg,CCdp,DDcv,64
AAbq,BBbn,CCdp,DDcv,96
AAbq,BBbz,CCdp,DDcv,1
AAfv,BBmt,CCjr,DDky,97
AAfv,BBgq,CCjr,DDky,10
AAfv,BBdg,CCjr,DDky,86
AAbq,BBbn,CCjr,DDky,87
AAbq,BBbz,CCjr,DDky,26
AAfv,BBmt,CCjr,DDlr,16
AAfv,BBgq,CCjr,DDlr,80
AAfv,BBdg,CCjr,DDlr,79
AAbq,BBbn,CCjr,DDlr,39
AAbq,BBbz,CCjr,DDlr,74

