AA,BB,CC,DD,Value
AA,BB,CC,DD,Value
AAtz,BBjm,CCfy,DDnt,85
AAtz,BBfh,CCfy,DDnt,42
AAgw,BBhp,CCfy,DDnt,24
AAgw,BBds,CCfy,DDnt,41
AAnv,BBnp,CCfy,DDnt,8
AAnv,BBkw,CCfy,DDnt,93
AAtz,BBjm,CCfy,DDgr,29
AAtz,BBfh,CCfy,DDgr,33
AAgw,BBhp,CCfy,DDgr,13
AAgw,BBds,CCfy,DDgr,25
AAnv,BBnp,CCfy,DDgr,43
AAnv,BBkw,CCfy,DDgr,49
AAtz,BBjm,CCfy,DDqv,16
AAtz,BBfh,CCfy,DDqv,32
AAgw,BBhp,CCfy,DDqv,77
AAgw,BBds,CCfy,DDqv,36
AAnv,BBnp,CCfy,DDqv,91
AAnv,BBkw,CCfy,DDqv,60
AAtz,BBjm,CCdl,DDtv,0
AAtz,BBfh,CCdl,DDtv,21
AAgw,BBhp,CCdl,DDtv,34
AAgw,BBds,CCdl,DDtv,59
AAnv,BBnp,CCdl,DDtv,44
AAnv,BBkw,CCdl,DDtv,28
AAtz,BBjm,CCdl,DDbn,83
AAtz,BBfh,CCdl,DDbn,84
AAgw,BBhp,CCdl,DDbn,68
AAgw,BBds,CCdl,DDbn,52
AAnv,BBnp,CCdl,DDbn,53
AAnv,BBkw,CCdl,DDbn,12
AAtz,BBjm,CCdl,DDdn,67
AAtz,BBfh,CCdl,DDdn,72
AAgw,BBhp,CCdl,DDdn,14
AAgw,BBds,CCdl,DDdn,17
AAnv,BBnp,CCdl,DDdn,9
AAnv,BBkw,CCdl,DDdn,71
AAtz,BBjm,CCbl,DDqr,64
AAtz,BBfh,CCbl,DDqr,58
AAgw,BBhp,CCbl,DDqr,96
AAgw,BBds,CCbl,DDqr,19
AAnv,BBnp,CCbl,DDqr,92
AAnv,BBkw,CCbl,DDqr,22
AAtz,BBjm,CCbl,DDks,45
AAtz,BBfh,CCbl,DDks,6
AAgw,BBhp,CCbl,DDks,27
AAgw,BBds,CCbl,DDks,3
AAnv,BBnp,CCbl,DDks,63
AAnv,BBkw,CCbl,DDks,4

