{
"filename": "Number_of_constructions_set7_2_DB.csv",
"questions": [{"name": "template 1",
 "sql": "SELECT Value FROM DBdata WHERE ((Type_of_building = 'Residential' AND Usage = 'Hotel')) AND ((Quarter = 'Q2' AND Month = 'June'))",
 "sqlResult": "{30}",
 "nlq": "What is the number of Hotel buildings in June?"},
{"name": "template 2",
 "sql": "SELECT Value FROM DBdata WHERE ((Type_of_building = 'Residential' AND Usage = 'Hotel')) AND ((Quarter = 'Q2' AND Month = 'April') OR (Quarter = 'Q2' AND Month = 'May') OR (Quarter = 'Q3' AND Month = 'August') OR (Quarter = 'Q3' AND Month = 'September'))",
 "sqlResult": "{38} || {62} || {79} || {57}",
 "nlq": "What is the number of Hotel buildings in April, August, May, or September?"},
{"name": "template 3",
 "sql": "SELECT Value FROM DBdata WHERE ((Type_of_building = 'Residential' AND Usage = 'House') OR (Type_of_building = 'Residential' AND Usage = 'Apartment') OR (Type_of_building = 'Residential' AND Usage = 'Hotel') OR (Type_of_building = 'Production' AND Usage = 'Workshop') OR (Type_of_building = 'Production' AND Usage = 'Factory')) AND ((Quarter = 'Q2' AND Month = 'May'))",
 "sqlResult": "{81} || {77} || {62} || {89} || {54}",
 "nlq": "What is the number of Apartment, Factory, Hotel, House, or Workshop buildings in May?"},
{"name": "template 4",
 "sql": "SELECT min(Value),max(Value) FROM DBdata WHERE ((Type_of_building = 'Production' AND Usage = 'Workshop') OR (Type_of_building = 'Production' AND Usage = 'Factory')) AND ((Quarter = 'Q2' AND Month = 'April'))",
 "sqlResult": "{15 | 100}",
 "nlq": "What are the minimum and maximum numbers of Factory or Workshop buildings in April?"},
{"name": "template 6",
 "sql": "SELECT Value FROM DBdata WHERE ((Type_of_building = 'Residential' AND Usage = 'House') OR (Type_of_building = 'Residential' AND Usage = 'Apartment') OR (Type_of_building = 'Residential' AND Usage = 'Hotel') OR (Type_of_building = 'Production' AND Usage = 'Workshop') OR (Type_of_building = 'Production' AND Usage = 'Factory')) AND ((Quarter = 'Q2' AND Month = 'June') OR (Quarter = 'Q3' AND Month = 'August'))",
 "sqlResult": "{45} || {34} || {30} || {25} || {42} || {44} || {73} || {79} || {61} || {55}",
 "nlq": "What is the number of Apartment, Factory, Hotel, House, or Workshop buildings in August or June?"},
{"name": "template 7",
 "sql": "SELECT sum(Value),max(Value) FROM DBdata WHERE ((Type_of_building = 'Residential' AND Usage = 'Apartment')) AND ((Quarter = 'Q2' AND Month = 'May') OR (Quarter = 'Q3' AND Month = 'August') OR (Quarter = 'Q3' AND Month = 'September'))",
 "sqlResult": "{162 | 77}",
 "nlq": "What are the total and maximum numbers of Apartment buildings in August, May, or September?"},
{"name": "template 8",
 "sql": "SELECT Type_of_building,Usage,max(Value),min(Value) FROM DBdata WHERE ((Type_of_building = 'Residential' AND Usage = 'Apartment') OR (Type_of_building = 'Production' AND Usage = 'Factory')) AND ((Quarter = 'Q2' AND Month = 'April') OR (Quarter = 'Q3' AND Month = 'September')) GROUP BY Type_of_building,Usage",
 "sqlResult": "{Production | Factory | 87 | 15} || {Residential | Apartment | 78 | 12}",
 "nlq": "What are the maximum and minimum numbers for each Type of building and Usage, of Apartment or Factory buildings in April or September? Please, report the corresponding Type of building and Usage."},
{"name": "template 9",
 "sql": "SELECT min(Value) FROM DBdata WHERE ((Type_of_building = 'Residential' AND Usage = 'Apartment')) AND (Quarter IN ('Q2','Q3')) GROUP BY Quarter",
 "sqlResult": "{34} || {12}",
 "nlq": "What is the minimum number for each Quarter, of Apartment buildings in Q2 or Q3?"},
{"name": "template 10",
 "sql": "SELECT Quarter,avg(Value) FROM DBdata WHERE ((Type_of_building = 'Residential' AND Usage = 'Apartment')) AND (Quarter IN ('Q2','Q3')) GROUP BY Quarter",
 "sqlResult": "{Q2 | 63} || {Q3 | 42.5}",
 "nlq": "What is the average number for each Quarter, of Apartment buildings in Q2 or Q3? Please, report the corresponding Quarter."},
{"name": "template 11",
 "sql": "SELECT Quarter,Type_of_building,Usage,avg(Value) FROM DBdata WHERE ((Type_of_building = 'Residential' AND Usage = 'House') OR (Type_of_building = 'Residential' AND Usage = 'Apartment') OR (Type_of_building = 'Production' AND Usage = 'Workshop')) AND (Quarter IN ('Q2','Q3')) GROUP BY Quarter,Type_of_building,Usage",
 "sqlResult": "{Q2 | Production | Workshop | 71.33} || {Q2 | Residential | Apartment | 63} || {Q2 | Residential | House | 52.67} || {Q3 | Production | Workshop | 76.5} || {Q3 | Residential | Apartment | 42.5} || {Q3 | Residential | House | 64.5}",
 "nlq": "What is the average number for each Quarter, Type of building, and Usage, of Apartment, House, or Workshop buildings in Q2 or Q3? Please, report the corresponding Quarter, Type of building, and Usage."},
{"name": "template 12",
 "sql": "SELECT Value FROM DBdata WHERE ((Type_of_building = 'Residential' AND Usage = 'Hotel')) AND (Quarter IN ('Q2','Q3')) ORDER BY VALUE ASC LIMIT 4",
 "sqlResult": "{30} || {38} || {57} || {62}",
 "nlq": "What are the bottom 4 numbers of Hotel buildings in Q2 or Q3?"},
{"name": "template 13",
 "sql": "SELECT Value FROM DBdata WHERE ((Type_of_building = 'Residential' AND Usage = 'House')) AND (Quarter IN ('Q2','Q3')) ORDER BY VALUE ASC",
 "sqlResult": "{32} || {44} || {45} || {81} || {85}",
 "nlq": "What are the numbers ordered by ascending values of House buildings in Q2 or Q3?"},
{"name": "template 14",
 "sql": "SELECT Quarter,Month FROM DBdata WHERE ((Type_of_building = 'Residential' AND Usage = 'Apartment')) AND Value > 57.88",
 "sqlResult": "{Q2 | April} || {Q2 | May} || {Q3 | August}",
 "nlq": "What are the Quarter and Month for which the number of Apartment buildings is greater than 57.88?"},
{"name": "template 15",
 "sql": "SELECT Quarter,Month,Value FROM DBdata WHERE ((Type_of_building = 'Residential' AND Usage = 'Hotel')) AND (Quarter,Month) IN (SELECT Quarter,Month FROM DBdata WHERE ((Type_of_building = 'Residential' AND Usage = 'Apartment')) AND Value > 57.88)",
 "sqlResult": "{Q2 | April | 38} || {Q2 | May | 62} || {Q3 | August | 79}",
 "nlq": "What is the number of Hotel buildings in Quarter and in Month for which the number of Apartment buildings is greater than 57.88? Please, report the corresponding Quarter, Month, and number of buildings."}]
}
