{
"filename": "Number_of_constructions_set10_4_DB.csv",
"questions": [{"name": "template 1",
 "sql": "SELECT Value FROM DBdata WHERE ((Type_of_building = 'Culture' AND Usage = 'Theatre')) AND ((Quarter = 'Q3' AND Month = 'July'))",
 "sqlResult": "{43}",
 "nlq": "What is the number of Theatre buildings in July?"},
{"name": "template 2",
 "sql": "SELECT Value FROM DBdata WHERE ((Type_of_building = 'Production' AND Usage = 'Factory')) AND ((Quarter = 'Q3' AND Month = 'July') OR (Quarter = 'Q3' AND Month = 'August') OR (Quarter = 'Q4' AND Month = 'November') OR (Quarter = 'Q4' AND Month = 'December'))",
 "sqlResult": "{56} || {20} || {9} || {0}",
 "nlq": "What is the number of Factory buildings in August, December, July, or November?"},
{"name": "template 3",
 "sql": "SELECT Value FROM DBdata WHERE ((Type_of_building = 'Production' AND Usage = 'Workshop') OR (Type_of_building = 'Culture' AND Usage = 'Theatre') OR (Type_of_building = 'Culture' AND Usage = 'Concert')) AND ((Quarter = 'Q3' AND Month = 'July'))",
 "sqlResult": "{18} || {43} || {65}",
 "nlq": "What is the number of Concert, Theatre, or Workshop buildings in July?"},
{"name": "template 4",
 "sql": "SELECT sum(Value),min(Value) FROM DBdata WHERE ((Type_of_building = 'Production' AND Usage = 'Workshop') OR (Type_of_building = 'Production' AND Usage = 'Factory') OR (Type_of_building = 'Culture' AND Usage = 'Theatre') OR (Type_of_building = 'Culture' AND Usage = 'Concert')) AND ((Quarter = 'Q3' AND Month = 'July'))",
 "sqlResult": "{182 | 18}",
 "nlq": "What are the total and minimum numbers of Concert, Factory, Theatre, or Workshop buildings in July?"},
{"name": "template 6",
 "sql": "SELECT Value FROM DBdata WHERE ((Type_of_building = 'Production' AND Usage = 'Workshop') OR (Type_of_building = 'Culture' AND Usage = 'Theatre') OR (Type_of_building = 'Culture' AND Usage = 'Concert')) AND ((Quarter = 'Q3' AND Month = 'July') OR (Quarter = 'Q4' AND Month = 'October') OR (Quarter = 'Q4' AND Month = 'November') OR (Quarter = 'Q4' AND Month = 'December'))",
 "sqlResult": "{18} || {43} || {65} || {87} || {24} || {47} || {2} || {55} || {37} || {13} || {70} || {90}",
 "nlq": "What is the number of Concert, Theatre, or Workshop buildings in December, July, November, or October?"},
{"name": "template 7",
 "sql": "SELECT min(Value),max(Value) FROM DBdata WHERE ((Type_of_building = 'Production' AND Usage = 'Workshop')) AND ((Quarter = 'Q4' AND Month = 'October') OR (Quarter = 'Q4' AND Month = 'November'))",
 "sqlResult": "{2 | 87}",
 "nlq": "What are the minimum and maximum numbers of Workshop buildings in November or October?"},
{"name": "template 8",
 "sql": "SELECT Type_of_building,Usage,min(Value),max(Value) FROM DBdata WHERE ((Type_of_building = 'Production' AND Usage = 'Factory') OR (Type_of_building = 'Culture' AND Usage = 'Concert')) AND ((Quarter = 'Q3' AND Month = 'September') OR (Quarter = 'Q4' AND Month = 'December')) GROUP BY Type_of_building,Usage",
 "sqlResult": "{Culture | Concert | 90 | 100} || {Production | Factory | 0 | 78}",
 "nlq": "What are the minimum and maximum numbers for each Type of building and Usage, of Concert or Factory buildings in December or September? Please, report the corresponding Type of building and Usage."},
{"name": "template 9",
 "sql": "SELECT min(Value) FROM DBdata WHERE ((Type_of_building = 'Production' AND Usage = 'Workshop')) AND (Quarter IN ('Q3','Q4')) GROUP BY Quarter",
 "sqlResult": "{18} || {2}",
 "nlq": "What is the minimum number for each Quarter, of Workshop buildings in Q3 or Q4?"},
{"name": "template 10",
 "sql": "SELECT Quarter,min(Value) FROM DBdata WHERE ((Type_of_building = 'Culture' AND Usage = 'Concert')) AND (Quarter IN ('Q3','Q4')) GROUP BY Quarter",
 "sqlResult": "{Q3 | 51} || {Q4 | 37}",
 "nlq": "What is the minimum number for each Quarter, of Concert buildings in Q3 or Q4? Please, report the corresponding Quarter."},
{"name": "template 11",
 "sql": "SELECT Quarter,Type_of_building,Usage,avg(Value) FROM DBdata WHERE ((Type_of_building = 'Production' AND Usage = 'Factory') OR (Type_of_building = 'Culture' AND Usage = 'Theatre')) AND (Quarter IN ('Q3','Q4')) GROUP BY Quarter,Type_of_building,Usage",
 "sqlResult": "{Q3 | Culture | Theatre | 70.67} || {Q3 | Production | Factory | 51.33} || {Q4 | Culture | Theatre | 49.67} || {Q4 | Production | Factory | 5.67}",
 "nlq": "What is the average number for each Quarter, Type of building, and Usage, of Factory or Theatre buildings in Q3 or Q4? Please, report the corresponding Quarter, Type of building, and Usage."},
{"name": "template 12",
 "sql": "SELECT Value FROM DBdata WHERE ((Type_of_building = 'Culture' AND Usage = 'Theatre')) AND (Quarter IN ('Q3','Q4')) ORDER BY VALUE ASC LIMIT 2",
 "sqlResult": "{24} || {43}",
 "nlq": "What are the bottom 2 numbers of Theatre buildings in Q3 or Q4?"},
{"name": "template 13",
 "sql": "SELECT Value FROM DBdata WHERE ((Type_of_building = 'Production' AND Usage = 'Workshop')) AND (Quarter IN ('Q3','Q4')) ORDER BY VALUE DESC",
 "sqlResult": "{88} || {87} || {19} || {18} || {13} || {2}",
 "nlq": "What are the numbers ordered by descending values of Workshop buildings in Q3 or Q4?"},
{"name": "template 14",
 "sql": "SELECT Quarter,Month FROM DBdata WHERE ((Type_of_building = 'Culture' AND Usage = 'Theatre')) AND Value < 47.88",
 "sqlResult": "{Q3 | July} || {Q4 | October}",
 "nlq": "What are the Quarter and Month for which the number of Theatre buildings is lower than 47.88?"},
{"name": "template 15",
 "sql": "SELECT Quarter,Month,Value FROM DBdata WHERE ((Type_of_building = 'Production' AND Usage = 'Factory')) AND (Quarter,Month) IN (SELECT Quarter,Month FROM DBdata WHERE ((Type_of_building = 'Culture' AND Usage = 'Theatre')) AND Value < 47.88)",
 "sqlResult": "{Q3 | July | 56} || {Q4 | October | 8}",
 "nlq": "What is the number of Factory buildings in Quarter and in Month for which the number of Theatre buildings is lower than 47.88? Please, report the corresponding Quarter, Month, and number of buildings."}]
}
