AA,BB,CC,DD,Value
AA,BB,CC,DD,Value
AAjp,BBgh,CCkt,DDcx,28
AAjp,BBcp,CCkt,DDcx,75
AAwz,BBpv,CCkt,DDcx,88
AAwz,BBqs,CCkt,DDcx,59
AAqt,BBjq,CCkt,DDcx,32
AAqt,BBgr,CCkt,DDcx,1
AAqt,BBrx,CCkt,DDcx,5
AAjp,BBgh,CCkt,DDkz,29
AAjp,BBcp,CCkt,DDkz,16
AAwz,BBpv,CCkt,DDkz,71
AAwz,BBqs,CCkt,DDkz,100
AAqt,BBjq,CCkt,DDkz,47
AAqt,BBgr,CCkt,DDkz,83
AAqt,BBrx,CCkt,DDkz,48
AAjp,BBgh,CCnt,DDty,67
AAjp,BBcp,CCnt,DDty,11
AAwz,BBpv,CCnt,DDty,65
AAwz,BBqs,CCnt,DDty,45
AAqt,BBjq,CCnt,DDty,54
AAqt,BBgr,CCnt,DDty,41
AAqt,BBrx,CCnt,DDty,34
AAjp,BBgh,CCnt,DDlz,57
AAjp,BBcp,CCnt,DDlz,92
AAwz,BBpv,CCnt,DDlz,7
AAwz,BBqs,CCnt,DDlz,44
AAqt,BBjq,CCnt,DDlz,30
AAqt,BBgr,CCnt,DDlz,33
AAqt,BBrx,CCnt,DDlz,46

