{
"filename": "Number_of_constructions_set8_2_DB.csv",
"questions": [{"name": "template 1",
 "sql": "SELECT Value FROM DBdata WHERE ((Type_of_building = 'Culture' AND Usage = 'Museum')) AND ((Quarter = 'Q3' AND Month = 'September'))",
 "sqlResult": "{30}",
 "nlq": "What is the number of Museum buildings in September?"},
{"name": "template 2",
 "sql": "SELECT Value FROM DBdata WHERE ((Type_of_building = 'Culture' AND Usage = 'Theatre')) AND ((Quarter = 'Q3' AND Month = 'July') OR (Quarter = 'Q3' AND Month = 'August') OR (Quarter = 'Q3' AND Month = 'September') OR (Quarter = 'Q4' AND Month = 'November') OR (Quarter = 'Q4' AND Month = 'December'))",
 "sqlResult": "{69} || {52} || {14} || {75} || {87}",
 "nlq": "What is the number of Theatre buildings in August, December, July, November, or September?"},
{"name": "template 3",
 "sql": "SELECT Value FROM DBdata WHERE ((Type_of_building = 'Residential' AND Usage = 'Hotel') OR (Type_of_building = 'Production' AND Usage = 'Workshop') OR (Type_of_building = 'Culture' AND Usage = 'Theatre') OR (Type_of_building = 'Culture' AND Usage = 'Concert')) AND ((Quarter = 'Q3' AND Month = 'September'))",
 "sqlResult": "{38} || {93} || {14} || {92}",
 "nlq": "What is the number of Concert, Hotel, Theatre, or Workshop buildings in September?"},
{"name": "template 4",
 "sql": "SELECT min(Value),max(Value) FROM DBdata WHERE ((Type_of_building = 'Residential' AND Usage = 'Apartment') OR (Type_of_building = 'Production' AND Usage = 'Workshop') OR (Type_of_building = 'Production' AND Usage = 'Factory') OR (Type_of_building = 'Culture' AND Usage = 'Museum')) AND ((Quarter = 'Q3' AND Month = 'July'))",
 "sqlResult": "{50 | 86}",
 "nlq": "What are the minimum and maximum numbers of Apartment, Factory, Museum, or Workshop buildings in July?"},
{"name": "template 6",
 "sql": "SELECT Value FROM DBdata WHERE ((Type_of_building = 'Residential' AND Usage = 'Hotel') OR (Type_of_building = 'Culture' AND Usage = 'Museum') OR (Type_of_building = 'Culture' AND Usage = 'Theatre') OR (Type_of_building = 'Culture' AND Usage = 'Concert')) AND ((Quarter = 'Q3' AND Month = 'August') OR (Quarter = 'Q3' AND Month = 'September'))",
 "sqlResult": "{71} || {45} || {52} || {68} || {38} || {30} || {14} || {92}",
 "nlq": "What is the number of Concert, Hotel, Museum, or Theatre buildings in August or September?"},
{"name": "template 7",
 "sql": "SELECT min(Value),avg(Value) FROM DBdata WHERE ((Type_of_building = 'Culture' AND Usage = 'Concert')) AND ((Quarter = 'Q3' AND Month = 'September') OR (Quarter = 'Q4' AND Month = 'December'))",
 "sqlResult": "{79 | 85.5}",
 "nlq": "What are the minimum and average numbers of Concert buildings in December or September?"},
{"name": "template 8",
 "sql": "SELECT Type_of_building,Usage,max(Value),avg(Value) FROM DBdata WHERE ((Type_of_building = 'Residential' AND Usage = 'Apartment') OR (Type_of_building = 'Residential' AND Usage = 'Hotel') OR (Type_of_building = 'Production' AND Usage = 'Workshop') OR (Type_of_building = 'Culture' AND Usage = 'Concert')) AND ((Quarter = 'Q3' AND Month = 'July') OR (Quarter = 'Q3' AND Month = 'August') OR (Quarter = 'Q3' AND Month = 'September') OR (Quarter = 'Q4' AND Month = 'November') OR (Quarter = 'Q4' AND Month = 'December')) GROUP BY Type_of_building,Usage",
 "sqlResult": "{Culture | Concert | 92 | 69.8} || {Production | Workshop | 93 | 47.4} || {Residential | Apartment | 82 | 37} || {Residential | Hotel | 71 | 44.6}",
 "nlq": "What are the maximum and average numbers for each Type of building and Usage, of Apartment, Concert, Hotel, or Workshop buildings in August, December, July, November, or September? Please, report the corresponding Type of building and Usage."},
{"name": "template 9",
 "sql": "SELECT min(Value) FROM DBdata WHERE ((Type_of_building = 'Residential' AND Usage = 'Apartment')) AND (Quarter IN ('Q3','Q4')) GROUP BY Quarter",
 "sqlResult": "{8} || {18}",
 "nlq": "What is the minimum number for each Quarter, of Apartment buildings in Q3 or Q4?"},
{"name": "template 10",
 "sql": "SELECT Quarter,sum(Value) FROM DBdata WHERE ((Type_of_building = 'Culture' AND Usage = 'Concert')) AND (Quarter IN ('Q3','Q4')) GROUP BY Quarter",
 "sqlResult": "{Q3 | 251} || {Q4 | 98}",
 "nlq": "What is the total number for each Quarter, of Concert buildings in Q3 or Q4? Please, report the corresponding Quarter."},
{"name": "template 11",
 "sql": "SELECT Quarter,Type_of_building,Usage,avg(Value) FROM DBdata WHERE ((Type_of_building = 'Residential' AND Usage = 'Hotel') OR (Type_of_building = 'Culture' AND Usage = 'Concert')) AND (Quarter IN ('Q3','Q4')) GROUP BY Quarter,Type_of_building,Usage",
 "sqlResult": "{Q3 | Culture | Concert | 83.67} || {Q3 | Residential | Hotel | 56.33} || {Q4 | Culture | Concert | 49} || {Q4 | Residential | Hotel | 27}",
 "nlq": "What is the average number for each Quarter, Type of building, and Usage, of Concert or Hotel buildings in Q3 or Q4? Please, report the corresponding Quarter, Type of building, and Usage."},
{"name": "template 12",
 "sql": "SELECT Value FROM DBdata WHERE ((Type_of_building = 'Production' AND Usage = 'Workshop')) AND (Quarter IN ('Q3','Q4')) ORDER BY VALUE DESC LIMIT 2",
 "sqlResult": "{93} || {50}",
 "nlq": "What are the top 2 numbers of Workshop buildings in Q3 or Q4?"},
{"name": "template 13",
 "sql": "SELECT Value FROM DBdata WHERE ((Type_of_building = 'Residential' AND Usage = 'Hotel')) AND (Quarter IN ('Q3','Q4')) ORDER BY VALUE ASC",
 "sqlResult": "{3} || {38} || {51} || {60} || {71}",
 "nlq": "What are the numbers ordered by ascending values of Hotel buildings in Q3 or Q4?"},
{"name": "template 14",
 "sql": "SELECT Quarter,Month FROM DBdata WHERE ((Type_of_building = 'Production' AND Usage = 'Factory')) AND Value > 51.74",
 "sqlResult": "{Q3 | July} || {Q3 | September}",
 "nlq": "What are the Quarter and Month for which the number of Factory buildings is greater than 51.74?"},
{"name": "template 15",
 "sql": "SELECT Quarter,Month,Value FROM DBdata WHERE ((Type_of_building = 'Production' AND Usage = 'Workshop')) AND (Quarter,Month) IN (SELECT Quarter,Month FROM DBdata WHERE ((Type_of_building = 'Production' AND Usage = 'Factory')) AND Value > 51.74)",
 "sqlResult": "{Q3 | July | 50} || {Q3 | September | 93}",
 "nlq": "What is the number of Workshop buildings in Quarter and in Month for which the number of Factory buildings is greater than 51.74? Please, report the corresponding Quarter, Month, and number of buildings."}]
}
