{
"filename": "Number_of_constructions_set9_2_DB.csv",
"questions": [{"name": "template 1",
 "sql": "SELECT Value FROM DBdata WHERE ((AA = 'AAcn' AND BB = 'BBbk')) AND ((CC = 'CCrs' AND DD = 'DDdn'))",
 "sqlResult": "{89}",
 "nlq": "What is the number of BBbk buildings in DDdn?"},
{"name": "template 2",
 "sql": "SELECT Value FROM DBdata WHERE ((AA = 'AAcn' AND BB = 'BBtv')) AND ((CC = 'CCcj' AND DD = 'DDkq') OR (CC = 'CCcj' AND DD = 'DDdv') OR (CC = 'CCrs' AND DD = 'DDdn') OR (CC = 'CCrs' AND DD = 'DDnt') OR (CC = 'CCrs' AND DD = 'DDkt'))",
 "sqlResult": "{99} || {16} || {70} || {87} || {10}",
 "nlq": "What is the number of BBtv buildings in DDkq, DDnt, DDdn, DDdv, or DDkt?"},
{"name": "template 3",
 "sql": "SELECT Value FROM DBdata WHERE ((AA = 'AAcn' AND BB = 'BBbk') OR (AA = 'AAcn' AND BB = 'BBfs') OR (AA = 'AAcn' AND BB = 'BBtv') OR (AA = 'AAhq' AND BB = 'BBgm') OR (AA = 'AAhq' AND BB = 'BBfq')) AND ((CC = 'CCrs' AND DD = 'DDdn'))",
 "sqlResult": "{89} || {39} || {70} || {48} || {15}",
 "nlq": "What is the number of BBfs, BBfq, BBtv, BBbk, or BBgm buildings in DDdn?"},
{"name": "template 4",
 "sql": "SELECT avg(Value),max(Value) FROM DBdata WHERE ((AA = 'AAcn' AND BB = 'BBfs') OR (AA = 'AAhq' AND BB = 'BBfq')) AND ((CC = 'CCrs' AND DD = 'DDdn'))",
 "sqlResult": "{27 | 39}",
 "nlq": "What are the average and maximum numbers of BBfs or BBfq buildings in DDdn?"},
{"name": "template 6",
 "sql": "SELECT Value FROM DBdata WHERE ((AA = 'AAcn' AND BB = 'BBfs') OR (AA = 'AAhq' AND BB = 'BBgm') OR (AA = 'AAhq' AND BB = 'BBfq')) AND ((CC = 'CCcj' AND DD = 'DDdv') OR (CC = 'CCrs' AND DD = 'DDnt') OR (CC = 'CCrs' AND DD = 'DDkt'))",
 "sqlResult": "{26} || {79} || {33} || {75} || {34} || {40} || {67} || {100} || {32}",
 "nlq": "What is the number of BBfs, BBfq, or BBgm buildings in DDnt, DDdv, or DDkt?"},
{"name": "template 7",
 "sql": "SELECT max(Value),avg(Value) FROM DBdata WHERE ((AA = 'AAcn' AND BB = 'BBfs')) AND ((CC = 'CCrs' AND DD = 'DDdn') OR (CC = 'CCrs' AND DD = 'DDnt') OR (CC = 'CCrs' AND DD = 'DDkt'))",
 "sqlResult": "{75 | 60.33}",
 "nlq": "What are the maximum and average numbers of BBfs buildings in DDnt, DDdn, or DDkt?"},
{"name": "template 8",
 "sql": "SELECT AA,BB,sum(Value),max(Value) FROM DBdata WHERE ((AA = 'AAcn' AND BB = 'BBbk') OR (AA = 'AAcn' AND BB = 'BBfs') OR (AA = 'AAcn' AND BB = 'BBtv') OR (AA = 'AAhq' AND BB = 'BBgm') OR (AA = 'AAhq' AND BB = 'BBfq')) AND ((CC = 'CCcj' AND DD = 'DDkq') OR (CC = 'CCcj' AND DD = 'DDdv') OR (CC = 'CCrs' AND DD = 'DDdn') OR (CC = 'CCrs' AND DD = 'DDnt') OR (CC = 'CCrs' AND DD = 'DDkt')) GROUP BY AA,BB",
 "sqlResult": "{AAhq | BBfq | 138 | 40} || {AAhq | BBgm | 292 | 100} || {AAcn | BBfs | 257 | 75} || {AAcn | BBtv | 282 | 99} || {AAcn | BBbk | 298 | 96}",
 "nlq": "What are the total and maximum numbers for each AA and BB, of BBfs, BBfq, BBtv, BBbk, or BBgm buildings in DDkq, DDnt, DDdn, DDdv, or DDkt? Please, report the corresponding AA and BB."},
{"name": "template 9",
 "sql": "SELECT min(Value) FROM DBdata WHERE ((AA = 'AAhq' AND BB = 'BBgm')) AND (CC IN ('CCcj','CCrs')) GROUP BY CC",
 "sqlResult": "{31} || {34}",
 "nlq": "What is the minimum number for each CC, of BBgm buildings in CCcj or CCrs?"},
{"name": "template 10",
 "sql": "SELECT CC,max(Value) FROM DBdata WHERE ((AA = 'AAhq' AND BB = 'BBgm')) AND (CC IN ('CCcj','CCrs')) GROUP BY CC",
 "sqlResult": "{CCcj | 79} || {CCrs | 100}",
 "nlq": "What is the maximum number for each CC, of BBgm buildings in CCcj or CCrs? Please, report the corresponding CC."},
{"name": "template 11",
 "sql": "SELECT CC,AA,BB,max(Value) FROM DBdata WHERE ((AA = 'AAcn' AND BB = 'BBfs') OR (AA = 'AAhq' AND BB = 'BBgm') OR (AA = 'AAhq' AND BB = 'BBfq')) AND (CC IN ('CCcj','CCrs')) GROUP BY CC,AA,BB",
 "sqlResult": "{CCcj | AAhq | BBfq | 33} || {CCcj | AAhq | BBgm | 79} || {CCcj | AAcn | BBfs | 50} || {CCrs | AAhq | BBfq | 40} || {CCrs | AAhq | BBgm | 100} || {CCrs | AAcn | BBfs | 75}",
 "nlq": "What is the maximum number for each CC, AA, and BB, of BBfs, BBfq, or BBgm buildings in CCcj or CCrs? Please, report the corresponding CC, AA, and BB."},
{"name": "template 12",
 "sql": "SELECT Value FROM DBdata WHERE ((AA = 'AAcn' AND BB = 'BBtv')) AND (CC IN ('CCcj','CCrs')) ORDER BY VALUE DESC LIMIT 3",
 "sqlResult": "{99} || {87} || {70}",
 "nlq": "What are the top 3 numbers of BBtv buildings in CCcj or CCrs?"},
{"name": "template 13",
 "sql": "SELECT Value FROM DBdata WHERE ((AA = 'AAcn' AND BB = 'BBfs')) AND (CC IN ('CCcj','CCrs')) ORDER BY VALUE DESC",
 "sqlResult": "{75} || {67} || {50} || {39} || {26}",
 "nlq": "What are the numbers ordered by descending values of BBfs buildings in CCcj or CCrs?"},
{"name": "template 14",
 "sql": "SELECT CC,DD FROM DBdata WHERE ((AA = 'AAhq' AND BB = 'BBgm')) AND Value > 50.68",
 "sqlResult": "{CCcj | DDdv} || {CCrs | DDkt}",
 "nlq": "What are the CC and DD for which the number of BBgm buildings is greater than 50.68?"},
{"name": "template 15",
 "sql": "SELECT CC,DD,Value FROM DBdata WHERE ((AA = 'AAhq' AND BB = 'BBfq')) AND (CC,DD) IN (SELECT CC,DD FROM DBdata WHERE ((AA = 'AAhq' AND BB = 'BBgm')) AND Value > 50.68)",
 "sqlResult": "{CCcj | DDdv | 33} || {CCrs | DDkt | 32}",
 "nlq": "What is the number of BBfq buildings in CC and in DD for which the number of BBgm buildings is greater than 50.68? Please, report the corresponding CC, DD, and number of buildings."}]
}

