{
"filename": "Number_of_constructions_set9_5_DB.csv",
"questions": [{"name": "template 1",
 "sql": "SELECT Value FROM DBdata WHERE ((AA = 'AAvwx' AND BB = 'BBknv')) AND ((CC = 'CCstx' AND DD = 'DDjrs'))",
 "sqlResult": "{10}",
 "nlq": "What is the number of BBknv buildings in DDjrs?"},
{"name": "template 2",
 "sql": "SELECT Value FROM DBdata WHERE ((AA = 'AAvwx' AND BB = 'BBbds')) AND ((CC = 'CCstx' AND DD = 'DDlny') OR (CC = 'CCfhk' AND DD = 'DDksx') OR (CC = 'CCfgj' AND DD = 'DDlpx'))",
 "sqlResult": "{18} || {62} || {85}",
 "nlq": "What is the number of BBbds buildings in DDksx, DDlny, or DDlpx?"},
{"name": "template 3",
 "sql": "SELECT Value FROM DBdata WHERE ((AA = 'AAbgm' AND BB = 'BBjlz') OR (AA = 'AAbgm' AND BB = 'BBjnp') OR (AA = 'AAfmz' AND BB = 'BBfjy') OR (AA = 'AAvwx' AND BB = 'BBbds')) AND ((CC = 'CCfhk' AND DD = 'DDmsv'))",
 "sqlResult": "{1} || {7} || {57} || {87}",
 "nlq": "What is the number of BBjnp, BBbds, BBfjy, or BBjlz buildings in DDmsv?"},
{"name": "template 4",
 "sql": "SELECT min(Value),max(Value) FROM DBdata WHERE ((AA = 'AAbgm' AND BB = 'BBjlz') OR (AA = 'AAbgm' AND BB = 'BBjnp') OR (AA = 'AAfmz' AND BB = 'BBchx')) AND ((CC = 'CCfhk' AND DD = 'DDksx'))",
 "sqlResult": "{52 | 94}",
 "nlq": "What are the minimum and maximum numbers of BBjnp, BBjlz, or BBchx buildings in DDksx?"},
{"name": "template 6",
 "sql": "SELECT Value FROM DBdata WHERE ((AA = 'AAfmz' AND BB = 'BBfjy') OR (AA = 'AAvwx' AND BB = 'BBknv')) AND ((CC = 'CCstx' AND DD = 'DDlvz') OR (CC = 'CCstx' AND DD = 'DDlny') OR (CC = 'CCfgj' AND DD = 'DDhty') OR (CC = 'CCfgj' AND DD = 'DDcxz'))",
 "sqlResult": "{43} || {36} || {75} || {47} || {15} || {91} || {78} || {26}",
 "nlq": "What is the number of BBfjy or BBknv buildings in DDlvz, DDcxz, DDlny, or DDhty?"},
{"name": "template 7",
 "sql": "SELECT max(Value),min(Value) FROM DBdata WHERE ((AA = 'AAvwx' AND BB = 'BBknv')) AND ((CC = 'CCstx' AND DD = 'DDlvz') OR (CC = 'CCstx' AND DD = 'DDjrs'))",
 "sqlResult": "{36 | 10}",
 "nlq": "What are the maximum and minimum numbers of BBknv buildings in DDlvz or DDjrs?"},
{"name": "template 8",
 "sql": "SELECT AA,BB,sum(Value),avg(Value) FROM DBdata WHERE ((AA = 'AAbgm' AND BB = 'BBjlz') OR (AA = 'AAbgm' AND BB = 'BBjnp') OR (AA = 'AAfmz' AND BB = 'BBchx') OR (AA = 'AAfmz' AND BB = 'BBfjy') OR (AA = 'AAvwx' AND BB = 'BBknv')) AND ((CC = 'CCstx' AND DD = 'DDlny') OR (CC = 'CCstx' AND DD = 'DDjrs') OR (CC = 'CCfhk' AND DD = 'DDdtw') OR (CC = 'CCfhk' AND DD = 'DDmsv')) GROUP BY AA,BB",
 "sqlResult": "{AAvwx | BBknv | 150 | 37.5} || {AAfmz | BBfjy | 171 | 42.75} || {AAfmz | BBchx | 370 | 92.5} || {AAbgm | BBjnp | 140 | 35} || {AAbgm | BBjlz | 169 | 42.25}",
 "nlq": "What are the total and average numbers for each AA and BB, of BBjnp, BBfjy, BBjlz, BBknv, or BBchx buildings in DDdtw, DDjrs, DDlny, or DDmsv? Please, report the corresponding AA and BB."},
{"name": "template 9",
 "sql": "SELECT min(Value) FROM DBdata WHERE ((AA = 'AAfmz' AND BB = 'BBfjy')) AND (CC IN ('CCstx','CCfhk','CCfgj')) GROUP BY CC",
 "sqlResult": "{12} || {27} || {15}",
 "nlq": "What is the minimum number for each CC, of BBfjy buildings in CCstx, CCfhk, or CCfgj?"},
{"name": "template 10",
 "sql": "SELECT CC,max(Value) FROM DBdata WHERE ((AA = 'AAbgm' AND BB = 'BBjlz')) AND (CC IN ('CCstx','CCfhk','CCfgj')) GROUP BY CC",
 "sqlResult": "{CCstx | 72} || {CCfhk | 66} || {CCfgj | 86}",
 "nlq": "What is the maximum number for each CC, of BBjlz buildings in CCstx, CCfhk, or CCfgj? Please, report the corresponding CC."},
{"name": "template 11",
 "sql": "SELECT CC,AA,BB,avg(Value) FROM DBdata WHERE ((AA = 'AAbgm' AND BB = 'BBjnp') OR (AA = 'AAfmz' AND BB = 'BBchx') OR (AA = 'AAvwx' AND BB = 'BBknv')) AND (CC IN ('CCstx','CCfhk','CCfgj')) GROUP BY CC,AA,BB",
 "sqlResult": "{CCstx | AAvwx | BBknv | 31} || {CCstx | AAfmz | BBchx | 91} || {CCstx | AAbgm | BBjnp | 38.33} || {CCfhk | AAvwx | BBknv | 46.33} || {CCfhk | AAfmz | BBchx | 79.33} || {CCfhk | AAbgm | BBjnp | 52} || {CCfgj | AAvwx | BBknv | 40} || {CCfgj | AAfmz | BBchx | 57.67} || {CCfgj | AAbgm | BBjnp | 47.33}",
 "nlq": "What is the average number for each CC, AA, and BB, of BBjnp, BBknv, or BBchx buildings in CCstx, CCfhk, or CCfgj? Please, report the corresponding CC, AA, and BB."},
{"name": "template 12",
 "sql": "SELECT Value FROM DBdata WHERE ((AA = 'AAvwx' AND BB = 'BBbds')) AND (CC IN ('CCstx','CCfgj')) ORDER BY VALUE DESC LIMIT 3",
 "sqlResult": "{85} || {32} || {18}",
 "nlq": "What are the top 3 numbers of BBbds buildings in CCstx or CCfgj?"},
{"name": "template 13",
 "sql": "SELECT Value FROM DBdata WHERE ((AA = 'AAfmz' AND BB = 'BBchx')) AND (CC IN ('CCstx','CCfgj')) ORDER BY VALUE ASC",
 "sqlResult": "{17} || {56} || {82} || {95} || {96} || {100}",
 "nlq": "What are the numbers ordered by ascending values of BBchx buildings in CCstx or CCfgj?"},
{"name": "template 14",
 "sql": "SELECT CC,DD FROM DBdata WHERE ((AA = 'AAfmz' AND BB = 'BBchx')) AND Value < 51.15",
 "sqlResult": "{CCfgj | DDcxz}",
 "nlq": "What are the CC and DD for which the number of BBchx buildings is lower than 51.15?"},
{"name": "template 15",
 "sql": "SELECT CC,DD,Value FROM DBdata WHERE ((AA = 'AAvwx' AND BB = 'BBknv')) AND (CC,DD) IN (SELECT CC,DD FROM DBdata WHERE ((AA = 'AAfmz' AND BB = 'BBchx')) AND Value < 51.15)",
 "sqlResult": "{CCfgj | DDcxz | 26}",
 "nlq": "What is the number of BBknv buildings in CC and in DD for which the number of BBchx buildings is lower than 51.15? Please, report the corresponding CC, DD, and number of buildings."}]
}

