{
"filename": "Number_of_constructions_set5_3_DB.csv",
"questions": [{"name": "template 1",
 "sql": "SELECT Value FROM DBdata WHERE ((Type_of_building = 'Residential' AND Usage = 'Hotel')) AND ((Quarter = 'Q2' AND Month = 'May'))",
 "sqlResult": "{79}",
 "nlq": "What is the number of Hotel buildings in May?"},
{"name": "template 2",
 "sql": "SELECT Value FROM DBdata WHERE ((Type_of_building = 'Production' AND Usage = 'Workshop')) AND ((Quarter = 'Q1' AND Month = 'February') OR (Quarter = 'Q2' AND Month = 'May'))",
 "sqlResult": "{96} || {39}",
 "nlq": "What is the number of Workshop buildings in February or May?"},
{"name": "template 3",
 "sql": "SELECT Value FROM DBdata WHERE ((Type_of_building = 'Residential' AND Usage = 'House') OR (Type_of_building = 'Residential' AND Usage = 'Apartment') OR (Type_of_building = 'Residential' AND Usage = 'Hotel') OR (Type_of_building = 'Production' AND Usage = 'Workshop') OR (Type_of_building = 'Production' AND Usage = 'Factory')) AND ((Quarter = 'Q2' AND Month = 'April'))",
 "sqlResult": "{97} || {10} || {86} || {87} || {26}",
 "nlq": "What is the number of Apartment, Factory, Hotel, House, or Workshop buildings in April?"},
{"name": "template 4",
 "sql": "SELECT min(Value),sum(Value) FROM DBdata WHERE ((Type_of_building = 'Residential' AND Usage = 'Apartment') OR (Type_of_building = 'Production' AND Usage = 'Workshop')) AND ((Quarter = 'Q2' AND Month = 'May'))",
 "sqlResult": "{39 | 119}",
 "nlq": "What are the minimum and total numbers of Apartment or Workshop buildings in May?"},
{"name": "template 6",
 "sql": "SELECT Value FROM DBdata WHERE ((Type_of_building = 'Residential' AND Usage = 'House') OR (Type_of_building = 'Residential' AND Usage = 'Apartment') OR (Type_of_building = 'Residential' AND Usage = 'Hotel') OR (Type_of_building = 'Production' AND Usage = 'Workshop')) AND ((Quarter = 'Q1' AND Month = 'January') OR (Quarter = 'Q2' AND Month = 'April') OR (Quarter = 'Q2' AND Month = 'May'))",
 "sqlResult": "{28} || {13} || {54} || {25} || {97} || {10} || {86} || {87} || {16} || {80} || {79} || {39}",
 "nlq": "What is the number of Apartment, Hotel, House, or Workshop buildings in April, January, or May?"},
{"name": "template 7",
 "sql": "SELECT sum(Value),min(Value) FROM DBdata WHERE ((Type_of_building = 'Residential' AND Usage = 'House')) AND ((Quarter = 'Q1' AND Month = 'January') OR (Quarter = 'Q2' AND Month = 'April') OR (Quarter = 'Q2' AND Month = 'May'))",
 "sqlResult": "{141 | 16}",
 "nlq": "What are the total and minimum numbers of House buildings in April, January, or May?"},
{"name": "template 8",
 "sql": "SELECT Type_of_building,Usage,avg(Value),max(Value) FROM DBdata WHERE ((Type_of_building = 'Residential' AND Usage = 'House') OR (Type_of_building = 'Residential' AND Usage = 'Apartment') OR (Type_of_building = 'Residential' AND Usage = 'Hotel') OR (Type_of_building = 'Production' AND Usage = 'Factory')) AND ((Quarter = 'Q1' AND Month = 'January') OR (Quarter = 'Q1' AND Month = 'February') OR (Quarter = 'Q2' AND Month = 'April') OR (Quarter = 'Q2' AND Month = 'May')) GROUP BY Type_of_building,Usage",
 "sqlResult": "{Production | Factory | 40.25 | 74} || {Residential | Apartment | 42.5 | 80} || {Residential | Hotel | 70.75 | 86} || {Residential | House | 54 | 97}",
 "nlq": "What are the average and maximum numbers for each Type of building and Usage, of Apartment, Factory, Hotel, or House buildings in April, February, January, or May? Please, report the corresponding Type of building and Usage."},
{"name": "template 9",
 "sql": "SELECT min(Value) FROM DBdata WHERE ((Type_of_building = 'Production' AND Usage = 'Factory')) AND (Quarter IN ('Q1','Q2')) GROUP BY Quarter",
 "sqlResult": "{1} || {26}",
 "nlq": "What is the minimum number for each Quarter, of Factory buildings in Q1 or Q2?"},
{"name": "template 10",
 "sql": "SELECT Quarter,min(Value) FROM DBdata WHERE ((Type_of_building = 'Residential' AND Usage = 'House')) AND (Quarter IN ('Q1','Q2')) GROUP BY Quarter",
 "sqlResult": "{Q1 | 28} || {Q2 | 16}",
 "nlq": "What is the minimum number for each Quarter, of House buildings in Q1 or Q2? Please, report the corresponding Quarter."},
{"name": "template 11",
 "sql": "SELECT Quarter,Type_of_building,Usage,max(Value) FROM DBdata WHERE ((Type_of_building = 'Residential' AND Usage = 'House') OR (Type_of_building = 'Residential' AND Usage = 'Apartment') OR (Type_of_building = 'Residential' AND Usage = 'Hotel')) AND (Quarter IN ('Q1','Q2')) GROUP BY Quarter,Type_of_building,Usage",
 "sqlResult": "{Q1 | Residential | Apartment | 67} || {Q1 | Residential | Hotel | 64} || {Q1 | Residential | House | 75} || {Q2 | Residential | Apartment | 80} || {Q2 | Residential | Hotel | 86} || {Q2 | Residential | House | 97}",
 "nlq": "What is the maximum number for each Quarter, Type of building, and Usage, of Apartment, Hotel, or House buildings in Q1 or Q2? Please, report the corresponding Quarter, Type of building, and Usage."},
{"name": "template 12",
 "sql": "SELECT Value FROM DBdata WHERE ((Type_of_building = 'Residential' AND Usage = 'Hotel')) AND (Quarter IN ('Q1','Q2')) ORDER BY VALUE DESC LIMIT 3",
 "sqlResult": "{86} || {79} || {64}",
 "nlq": "What are the top 3 numbers of Hotel buildings in Q1 or Q2?"},
{"name": "template 13",
 "sql": "SELECT Value FROM DBdata WHERE ((Type_of_building = 'Production' AND Usage = 'Workshop')) AND (Quarter IN ('Q1','Q2')) ORDER BY VALUE DESC",
 "sqlResult": "{96} || {87} || {39} || {25}",
 "nlq": "What are the numbers ordered by descending values of Workshop buildings in Q1 or Q2?"},
{"name": "template 14",
 "sql": "SELECT Quarter,Month FROM DBdata WHERE ((Type_of_building = 'Residential' AND Usage = 'House')) AND Value > 53.85",
 "sqlResult": "{Q1 | February} || {Q2 | April}",
 "nlq": "What are the Quarter and Month for which the number of House buildings is greater than 53.85?"},
{"name": "template 15",
 "sql": "SELECT Quarter,Month,Value FROM DBdata WHERE ((Type_of_building = 'Production' AND Usage = 'Factory')) AND (Quarter,Month) IN (SELECT Quarter,Month FROM DBdata WHERE ((Type_of_building = 'Residential' AND Usage = 'House')) AND Value > 53.85)",
 "sqlResult": "{Q1 | February | 1} || {Q2 | April | 26}",
 "nlq": "What is the number of Factory buildings in Quarter and in Month for which the number of House buildings is greater than 53.85? Please, report the corresponding Quarter, Month, and number of buildings."}]
}
