AA,BB,CC,DD,Value
AA,BB,CC,DD,Value
AAjm,BBlr,CCbf,DDkw,32
AAjm,BBfp,CCbf,DDkw,78
AAjm,BBct,CCbf,DDkw,38
AAbk,BBgr,CCbf,DDkw,100
AAbk,BBvy,CCbf,DDkw,15
AAjm,BBlr,CCbf,DDhv,81
AAjm,BBfp,CCbf,DDhv,77
AAjm,BBct,CCbf,DDhv,62
AAbk,BBgr,CCbf,DDhv,89
AAbk,BBvy,CCbf,DDhv,54
AAjm,BBlr,CCbf,DDdj,45
AAjm,BBfp,CCbf,DDdj,34
AAjm,BBct,CCbf,DDdj,30
AAbk,BBgr,CCbf,DDdj,25
AAbk,BBvy,CCbf,DDdj,42
AAjm,BBlr,CCbd,DDdg,44
AAjm,BBfp,CCbd,DDdg,73
AAjm,BBct,CCbd,DDdg,79
AAbk,BBgr,CCbd,DDdg,61
AAbk,BBvy,CCbd,DDdg,55
AAjm,BBlr,CCbd,DDfx,85
AAjm,BBfp,CCbd,DDfx,12
AAjm,BBct,CCbd,DDfx,57
AAbk,BBgr,CCbd,DDfx,92
AAbk,BBvy,CCbd,DDfx,87

