{
"filename": "Number_of_constructions_set7_4_DB.csv",
"questions": [{"name": "template 1",
 "sql": "SELECT Value FROM DBdata WHERE ((AA = 'AAdh' AND BB = 'BBrt')) AND ((CC = 'CCpt' AND DD = 'DDcm'))",
 "sqlResult": "{98}",
 "nlq": "What is the number of BBrt buildings in DDcm?"},
{"name": "template 2",
 "sql": "SELECT Value FROM DBdata WHERE ((AA = 'AAdh' AND BB = 'BBlz')) AND ((CC = 'CCpt' AND DD = 'DDkv') OR (CC = 'CCcz' AND DD = 'DDln'))",
 "sqlResult": "{86} || {5}",
 "nlq": "What is the number of BBlz buildings in DDln or DDkv?"},
{"name": "template 3",
 "sql": "SELECT Value FROM DBdata WHERE ((AA = 'AAdh' AND BB = 'BBlz') OR (AA = 'AAgv' AND BB = 'BBky')) AND ((CC = 'CCcz' AND DD = 'DDdf'))",
 "sqlResult": "{11} || {45}",
 "nlq": "What is the number of BBlz or BBky buildings in DDdf?"},
{"name": "template 4",
 "sql": "SELECT sum(Value),avg(Value) FROM DBdata WHERE ((AA = 'AAdh' AND BB = 'BBlz') OR (AA = 'AAgv' AND BB = 'BBky')) AND ((CC = 'CCcz' AND DD = 'DDln'))",
 "sqlResult": "{68 | 34}",
 "nlq": "What are the total and average numbers of BBlz or BBky buildings in DDln?"},
{"name": "template 6",
 "sql": "SELECT Value FROM DBdata WHERE ((AA = 'AAbh' AND BB = 'BBfp') OR (AA = 'AAgv' AND BB = 'BBhj')) AND ((CC = 'CCpt' AND DD = 'DDcm') OR (CC = 'CCcz' AND DD = 'DDln') OR (CC = 'CCcz' AND DD = 'DDdf'))",
 "sqlResult": "{97} || {74} || {28} || {7} || {83} || {14}",
 "nlq": "What is the number of BBhj or BBfp buildings in DDln, DDcm, or DDdf?"},
{"name": "template 7",
 "sql": "SELECT avg(Value),sum(Value) FROM DBdata WHERE ((AA = 'AAbh' AND BB = 'BBfp')) AND ((CC = 'CCpt' AND DD = 'DDkv') OR (CC = 'CCcz' AND DD = 'DDln'))",
 "sqlResult": "{27.5 | 55}",
 "nlq": "What are the average and total numbers of BBfp buildings in DDln or DDkv?"},
{"name": "template 8",
 "sql": "SELECT AA,BB,avg(Value),max(Value) FROM DBdata WHERE ((AA = 'AAdh' AND BB = 'BBrt') OR (AA = 'AAdh' AND BB = 'BBlz') OR (AA = 'AAbh' AND BB = 'BBcl') OR (AA = 'AAgv' AND BB = 'BBky') OR (AA = 'AAgv' AND BB = 'BBhj')) AND ((CC = 'CCpt' AND DD = 'DDkv') OR (CC = 'CCcz' AND DD = 'DDln')) GROUP BY AA,BB",
 "sqlResult": "{AAgv | BBhj | 24 | 41} || {AAgv | BBky | 44.5 | 63} || {AAbh | BBcl | 46 | 49} || {AAdh | BBrt | 34 | 38} || {AAdh | BBlz | 45.5 | 86}",
 "nlq": "What are the average and maximum numbers for each AA and BB, of BBrt, BBhj, BBlz, BBky, or BBcl buildings in DDln or DDkv? Please, report the corresponding AA and BB."},
{"name": "template 9",
 "sql": "SELECT min(Value) FROM DBdata WHERE ((AA = 'AAdh' AND BB = 'BBrt')) AND (CC IN ('CCpt','CCcz')) GROUP BY CC",
 "sqlResult": "{30} || {15}",
 "nlq": "What is the minimum number for each CC, of BBrt buildings in CCpt or CCcz?"},
{"name": "template 10",
 "sql": "SELECT CC,max(Value) FROM DBdata WHERE ((AA = 'AAbh' AND BB = 'BBfp')) AND (CC IN ('CCpt','CCcz')) GROUP BY CC",
 "sqlResult": "{CCpt | 97} || {CCcz | 83}",
 "nlq": "What is the maximum number for each CC, of BBfp buildings in CCpt or CCcz? Please, report the corresponding CC."},
{"name": "template 11",
 "sql": "SELECT CC,AA,BB,sum(Value) FROM DBdata WHERE ((AA = 'AAdh' AND BB = 'BBlz') OR (AA = 'AAbh' AND BB = 'BBcl')) AND (CC IN ('CCpt','CCcz')) GROUP BY CC,AA,BB",
 "sqlResult": "{CCpt | AAbh | BBcl | 139} || {CCpt | AAdh | BBlz | 167} || {CCcz | AAbh | BBcl | 63} || {CCcz | AAdh | BBlz | 16}",
 "nlq": "What is the total number for each CC, AA, and BB, of BBlz or BBcl buildings in CCpt or CCcz? Please, report the corresponding CC, AA, and BB."},
{"name": "template 12",
 "sql": "SELECT Value FROM DBdata WHERE ((AA = 'AAdh' AND BB = 'BBrt')) AND (CC IN ('CCpt','CCcz')) ORDER BY VALUE ASC LIMIT 3",
 "sqlResult": "{15} || {30} || {38}",
 "nlq": "What are the bottom 3 numbers of BBrt buildings in CCpt or CCcz?"},
{"name": "template 13",
 "sql": "SELECT Value FROM DBdata WHERE ((AA = 'AAbh' AND BB = 'BBcl')) AND (CC IN ('CCpt','CCcz')) ORDER BY VALUE DESC",
 "sqlResult": "{90} || {49} || {43} || {20}",
 "nlq": "What are the numbers ordered by descending values of BBcl buildings in CCpt or CCcz?"},
{"name": "template 14",
 "sql": "SELECT CC,DD FROM DBdata WHERE ((AA = 'AAbh' AND BB = 'BBcl')) AND Value > 44.62",
 "sqlResult": "{CCpt | DDkv} || {CCpt | DDcm}",
 "nlq": "What are the CC and DD for which the number of BBcl buildings is greater than 44.62?"},
{"name": "template 15",
 "sql": "SELECT CC,DD,Value FROM DBdata WHERE ((AA = 'AAdh' AND BB = 'BBrt')) AND (CC,DD) IN (SELECT CC,DD FROM DBdata WHERE ((AA = 'AAbh' AND BB = 'BBcl')) AND Value > 44.62)",
 "sqlResult": "{CCpt | DDkv | 30} || {CCpt | DDcm | 98}",
 "nlq": "What is the number of BBrt buildings in CC and in DD for which the number of BBcl buildings is greater than 44.62? Please, report the corresponding CC, DD, and number of buildings."}]
}

