{
"filename": "Number_of_constructions_set9_3_DB.csv",
"questions": [{"name": "template 1",
 "sql": "SELECT Value FROM DBdata WHERE ((AA = 'AApw' AND BB = 'BBbp')) AND ((CC = 'CCjr' AND DD = 'DDdl'))",
 "sqlResult": "{94}",
 "nlq": "What is the number of BBbp buildings in DDdl?"},
{"name": "template 2",
 "sql": "SELECT Value FROM DBdata WHERE ((AA = 'AAjm' AND BB = 'BBpv')) AND ((CC = 'CCjr' AND DD = 'DDbt') OR (CC = 'CCjr' AND DD = 'DDdl') OR (CC = 'CCbk' AND DD = 'DDck') OR (CC = 'CCbk' AND DD = 'DDkt'))",
 "sqlResult": "{59} || {63} || {84} || {90}",
 "nlq": "What is the number of BBpv buildings in DDdl, DDkt, DDbt, or DDck?"},
{"name": "template 3",
 "sql": "SELECT Value FROM DBdata WHERE ((AA = 'AApx' AND BB = 'BBfh') OR (AA = 'AAjm' AND BB = 'BBlw') OR (AA = 'AApw' AND BB = 'BBbp') OR (AA = 'AApw' AND BB = 'BBcj')) AND ((CC = 'CCjr' AND DD = 'DDbt'))",
 "sqlResult": "{12} || {100} || {2} || {10}",
 "nlq": "What is the number of BBcj, BBfh, BBlw, or BBbp buildings in DDbt?"},
{"name": "template 4",
 "sql": "SELECT sum(Value),min(Value) FROM DBdata WHERE ((AA = 'AAjm' AND BB = 'BBpv') OR (AA = 'AApw' AND BB = 'BBbp')) AND ((CC = 'CCbk' AND DD = 'DDkt'))",
 "sqlResult": "{169 | 79}",
 "nlq": "What are the total and minimum numbers of BBbp or BBpv buildings in DDkt?"},
{"name": "template 6",
 "sql": "SELECT Value FROM DBdata WHERE ((AA = 'AApx' AND BB = 'BBjk') OR (AA = 'AAjm' AND BB = 'BBlw') OR (AA = 'AAjm' AND BB = 'BBpv') OR (AA = 'AApw' AND BB = 'BBbp') OR (AA = 'AApw' AND BB = 'BBjw')) AND ((CC = 'CCjr' AND DD = 'DDbt') OR (CC = 'CCjr' AND DD = 'DDdl') OR (CC = 'CCbk' AND DD = 'DDck') OR (CC = 'CCbk' AND DD = 'DDkt'))",
 "sqlResult": "{35} || {100} || {59} || {2} || {87} || {69} || {95} || {63} || {94} || {77} || {98} || {23} || {84} || {70} || {1} || {3} || {15} || {90} || {79} || {96}",
 "nlq": "What is the number of BBjw, BBlw, BBbp, BBpv, or BBjk buildings in DDdl, DDkt, DDbt, or DDck?"},
{"name": "template 7",
 "sql": "SELECT min(Value),avg(Value) FROM DBdata WHERE ((AA = 'AAjm' AND BB = 'BBpv')) AND ((CC = 'CCjr' AND DD = 'DDdl') OR (CC = 'CCbk' AND DD = 'DDck') OR (CC = 'CCbk' AND DD = 'DDkt'))",
 "sqlResult": "{63 | 79}",
 "nlq": "What are the minimum and average numbers of BBpv buildings in DDdl, DDkt, or DDck?"},
{"name": "template 8",
 "sql": "SELECT AA,BB,min(Value),sum(Value) FROM DBdata WHERE ((AA = 'AApx' AND BB = 'BBjk') OR (AA = 'AApx' AND BB = 'BBfh') OR (AA = 'AAjm' AND BB = 'BBlw')) AND ((CC = 'CCjr' AND DD = 'DDbt') OR (CC = 'CCbk' AND DD = 'DDck') OR (CC = 'CCbk' AND DD = 'DDkt')) GROUP BY AA,BB",
 "sqlResult": "{AAjm | BBlw | 15 | 138} || {AApx | BBfh | 12 | 158} || {AApx | BBjk | 3 | 136}",
 "nlq": "What are the minimum and total numbers for each AA and BB, of BBfh, BBlw, or BBjk buildings in DDkt, DDbt, or DDck? Please, report the corresponding AA and BB."},
{"name": "template 9",
 "sql": "SELECT min(Value) FROM DBdata WHERE ((AA = 'AApw' AND BB = 'BBcj')) AND (CC IN ('CCjr','CCbk')) GROUP BY CC",
 "sqlResult": "{10} || {0}",
 "nlq": "What is the minimum number for each CC, of BBcj buildings in CCjr or CCbk?"},
{"name": "template 10",
 "sql": "SELECT CC,avg(Value) FROM DBdata WHERE ((AA = 'AAjm' AND BB = 'BBpv')) AND (CC IN ('CCjr','CCbk')) GROUP BY CC",
 "sqlResult": "{CCjr | 61} || {CCbk | 87}",
 "nlq": "What is the average number for each CC, of BBpv buildings in CCjr or CCbk? Please, report the corresponding CC."},
{"name": "template 11",
 "sql": "SELECT CC,AA,BB,avg(Value) FROM DBdata WHERE ((AA = 'AApx' AND BB = 'BBfh') OR (AA = 'AAjm' AND BB = 'BBlw') OR (AA = 'AApw' AND BB = 'BBjw')) AND (CC IN ('CCjr','CCbk')) GROUP BY CC,AA,BB",
 "sqlResult": "{CCjr | AAjm | BBlw | 97.5} || {CCjr | AApx | BBfh | 42.5} || {CCjr | AApw | BBjw | 82} || {CCbk | AAjm | BBlw | 19} || {CCbk | AApx | BBfh | 73} || {CCbk | AApw | BBjw | 48.5}",
 "nlq": "What is the average number for each CC, AA, and BB, of BBfh, BBjw, or BBlw buildings in CCjr or CCbk? Please, report the corresponding CC, AA, and BB."},
{"name": "template 12",
 "sql": "SELECT Value FROM DBdata WHERE ((AA = 'AApx' AND BB = 'BBjk')) AND (CC IN ('CCjr','CCbk')) ORDER BY VALUE DESC LIMIT 2",
 "sqlResult": "{98} || {69}",
 "nlq": "What are the top 2 numbers of BBjk buildings in CCjr or CCbk?"},
{"name": "template 13",
 "sql": "SELECT Value FROM DBdata WHERE ((AA = 'AApx' AND BB = 'BBjk')) AND (CC IN ('CCjr','CCbk')) ORDER BY VALUE ASC",
 "sqlResult": "{3} || {35} || {69} || {98}",
 "nlq": "What are the numbers ordered by ascending values of BBjk buildings in CCjr or CCbk?"},
{"name": "template 14",
 "sql": "SELECT CC,DD FROM DBdata WHERE ((AA = 'AApw' AND BB = 'BBbp')) AND Value < 56.64",
 "sqlResult": "{CCjr | DDbt}",
 "nlq": "What are the CC and DD for which the number of BBbp buildings is lower than 56.64?"},
{"name": "template 15",
 "sql": "SELECT CC,DD,Value FROM DBdata WHERE ((AA = 'AApx' AND BB = 'BBfh')) AND (CC,DD) IN (SELECT CC,DD FROM DBdata WHERE ((AA = 'AApw' AND BB = 'BBbp')) AND Value < 56.64)",
 "sqlResult": "{CCjr | DDbt | 12}",
 "nlq": "What is the number of BBfh buildings in CC and in DD for which the number of BBbp buildings is lower than 56.64? Please, report the corresponding CC, DD, and number of buildings."}]
}

