Type of building,Usage,Quarter,Month,Value
Type_of_building,Usage,Quarter,Month,Value
Production,Workshop,Q2,April,15
Production,Factory,Q2,April,47
Culture,Museum,Q2,April,79
Culture,Theatre,Q2,April,39
Culture,Concert,Q2,April,40
Production,Workshop,Q2,May,27
Production,Factory,Q2,May,100
Culture,Museum,Q2,May,76
Culture,Theatre,Q2,May,77
Culture,Concert,Q2,May,18
Production,Workshop,Q2,June,8
Production,Factory,Q2,June,85
Culture,Museum,Q2,June,0
Culture,Theatre,Q2,June,62
Culture,Concert,Q2,June,25
Production,Workshop,Q3,August,96
Production,Factory,Q3,August,2
Culture,Museum,Q3,August,11
Culture,Theatre,Q3,August,80
Culture,Concert,Q3,August,89
Production,Workshop,Q3,September,23
Production,Factory,Q3,September,3
Culture,Museum,Q3,September,86
Culture,Theatre,Q3,September,60
Culture,Concert,Q3,September,28
Production,Workshop,Q4,November,64
Production,Factory,Q4,November,81
Culture,Museum,Q4,November,5
Culture,Theatre,Q4,November,82
Culture,Concert,Q4,November,58
Production,Workshop,Q4,December,45
Production,Factory,Q4,December,75
Culture,Museum,Q4,December,48
Culture,Theatre,Q4,December,98
Culture,Concert,Q4,December,19
