Type of building,Usage,Quarter,Month,Value
Type_of_building,Usage,Quarter,Month,Value
Production,Workshop,Q3,July,18
Production,Factory,Q3,July,56
Culture,Theatre,Q3,July,43
Culture,Concert,Q3,July,65
Production,Workshop,Q3,August,19
Production,Factory,Q3,August,20
Culture,Theatre,Q3,August,89
Culture,Concert,Q3,August,51
Production,Workshop,Q3,September,88
Production,Factory,Q3,September,78
Culture,Theatre,Q3,September,80
Culture,Concert,Q3,September,100
Production,Workshop,Q4,October,87
Production,Factory,Q4,October,8
Culture,Theatre,Q4,October,24
Culture,Concert,Q4,October,47
Production,Workshop,Q4,November,2
Production,Factory,Q4,November,9
Culture,Theatre,Q4,November,55
Culture,Concert,Q4,November,37
Production,Workshop,Q4,December,13
Production,Factory,Q4,December,0
Culture,Theatre,Q4,December,70
Culture,Concert,Q4,December,90
