Type of building,Usage,Quarter,Month,Value
Type_of_building,Usage,Quarter,Month,Value
Residential,House,Q1,January,82
Residential,Apartment,Q1,January,74
Production,Workshop,Q1,January,4
Production,Factory,Q1,January,15
Culture,Museum,Q1,January,62
Culture,Theatre,Q1,January,75
Residential,House,Q1,February,1
Residential,Apartment,Q1,February,34
Production,Workshop,Q1,February,33
Production,Factory,Q1,February,2
Culture,Museum,Q1,February,61
Culture,Theatre,Q1,February,77
Residential,House,Q2,May,10
Residential,Apartment,Q2,May,27
Production,Workshop,Q2,May,44
Production,Factory,Q2,May,13
Culture,Museum,Q2,May,96
Culture,Theatre,Q2,May,51
Residential,House,Q2,June,45
Residential,Apartment,Q2,June,28
Production,Workshop,Q2,June,43
Production,Factory,Q2,June,20
Culture,Museum,Q2,June,21
Culture,Theatre,Q2,June,100
