Type of building,Usage,Quarter,Month,Value
Type_of_building,Usage,Quarter,Month,Value
Residential,House,Q2,April,32
Residential,Apartment,Q2,April,78
Residential,Hotel,Q2,April,38
Production,Workshop,Q2,April,100
Production,Factory,Q2,April,15
Residential,House,Q2,May,81
Residential,Apartment,Q2,May,77
Residential,Hotel,Q2,May,62
Production,Workshop,Q2,May,89
Production,Factory,Q2,May,54
Residential,House,Q2,June,45
Residential,Apartment,Q2,June,34
Residential,Hotel,Q2,June,30
Production,Workshop,Q2,June,25
Production,Factory,Q2,June,42
Residential,House,Q3,August,44
Residential,Apartment,Q3,August,73
Residential,Hotel,Q3,August,79
Production,Workshop,Q3,August,61
Production,Factory,Q3,August,55
Residential,House,Q3,September,85
Residential,Apartment,Q3,September,12
Residential,Hotel,Q3,September,57
Production,Workshop,Q3,September,92
Production,Factory,Q3,September,87
