{
"filename": "Number_of_constructions_set5_4_DB.csv",
"questions": [{"name": "template 1",
 "sql": "SELECT Value FROM DBdata WHERE ((AA = 'AAgw' AND BB = 'BBhp')) AND ((CC = 'CCdl' AND DD = 'DDbn'))",
 "sqlResult": "{68}",
 "nlq": "What is the number of BBhp buildings in DDbn?"},
{"name": "template 2",
 "sql": "SELECT Value FROM DBdata WHERE ((AA = 'AAnv' AND BB = 'BBkw')) AND ((CC = 'CCdl' AND DD = 'DDtv') OR (CC = 'CCdl' AND DD = 'DDdn') OR (CC = 'CCbl' AND DD = 'DDqr'))",
 "sqlResult": "{28} || {71} || {22}",
 "nlq": "What is the number of BBkw buildings in DDtv, DDqr, or DDdn?"},
{"name": "template 3",
 "sql": "SELECT Value FROM DBdata WHERE ((AA = 'AAtz' AND BB = 'BBjm') OR (AA = 'AAtz' AND BB = 'BBfh') OR (AA = 'AAgw' AND BB = 'BBhp') OR (AA = 'AAgw' AND BB = 'BBds') OR (AA = 'AAnv' AND BB = 'BBnp')) AND ((CC = 'CCdl' AND DD = 'DDdn'))",
 "sqlResult": "{67} || {72} || {14} || {17} || {9}",
 "nlq": "What is the number of BBnp, BBfh, BBhp, BBds, or BBjm buildings in DDdn?"},
{"name": "template 4",
 "sql": "SELECT min(Value),avg(Value) FROM DBdata WHERE ((AA = 'AAtz' AND BB = 'BBjm') OR (AA = 'AAgw' AND BB = 'BBhp') OR (AA = 'AAgw' AND BB = 'BBds') OR (AA = 'AAnv' AND BB = 'BBnp') OR (AA = 'AAnv' AND BB = 'BBkw')) AND ((CC = 'CCfy' AND DD = 'DDqv'))",
 "sqlResult": "{16 | 56}",
 "nlq": "What are the minimum and average numbers of BBnp, BBkw, BBhp, BBds, or BBjm buildings in DDqv?"},
{"name": "template 6",
 "sql": "SELECT Value FROM DBdata WHERE ((AA = 'AAtz' AND BB = 'BBjm') OR (AA = 'AAtz' AND BB = 'BBfh') OR (AA = 'AAgw' AND BB = 'BBds') OR (AA = 'AAnv' AND BB = 'BBkw')) AND ((CC = 'CCdl' AND DD = 'DDtv') OR (CC = 'CCdl' AND DD = 'DDbn') OR (CC = 'CCdl' AND DD = 'DDdn') OR (CC = 'CCbl' AND DD = 'DDqr'))",
 "sqlResult": "{0} || {21} || {59} || {28} || {83} || {84} || {52} || {12} || {67} || {72} || {17} || {71} || {64} || {58} || {19} || {22}",
 "nlq": "What is the number of BBfh, BBkw, BBds, or BBjm buildings in DDtv, DDqr, DDdn, or DDbn?"},
{"name": "template 7",
 "sql": "SELECT max(Value),min(Value) FROM DBdata WHERE ((AA = 'AAgw' AND BB = 'BBds')) AND ((CC = 'CCfy' AND DD = 'DDgr') OR (CC = 'CCfy' AND DD = 'DDqv') OR (CC = 'CCdl' AND DD = 'DDtv') OR (CC = 'CCdl' AND DD = 'DDbn') OR (CC = 'CCbl' AND DD = 'DDks'))",
 "sqlResult": "{59 | 3}",
 "nlq": "What are the maximum and minimum numbers of BBds buildings in DDtv, DDks, DDgr, DDqv, or DDbn?"},
{"name": "template 8",
 "sql": "SELECT AA,BB,avg(Value),min(Value) FROM DBdata WHERE ((AA = 'AAtz' AND BB = 'BBfh') OR (AA = 'AAnv' AND BB = 'BBkw')) AND ((CC = 'CCfy' AND DD = 'DDqv') OR (CC = 'CCdl' AND DD = 'DDtv') OR (CC = 'CCbl' AND DD = 'DDks')) GROUP BY AA,BB",
 "sqlResult": "{AAtz | BBfh | 19.67 | 6} || {AAnv | BBkw | 30.67 | 4}",
 "nlq": "What are the average and minimum numbers for each AA and BB, of BBfh or BBkw buildings in DDtv, DDks, or DDqv? Please, report the corresponding AA and BB."},
{"name": "template 9",
 "sql": "SELECT min(Value) FROM DBdata WHERE ((AA = 'AAtz' AND BB = 'BBfh')) AND (CC IN ('CCfy','CCdl','CCbl')) GROUP BY CC",
 "sqlResult": "{32} || {21} || {6}",
 "nlq": "What is the minimum number for each CC, of BBfh buildings in CCfy, CCdl, or CCbl?"},
{"name": "template 10",
 "sql": "SELECT CC,max(Value) FROM DBdata WHERE ((AA = 'AAtz' AND BB = 'BBfh')) AND (CC IN ('CCfy','CCdl','CCbl')) GROUP BY CC",
 "sqlResult": "{CCfy | 42} || {CCdl | 84} || {CCbl | 58}",
 "nlq": "What is the maximum number for each CC, of BBfh buildings in CCfy, CCdl, or CCbl? Please, report the corresponding CC."},
{"name": "template 11",
 "sql": "SELECT CC,AA,BB,min(Value) FROM DBdata WHERE ((AA = 'AAtz' AND BB = 'BBfh') OR (AA = 'AAgw' AND BB = 'BBhp') OR (AA = 'AAnv' AND BB = 'BBnp')) AND (CC IN ('CCfy','CCdl','CCbl')) GROUP BY CC,AA,BB",
 "sqlResult": "{CCfy | AAgw | BBhp | 13} || {CCfy | AAtz | BBfh | 32} || {CCfy | AAnv | BBnp | 8} || {CCdl | AAgw | BBhp | 14} || {CCdl | AAtz | BBfh | 21} || {CCdl | AAnv | BBnp | 9} || {CCbl | AAgw | BBhp | 27} || {CCbl | AAtz | BBfh | 6} || {CCbl | AAnv | BBnp | 63}",
 "nlq": "What is the minimum number for each CC, AA, and BB, of BBnp, BBfh, or BBhp buildings in CCfy, CCdl, or CCbl? Please, report the corresponding CC, AA, and BB."},
{"name": "template 12",
 "sql": "SELECT Value FROM DBdata WHERE ((AA = 'AAtz' AND BB = 'BBjm')) AND (CC IN ('CCfy','CCbl')) ORDER BY VALUE DESC LIMIT 3",
 "sqlResult": "{85} || {64} || {45}",
 "nlq": "What are the top 3 numbers of BBjm buildings in CCfy or CCbl?"},
{"name": "template 13",
 "sql": "SELECT Value FROM DBdata WHERE ((AA = 'AAtz' AND BB = 'BBfh')) AND (CC IN ('CCdl','CCbl')) ORDER BY VALUE ASC",
 "sqlResult": "{6} || {21} || {58} || {72} || {84}",
 "nlq": "What are the numbers ordered by ascending values of BBfh buildings in CCdl or CCbl?"},
{"name": "template 14",
 "sql": "SELECT CC,DD FROM DBdata WHERE ((AA = 'AAtz' AND BB = 'BBjm')) AND Value > 43.42",
 "sqlResult": "{CCfy | DDnt} || {CCdl | DDbn} || {CCdl | DDdn} || {CCbl | DDqr} || {CCbl | DDks}",
 "nlq": "What are the CC and DD for which the number of BBjm buildings is greater than 43.42?"},
{"name": "template 15",
 "sql": "SELECT CC,DD,Value FROM DBdata WHERE ((AA = 'AAnv' AND BB = 'BBnp')) AND (CC,DD) IN (SELECT CC,DD FROM DBdata WHERE ((AA = 'AAtz' AND BB = 'BBjm')) AND Value > 43.42)",
 "sqlResult": "{CCfy | DDnt | 8} || {CCdl | DDbn | 53} || {CCdl | DDdn | 9} || {CCbl | DDqr | 92} || {CCbl | DDks | 63}",
 "nlq": "What is the number of BBnp buildings in CC and in DD for which the number of BBjm buildings is greater than 43.42? Please, report the corresponding CC, DD, and number of buildings."}]
}

