{
"filename": "Number_of_constructions_set2_2_DB.csv",
"questions": [{"name": "template 1",
 "sql": "SELECT Value FROM DBdata WHERE ((AA = 'AAjl' AND BB = 'BBrt')) AND ((CC = 'CCxy' AND DD = 'DDtw'))",
 "sqlResult": "{32}",
 "nlq": "What is the number of BBrt buildings in DDtw?"},
{"name": "template 2",
 "sql": "SELECT Value FROM DBdata WHERE ((AA = 'AAjl' AND BB = 'BBrt')) AND ((CC = 'CCpw' AND DD = 'DDsx') OR (CC = 'CCpw' AND DD = 'DDjx') OR (CC = 'CCxy' AND DD = 'DDfk') OR (CC = 'CCxy' AND DD = 'DDtw') OR (CC = 'CCxy' AND DD = 'DDcj'))",
 "sqlResult": "{69} || {34} || {67} || {32} || {26}",
 "nlq": "What is the number of BBrt buildings in DDfk, DDjx, DDsx, DDcj, or DDtw?"},
{"name": "template 3",
 "sql": "SELECT Value FROM DBdata WHERE ((AA = 'AAjl' AND BB = 'BBrt') OR (AA = 'AAdy' AND BB = 'BBlm') OR (AA = 'AAdy' AND BB = 'BBjm') OR (AA = 'AAmx' AND BB = 'BBcn')) AND ((CC = 'CCpw' AND DD = 'DDsx'))",
 "sqlResult": "{69} || {17} || {44} || {71}",
 "nlq": "What is the number of BBrt, BBcn, BBlm, or BBjm buildings in DDsx?"},
{"name": "template 4",
 "sql": "SELECT sum(Value),max(Value) FROM DBdata WHERE ((AA = 'AAjl' AND BB = 'BBmz') OR (AA = 'AAjl' AND BB = 'BBrt') OR (AA = 'AAdy' AND BB = 'BBlm') OR (AA = 'AAdy' AND BB = 'BBjm') OR (AA = 'AAmx' AND BB = 'BBcn') OR (AA = 'AAmx' AND BB = 'BBgm') OR (AA = 'AAmx' AND BB = 'BBdn')) AND ((CC = 'CCxy' AND DD = 'DDcj'))",
 "sqlResult": "{339 | 98}",
 "nlq": "What are the total and maximum numbers of BBgm, BBrt, BBcn, BBdn, BBlm, BBjm, or BBmz buildings in DDcj?"},
{"name": "template 6",
 "sql": "SELECT Value FROM DBdata WHERE ((AA = 'AAdy' AND BB = 'BBjm') OR (AA = 'AAmx' AND BB = 'BBcn') OR (AA = 'AAmx' AND BB = 'BBgm')) AND ((CC = 'CCpw' AND DD = 'DDsx') OR (CC = 'CCxy' AND DD = 'DDfk') OR (CC = 'CCxy' AND DD = 'DDtw'))",
 "sqlResult": "{44} || {71} || {20} || {97} || {21} || {51} || {41} || {75} || {40}",
 "nlq": "What is the number of BBgm, BBcn, or BBjm buildings in DDfk, DDsx, or DDtw?"},
{"name": "template 7",
 "sql": "SELECT avg(Value),sum(Value) FROM DBdata WHERE ((AA = 'AAdy' AND BB = 'BBjm')) AND ((CC = 'CCpw' AND DD = 'DDsx') OR (CC = 'CCpw' AND DD = 'DDjx') OR (CC = 'CCpw' AND DD = 'DDkv') OR (CC = 'CCxy' AND DD = 'DDtw') OR (CC = 'CCxy' AND DD = 'DDcj'))",
 "sqlResult": "{45 | 225}",
 "nlq": "What are the average and total numbers of BBjm buildings in DDjx, DDsx, DDcj, DDkv, or DDtw?"},
{"name": "template 8",
 "sql": "SELECT AA,BB,min(Value),max(Value) FROM DBdata WHERE ((AA = 'AAjl' AND BB = 'BBmz') OR (AA = 'AAjl' AND BB = 'BBrt') OR (AA = 'AAdy' AND BB = 'BBlm') OR (AA = 'AAmx' AND BB = 'BBcn') OR (AA = 'AAmx' AND BB = 'BBdn')) AND ((CC = 'CCpw' AND DD = 'DDsx') OR (CC = 'CCxy' AND DD = 'DDfk') OR (CC = 'CCxy' AND DD = 'DDcj')) GROUP BY AA,BB",
 "sqlResult": "{AAdy | BBlm | 6 | 99} || {AAjl | BBrt | 26 | 69} || {AAjl | BBmz | 38 | 100} || {AAmx | BBcn | 21 | 71} || {AAmx | BBdn | 15 | 68}",
 "nlq": "What are the minimum and maximum numbers for each AA and BB, of BBrt, BBcn, BBdn, BBlm, or BBmz buildings in DDfk, DDsx, or DDcj? Please, report the corresponding AA and BB."},
{"name": "template 9",
 "sql": "SELECT min(Value) FROM DBdata WHERE ((AA = 'AAmx' AND BB = 'BBdn')) AND (CC IN ('CCpw','CCxy')) GROUP BY CC",
 "sqlResult": "{52} || {15}",
 "nlq": "What is the minimum number for each CC, of BBdn buildings in CCpw or CCxy?"},
{"name": "template 10",
 "sql": "SELECT CC,min(Value) FROM DBdata WHERE ((AA = 'AAmx' AND BB = 'BBdn')) AND (CC IN ('CCpw','CCxy')) GROUP BY CC",
 "sqlResult": "{CCpw | 52} || {CCxy | 15}",
 "nlq": "What is the minimum number for each CC, of BBdn buildings in CCpw or CCxy? Please, report the corresponding CC."},
{"name": "template 11",
 "sql": "SELECT CC,AA,BB,avg(Value) FROM DBdata WHERE ((AA = 'AAmx' AND BB = 'BBgm') OR (AA = 'AAmx' AND BB = 'BBdn')) AND (CC IN ('CCpw','CCxy')) GROUP BY CC,AA,BB",
 "sqlResult": "{CCpw | AAmx | BBgm | 48.67} || {CCpw | AAmx | BBdn | 68.33} || {CCxy | AAmx | BBgm | 32.67} || {CCxy | AAmx | BBdn | 59.33}",
 "nlq": "What is the average number for each CC, AA, and BB, of BBgm or BBdn buildings in CCpw or CCxy? Please, report the corresponding CC, AA, and BB."},
{"name": "template 12",
 "sql": "SELECT Value FROM DBdata WHERE ((AA = 'AAmx' AND BB = 'BBdn')) AND (CC IN ('CCpw','CCxy')) ORDER BY VALUE ASC LIMIT 2",
 "sqlResult": "{15} || {52}",
 "nlq": "What are the bottom 2 numbers of BBdn buildings in CCpw or CCxy?"},
{"name": "template 13",
 "sql": "SELECT Value FROM DBdata WHERE ((AA = 'AAmx' AND BB = 'BBcn')) AND (CC IN ('CCpw','CCxy')) ORDER BY VALUE DESC",
 "sqlResult": "{80} || {75} || {71} || {43} || {27} || {21}",
 "nlq": "What are the numbers ordered by descending values of BBcn buildings in CCpw or CCxy?"},
{"name": "template 14",
 "sql": "SELECT CC,DD FROM DBdata WHERE ((AA = 'AAmx' AND BB = 'BBcn')) AND Value > 50.76",
 "sqlResult": "{CCpw | DDsx} || {CCpw | DDkv} || {CCxy | DDtw}",
 "nlq": "What are the CC and DD for which the number of BBcn buildings is greater than 50.76?"},
{"name": "template 15",
 "sql": "SELECT CC,DD,Value FROM DBdata WHERE ((AA = 'AAjl' AND BB = 'BBmz')) AND (CC,DD) IN (SELECT CC,DD FROM DBdata WHERE ((AA = 'AAmx' AND BB = 'BBcn')) AND Value > 50.76)",
 "sqlResult": "{CCpw | DDsx | 38} || {CCpw | DDkv | 55} || {CCxy | DDtw | 90}",
 "nlq": "What is the number of BBmz buildings in CC and in DD for which the number of BBcn buildings is greater than 50.76? Please, report the corresponding CC, DD, and number of buildings."}]
}

