Type of building,Usage,Quarter,Month,Value
Type_of_building,Usage,Quarter,Month,Value
Residential,House,Q1,January,28
Residential,Apartment,Q1,January,13
Residential,Hotel,Q1,January,54
Production,Workshop,Q1,January,25
Production,Factory,Q1,January,60
Residential,House,Q1,February,75
Residential,Apartment,Q1,February,67
Residential,Hotel,Q1,February,64
Production,Workshop,Q1,February,96
Production,Factory,Q1,February,1
Residential,House,Q2,April,97
Residential,Apartment,Q2,April,10
Residential,Hotel,Q2,April,86
Production,Workshop,Q2,April,87
Production,Factory,Q2,April,26
Residential,House,Q2,May,16
Residential,Apartment,Q2,May,80
Residential,Hotel,Q2,May,79
Production,Workshop,Q2,May,39
Production,Factory,Q2,May,74
