Type of building,Usage,Quarter,Month,Value
Type_of_building,Usage,Quarter,Month,Value
Production,Workshop,Q1,January,96
Production,Factory,Q1,January,71
Culture,Museum,Q1,January,79
Culture,Theatre,Q1,January,35
Culture,Concert,Q1,January,60
Service,School,Q1,January,91
Service,Hospital,Q1,January,27
Service,Administration,Q1,January,45
Production,Workshop,Q1,February,88
Production,Factory,Q1,February,55
Culture,Museum,Q1,February,81
Culture,Theatre,Q1,February,9
Culture,Concert,Q1,February,87
Service,School,Q1,February,65
Service,Hospital,Q1,February,69
Service,Administration,Q1,February,42
Production,Workshop,Q2,May,73
Production,Factory,Q2,May,95
Culture,Museum,Q2,May,46
Culture,Theatre,Q2,May,84
Culture,Concert,Q2,May,43
Service,School,Q2,May,8
Service,Hospital,Q2,May,94
Service,Administration,Q2,May,37
Production,Workshop,Q2,June,93
Production,Factory,Q2,June,4
Culture,Museum,Q2,June,36
Culture,Theatre,Q2,June,48
Culture,Concert,Q2,June,40
Service,School,Q2,June,98
Service,Hospital,Q2,June,32
Service,Administration,Q2,June,15
