{
"filename": "Number_of_constructions_set7_5_DB.csv",
"questions": [{"name": "template 1",
 "sql": "SELECT Value FROM DBdata WHERE ((Type_of_building = 'Production' AND Usage = 'Workshop')) AND ((Quarter = 'Q3' AND Month = 'August'))",
 "sqlResult": "{37}",
 "nlq": "What is the number of Workshop buildings in August?"},
{"name": "template 2",
 "sql": "SELECT Value FROM DBdata WHERE ((Type_of_building = 'Residential' AND Usage = 'Apartment')) AND ((Quarter = 'Q3' AND Month = 'July') OR (Quarter = 'Q4' AND Month = 'November'))",
 "sqlResult": "{52} || {16}",
 "nlq": "What is the number of Apartment buildings in July or November?"},
{"name": "template 3",
 "sql": "SELECT Value FROM DBdata WHERE ((Type_of_building = 'Residential' AND Usage = 'Apartment') OR (Type_of_building = 'Production' AND Usage = 'Workshop')) AND ((Quarter = 'Q3' AND Month = 'August'))",
 "sqlResult": "{71} || {37}",
 "nlq": "What is the number of Apartment or Workshop buildings in August?"},
{"name": "template 4",
 "sql": "SELECT avg(Value),min(Value) FROM DBdata WHERE ((Type_of_building = 'Residential' AND Usage = 'House') OR (Type_of_building = 'Residential' AND Usage = 'Apartment') OR (Type_of_building = 'Production' AND Usage = 'Workshop') OR (Type_of_building = 'Production' AND Usage = 'Factory')) AND ((Quarter = 'Q3' AND Month = 'July'))",
 "sqlResult": "{42 | 3}",
 "nlq": "What are the average and minimum numbers of Apartment, Factory, House, or Workshop buildings in July?"},
{"name": "template 6",
 "sql": "SELECT Value FROM DBdata WHERE ((Type_of_building = 'Residential' AND Usage = 'House') OR (Type_of_building = 'Production' AND Usage = 'Workshop') OR (Type_of_building = 'Production' AND Usage = 'Factory')) AND ((Quarter = 'Q3' AND Month = 'July') OR (Quarter = 'Q3' AND Month = 'August') OR (Quarter = 'Q3' AND Month = 'September') OR (Quarter = 'Q4' AND Month = 'November'))",
 "sqlResult": "{3} || {64} || {49} || {100} || {37} || {82} || {84} || {45} || {19} || {95} || {91} || {88}",
 "nlq": "What is the number of Factory, House, or Workshop buildings in August, July, November, or September?"},
{"name": "template 7",
 "sql": "SELECT avg(Value),max(Value) FROM DBdata WHERE ((Type_of_building = 'Residential' AND Usage = 'House')) AND ((Quarter = 'Q3' AND Month = 'July') OR (Quarter = 'Q3' AND Month = 'August') OR (Quarter = 'Q3' AND Month = 'September') OR (Quarter = 'Q4' AND Month = 'October') OR (Quarter = 'Q4' AND Month = 'November'))",
 "sqlResult": "{62.2 | 100}",
 "nlq": "What are the average and maximum numbers of House buildings in August, July, November, October, or September?"},
{"name": "template 8",
 "sql": "SELECT Type_of_building,Usage,avg(Value),max(Value) FROM DBdata WHERE ((Type_of_building = 'Residential' AND Usage = 'House') OR (Type_of_building = 'Residential' AND Usage = 'Apartment')) AND ((Quarter = 'Q3' AND Month = 'July') OR (Quarter = 'Q3' AND Month = 'August') OR (Quarter = 'Q3' AND Month = 'September') OR (Quarter = 'Q4' AND Month = 'November')) GROUP BY Type_of_building,Usage",
 "sqlResult": "{Residential | Apartment | 55 | 81} || {Residential | House | 70.5 | 100}",
 "nlq": "What are the average and maximum numbers for each Type of building and Usage, of Apartment or House buildings in August, July, November, or September? Please, report the corresponding Type of building and Usage."},
{"name": "template 9",
 "sql": "SELECT min(Value) FROM DBdata WHERE ((Type_of_building = 'Residential' AND Usage = 'Apartment')) AND (Quarter IN ('Q3','Q4')) GROUP BY Quarter",
 "sqlResult": "{52} || {16}",
 "nlq": "What is the minimum number for each Quarter, of Apartment buildings in Q3 or Q4?"},
{"name": "template 10",
 "sql": "SELECT Quarter,sum(Value) FROM DBdata WHERE ((Type_of_building = 'Production' AND Usage = 'Factory')) AND (Quarter IN ('Q3','Q4')) GROUP BY Quarter",
 "sqlResult": "{Q3 | 150} || {Q4 | 148}",
 "nlq": "What is the total number for each Quarter, of Factory buildings in Q3 or Q4? Please, report the corresponding Quarter."},
{"name": "template 11",
 "sql": "SELECT Quarter,Type_of_building,Usage,sum(Value) FROM DBdata WHERE ((Type_of_building = 'Residential' AND Usage = 'House') OR (Type_of_building = 'Residential' AND Usage = 'Apartment') OR (Type_of_building = 'Production' AND Usage = 'Factory')) AND (Quarter IN ('Q3','Q4')) GROUP BY Quarter,Type_of_building,Usage",
 "sqlResult": "{Q3 | Production | Factory | 150} || {Q3 | Residential | Apartment | 204} || {Q3 | Residential | House | 187} || {Q4 | Production | Factory | 148} || {Q4 | Residential | Apartment | 40} || {Q4 | Residential | House | 124}",
 "nlq": "What is the total number for each Quarter, Type of building, and Usage, of Apartment, Factory, or House buildings in Q3 or Q4? Please, report the corresponding Quarter, Type of building, and Usage."},
{"name": "template 12",
 "sql": "SELECT Value FROM DBdata WHERE ((Type_of_building = 'Production' AND Usage = 'Workshop')) AND (Quarter IN ('Q3','Q4')) ORDER BY VALUE DESC LIMIT 2",
 "sqlResult": "{92} || {91}",
 "nlq": "What are the top 2 numbers of Workshop buildings in Q3 or Q4?"},
{"name": "template 13",
 "sql": "SELECT Value FROM DBdata WHERE ((Type_of_building = 'Production' AND Usage = 'Factory')) AND (Quarter IN ('Q3','Q4')) ORDER BY VALUE DESC",
 "sqlResult": "{88} || {82} || {60} || {49} || {19}",
 "nlq": "What are the numbers ordered by descending values of Factory buildings in Q3 or Q4?"},
{"name": "template 14",
 "sql": "SELECT Quarter,Month FROM DBdata WHERE ((Type_of_building = 'Residential' AND Usage = 'Apartment')) AND Value < 59.1",
 "sqlResult": "{Q3 | July} || {Q4 | October} || {Q4 | November}",
 "nlq": "What are the Quarter and Month for which the number of Apartment buildings is lower than 59.1?"},
{"name": "template 15",
 "sql": "SELECT Quarter,Month,Value FROM DBdata WHERE ((Type_of_building = 'Residential' AND Usage = 'House')) AND (Quarter,Month) IN (SELECT Quarter,Month FROM DBdata WHERE ((Type_of_building = 'Residential' AND Usage = 'Apartment')) AND Value < 59.1)",
 "sqlResult": "{Q3 | July | 3} || {Q4 | October | 29} || {Q4 | November | 95}",
 "nlq": "What is the number of House buildings in Quarter and in Month for which the number of Apartment buildings is lower than 59.1? Please, report the corresponding Quarter, Month, and number of buildings."}]
}
