AA,BB,CC,DD,Value
AA,BB,CC,DD,Value
AAbz,BBqr,CCdj,DDcg,37
AAbz,BBdp,CCdj,DDcg,12
AAhw,BBft,CCdj,DDcg,70
AAhw,BBjr,CCdj,DDcg,85
AAbz,BBqr,CCdj,DDhj,92
AAbz,BBdp,CCdj,DDhj,43
AAhw,BBft,CCdj,DDhj,47
AAhw,BBjr,CCdj,DDhj,65
AAbz,BBqr,CCdj,DDdy,93
AAbz,BBdp,CCdj,DDdy,15
AAhw,BBft,CCdj,DDdy,25
AAhw,BBjr,CCdj,DDdy,22
AAbz,BBqr,CCcr,DDnr,68
AAbz,BBdp,CCcr,DDnr,33
AAhw,BBft,CCcr,DDnr,57
AAhw,BBjr,CCcr,DDnr,69
AAbz,BBqr,CCcr,DDbs,77
AAbz,BBdp,CCcr,DDbs,36
AAhw,BBft,CCcr,DDbs,30
AAhw,BBjr,CCcr,DDbs,50
AAbz,BBqr,CCsx,DDhx,46
AAbz,BBdp,CCsx,DDhx,64
AAhw,BBft,CCsx,DDhx,90
AAhw,BBjr,CCsx,DDhx,100
AAbz,BBqr,CCsx,DDcv,39
AAbz,BBdp,CCsx,DDcv,16
AAhw,BBft,CCsx,DDcv,98
AAhw,BBjr,CCsx,DDcv,51

