AA,BB,CC,DD,Value
AA,BB,CC,DD,Value
AAbw,BBgv,CCcm,DDkv,17
AAbw,BBps,CCcm,DDkv,76
AAvz,BBgq,CCcm,DDkv,23
AAvz,BBfx,CCcm,DDkv,91
AAvz,BBjr,CCcm,DDkv,39
AAbt,BBct,CCcm,DDkv,85
AAbt,BBcy,CCcm,DDkv,35
AAbt,BBpq,CCcm,DDkv,62
AAbw,BBgv,CCcm,DDbv,7
AAbw,BBps,CCcm,DDbv,98
AAvz,BBgq,CCcm,DDbv,29
AAvz,BBfx,CCcm,DDbv,27
AAvz,BBjr,CCcm,DDbv,41
AAbt,BBct,CCcm,DDbv,54
AAbt,BBcy,CCcm,DDbv,0
AAbt,BBpq,CCcm,DDbv,65
AAbw,BBgv,CCfk,DDds,21
AAbw,BBps,CCfk,DDds,64
AAvz,BBgq,CCfk,DDds,55
AAvz,BBfx,CCfk,DDds,33
AAvz,BBjr,CCfk,DDds,78
AAbt,BBct,CCfk,DDds,25
AAbt,BBcy,CCfk,DDds,51
AAbt,BBpq,CCfk,DDds,6
AAbw,BBgv,CCfk,DDtx,53
AAbw,BBps,CCfk,DDtx,77
AAvz,BBgq,CCfk,DDtx,97
AAvz,BBfx,CCfk,DDtx,45
AAvz,BBjr,CCfk,DDtx,31
AAbt,BBct,CCfk,DDtx,59
AAbt,BBcy,CCfk,DDtx,9
AAbt,BBpq,CCfk,DDtx,30
AAbw,BBgv,CCfk,DDfm,72
AAbw,BBps,CCfk,DDfm,4
AAvz,BBgq,CCfk,DDfm,74
AAvz,BBfx,CCfk,DDfm,16
AAvz,BBjr,CCfk,DDfm,10
AAbt,BBct,CCfk,DDfm,19
AAbt,BBcy,CCfk,DDfm,1
AAbt,BBpq,CCfk,DDfm,26

