{
"filename": "Number_of_constructions_set1_5_DB.csv",
"questions": [{"name": "template 1",
 "sql": "SELECT Value FROM DBdata WHERE ((AA = 'AAhm' AND BB = 'BBjp')) AND ((CC = 'CCkl' AND DD = 'DDdx'))",
 "sqlResult": "{73}",
 "nlq": "What is the number of BBjp buildings in DDdx?"},
{"name": "template 2",
 "sql": "SELECT Value FROM DBdata WHERE ((AA = 'AAbq' AND BB = 'BBbv')) AND ((CC = 'CCkl' AND DD = 'DDdx') OR (CC = 'CCkl' AND DD = 'DDdg'))",
 "sqlResult": "{75} || {98}",
 "nlq": "What is the number of BBbv buildings in DDdg or DDdx?"},
{"name": "template 3",
 "sql": "SELECT Value FROM DBdata WHERE ((AA = 'AAky' AND BB = 'BBtx') OR (AA = 'AAky' AND BB = 'BBxy') OR (AA = 'AAbq' AND BB = 'BBhr') OR (AA = 'AAbq' AND BB = 'BBbv') OR (AA = 'AAhm' AND BB = 'BBjp') OR (AA = 'AAhm' AND BB = 'BBgy')) AND ((CC = 'CCrz' AND DD = 'DDjx'))",
 "sqlResult": "{55} || {80} || {87} || {5} || {24} || {45}",
 "nlq": "What is the number of BBgy, BBbv, BBxy, BBjp, BBhr, or BBtx buildings in DDjx?"},
{"name": "template 4",
 "sql": "SELECT min(Value),sum(Value) FROM DBdata WHERE ((AA = 'AAky' AND BB = 'BBxy') OR (AA = 'AAhm' AND BB = 'BBjp') OR (AA = 'AAhm' AND BB = 'BBgy')) AND ((CC = 'CCrz' AND DD = 'DDjx'))",
 "sqlResult": "{24 | 149}",
 "nlq": "What are the minimum and total numbers of BBgy, BBxy, or BBjp buildings in DDjx?"},
{"name": "template 6",
 "sql": "SELECT Value FROM DBdata WHERE ((AA = 'AAky' AND BB = 'BBxy') OR (AA = 'AAbq' AND BB = 'BBhr') OR (AA = 'AAbq' AND BB = 'BBbv') OR (AA = 'AAhm' AND BB = 'BBgy') OR (AA = 'AAhm' AND BB = 'BBfp')) AND ((CC = 'CCln' AND DD = 'DDbg') OR (CC = 'CCrz' AND DD = 'DDmr') OR (CC = 'CCrz' AND DD = 'DDjx') OR (CC = 'CCkl' AND DD = 'DDdg'))",
 "sqlResult": "{68} || {59} || {67} || {11} || {86} || {60} || {42} || {53} || {35} || {14} || {80} || {87} || {5} || {45} || {81} || {69} || {99} || {98} || {30} || {52}",
 "nlq": "What is the number of BBgy, BBbv, BBxy, BBfp, or BBhr buildings in DDjx, DDdg, DDmr, or DDbg?"},
{"name": "template 7",
 "sql": "SELECT sum(Value),min(Value) FROM DBdata WHERE ((AA = 'AAky' AND BB = 'BBtx')) AND ((CC = 'CCln' AND DD = 'DDfm') OR (CC = 'CCrz' AND DD = 'DDmr'))",
 "sqlResult": "{118 | 56}",
 "nlq": "What are the total and minimum numbers of BBtx buildings in DDmr or DDfm?"},
{"name": "template 8",
 "sql": "SELECT AA,BB,max(Value),avg(Value) FROM DBdata WHERE ((AA = 'AAbq' AND BB = 'BBbv') OR (AA = 'AAhm' AND BB = 'BBgy')) AND ((CC = 'CCln' AND DD = 'DDbg') OR (CC = 'CCln' AND DD = 'DDfm')) GROUP BY AA,BB",
 "sqlResult": "{AAbq | BBbv | 93 | 80} || {AAhm | BBgy | 43 | 27}",
 "nlq": "What are the maximum and average numbers for each AA and BB, of BBgy or BBbv buildings in DDfm or DDbg? Please, report the corresponding AA and BB."},
{"name": "template 9",
 "sql": "SELECT min(Value) FROM DBdata WHERE ((AA = 'AAhm' AND BB = 'BBjp')) AND (CC IN ('CCln','CCrz','CCkl')) GROUP BY CC",
 "sqlResult": "{54} || {24} || {16}",
 "nlq": "What is the minimum number for each CC, of BBjp buildings in CCln, CCrz, or CCkl?"},
{"name": "template 10",
 "sql": "SELECT CC,max(Value) FROM DBdata WHERE ((AA = 'AAhm' AND BB = 'BBfp')) AND (CC IN ('CCln','CCrz','CCkl')) GROUP BY CC",
 "sqlResult": "{CCln | 86} || {CCrz | 81} || {CCkl | 52}",
 "nlq": "What is the maximum number for each CC, of BBfp buildings in CCln, CCrz, or CCkl? Please, report the corresponding CC."},
{"name": "template 11",
 "sql": "SELECT CC,AA,BB,min(Value) FROM DBdata WHERE ((AA = 'AAky' AND BB = 'BBxy') OR (AA = 'AAbq' AND BB = 'BBhr') OR (AA = 'AAhm' AND BB = 'BBgy')) AND (CC IN ('CCln','CCrz','CCkl')) GROUP BY CC,AA,BB",
 "sqlResult": "{CCln | AAbq | BBhr | 49} || {CCln | AAky | BBxy | 39} || {CCln | AAhm | BBgy | 11} || {CCrz | AAbq | BBhr | 42} || {CCrz | AAky | BBxy | 60} || {CCrz | AAhm | BBgy | 35} || {CCkl | AAbq | BBhr | 13} || {CCkl | AAky | BBxy | 23} || {CCkl | AAhm | BBgy | 30}",
 "nlq": "What is the minimum number for each CC, AA, and BB, of BBgy, BBxy, or BBhr buildings in CCln, CCrz, or CCkl? Please, report the corresponding CC, AA, and BB."},
{"name": "template 12",
 "sql": "SELECT Value FROM DBdata WHERE ((AA = 'AAhm' AND BB = 'BBjp')) AND (CC IN ('CCln','CCrz')) ORDER BY VALUE DESC LIMIT 2",
 "sqlResult": "{76} || {54}",
 "nlq": "What are the top 2 numbers of BBjp buildings in CCln or CCrz?"},
{"name": "template 13",
 "sql": "SELECT Value FROM DBdata WHERE ((AA = 'AAhm' AND BB = 'BBfp')) AND (CC IN ('CCln','CCkl')) ORDER BY VALUE ASC",
 "sqlResult": "{4} || {36} || {52} || {86}",
 "nlq": "What are the numbers ordered by ascending values of BBfp buildings in CCln or CCkl?"},
{"name": "template 14",
 "sql": "SELECT CC,DD FROM DBdata WHERE ((AA = 'AAbq' AND BB = 'BBhr')) AND Value < 53.19",
 "sqlResult": "{CCln | DDfm} || {CCrz | DDmr} || {CCkl | DDdx}",
 "nlq": "What are the CC and DD for which the number of BBhr buildings is lower than 53.19?"},
{"name": "template 15",
 "sql": "SELECT CC,DD,Value FROM DBdata WHERE ((AA = 'AAky' AND BB = 'BBtx')) AND (CC,DD) IN (SELECT CC,DD FROM DBdata WHERE ((AA = 'AAbq' AND BB = 'BBhr')) AND Value < 53.19)",
 "sqlResult": "{CCln | DDfm | 62} || {CCrz | DDmr | 56} || {CCkl | DDdx | 90}",
 "nlq": "What is the number of BBtx buildings in CC and in DD for which the number of BBhr buildings is lower than 53.19? Please, report the corresponding CC, DD, and number of buildings."}]
}

