{
"filename": "Number_of_constructions_set5_2_DB.csv",
"questions": [{"name": "template 1",
 "sql": "SELECT Value FROM DBdata WHERE ((Type_of_building = 'Culture' AND Usage = 'Concert')) AND ((Quarter = 'Q2' AND Month = 'June'))",
 "sqlResult": "{54}",
 "nlq": "What is the number of Concert buildings in June?"},
{"name": "template 2",
 "sql": "SELECT Value FROM DBdata WHERE ((Type_of_building = 'Production' AND Usage = 'Workshop')) AND ((Quarter = 'Q2' AND Month = 'May') OR (Quarter = 'Q2' AND Month = 'June') OR (Quarter = 'Q3' AND Month = 'September'))",
 "sqlResult": "{75} || {65} || {19}",
 "nlq": "What is the number of Workshop buildings in June, May, or September?"},
{"name": "template 3",
 "sql": "SELECT Value FROM DBdata WHERE ((Type_of_building = 'Production' AND Usage = 'Workshop') OR (Type_of_building = 'Production' AND Usage = 'Factory') OR (Type_of_building = 'Culture' AND Usage = 'Museum') OR (Type_of_building = 'Culture' AND Usage = 'Theatre') OR (Type_of_building = 'Culture' AND Usage = 'Concert')) AND ((Quarter = 'Q2' AND Month = 'June'))",
 "sqlResult": "{65} || {70} || {77} || {50} || {54}",
 "nlq": "What is the number of Concert, Factory, Museum, Theatre, or Workshop buildings in June?"},
{"name": "template 4",
 "sql": "SELECT avg(Value),min(Value) FROM DBdata WHERE ((Type_of_building = 'Production' AND Usage = 'Factory') OR (Type_of_building = 'Culture' AND Usage = 'Theatre')) AND ((Quarter = 'Q3' AND Month = 'September'))",
 "sqlResult": "{54 | 45}",
 "nlq": "What are the average and minimum numbers of Factory or Theatre buildings in September?"},
{"name": "template 6",
 "sql": "SELECT Value FROM DBdata WHERE ((Type_of_building = 'Culture' AND Usage = 'Museum') OR (Type_of_building = 'Culture' AND Usage = 'Theatre')) AND ((Quarter = 'Q2' AND Month = 'May') OR (Quarter = 'Q2' AND Month = 'June') OR (Quarter = 'Q3' AND Month = 'August'))",
 "sqlResult": "{9} || {41} || {77} || {50} || {80} || {59}",
 "nlq": "What is the number of Museum or Theatre buildings in August, June, or May?"},
{"name": "template 7",
 "sql": "SELECT avg(Value),min(Value) FROM DBdata WHERE ((Type_of_building = 'Culture' AND Usage = 'Theatre')) AND ((Quarter = 'Q2' AND Month = 'June') OR (Quarter = 'Q3' AND Month = 'July') OR (Quarter = 'Q3' AND Month = 'August'))",
 "sqlResult": "{37.67 | 4}",
 "nlq": "What are the average and minimum numbers of Theatre buildings in August, July, or June?"},
{"name": "template 8",
 "sql": "SELECT Type_of_building,Usage,avg(Value),sum(Value) FROM DBdata WHERE ((Type_of_building = 'Production' AND Usage = 'Workshop') OR (Type_of_building = 'Production' AND Usage = 'Factory') OR (Type_of_building = 'Culture' AND Usage = 'Museum') OR (Type_of_building = 'Culture' AND Usage = 'Theatre') OR (Type_of_building = 'Culture' AND Usage = 'Concert')) AND ((Quarter = 'Q2' AND Month = 'June') OR (Quarter = 'Q3' AND Month = 'September')) GROUP BY Type_of_building,Usage",
 "sqlResult": "{Culture | Concert | 41 | 82} || {Culture | Museum | 56 | 112} || {Culture | Theatre | 56.5 | 113} || {Production | Factory | 57.5 | 115} || {Production | Workshop | 42 | 84}",
 "nlq": "What are the average and total numbers for each Type of building and Usage, of Concert, Factory, Museum, Theatre, or Workshop buildings in June or September? Please, report the corresponding Type of building and Usage."},
{"name": "template 9",
 "sql": "SELECT min(Value) FROM DBdata WHERE ((Type_of_building = 'Production' AND Usage = 'Workshop')) AND (Quarter IN ('Q2','Q3')) GROUP BY Quarter",
 "sqlResult": "{65} || {19}",
 "nlq": "What is the minimum number for each Quarter, of Workshop buildings in Q2 or Q3?"},
{"name": "template 10",
 "sql": "SELECT Quarter,sum(Value) FROM DBdata WHERE ((Type_of_building = 'Production' AND Usage = 'Factory')) AND (Quarter IN ('Q2','Q3')) GROUP BY Quarter",
 "sqlResult": "{Q2 | 101} || {Q3 | 205}",
 "nlq": "What is the total number for each Quarter, of Factory buildings in Q2 or Q3? Please, report the corresponding Quarter."},
{"name": "template 11",
 "sql": "SELECT Quarter,Type_of_building,Usage,min(Value) FROM DBdata WHERE ((Type_of_building = 'Production' AND Usage = 'Factory') OR (Type_of_building = 'Culture' AND Usage = 'Theatre')) AND (Quarter IN ('Q2','Q3')) GROUP BY Quarter,Type_of_building,Usage",
 "sqlResult": "{Q2 | Culture | Theatre | 41} || {Q2 | Production | Factory | 31} || {Q3 | Culture | Theatre | 4} || {Q3 | Production | Factory | 45}",
 "nlq": "What is the minimum number for each Quarter, Type of building, and Usage, of Factory or Theatre buildings in Q2 or Q3? Please, report the corresponding Quarter, Type of building, and Usage."},
{"name": "template 12",
 "sql": "SELECT Value FROM DBdata WHERE ((Type_of_building = 'Culture' AND Usage = 'Concert')) AND (Quarter IN ('Q2','Q3')) ORDER BY VALUE DESC LIMIT 2",
 "sqlResult": "{56} || {54}",
 "nlq": "What are the top 2 numbers of Concert buildings in Q2 or Q3?"},
{"name": "template 13",
 "sql": "SELECT Value FROM DBdata WHERE ((Type_of_building = 'Culture' AND Usage = 'Museum')) AND (Quarter IN ('Q2','Q3')) ORDER BY VALUE DESC",
 "sqlResult": "{80} || {77} || {35} || {16} || {9}",
 "nlq": "What are the numbers ordered by descending values of Museum buildings in Q2 or Q3?"},
{"name": "template 14",
 "sql": "SELECT Quarter,Month FROM DBdata WHERE ((Type_of_building = 'Production' AND Usage = 'Workshop')) AND Value > 45.68",
 "sqlResult": "{Q2 | May} || {Q2 | June}",
 "nlq": "What are the Quarter and Month for which the number of Workshop buildings is greater than 45.68?"},
{"name": "template 15",
 "sql": "SELECT Quarter,Month,Value FROM DBdata WHERE ((Type_of_building = 'Production' AND Usage = 'Factory')) AND (Quarter,Month) IN (SELECT Quarter,Month FROM DBdata WHERE ((Type_of_building = 'Production' AND Usage = 'Workshop')) AND Value > 45.68)",
 "sqlResult": "{Q2 | May | 31} || {Q2 | June | 70}",
 "nlq": "What is the number of Factory buildings in Quarter and in Month for which the number of Workshop buildings is greater than 45.68? Please, report the corresponding Quarter, Month, and number of buildings."}]
}
