AA,BB,CC,DD,Value
AA,BB,CC,DD,Value
AAnx,BBkr,CCgx,DDlr,18
AAnx,BBjp,CCgx,DDlr,56
AAbs,BBjz,CCgx,DDlr,43
AAbs,BBjl,CCgx,DDlr,65
AAnx,BBkr,CCgx,DDfq,19
AAnx,BBjp,CCgx,DDfq,20
AAbs,BBjz,CCgx,DDfq,89
AAbs,BBjl,CCgx,DDfq,51
AAnx,BBkr,CCgx,DDnr,88
AAnx,BBjp,CCgx,DDnr,78
AAbs,BBjz,CCgx,DDnr,80
AAbs,BBjl,CCgx,DDnr,100
AAnx,BBkr,CCjv,DDpv,87
AAnx,BBjp,CCjv,DDpv,8
AAbs,BBjz,CCjv,DDpv,24
AAbs,BBjl,CCjv,DDpv,47
AAnx,BBkr,CCjv,DDfy,2
AAnx,BBjp,CCjv,DDfy,9
AAbs,BBjz,CCjv,DDfy,55
AAbs,BBjl,CCjv,DDfy,37
AAnx,BBkr,CCjv,DDny,13
AAnx,BBjp,CCjv,DDny,0
AAbs,BBjz,CCjv,DDny,70
AAbs,BBjl,CCjv,DDny,90

