{
"filename": "Number_of_constructions_set4_4_DB.csv",
"questions": [{"name": "template 1",
 "sql": "SELECT Value FROM DBdata WHERE ((AA = 'AAdf' AND BB = 'BBqs')) AND ((CC = 'CCmn' AND DD = 'DDfk'))",
 "sqlResult": "{52}",
 "nlq": "What is the number of BBqs buildings in DDfk?"},
{"name": "template 2",
 "sql": "SELECT Value FROM DBdata WHERE ((AA = 'AAdh' AND BB = 'BBqt')) AND ((CC = 'CCmn' AND DD = 'DDfk') OR (CC = 'CCpv' AND DD = 'DDxz'))",
 "sqlResult": "{17} || {16}",
 "nlq": "What is the number of BBqt buildings in DDxz or DDfk?"},
{"name": "template 3",
 "sql": "SELECT Value FROM DBdata WHERE ((AA = 'AAdh' AND BB = 'BBqt') OR (AA = 'AAjt' AND BB = 'BBcx') OR (AA = 'AAdf' AND BB = 'BBqs')) AND ((CC = 'CCpv' AND DD = 'DDxz'))",
 "sqlResult": "{16} || {89} || {61}",
 "nlq": "What is the number of BBcx, BBqt, or BBqs buildings in DDxz?"},
{"name": "template 4",
 "sql": "SELECT max(Value),min(Value) FROM DBdata WHERE ((AA = 'AAjt' AND BB = 'BBcx') OR (AA = 'AAdf' AND BB = 'BBqs') OR (AA = 'AAdf' AND BB = 'BBqx')) AND ((CC = 'CCmn' AND DD = 'DDfk'))",
 "sqlResult": "{79 | 23}",
 "nlq": "What are the maximum and minimum numbers of BBqx, BBcx, or BBqs buildings in DDfk?"},
{"name": "template 6",
 "sql": "SELECT Value FROM DBdata WHERE ((AA = 'AAjt' AND BB = 'BBdr') OR (AA = 'AAdf' AND BB = 'BBqs')) AND ((CC = 'CCmn' AND DD = 'DDlx') OR (CC = 'CCmn' AND DD = 'DDfk'))",
 "sqlResult": "{71} || {40} || {77} || {52}",
 "nlq": "What is the number of BBqs or BBdr buildings in DDfk or DDlx?"},
{"name": "template 7",
 "sql": "SELECT avg(Value),min(Value) FROM DBdata WHERE ((AA = 'AAdh' AND BB = 'BBcn')) AND ((CC = 'CCpv' AND DD = 'DDhw') OR (CC = 'CCpv' AND DD = 'DDxz'))",
 "sqlResult": "{42.5 | 1}",
 "nlq": "What are the average and minimum numbers of BBcn buildings in DDxz or DDhw?"},
{"name": "template 8",
 "sql": "SELECT AA,BB,min(Value),sum(Value) FROM DBdata WHERE ((AA = 'AAdh' AND BB = 'BBqt') OR (AA = 'AAdh' AND BB = 'BBcn') OR (AA = 'AAdf' AND BB = 'BBqs') OR (AA = 'AAdf' AND BB = 'BBqx')) AND ((CC = 'CCmn' AND DD = 'DDfk') OR (CC = 'CCpv' AND DD = 'DDhw')) GROUP BY AA,BB",
 "sqlResult": "{AAdf | BBqx | 23 | 47} || {AAdf | BBqs | 52 | 133} || {AAdh | BBcn | 18 | 102} || {AAdh | BBqt | 17 | 113}",
 "nlq": "What are the minimum and total numbers for each AA and BB, of BBcn, BBqx, BBqt, or BBqs buildings in DDhw or DDfk? Please, report the corresponding AA and BB."},
{"name": "template 9",
 "sql": "SELECT min(Value) FROM DBdata WHERE ((AA = 'AAdh' AND BB = 'BBqt')) AND (CC IN ('CCmn','CCpv')) GROUP BY CC",
 "sqlResult": "{17} || {16}",
 "nlq": "What is the minimum number for each CC, of BBqt buildings in CCmn or CCpv?"},
{"name": "template 10",
 "sql": "SELECT CC,max(Value) FROM DBdata WHERE ((AA = 'AAjt' AND BB = 'BBdr')) AND (CC IN ('CCmn','CCpv')) GROUP BY CC",
 "sqlResult": "{CCmn | 77} || {CCpv | 100}",
 "nlq": "What is the maximum number for each CC, of BBdr buildings in CCmn or CCpv? Please, report the corresponding CC."},
{"name": "template 11",
 "sql": "SELECT CC,AA,BB,max(Value) FROM DBdata WHERE ((AA = 'AAjt' AND BB = 'BBcx') OR (AA = 'AAdf' AND BB = 'BBqx')) AND (CC IN ('CCmn','CCpv')) GROUP BY CC,AA,BB",
 "sqlResult": "{CCmn | AAdf | BBqx | 37} || {CCmn | AAjt | BBcx | 79} || {CCpv | AAdf | BBqx | 24} || {CCpv | AAjt | BBcx | 89}",
 "nlq": "What is the maximum number for each CC, AA, and BB, of BBqx or BBcx buildings in CCmn or CCpv? Please, report the corresponding CC, AA, and BB."},
{"name": "template 12",
 "sql": "SELECT Value FROM DBdata WHERE ((AA = 'AAdf' AND BB = 'BBqx')) AND (CC IN ('CCmn','CCpv')) ORDER BY VALUE DESC LIMIT 3",
 "sqlResult": "{37} || {24} || {23}",
 "nlq": "What are the top 3 numbers of BBqx buildings in CCmn or CCpv?"},
{"name": "template 13",
 "sql": "SELECT Value FROM DBdata WHERE ((AA = 'AAjt' AND BB = 'BBcx')) AND (CC IN ('CCmn','CCpv')) ORDER BY VALUE DESC",
 "sqlResult": "{89} || {79} || {73} || {72} || {48}",
 "nlq": "What are the numbers ordered by descending values of BBcx buildings in CCmn or CCpv?"},
{"name": "template 14",
 "sql": "SELECT CC,DD FROM DBdata WHERE ((AA = 'AAjt' AND BB = 'BBcx')) AND Value > 52.87",
 "sqlResult": "{CCmn | DDht} || {CCmn | DDfk} || {CCpv | DDhw} || {CCpv | DDxz}",
 "nlq": "What are the CC and DD for which the number of BBcx buildings is greater than 52.87?"},
{"name": "template 15",
 "sql": "SELECT CC,DD,Value FROM DBdata WHERE ((AA = 'AAdf' AND BB = 'BBqs')) AND (CC,DD) IN (SELECT CC,DD FROM DBdata WHERE ((AA = 'AAjt' AND BB = 'BBcx')) AND Value > 52.87)",
 "sqlResult": "{CCmn | DDht | 65} || {CCmn | DDfk | 52} || {CCpv | DDhw | 81} || {CCpv | DDxz | 61}",
 "nlq": "What is the number of BBqs buildings in CC and in DD for which the number of BBcx buildings is greater than 52.87? Please, report the corresponding CC, DD, and number of buildings."}]
}

