{
"filename": "Number_of_constructions_set5_5_DB.csv",
"questions": [{"name": "template 1",
 "sql": "SELECT Value FROM DBdata WHERE ((Type_of_building = 'Culture' AND Usage = 'Museum')) AND ((Quarter = 'Q4' AND Month = 'October'))",
 "sqlResult": "{79}",
 "nlq": "What is the number of Museum buildings in October?"},
{"name": "template 2",
 "sql": "SELECT Value FROM DBdata WHERE ((Type_of_building = 'Production' AND Usage = 'Factory')) AND ((Quarter = 'Q3' AND Month = 'September') OR (Quarter = 'Q4' AND Month = 'October'))",
 "sqlResult": "{68} || {33}",
 "nlq": "What is the number of Factory buildings in October or September?"},
{"name": "template 3",
 "sql": "SELECT Value FROM DBdata WHERE ((Type_of_building = 'Production' AND Usage = 'Workshop') OR (Type_of_building = 'Culture' AND Usage = 'Museum')) AND ((Quarter = 'Q4' AND Month = 'October'))",
 "sqlResult": "{93} || {79}",
 "nlq": "What is the number of Museum or Workshop buildings in October?"},
{"name": "template 4",
 "sql": "SELECT min(Value),avg(Value) FROM DBdata WHERE ((Type_of_building = 'Production' AND Usage = 'Workshop') OR (Type_of_building = 'Culture' AND Usage = 'Museum') OR (Type_of_building = 'Culture' AND Usage = 'Concert')) AND ((Quarter = 'Q3' AND Month = 'September'))",
 "sqlResult": "{76 | 83}",
 "nlq": "What are the minimum and average numbers of Concert, Museum, or Workshop buildings in September?"},
{"name": "template 6",
 "sql": "SELECT Value FROM DBdata WHERE ((Type_of_building = 'Production' AND Usage = 'Workshop') OR (Type_of_building = 'Production' AND Usage = 'Factory') OR (Type_of_building = 'Culture' AND Usage = 'Museum') OR (Type_of_building = 'Culture' AND Usage = 'Theatre') OR (Type_of_building = 'Culture' AND Usage = 'Concert')) AND ((Quarter = 'Q3' AND Month = 'August') OR (Quarter = 'Q3' AND Month = 'September') OR (Quarter = 'Q4' AND Month = 'October') OR (Quarter = 'Q4' AND Month = 'November'))",
 "sqlResult": "{96} || {77} || {95} || {16} || {80} || {81} || {68} || {92} || {87} || {76} || {93} || {33} || {79} || {24} || {11} || {85} || {32} || {86} || {74} || {35}",
 "nlq": "What is the number of Concert, Factory, Museum, Theatre, or Workshop buildings in August, November, October, or September?"},
{"name": "template 7",
 "sql": "SELECT min(Value),avg(Value) FROM DBdata WHERE ((Type_of_building = 'Production' AND Usage = 'Factory')) AND ((Quarter = 'Q3' AND Month = 'September') OR (Quarter = 'Q4' AND Month = 'October') OR (Quarter = 'Q4' AND Month = 'November'))",
 "sqlResult": "{32 | 44.33}",
 "nlq": "What are the minimum and average numbers of Factory buildings in November, October, or September?"},
{"name": "template 8",
 "sql": "SELECT Type_of_building,Usage,min(Value),max(Value) FROM DBdata WHERE ((Type_of_building = 'Production' AND Usage = 'Workshop') OR (Type_of_building = 'Culture' AND Usage = 'Theatre') OR (Type_of_building = 'Culture' AND Usage = 'Concert')) AND ((Quarter = 'Q3' AND Month = 'August') OR (Quarter = 'Q3' AND Month = 'September') OR (Quarter = 'Q4' AND Month = 'October') OR (Quarter = 'Q4' AND Month = 'November')) GROUP BY Type_of_building,Usage",
 "sqlResult": "{Culture | Concert | 11 | 80} || {Culture | Theatre | 16 | 87} || {Production | Workshop | 81 | 96}",
 "nlq": "What are the minimum and maximum numbers for each Type of building and Usage, of Concert, Theatre, or Workshop buildings in August, November, October, or September? Please, report the corresponding Type of building and Usage."},
{"name": "template 9",
 "sql": "SELECT min(Value) FROM DBdata WHERE ((Type_of_building = 'Production' AND Usage = 'Factory')) AND (Quarter IN ('Q3','Q4')) GROUP BY Quarter",
 "sqlResult": "{68} || {32}",
 "nlq": "What is the minimum number for each Quarter, of Factory buildings in Q3 or Q4?"},
{"name": "template 10",
 "sql": "SELECT Quarter,avg(Value) FROM DBdata WHERE ((Type_of_building = 'Production' AND Usage = 'Workshop')) AND (Quarter IN ('Q3','Q4')) GROUP BY Quarter",
 "sqlResult": "{Q3 | 88.5} || {Q4 | 89}",
 "nlq": "What is the average number for each Quarter, of Workshop buildings in Q3 or Q4? Please, report the corresponding Quarter."},
{"name": "template 11",
 "sql": "SELECT Quarter,Type_of_building,Usage,min(Value) FROM DBdata WHERE ((Type_of_building = 'Production' AND Usage = 'Workshop') OR (Type_of_building = 'Culture' AND Usage = 'Museum') OR (Type_of_building = 'Culture' AND Usage = 'Theatre')) AND (Quarter IN ('Q3','Q4')) GROUP BY Quarter,Type_of_building,Usage",
 "sqlResult": "{Q3 | Culture | Museum | 92} || {Q3 | Culture | Theatre | 16} || {Q3 | Production | Workshop | 81} || {Q4 | Culture | Museum | 79} || {Q4 | Culture | Theatre | 24} || {Q4 | Production | Workshop | 85}",
 "nlq": "What is the minimum number for each Quarter, Type of building, and Usage, of Museum, Theatre, or Workshop buildings in Q3 or Q4? Please, report the corresponding Quarter, Type of building, and Usage."},
{"name": "template 12",
 "sql": "SELECT Value FROM DBdata WHERE ((Type_of_building = 'Production' AND Usage = 'Workshop')) AND (Quarter IN ('Q3','Q4')) ORDER BY VALUE DESC LIMIT 2",
 "sqlResult": "{96} || {93}",
 "nlq": "What are the top 2 numbers of Workshop buildings in Q3 or Q4?"},
{"name": "template 13",
 "sql": "SELECT Value FROM DBdata WHERE ((Type_of_building = 'Culture' AND Usage = 'Museum')) AND (Quarter IN ('Q3','Q4')) ORDER BY VALUE ASC",
 "sqlResult": "{79} || {86} || {92} || {95}",
 "nlq": "What are the numbers ordered by ascending values of Museum buildings in Q3 or Q4?"},
{"name": "template 14",
 "sql": "SELECT Quarter,Month FROM DBdata WHERE ((Type_of_building = 'Culture' AND Usage = 'Concert')) AND Value > 66",
 "sqlResult": "{Q3 | August} || {Q3 | September}",
 "nlq": "What are the Quarter and Month for which the number of Concert buildings is greater than 66?"},
{"name": "template 15",
 "sql": "SELECT Quarter,Month,Value FROM DBdata WHERE ((Type_of_building = 'Production' AND Usage = 'Workshop')) AND (Quarter,Month) IN (SELECT Quarter,Month FROM DBdata WHERE ((Type_of_building = 'Culture' AND Usage = 'Concert')) AND Value > 66)",
 "sqlResult": "{Q3 | August | 96} || {Q3 | September | 81}",
 "nlq": "What is the number of Workshop buildings in Quarter and in Month for which the number of Concert buildings is greater than 66? Please, report the corresponding Quarter, Month, and number of buildings."}]
}
