Type of building,Usage,Quarter,Month,Value
Type_of_building,Usage,Quarter,Month,Value
Residential,House,Q2,April,36
Residential,Apartment,Q2,April,9
Production,Workshop,Q2,April,60
Production,Factory,Q2,April,27
Residential,House,Q2,May,69
Residential,Apartment,Q2,May,89
Production,Workshop,Q2,May,8
Production,Factory,Q2,May,46
Residential,House,Q2,June,98
Residential,Apartment,Q2,June,52
Production,Workshop,Q2,June,95
Production,Factory,Q2,June,57
Residential,House,Q3,July,71
Residential,Apartment,Q3,July,43
Production,Workshop,Q3,July,88
Production,Factory,Q3,July,1
Residential,House,Q3,August,59
Residential,Apartment,Q3,August,45
Production,Workshop,Q3,August,34
Production,Factory,Q3,August,10
Residential,House,Q3,September,61
Residential,Apartment,Q3,September,85
Production,Workshop,Q3,September,78
Production,Factory,Q3,September,48
Residential,House,Q4,October,47
Residential,Apartment,Q4,October,12
Production,Workshop,Q4,October,0
Production,Factory,Q4,October,15
Residential,House,Q4,November,82
Residential,Apartment,Q4,November,35
Production,Workshop,Q4,November,3
Production,Factory,Q4,November,56
Residential,House,Q4,December,25
Residential,Apartment,Q4,December,49
Production,Workshop,Q4,December,40
Production,Factory,Q4,December,76
