Type of building,Usage,Quarter,Month,Value
Type_of_building,Usage,Quarter,Month,Value
Production,Workshop,Q3,July,69
Production,Factory,Q3,July,75
Culture,Museum,Q3,July,100
Culture,Theatre,Q3,July,33
Culture,Concert,Q3,July,67
Production,Workshop,Q3,August,8
Production,Factory,Q3,August,39
Culture,Museum,Q3,August,0
Culture,Theatre,Q3,August,92
Culture,Concert,Q3,August,36
Production,Workshop,Q4,November,63
Production,Factory,Q4,November,58
Culture,Museum,Q4,November,59
Culture,Theatre,Q4,November,9
Culture,Concert,Q4,November,97
Production,Workshop,Q4,December,94
Production,Factory,Q4,December,50
Culture,Museum,Q4,December,88
Culture,Theatre,Q4,December,68
Culture,Concert,Q4,December,76
