{
"filename": "Number_of_constructions_set2_5_DB.csv",
"questions": [{"name": "template 1",
 "sql": "SELECT Value FROM DBdata WHERE ((Type_of_building = 'Production' AND Usage = 'Factory')) AND ((Quarter = 'Q3' AND Month = 'July'))",
 "sqlResult": "{30}",
 "nlq": "What is the number of Factory buildings in July?"},
{"name": "template 2",
 "sql": "SELECT Value FROM DBdata WHERE ((Type_of_building = 'Production' AND Usage = 'Workshop')) AND ((Quarter = 'Q3' AND Month = 'July') OR (Quarter = 'Q3' AND Month = 'August') OR (Quarter = 'Q3' AND Month = 'September'))",
 "sqlResult": "{35} || {9} || {52}",
 "nlq": "What is the number of Workshop buildings in August, July, or September?"},
{"name": "template 3",
 "sql": "SELECT Value FROM DBdata WHERE ((Type_of_building = 'Residential' AND Usage = 'Hotel') OR (Type_of_building = 'Production' AND Usage = 'Workshop') OR (Type_of_building = 'Culture' AND Usage = 'Theatre')) AND ((Quarter = 'Q2' AND Month = 'June'))",
 "sqlResult": "{0} || {4} || {99}",
 "nlq": "What is the number of Hotel, Theatre, or Workshop buildings in June?"},
{"name": "template 4",
 "sql": "SELECT min(Value),sum(Value) FROM DBdata WHERE ((Type_of_building = 'Residential' AND Usage = 'House') OR (Type_of_building = 'Residential' AND Usage = 'Apartment') OR (Type_of_building = 'Residential' AND Usage = 'Hotel') OR (Type_of_building = 'Production' AND Usage = 'Factory') OR (Type_of_building = 'Culture' AND Usage = 'Theatre') OR (Type_of_building = 'Culture' AND Usage = 'Concert')) AND ((Quarter = 'Q2' AND Month = 'June'))",
 "sqlResult": "{0 | 285}",
 "nlq": "What are the minimum and total numbers of Apartment, Concert, Factory, Hotel, House, or Theatre buildings in June?"},
{"name": "template 6",
 "sql": "SELECT Value FROM DBdata WHERE ((Type_of_building = 'Residential' AND Usage = 'House') OR (Type_of_building = 'Production' AND Usage = 'Workshop')) AND ((Quarter = 'Q2' AND Month = 'May') OR (Quarter = 'Q3' AND Month = 'July') OR (Quarter = 'Q3' AND Month = 'August') OR (Quarter = 'Q3' AND Month = 'September'))",
 "sqlResult": "{64} || {82} || {7} || {35} || {63} || {9} || {67} || {52}",
 "nlq": "What is the number of House or Workshop buildings in August, July, May, or September?"},
{"name": "template 7",
 "sql": "SELECT min(Value),max(Value) FROM DBdata WHERE ((Type_of_building = 'Culture' AND Usage = 'Concert')) AND ((Quarter = 'Q2' AND Month = 'June') OR (Quarter = 'Q3' AND Month = 'August'))",
 "sqlResult": "{2 | 93}",
 "nlq": "What are the minimum and maximum numbers of Concert buildings in August or June?"},
{"name": "template 8",
 "sql": "SELECT Type_of_building,Usage,min(Value),max(Value) FROM DBdata WHERE ((Type_of_building = 'Residential' AND Usage = 'Hotel') OR (Type_of_building = 'Production' AND Usage = 'Factory')) AND ((Quarter = 'Q2' AND Month = 'May') OR (Quarter = 'Q2' AND Month = 'June') OR (Quarter = 'Q3' AND Month = 'July') OR (Quarter = 'Q3' AND Month = 'August') OR (Quarter = 'Q3' AND Month = 'September')) GROUP BY Type_of_building,Usage",
 "sqlResult": "{Production | Factory | 3 | 79} || {Residential | Hotel | 0 | 88}",
 "nlq": "What are the minimum and maximum numbers for each Type of building and Usage, of Factory or Hotel buildings in August, July, June, May, or September? Please, report the corresponding Type of building and Usage."},
{"name": "template 9",
 "sql": "SELECT min(Value) FROM DBdata WHERE ((Type_of_building = 'Residential' AND Usage = 'Hotel')) AND (Quarter IN ('Q2','Q3')) GROUP BY Quarter",
 "sqlResult": "{0} || {1}",
 "nlq": "What is the minimum number for each Quarter, of Hotel buildings in Q2 or Q3?"},
{"name": "template 10",
 "sql": "SELECT Quarter,max(Value) FROM DBdata WHERE ((Type_of_building = 'Residential' AND Usage = 'House')) AND (Quarter IN ('Q2','Q3')) GROUP BY Quarter",
 "sqlResult": "{Q2 | 64} || {Q3 | 67}",
 "nlq": "What is the maximum number for each Quarter, of House buildings in Q2 or Q3? Please, report the corresponding Quarter."},
{"name": "template 11",
 "sql": "SELECT Quarter,Type_of_building,Usage,avg(Value) FROM DBdata WHERE ((Type_of_building = 'Residential' AND Usage = 'House') OR (Type_of_building = 'Production' AND Usage = 'Workshop')) AND (Quarter IN ('Q2','Q3')) GROUP BY Quarter,Type_of_building,Usage",
 "sqlResult": "{Q2 | Production | Workshop | 43} || {Q2 | Residential | House | 51.5} || {Q3 | Production | Workshop | 32} || {Q3 | Residential | House | 45.67}",
 "nlq": "What is the average number for each Quarter, Type of building, and Usage, of House or Workshop buildings in Q2 or Q3? Please, report the corresponding Quarter, Type of building, and Usage."},
{"name": "template 12",
 "sql": "SELECT Value FROM DBdata WHERE ((Type_of_building = 'Culture' AND Usage = 'Theatre')) AND (Quarter IN ('Q2','Q3')) ORDER BY VALUE DESC LIMIT 3",
 "sqlResult": "{99} || {84} || {71}",
 "nlq": "What are the top 3 numbers of Theatre buildings in Q2 or Q3?"},
{"name": "template 13",
 "sql": "SELECT Value FROM DBdata WHERE ((Type_of_building = 'Production' AND Usage = 'Workshop')) AND (Quarter IN ('Q2','Q3')) ORDER BY VALUE ASC",
 "sqlResult": "{4} || {9} || {35} || {52} || {82}",
 "nlq": "What are the numbers ordered by ascending values of Workshop buildings in Q2 or Q3?"},
{"name": "template 14",
 "sql": "SELECT Quarter,Month FROM DBdata WHERE ((Type_of_building = 'Culture' AND Usage = 'Theatre')) AND Value < 45.86",
 "sqlResult": "{Q2 | May}",
 "nlq": "What are the Quarter and Month for which the number of Theatre buildings is lower than 45.86?"},
{"name": "template 15",
 "sql": "SELECT Quarter,Month,Value FROM DBdata WHERE ((Type_of_building = 'Culture' AND Usage = 'Concert')) AND (Quarter,Month) IN (SELECT Quarter,Month FROM DBdata WHERE ((Type_of_building = 'Culture' AND Usage = 'Theatre')) AND Value < 45.86)",
 "sqlResult": "{Q2 | May | 57}",
 "nlq": "What is the number of Concert buildings in Quarter and in Month for which the number of Theatre buildings is lower than 45.86? Please, report the corresponding Quarter, Month, and number of buildings."}]
}
