{
"filename": "Number_of_constructions_set1_4_DB.csv",
"questions": [{"name": "template 1",
 "sql": "SELECT Value FROM DBdata WHERE ((Type_of_building = 'Culture' AND Usage = 'Concert')) AND ((Quarter = 'Q3' AND Month = 'August'))",
 "sqlResult": "{24}",
 "nlq": "What is the number of Concert buildings in August?"},
{"name": "template 2",
 "sql": "SELECT Value FROM DBdata WHERE ((Type_of_building = 'Culture' AND Usage = 'Theatre')) AND ((Quarter = 'Q3' AND Month = 'August') OR (Quarter = 'Q3' AND Month = 'September') OR (Quarter = 'Q4' AND Month = 'November'))",
 "sqlResult": "{4} || {79} || {91}",
 "nlq": "What is the number of Theatre buildings in August, November, or September?"},
{"name": "template 3",
 "sql": "SELECT Value FROM DBdata WHERE ((Type_of_building = 'Production' AND Usage = 'Workshop') OR (Type_of_building = 'Culture' AND Usage = 'Museum') OR (Type_of_building = 'Culture' AND Usage = 'Theatre') OR (Type_of_building = 'Culture' AND Usage = 'Concert')) AND ((Quarter = 'Q3' AND Month = 'September'))",
 "sqlResult": "{53} || {11} || {79} || {86}",
 "nlq": "What is the number of Concert, Museum, Theatre, or Workshop buildings in September?"},
{"name": "template 4",
 "sql": "SELECT max(Value),avg(Value) FROM DBdata WHERE ((Type_of_building = 'Production' AND Usage = 'Workshop') OR (Type_of_building = 'Culture' AND Usage = 'Museum')) AND ((Quarter = 'Q4' AND Month = 'October'))",
 "sqlResult": "{44 | 34.5}",
 "nlq": "What are the maximum and average numbers of Museum or Workshop buildings in October?"},
{"name": "template 6",
 "sql": "SELECT Value FROM DBdata WHERE ((Type_of_building = 'Production' AND Usage = 'Factory') OR (Type_of_building = 'Culture' AND Usage = 'Concert')) AND ((Quarter = 'Q3' AND Month = 'August') OR (Quarter = 'Q3' AND Month = 'September') OR (Quarter = 'Q4' AND Month = 'November') OR (Quarter = 'Q4' AND Month = 'December'))",
 "sqlResult": "{43} || {24} || {90} || {86} || {54} || {58} || {62} || {57}",
 "nlq": "What is the number of Concert or Factory buildings in August, December, November, or September?"},
{"name": "template 7",
 "sql": "SELECT min(Value),sum(Value) FROM DBdata WHERE ((Type_of_building = 'Production' AND Usage = 'Factory')) AND ((Quarter = 'Q3' AND Month = 'August') OR (Quarter = 'Q3' AND Month = 'September') OR (Quarter = 'Q4' AND Month = 'October') OR (Quarter = 'Q4' AND Month = 'November'))",
 "sqlResult": "{43 | 251}",
 "nlq": "What are the minimum and total numbers of Factory buildings in August, November, October, or September?"},
{"name": "template 8",
 "sql": "SELECT Type_of_building,Usage,avg(Value),max(Value) FROM DBdata WHERE ((Type_of_building = 'Culture' AND Usage = 'Museum') OR (Type_of_building = 'Culture' AND Usage = 'Theatre')) AND ((Quarter = 'Q3' AND Month = 'August') OR (Quarter = 'Q3' AND Month = 'September') OR (Quarter = 'Q4' AND Month = 'October') OR (Quarter = 'Q4' AND Month = 'November') OR (Quarter = 'Q4' AND Month = 'December')) GROUP BY Type_of_building,Usage",
 "sqlResult": "{Culture | Museum | 31.4 | 82} || {Culture | Theatre | 58.8 | 91}",
 "nlq": "What are the average and maximum numbers for each Type of building and Usage, of Museum or Theatre buildings in August, December, November, October, or September? Please, report the corresponding Type of building and Usage."},
{"name": "template 9",
 "sql": "SELECT min(Value) FROM DBdata WHERE ((Type_of_building = 'Culture' AND Usage = 'Concert')) AND (Quarter IN ('Q3','Q4')) GROUP BY Quarter",
 "sqlResult": "{24} || {57}",
 "nlq": "What is the minimum number for each Quarter, of Concert buildings in Q3 or Q4?"},
{"name": "template 10",
 "sql": "SELECT Quarter,avg(Value) FROM DBdata WHERE ((Type_of_building = 'Culture' AND Usage = 'Museum')) AND (Quarter IN ('Q3','Q4')) GROUP BY Quarter",
 "sqlResult": "{Q3 | 15.5} || {Q4 | 42}",
 "nlq": "What is the average number for each Quarter, of Museum buildings in Q3 or Q4? Please, report the corresponding Quarter."},
{"name": "template 11",
 "sql": "SELECT Quarter,Type_of_building,Usage,max(Value) FROM DBdata WHERE ((Type_of_building = 'Production' AND Usage = 'Factory') OR (Type_of_building = 'Culture' AND Usage = 'Concert')) AND (Quarter IN ('Q3','Q4')) GROUP BY Quarter,Type_of_building,Usage",
 "sqlResult": "{Q3 | Culture | Concert | 86} || {Q3 | Production | Factory | 90} || {Q4 | Culture | Concert | 83} || {Q4 | Production | Factory | 64}",
 "nlq": "What is the maximum number for each Quarter, Type of building, and Usage, of Concert or Factory buildings in Q3 or Q4? Please, report the corresponding Quarter, Type of building, and Usage."},
{"name": "template 12",
 "sql": "SELECT Value FROM DBdata WHERE ((Type_of_building = 'Production' AND Usage = 'Factory')) AND (Quarter IN ('Q3','Q4')) ORDER BY VALUE ASC LIMIT 3",
 "sqlResult": "{43} || {54} || {62}",
 "nlq": "What are the bottom 3 numbers of Factory buildings in Q3 or Q4?"},
{"name": "template 13",
 "sql": "SELECT Value FROM DBdata WHERE ((Type_of_building = 'Culture' AND Usage = 'Theatre')) AND (Quarter IN ('Q3','Q4')) ORDER BY VALUE DESC",
 "sqlResult": "{91} || {87} || {79} || {33} || {4}",
 "nlq": "What are the numbers ordered by descending values of Theatre buildings in Q3 or Q4?"},
{"name": "template 14",
 "sql": "SELECT Quarter,Month FROM DBdata WHERE ((Type_of_building = 'Culture' AND Usage = 'Museum')) AND Value > 52.2",
 "sqlResult": "{Q4 | November}",
 "nlq": "What are the Quarter and Month for which the number of Museum buildings is greater than 52.2?"},
{"name": "template 15",
 "sql": "SELECT Quarter,Month,Value FROM DBdata WHERE ((Type_of_building = 'Culture' AND Usage = 'Concert')) AND (Quarter,Month) IN (SELECT Quarter,Month FROM DBdata WHERE ((Type_of_building = 'Culture' AND Usage = 'Museum')) AND Value > 52.2)",
 "sqlResult": "{Q4 | November | 58}",
 "nlq": "What is the number of Concert buildings in Quarter and in Month for which the number of Museum buildings is greater than 52.2? Please, report the corresponding Quarter, Month, and number of buildings."}]
}
