{
"filename": "Number_of_constructions_set3_3_DB.csv",
"questions": [{"name": "template 1",
 "sql": "SELECT Value FROM DBdata WHERE ((Type_of_building = 'Production' AND Usage = 'Factory')) AND ((Quarter = 'Q4' AND Month = 'December'))",
 "sqlResult": "{50}",
 "nlq": "What is the number of Factory buildings in December?"},
{"name": "template 2",
 "sql": "SELECT Value FROM DBdata WHERE ((Type_of_building = 'Culture' AND Usage = 'Museum')) AND ((Quarter = 'Q4' AND Month = 'November') OR (Quarter = 'Q4' AND Month = 'December'))",
 "sqlResult": "{59} || {88}",
 "nlq": "What is the number of Museum buildings in December or November?"},
{"name": "template 3",
 "sql": "SELECT Value FROM DBdata WHERE ((Type_of_building = 'Production' AND Usage = 'Factory') OR (Type_of_building = 'Culture' AND Usage = 'Museum') OR (Type_of_building = 'Culture' AND Usage = 'Theatre')) AND ((Quarter = 'Q3' AND Month = 'August'))",
 "sqlResult": "{39} || {0} || {92}",
 "nlq": "What is the number of Factory, Museum, or Theatre buildings in August?"},
{"name": "template 4",
 "sql": "SELECT avg(Value),sum(Value) FROM DBdata WHERE ((Type_of_building = 'Production' AND Usage = 'Workshop') OR (Type_of_building = 'Production' AND Usage = 'Factory') OR (Type_of_building = 'Culture' AND Usage = 'Museum') OR (Type_of_building = 'Culture' AND Usage = 'Theatre') OR (Type_of_building = 'Culture' AND Usage = 'Concert')) AND ((Quarter = 'Q3' AND Month = 'July'))",
 "sqlResult": "{68.8 | 344}",
 "nlq": "What are the average and total numbers of Concert, Factory, Museum, Theatre, or Workshop buildings in July?"},
{"name": "template 6",
 "sql": "SELECT Value FROM DBdata WHERE ((Type_of_building = 'Production' AND Usage = 'Workshop') OR (Type_of_building = 'Production' AND Usage = 'Factory') OR (Type_of_building = 'Culture' AND Usage = 'Museum') OR (Type_of_building = 'Culture' AND Usage = 'Theatre') OR (Type_of_building = 'Culture' AND Usage = 'Concert')) AND ((Quarter = 'Q3' AND Month = 'July') OR (Quarter = 'Q3' AND Month = 'August') OR (Quarter = 'Q4' AND Month = 'November') OR (Quarter = 'Q4' AND Month = 'December'))",
 "sqlResult": "{69} || {75} || {100} || {33} || {67} || {8} || {39} || {0} || {92} || {36} || {63} || {58} || {59} || {9} || {97} || {94} || {50} || {88} || {68} || {76}",
 "nlq": "What is the number of Concert, Factory, Museum, Theatre, or Workshop buildings in August, December, July, or November?"},
{"name": "template 7",
 "sql": "SELECT avg(Value),min(Value) FROM DBdata WHERE ((Type_of_building = 'Culture' AND Usage = 'Museum')) AND ((Quarter = 'Q4' AND Month = 'November') OR (Quarter = 'Q4' AND Month = 'December'))",
 "sqlResult": "{73.5 | 59}",
 "nlq": "What are the average and minimum numbers of Museum buildings in December or November?"},
{"name": "template 8",
 "sql": "SELECT Type_of_building,Usage,max(Value),sum(Value) FROM DBdata WHERE ((Type_of_building = 'Production' AND Usage = 'Workshop') OR (Type_of_building = 'Culture' AND Usage = 'Museum')) AND ((Quarter = 'Q3' AND Month = 'July') OR (Quarter = 'Q3' AND Month = 'August')) GROUP BY Type_of_building,Usage",
 "sqlResult": "{Culture | Museum | 100 | 100} || {Production | Workshop | 69 | 77}",
 "nlq": "What are the maximum and total numbers for each Type of building and Usage, of Museum or Workshop buildings in August or July? Please, report the corresponding Type of building and Usage."},
{"name": "template 9",
 "sql": "SELECT min(Value) FROM DBdata WHERE ((Type_of_building = 'Production' AND Usage = 'Factory')) AND (Quarter IN ('Q3','Q4')) GROUP BY Quarter",
 "sqlResult": "{39} || {50}",
 "nlq": "What is the minimum number for each Quarter, of Factory buildings in Q3 or Q4?"},
{"name": "template 10",
 "sql": "SELECT Quarter,max(Value) FROM DBdata WHERE ((Type_of_building = 'Culture' AND Usage = 'Concert')) AND (Quarter IN ('Q3','Q4')) GROUP BY Quarter",
 "sqlResult": "{Q3 | 67} || {Q4 | 97}",
 "nlq": "What is the maximum number for each Quarter, of Concert buildings in Q3 or Q4? Please, report the corresponding Quarter."},
{"name": "template 11",
 "sql": "SELECT Quarter,Type_of_building,Usage,min(Value) FROM DBdata WHERE ((Type_of_building = 'Production' AND Usage = 'Workshop') OR (Type_of_building = 'Production' AND Usage = 'Factory') OR (Type_of_building = 'Culture' AND Usage = 'Theatre')) AND (Quarter IN ('Q3','Q4')) GROUP BY Quarter,Type_of_building,Usage",
 "sqlResult": "{Q3 | Culture | Theatre | 33} || {Q3 | Production | Factory | 39} || {Q3 | Production | Workshop | 8} || {Q4 | Culture | Theatre | 9} || {Q4 | Production | Factory | 50} || {Q4 | Production | Workshop | 63}",
 "nlq": "What is the minimum number for each Quarter, Type of building, and Usage, of Factory, Theatre, or Workshop buildings in Q3 or Q4? Please, report the corresponding Quarter, Type of building, and Usage."},
{"name": "template 12",
 "sql": "SELECT Value FROM DBdata WHERE ((Type_of_building = 'Production' AND Usage = 'Factory')) AND (Quarter IN ('Q3','Q4')) ORDER BY VALUE ASC LIMIT 2",
 "sqlResult": "{39} || {50}",
 "nlq": "What are the bottom 2 numbers of Factory buildings in Q3 or Q4?"},
{"name": "template 13",
 "sql": "SELECT Value FROM DBdata WHERE ((Type_of_building = 'Culture' AND Usage = 'Concert')) AND (Quarter IN ('Q3','Q4')) ORDER BY VALUE DESC",
 "sqlResult": "{97} || {76} || {67} || {36}",
 "nlq": "What are the numbers ordered by descending values of Concert buildings in Q3 or Q4?"},
{"name": "template 14",
 "sql": "SELECT Quarter,Month FROM DBdata WHERE ((Type_of_building = 'Production' AND Usage = 'Workshop')) AND Value > 59.05",
 "sqlResult": "{Q3 | July} || {Q4 | November} || {Q4 | December}",
 "nlq": "What are the Quarter and Month for which the number of Workshop buildings is greater than 59.05?"},
{"name": "template 15",
 "sql": "SELECT Quarter,Month,Value FROM DBdata WHERE ((Type_of_building = 'Production' AND Usage = 'Factory')) AND (Quarter,Month) IN (SELECT Quarter,Month FROM DBdata WHERE ((Type_of_building = 'Production' AND Usage = 'Workshop')) AND Value > 59.05)",
 "sqlResult": "{Q3 | July | 75} || {Q4 | November | 58} || {Q4 | December | 50}",
 "nlq": "What is the number of Factory buildings in Quarter and in Month for which the number of Workshop buildings is greater than 59.05? Please, report the corresponding Quarter, Month, and number of buildings."}]
}
