AA,BB,CC,DD,Value
AA,BB,CC,DD,Value
AAxy,BBmq,CCjq,DDdh,96
AAxy,BBgp,CCjq,DDdh,71
AAqy,BBjm,CCjq,DDdh,79
AAqy,BBjz,CCjq,DDdh,35
AAqy,BBkt,CCjq,DDdh,60
AAlq,BBcl,CCjq,DDdh,91
AAlq,BBcs,CCjq,DDdh,27
AAlq,BBgk,CCjq,DDdh,45
AAxy,BBmq,CCjq,DDnr,88
AAxy,BBgp,CCjq,DDnr,55
AAqy,BBjm,CCjq,DDnr,81
AAqy,BBjz,CCjq,DDnr,9
AAqy,BBkt,CCjq,DDnr,87
AAlq,BBcl,CCjq,DDnr,65
AAlq,BBcs,CCjq,DDnr,69
AAlq,BBgk,CCjq,DDnr,42
AAxy,BBmq,CCqs,DDdj,73
AAxy,BBgp,CCqs,DDdj,95
AAqy,BBjm,CCqs,DDdj,46
AAqy,BBjz,CCqs,DDdj,84
AAqy,BBkt,CCqs,DDdj,43
AAlq,BBcl,CCqs,DDdj,8
AAlq,BBcs,CCqs,DDdj,94
AAlq,BBgk,CCqs,DDdj,37
AAxy,BBmq,CCqs,DDlt,93
AAxy,BBgp,CCqs,DDlt,4
AAqy,BBjm,CCqs,DDlt,36
AAqy,BBjz,CCqs,DDlt,48
AAqy,BBkt,CCqs,DDlt,40
AAlq,BBcl,CCqs,DDlt,98
AAlq,BBcs,CCqs,DDlt,32
AAlq,BBgk,CCqs,DDlt,15

