{
"filename": "Number_of_constructions_set2_3_DB.csv",
"questions": [{"name": "template 1",
 "sql": "SELECT Value FROM DBdata WHERE ((Type_of_building = 'Production' AND Usage = 'Workshop')) AND ((Quarter = 'Q3' AND Month = 'July'))",
 "sqlResult": "{24}",
 "nlq": "What is the number of Workshop buildings in July?"},
{"name": "template 2",
 "sql": "SELECT Value FROM DBdata WHERE ((Type_of_building = 'Production' AND Usage = 'Workshop')) AND ((Quarter = 'Q2' AND Month = 'April') OR (Quarter = 'Q2' AND Month = 'May') OR (Quarter = 'Q3' AND Month = 'July') OR (Quarter = 'Q3' AND Month = 'August'))",
 "sqlResult": "{74} || {69} || {24} || {85}",
 "nlq": "What is the number of Workshop buildings in April, August, July, or May?"},
{"name": "template 3",
 "sql": "SELECT Value FROM DBdata WHERE ((Type_of_building = 'Production' AND Usage = 'Workshop') OR (Type_of_building = 'Production' AND Usage = 'Factory') OR (Type_of_building = 'Culture' AND Usage = 'Museum') OR (Type_of_building = 'Culture' AND Usage = 'Theatre')) AND ((Quarter = 'Q2' AND Month = 'May'))",
 "sqlResult": "{69} || {34} || {71} || {22}",
 "nlq": "What is the number of Factory, Museum, Theatre, or Workshop buildings in May?"},
{"name": "template 4",
 "sql": "SELECT sum(Value),avg(Value) FROM DBdata WHERE ((Type_of_building = 'Production' AND Usage = 'Workshop') OR (Type_of_building = 'Production' AND Usage = 'Factory') OR (Type_of_building = 'Culture' AND Usage = 'Theatre') OR (Type_of_building = 'Culture' AND Usage = 'Concert')) AND ((Quarter = 'Q3' AND Month = 'July'))",
 "sqlResult": "{160 | 40}",
 "nlq": "What are the total and average numbers of Concert, Factory, Theatre, or Workshop buildings in July?"},
{"name": "template 6",
 "sql": "SELECT Value FROM DBdata WHERE ((Type_of_building = 'Culture' AND Usage = 'Museum') OR (Type_of_building = 'Culture' AND Usage = 'Theatre') OR (Type_of_building = 'Culture' AND Usage = 'Concert')) AND ((Quarter = 'Q2' AND Month = 'May') OR (Quarter = 'Q3' AND Month = 'August'))",
 "sqlResult": "{71} || {22} || {82} || {14} || {100} || {37}",
 "nlq": "What is the number of Concert, Museum, or Theatre buildings in August or May?"},
{"name": "template 7",
 "sql": "SELECT avg(Value),sum(Value) FROM DBdata WHERE ((Type_of_building = 'Culture' AND Usage = 'Concert')) AND ((Quarter = 'Q2' AND Month = 'April') OR (Quarter = 'Q2' AND Month = 'May') OR (Quarter = 'Q3' AND Month = 'July'))",
 "sqlResult": "{74.67 | 224}",
 "nlq": "What are the average and total numbers of Concert buildings in April, July, or May?"},
{"name": "template 8",
 "sql": "SELECT Type_of_building,Usage,avg(Value),sum(Value) FROM DBdata WHERE ((Type_of_building = 'Culture' AND Usage = 'Theatre') OR (Type_of_building = 'Culture' AND Usage = 'Concert')) AND ((Quarter = 'Q2' AND Month = 'May') OR (Quarter = 'Q3' AND Month = 'July')) GROUP BY Type_of_building,Usage",
 "sqlResult": "{Culture | Concert | 86 | 172} || {Culture | Theatre | 33.5 | 67}",
 "nlq": "What are the average and total numbers for each Type of building and Usage, of Concert or Theatre buildings in July or May? Please, report the corresponding Type of building and Usage."},
{"name": "template 9",
 "sql": "SELECT min(Value) FROM DBdata WHERE ((Type_of_building = 'Production' AND Usage = 'Workshop')) AND (Quarter IN ('Q2','Q3')) GROUP BY Quarter",
 "sqlResult": "{69} || {24}",
 "nlq": "What is the minimum number for each Quarter, of Workshop buildings in Q2 or Q3?"},
{"name": "template 10",
 "sql": "SELECT Quarter,sum(Value) FROM DBdata WHERE ((Type_of_building = 'Culture' AND Usage = 'Theatre')) AND (Quarter IN ('Q2','Q3')) GROUP BY Quarter",
 "sqlResult": "{Q2 | 24} || {Q3 | 145}",
 "nlq": "What is the total number for each Quarter, of Theatre buildings in Q2 or Q3? Please, report the corresponding Quarter."},
{"name": "template 11",
 "sql": "SELECT Quarter,Type_of_building,Usage,max(Value) FROM DBdata WHERE ((Type_of_building = 'Culture' AND Usage = 'Theatre') OR (Type_of_building = 'Culture' AND Usage = 'Concert')) AND (Quarter IN ('Q2','Q3')) GROUP BY Quarter,Type_of_building,Usage",
 "sqlResult": "{Q2 | Culture | Concert | 82} || {Q2 | Culture | Theatre | 22} || {Q3 | Culture | Concert | 90} || {Q3 | Culture | Theatre | 100}",
 "nlq": "What is the maximum number for each Quarter, Type of building, and Usage, of Concert or Theatre buildings in Q2 or Q3? Please, report the corresponding Quarter, Type of building, and Usage."},
{"name": "template 12",
 "sql": "SELECT Value FROM DBdata WHERE ((Type_of_building = 'Culture' AND Usage = 'Concert')) AND (Quarter IN ('Q2','Q3')) ORDER BY VALUE DESC LIMIT 2",
 "sqlResult": "{90} || {82}",
 "nlq": "What are the top 2 numbers of Concert buildings in Q2 or Q3?"},
{"name": "template 13",
 "sql": "SELECT Value FROM DBdata WHERE ((Type_of_building = 'Production' AND Usage = 'Workshop')) AND (Quarter IN ('Q2','Q3')) ORDER BY VALUE ASC",
 "sqlResult": "{24} || {69} || {74} || {85}",
 "nlq": "What are the numbers ordered by ascending values of Workshop buildings in Q2 or Q3?"},
{"name": "template 14",
 "sql": "SELECT Quarter,Month FROM DBdata WHERE ((Type_of_building = 'Culture' AND Usage = 'Museum')) AND Value < 49.2",
 "sqlResult": "{Q2 | April} || {Q3 | July} || {Q3 | August}",
 "nlq": "What are the Quarter and Month for which the number of Museum buildings is lower than 49.2?"},
{"name": "template 15",
 "sql": "SELECT Quarter,Month,Value FROM DBdata WHERE ((Type_of_building = 'Culture' AND Usage = 'Concert')) AND (Quarter,Month) IN (SELECT Quarter,Month FROM DBdata WHERE ((Type_of_building = 'Culture' AND Usage = 'Museum')) AND Value < 49.2)",
 "sqlResult": "{Q2 | April | 52} || {Q3 | July | 90} || {Q3 | August | 37}",
 "nlq": "What is the number of Concert buildings in Quarter and in Month for which the number of Museum buildings is lower than 49.2? Please, report the corresponding Quarter, Month, and number of buildings."}]
}
