AA,BB,CC,DD,Value
AA,BB,CC,DD,Value
AAbk,BBgw,CCmz,DDfp,73
AAbk,BBny,CCmz,DDfp,43
AAtv,BBbl,CCmz,DDfp,20
AAtv,BBms,CCmz,DDfp,4
AAtv,BBmw,CCmz,DDfp,24
AAbk,BBgw,CCmz,DDcy,53
AAbk,BBny,CCmz,DDcy,90
AAtv,BBbl,CCmz,DDcy,11
AAtv,BBms,CCmz,DDcy,79
AAtv,BBmw,CCmz,DDcy,86
AAbk,BBgw,CCfl,DDlt,25
AAbk,BBny,CCfl,DDlt,64
AAtv,BBbl,CCfl,DDlt,44
AAtv,BBms,CCfl,DDlt,87
AAtv,BBmw,CCfl,DDlt,83
AAbk,BBgw,CCfl,DDmt,50
AAbk,BBny,CCfl,DDmt,54
AAtv,BBbl,CCfl,DDmt,82
AAtv,BBms,CCfl,DDmt,91
AAtv,BBmw,CCfl,DDmt,58
AAbk,BBgw,CCfl,DDcw,32
AAbk,BBny,CCfl,DDcw,62
AAtv,BBbl,CCfl,DDcw,0
AAtv,BBms,CCfl,DDcw,33
AAtv,BBmw,CCfl,DDcw,57

