Type of building,Usage,Quarter,Month,Value
Type_of_building,Usage,Quarter,Month,Value
Residential,House,Q3,July,77
Residential,Apartment,Q3,July,84
Residential,Hotel,Q3,July,47
Production,Workshop,Q3,July,64
Production,Factory,Q3,July,7
Residential,House,Q3,August,66
Residential,Apartment,Q3,August,75
Residential,Hotel,Q3,August,46
Production,Workshop,Q3,August,23
Production,Factory,Q3,August,6
Residential,House,Q3,September,99
Residential,Apartment,Q3,September,68
Residential,Hotel,Q3,September,38
Production,Workshop,Q3,September,100
Production,Factory,Q3,September,14
Residential,House,Q4,October,16
Residential,Apartment,Q4,October,32
Residential,Hotel,Q4,October,48
Production,Workshop,Q4,October,54
Production,Factory,Q4,October,60
Residential,House,Q4,November,9
Residential,Apartment,Q4,November,86
Residential,Hotel,Q4,November,58
Production,Workshop,Q4,November,15
Production,Factory,Q4,November,40
Residential,House,Q4,December,53
Residential,Apartment,Q4,December,34
Residential,Hotel,Q4,December,97
Production,Workshop,Q4,December,26
Production,Factory,Q4,December,3
