{
"filename": "Number_of_constructions_set7_1_DB.csv",
"questions": [{"name": "template 1",
 "sql": "SELECT Value FROM DBdata WHERE ((Type_of_building = 'Culture' AND Usage = 'Concert')) AND ((Quarter = 'Q4' AND Month = 'November'))",
 "sqlResult": "{78}",
 "nlq": "What is the number of Concert buildings in November?"},
{"name": "template 2",
 "sql": "SELECT Value FROM DBdata WHERE ((Type_of_building = 'Culture' AND Usage = 'Concert')) AND ((Quarter = 'Q2' AND Month = 'May') OR (Quarter = 'Q3' AND Month = 'July') OR (Quarter = 'Q3' AND Month = 'September') OR (Quarter = 'Q4' AND Month = 'October'))",
 "sqlResult": "{35} || {81} || {53} || {64}",
 "nlq": "What is the number of Concert buildings in July, May, October, or September?"},
{"name": "template 3",
 "sql": "SELECT Value FROM DBdata WHERE ((Type_of_building = 'Production' AND Usage = 'Workshop') OR (Type_of_building = 'Production' AND Usage = 'Factory') OR (Type_of_building = 'Culture' AND Usage = 'Theatre') OR (Type_of_building = 'Culture' AND Usage = 'Concert')) AND ((Quarter = 'Q3' AND Month = 'July'))",
 "sqlResult": "{29} || {89} || {27} || {81}",
 "nlq": "What is the number of Concert, Factory, Theatre, or Workshop buildings in July?"},
{"name": "template 4",
 "sql": "SELECT sum(Value),avg(Value) FROM DBdata WHERE ((Type_of_building = 'Production' AND Usage = 'Workshop') OR (Type_of_building = 'Production' AND Usage = 'Factory') OR (Type_of_building = 'Culture' AND Usage = 'Theatre') OR (Type_of_building = 'Culture' AND Usage = 'Concert')) AND ((Quarter = 'Q4' AND Month = 'October'))",
 "sqlResult": "{184 | 46}",
 "nlq": "What are the total and average numbers of Concert, Factory, Theatre, or Workshop buildings in October?"},
{"name": "template 6",
 "sql": "SELECT Value FROM DBdata WHERE ((Type_of_building = 'Production' AND Usage = 'Workshop') OR (Type_of_building = 'Production' AND Usage = 'Factory') OR (Type_of_building = 'Culture' AND Usage = 'Theatre') OR (Type_of_building = 'Culture' AND Usage = 'Concert')) AND ((Quarter = 'Q2' AND Month = 'April') OR (Quarter = 'Q3' AND Month = 'August') OR (Quarter = 'Q3' AND Month = 'September') OR (Quarter = 'Q4' AND Month = 'October'))",
 "sqlResult": "{3} || {43} || {11} || {38} || {75} || {9} || {98} || {62} || {76} || {34} || {85} || {53} || {40} || {32} || {48} || {64}",
 "nlq": "What is the number of Concert, Factory, Theatre, or Workshop buildings in April, August, October, or September?"},
{"name": "template 7",
 "sql": "SELECT avg(Value),sum(Value) FROM DBdata WHERE ((Type_of_building = 'Culture' AND Usage = 'Concert')) AND ((Quarter = 'Q2' AND Month = 'April') OR (Quarter = 'Q4' AND Month = 'October') OR (Quarter = 'Q4' AND Month = 'November'))",
 "sqlResult": "{60 | 180}",
 "nlq": "What are the average and total numbers of Concert buildings in April, November, or October?"},
{"name": "template 8",
 "sql": "SELECT Type_of_building,Usage,sum(Value),max(Value) FROM DBdata WHERE ((Type_of_building = 'Production' AND Usage = 'Workshop') OR (Type_of_building = 'Production' AND Usage = 'Factory') OR (Type_of_building = 'Culture' AND Usage = 'Theatre') OR (Type_of_building = 'Culture' AND Usage = 'Concert')) AND ((Quarter = 'Q2' AND Month = 'April') OR (Quarter = 'Q2' AND Month = 'May') OR (Quarter = 'Q3' AND Month = 'July') OR (Quarter = 'Q3' AND Month = 'September') OR (Quarter = 'Q4' AND Month = 'October')) GROUP BY Type_of_building,Usage",
 "sqlResult": "{Culture | Concert | 271 | 81} || {Culture | Theatre | 257 | 86} || {Production | Factory | 247 | 89} || {Production | Workshop | 176 | 76}",
 "nlq": "What are the total and maximum numbers for each Type of building and Usage, of Concert, Factory, Theatre, or Workshop buildings in April, July, May, October, or September? Please, report the corresponding Type of building and Usage."},
{"name": "template 9",
 "sql": "SELECT min(Value) FROM DBdata WHERE ((Type_of_building = 'Culture' AND Usage = 'Theatre')) AND (Quarter IN ('Q2','Q3','Q4')) GROUP BY Quarter",
 "sqlResult": "{11} || {27} || {15}",
 "nlq": "What is the minimum number for each Quarter, of Theatre buildings in Q2, Q3, or Q4?"},
{"name": "template 10",
 "sql": "SELECT Quarter,avg(Value) FROM DBdata WHERE ((Type_of_building = 'Culture' AND Usage = 'Theatre')) AND (Quarter IN ('Q2','Q3','Q4')) GROUP BY Quarter",
 "sqlResult": "{Q2 | 48.5} || {Q3 | 70} || {Q4 | 31.5}",
 "nlq": "What is the average number for each Quarter, of Theatre buildings in Q2, Q3, or Q4? Please, report the corresponding Quarter."},
{"name": "template 11",
 "sql": "SELECT Quarter,Type_of_building,Usage,avg(Value) FROM DBdata WHERE ((Type_of_building = 'Culture' AND Usage = 'Theatre') OR (Type_of_building = 'Culture' AND Usage = 'Concert')) AND (Quarter IN ('Q2','Q3','Q4')) GROUP BY Quarter,Type_of_building,Usage",
 "sqlResult": "{Q2 | Culture | Concert | 36.5} || {Q2 | Culture | Theatre | 48.5} || {Q3 | Culture | Concert | 65.33} || {Q3 | Culture | Theatre | 70} || {Q4 | Culture | Concert | 71} || {Q4 | Culture | Theatre | 31.5}",
 "nlq": "What is the average number for each Quarter, Type of building, and Usage, of Concert or Theatre buildings in Q2, Q3, or Q4? Please, report the corresponding Quarter, Type of building, and Usage."},
{"name": "template 12",
 "sql": "SELECT Value FROM DBdata WHERE ((Type_of_building = 'Culture' AND Usage = 'Concert')) AND (Quarter IN ('Q2','Q3')) ORDER BY VALUE DESC LIMIT 3",
 "sqlResult": "{81} || {62} || {53}",
 "nlq": "What are the top 3 numbers of Concert buildings in Q2 or Q3?"},
{"name": "template 13",
 "sql": "SELECT Value FROM DBdata WHERE ((Type_of_building = 'Culture' AND Usage = 'Concert')) AND (Quarter IN ('Q2','Q4')) ORDER BY VALUE DESC",
 "sqlResult": "{78} || {64} || {38} || {35}",
 "nlq": "What are the numbers ordered by descending values of Concert buildings in Q2 or Q4?"},
{"name": "template 14",
 "sql": "SELECT Quarter,Month FROM DBdata WHERE ((Type_of_building = 'Culture' AND Usage = 'Concert')) AND Value > 49.29",
 "sqlResult": "{Q3 | July} || {Q3 | August} || {Q3 | September} || {Q4 | October} || {Q4 | November}",
 "nlq": "What are the Quarter and Month for which the number of Concert buildings is greater than 49.29?"},
{"name": "template 15",
 "sql": "SELECT Quarter,Month,Value FROM DBdata WHERE ((Type_of_building = 'Production' AND Usage = 'Workshop')) AND (Quarter,Month) IN (SELECT Quarter,Month FROM DBdata WHERE ((Type_of_building = 'Culture' AND Usage = 'Concert')) AND Value > 49.29)",
 "sqlResult": "{Q3 | July | 29} || {Q3 | August | 75} || {Q3 | September | 76} || {Q4 | October | 40} || {Q4 | November | 25}",
 "nlq": "What is the number of Workshop buildings in Quarter and in Month for which the number of Concert buildings is greater than 49.29? Please, report the corresponding Quarter, Month, and number of buildings."}]
}
