AA,BB,CC,DD,Value
AA,BB,CC,DD,Value
AArw,BBmp,CCkv,DDjm,36
AArw,BBfj,CCkv,DDjm,9
AAjx,BBct,CCkv,DDjm,60
AAjx,BBmy,CCkv,DDjm,27
AArw,BBmp,CCkv,DDlw,69
AArw,BBfj,CCkv,DDlw,89
AAjx,BBct,CCkv,DDlw,8
AAjx,BBmy,CCkv,DDlw,46
AArw,BBmp,CCkv,DDvx,98
AArw,BBfj,CCkv,DDvx,52
AAjx,BBct,CCkv,DDvx,95
AAjx,BBmy,CCkv,DDvx,57
AArw,BBmp,CCcg,DDkq,71
AArw,BBfj,CCcg,DDkq,43
AAjx,BBct,CCcg,DDkq,88
AAjx,BBmy,CCcg,DDkq,1
AArw,BBmp,CCcg,DDcq,59
AArw,BBfj,CCcg,DDcq,45
AAjx,BBct,CCcg,DDcq,34
AAjx,BBmy,CCcg,DDcq,10
AArw,BBmp,CCcg,DDcd,61
AArw,BBfj,CCcg,DDcd,85
AAjx,BBct,CCcg,DDcd,78
AAjx,BBmy,CCcg,DDcd,48
AArw,BBmp,CCbc,DDrt,47
AArw,BBfj,CCbc,DDrt,12
AAjx,BBct,CCbc,DDrt,0
AAjx,BBmy,CCbc,DDrt,15
AArw,BBmp,CCbc,DDqx,82
AArw,BBfj,CCbc,DDqx,35
AAjx,BBct,CCbc,DDqx,3
AAjx,BBmy,CCbc,DDqx,56
AArw,BBmp,CCbc,DDgs,25
AArw,BBfj,CCbc,DDgs,49
AAjx,BBct,CCbc,DDgs,40
AAjx,BBmy,CCbc,DDgs,76

