{
"filename": "Number_of_constructions_set6_5_DB.csv",
"questions": [{"name": "template 1",
 "sql": "SELECT Value FROM DBdata WHERE ((AA = 'AAjp' AND BB = 'BBcp')) AND ((CC = 'CCnt' AND DD = 'DDty'))",
 "sqlResult": "{11}",
 "nlq": "What is the number of BBcp buildings in DDty?"},
{"name": "template 2",
 "sql": "SELECT Value FROM DBdata WHERE ((AA = 'AAwz' AND BB = 'BBpv')) AND ((CC = 'CCkt' AND DD = 'DDcx') OR (CC = 'CCkt' AND DD = 'DDkz') OR (CC = 'CCnt' AND DD = 'DDty') OR (CC = 'CCnt' AND DD = 'DDlz'))",
 "sqlResult": "{88} || {71} || {65} || {7}",
 "nlq": "What is the number of BBpv buildings in DDty, DDcx, DDkz, or DDlz?"},
{"name": "template 3",
 "sql": "SELECT Value FROM DBdata WHERE ((AA = 'AAjp' AND BB = 'BBgh') OR (AA = 'AAjp' AND BB = 'BBcp') OR (AA = 'AAwz' AND BB = 'BBqs') OR (AA = 'AAqt' AND BB = 'BBgr')) AND ((CC = 'CCnt' AND DD = 'DDlz'))",
 "sqlResult": "{57} || {92} || {44} || {33}",
 "nlq": "What is the number of BBqs, BBcp, BBgr, or BBgh buildings in DDlz?"},
{"name": "template 4",
 "sql": "SELECT avg(Value),max(Value) FROM DBdata WHERE ((AA = 'AAwz' AND BB = 'BBpv') OR (AA = 'AAwz' AND BB = 'BBqs') OR (AA = 'AAqt' AND BB = 'BBgr')) AND ((CC = 'CCkt' AND DD = 'DDcx'))",
 "sqlResult": "{49.33 | 88}",
 "nlq": "What are the average and maximum numbers of BBqs, BBgr, or BBpv buildings in DDcx?"},
{"name": "template 6",
 "sql": "SELECT Value FROM DBdata WHERE ((AA = 'AAjp' AND BB = 'BBgh') OR (AA = 'AAwz' AND BB = 'BBpv') OR (AA = 'AAwz' AND BB = 'BBqs')) AND ((CC = 'CCkt' AND DD = 'DDcx') OR (CC = 'CCkt' AND DD = 'DDkz') OR (CC = 'CCnt' AND DD = 'DDty'))",
 "sqlResult": "{28} || {88} || {59} || {29} || {71} || {100} || {67} || {65} || {45}",
 "nlq": "What is the number of BBqs, BBpv, or BBgh buildings in DDty, DDcx, or DDkz?"},
{"name": "template 7",
 "sql": "SELECT avg(Value),min(Value) FROM DBdata WHERE ((AA = 'AAqt' AND BB = 'BBjq')) AND ((CC = 'CCkt' AND DD = 'DDcx') OR (CC = 'CCnt' AND DD = 'DDty'))",
 "sqlResult": "{43 | 32}",
 "nlq": "What are the average and minimum numbers of BBjq buildings in DDty or DDcx?"},
{"name": "template 8",
 "sql": "SELECT AA,BB,sum(Value),min(Value) FROM DBdata WHERE ((AA = 'AAjp' AND BB = 'BBgh') OR (AA = 'AAqt' AND BB = 'BBrx')) AND ((CC = 'CCkt' AND DD = 'DDkz') OR (CC = 'CCnt' AND DD = 'DDty') OR (CC = 'CCnt' AND DD = 'DDlz')) GROUP BY AA,BB",
 "sqlResult": "{AAjp | BBgh | 153 | 29} || {AAqt | BBrx | 128 | 34}",
 "nlq": "What are the total and minimum numbers for each AA and BB, of BBrx or BBgh buildings in DDty, DDkz, or DDlz? Please, report the corresponding AA and BB."},
{"name": "template 9",
 "sql": "SELECT min(Value) FROM DBdata WHERE ((AA = 'AAwz' AND BB = 'BBqs')) AND (CC IN ('CCkt','CCnt')) GROUP BY CC",
 "sqlResult": "{59} || {44}",
 "nlq": "What is the minimum number for each CC, of BBqs buildings in CCkt or CCnt?"},
{"name": "template 10",
 "sql": "SELECT CC,sum(Value) FROM DBdata WHERE ((AA = 'AAqt' AND BB = 'BBrx')) AND (CC IN ('CCkt','CCnt')) GROUP BY CC",
 "sqlResult": "{CCkt | 53} || {CCnt | 80}",
 "nlq": "What is the total number for each CC, of BBrx buildings in CCkt or CCnt? Please, report the corresponding CC."},
{"name": "template 11",
 "sql": "SELECT CC,AA,BB,max(Value) FROM DBdata WHERE ((AA = 'AAjp' AND BB = 'BBgh') OR (AA = 'AAqt' AND BB = 'BBgr')) AND (CC IN ('CCkt','CCnt')) GROUP BY CC,AA,BB",
 "sqlResult": "{CCkt | AAjp | BBgh | 29} || {CCkt | AAqt | BBgr | 83} || {CCnt | AAjp | BBgh | 67} || {CCnt | AAqt | BBgr | 41}",
 "nlq": "What is the maximum number for each CC, AA, and BB, of BBgr or BBgh buildings in CCkt or CCnt? Please, report the corresponding CC, AA, and BB."},
{"name": "template 12",
 "sql": "SELECT Value FROM DBdata WHERE ((AA = 'AAjp' AND BB = 'BBgh')) AND (CC IN ('CCkt','CCnt')) ORDER BY VALUE ASC LIMIT 2",
 "sqlResult": "{28} || {29}",
 "nlq": "What are the bottom 2 numbers of BBgh buildings in CCkt or CCnt?"},
{"name": "template 13",
 "sql": "SELECT Value FROM DBdata WHERE ((AA = 'AAjp' AND BB = 'BBcp')) AND (CC IN ('CCkt','CCnt')) ORDER BY VALUE DESC",
 "sqlResult": "{92} || {75} || {16} || {11}",
 "nlq": "What are the numbers ordered by descending values of BBcp buildings in CCkt or CCnt?"},
{"name": "template 14",
 "sql": "SELECT CC,DD FROM DBdata WHERE ((AA = 'AAjp' AND BB = 'BBcp')) AND Value < 46.71",
 "sqlResult": "{CCkt | DDkz} || {CCnt | DDty}",
 "nlq": "What are the CC and DD for which the number of BBcp buildings is lower than 46.71?"},
{"name": "template 15",
 "sql": "SELECT CC,DD,Value FROM DBdata WHERE ((AA = 'AAqt' AND BB = 'BBgr')) AND (CC,DD) IN (SELECT CC,DD FROM DBdata WHERE ((AA = 'AAjp' AND BB = 'BBcp')) AND Value < 46.71)",
 "sqlResult": "{CCkt | DDkz | 83} || {CCnt | DDty | 41}",
 "nlq": "What is the number of BBgr buildings in CC and in DD for which the number of BBcp buildings is lower than 46.71? Please, report the corresponding CC, DD, and number of buildings."}]
}

