Type of building,Usage,Quarter,Month,Value
Type_of_building,Usage,Quarter,Month,Value
Production,Workshop,Q1,January,38
Production,Factory,Q1,January,69
Culture,Museum,Q1,January,17
Culture,Theatre,Q1,January,44
Service,Hospital,Q1,January,71
Service,Administration,Q1,January,20
Service,Library,Q1,January,52
Production,Workshop,Q1,February,22
Production,Factory,Q1,February,34
Culture,Museum,Q1,February,2
Culture,Theatre,Q1,February,39
Service,Hospital,Q1,February,27
Service,Administration,Q1,February,33
Service,Library,Q1,February,81
Production,Workshop,Q1,March,55
Production,Factory,Q1,March,0
Culture,Museum,Q1,March,76
Culture,Theatre,Q1,March,3
Service,Hospital,Q1,March,80
Service,Administration,Q1,March,93
Service,Library,Q1,March,72
Production,Workshop,Q2,April,100
Production,Factory,Q2,April,67
Culture,Museum,Q2,April,99
Culture,Theatre,Q2,April,97
Service,Hospital,Q2,April,21
Service,Administration,Q2,April,51
Service,Library,Q2,April,15
Production,Workshop,Q2,May,90
Production,Factory,Q2,May,32
Culture,Museum,Q2,May,42
Culture,Theatre,Q2,May,41
Service,Hospital,Q2,May,75
Service,Administration,Q2,May,40
Service,Library,Q2,May,95
Production,Workshop,Q2,June,91
Production,Factory,Q2,June,26
Culture,Museum,Q2,June,6
Culture,Theatre,Q2,June,98
Service,Hospital,Q2,June,43
Service,Administration,Q2,June,7
Service,Library,Q2,June,68
