{
"filename": "Number_of_constructions_set7_1_DB.csv",
"questions": [{"name": "template 1",
 "sql": "SELECT Value FROM DBdata WHERE ((AA = 'AAgh' AND BB = 'BBlq')) AND ((CC = 'CCwy' AND DD = 'DDcd'))",
 "sqlResult": "{78}",
 "nlq": "What is the number of BBlq buildings in DDcd?"},
{"name": "template 2",
 "sql": "SELECT Value FROM DBdata WHERE ((AA = 'AAgh' AND BB = 'BBlq')) AND ((CC = 'CCch' AND DD = 'DDny') OR (CC = 'CCgy' AND DD = 'DDwx') OR (CC = 'CCgy' AND DD = 'DDgs') OR (CC = 'CCwy' AND DD = 'DDlv'))",
 "sqlResult": "{35} || {81} || {53} || {64}",
 "nlq": "What is the number of BBlq buildings in DDwx, DDny, DDlv, or DDgs?"},
{"name": "template 3",
 "sql": "SELECT Value FROM DBdata WHERE ((AA = 'AAgp' AND BB = 'BBnw') OR (AA = 'AAgp' AND BB = 'BBht') OR (AA = 'AAgh' AND BB = 'BBcz') OR (AA = 'AAgh' AND BB = 'BBlq')) AND ((CC = 'CCgy' AND DD = 'DDwx'))",
 "sqlResult": "{29} || {89} || {27} || {81}",
 "nlq": "What is the number of BBlq, BBht, BBcz, or BBnw buildings in DDwx?"},
{"name": "template 4",
 "sql": "SELECT sum(Value),avg(Value) FROM DBdata WHERE ((AA = 'AAgp' AND BB = 'BBnw') OR (AA = 'AAgp' AND BB = 'BBht') OR (AA = 'AAgh' AND BB = 'BBcz') OR (AA = 'AAgh' AND BB = 'BBlq')) AND ((CC = 'CCwy' AND DD = 'DDlv'))",
 "sqlResult": "{184 | 46}",
 "nlq": "What are the total and average numbers of BBlq, BBht, BBcz, or BBnw buildings in DDlv?"},
{"name": "template 6",
 "sql": "SELECT Value FROM DBdata WHERE ((AA = 'AAgp' AND BB = 'BBnw') OR (AA = 'AAgp' AND BB = 'BBht') OR (AA = 'AAgh' AND BB = 'BBcz') OR (AA = 'AAgh' AND BB = 'BBlq')) AND ((CC = 'CCch' AND DD = 'DDrs') OR (CC = 'CCgy' AND DD = 'DDfw') OR (CC = 'CCgy' AND DD = 'DDgs') OR (CC = 'CCwy' AND DD = 'DDlv'))",
 "sqlResult": "{3} || {43} || {11} || {38} || {75} || {9} || {98} || {62} || {76} || {34} || {85} || {53} || {40} || {32} || {48} || {64}",
 "nlq": "What is the number of BBlq, BBht, BBcz, or BBnw buildings in DDrs, DDfw, DDlv, or DDgs?"},
{"name": "template 7",
 "sql": "SELECT avg(Value),sum(Value) FROM DBdata WHERE ((AA = 'AAgh' AND BB = 'BBlq')) AND ((CC = 'CCch' AND DD = 'DDrs') OR (CC = 'CCwy' AND DD = 'DDlv') OR (CC = 'CCwy' AND DD = 'DDcd'))",
 "sqlResult": "{60 | 180}",
 "nlq": "What are the average and total numbers of BBlq buildings in DDrs, DDcd, or DDlv?"},
{"name": "template 8",
 "sql": "SELECT AA,BB,sum(Value),max(Value) FROM DBdata WHERE ((AA = 'AAgp' AND BB = 'BBnw') OR (AA = 'AAgp' AND BB = 'BBht') OR (AA = 'AAgh' AND BB = 'BBcz') OR (AA = 'AAgh' AND BB = 'BBlq')) AND ((CC = 'CCch' AND DD = 'DDrs') OR (CC = 'CCch' AND DD = 'DDny') OR (CC = 'CCgy' AND DD = 'DDwx') OR (CC = 'CCgy' AND DD = 'DDgs') OR (CC = 'CCwy' AND DD = 'DDlv')) GROUP BY AA,BB",
 "sqlResult": "{AAgh | BBlq | 271 | 81} || {AAgh | BBcz | 257 | 86} || {AAgp | BBht | 247 | 89} || {AAgp | BBnw | 176 | 76}",
 "nlq": "What are the total and maximum numbers for each AA and BB, of BBlq, BBht, BBcz, or BBnw buildings in DDrs, DDwx, DDny, DDlv, or DDgs? Please, report the corresponding AA and BB."},
{"name": "template 9",
 "sql": "SELECT min(Value) FROM DBdata WHERE ((AA = 'AAgh' AND BB = 'BBcz')) AND (CC IN ('CCch','CCgy','CCwy')) GROUP BY CC",
 "sqlResult": "{11} || {27} || {15}",
 "nlq": "What is the minimum number for each CC, of BBcz buildings in CCch, CCgy, or CCwy?"},
{"name": "template 10",
 "sql": "SELECT CC,avg(Value) FROM DBdata WHERE ((AA = 'AAgh' AND BB = 'BBcz')) AND (CC IN ('CCch','CCgy','CCwy')) GROUP BY CC",
 "sqlResult": "{CCch | 48.5} || {CCgy | 70} || {CCwy | 31.5}",
 "nlq": "What is the average number for each CC, of BBcz buildings in CCch, CCgy, or CCwy? Please, report the corresponding CC."},
{"name": "template 11",
 "sql": "SELECT CC,AA,BB,avg(Value) FROM DBdata WHERE ((AA = 'AAgh' AND BB = 'BBcz') OR (AA = 'AAgh' AND BB = 'BBlq')) AND (CC IN ('CCch','CCgy','CCwy')) GROUP BY CC,AA,BB",
 "sqlResult": "{CCch | AAgh | BBlq | 36.5} || {CCch | AAgh | BBcz | 48.5} || {CCgy | AAgh | BBlq | 65.33} || {CCgy | AAgh | BBcz | 70} || {CCwy | AAgh | BBlq | 71} || {CCwy | AAgh | BBcz | 31.5}",
 "nlq": "What is the average number for each CC, AA, and BB, of BBlq or BBcz buildings in CCch, CCgy, or CCwy? Please, report the corresponding CC, AA, and BB."},
{"name": "template 12",
 "sql": "SELECT Value FROM DBdata WHERE ((AA = 'AAgh' AND BB = 'BBlq')) AND (CC IN ('CCch','CCgy')) ORDER BY VALUE DESC LIMIT 3",
 "sqlResult": "{81} || {62} || {53}",
 "nlq": "What are the top 3 numbers of BBlq buildings in CCch or CCgy?"},
{"name": "template 13",
 "sql": "SELECT Value FROM DBdata WHERE ((AA = 'AAgh' AND BB = 'BBlq')) AND (CC IN ('CCch','CCwy')) ORDER BY VALUE DESC",
 "sqlResult": "{78} || {64} || {38} || {35}",
 "nlq": "What are the numbers ordered by descending values of BBlq buildings in CCch or CCwy?"},
{"name": "template 14",
 "sql": "SELECT CC,DD FROM DBdata WHERE ((AA = 'AAgh' AND BB = 'BBlq')) AND Value > 49.29",
 "sqlResult": "{CCgy | DDwx} || {CCgy | DDfw} || {CCgy | DDgs} || {CCwy | DDlv} || {CCwy | DDcd}",
 "nlq": "What are the CC and DD for which the number of BBlq buildings is greater than 49.29?"},
{"name": "template 15",
 "sql": "SELECT CC,DD,Value FROM DBdata WHERE ((AA = 'AAgp' AND BB = 'BBnw')) AND (CC,DD) IN (SELECT CC,DD FROM DBdata WHERE ((AA = 'AAgh' AND BB = 'BBlq')) AND Value > 49.29)",
 "sqlResult": "{CCgy | DDwx | 29} || {CCgy | DDfw | 75} || {CCgy | DDgs | 76} || {CCwy | DDlv | 40} || {CCwy | DDcd | 25}",
 "nlq": "What is the number of BBnw buildings in CC and in DD for which the number of BBlq buildings is greater than 49.29? Please, report the corresponding CC, DD, and number of buildings."}]
}

