{
"filename": "Number_of_constructions_set9_1_DB.csv",
"questions": [{"name": "template 1",
 "sql": "SELECT Value FROM DBdata WHERE ((AA = 'AAks' AND BB = 'BBbs')) AND ((CC = 'CChz' AND DD = 'DDkl'))",
 "sqlResult": "{10}",
 "nlq": "What is the number of BBbs buildings in DDkl?"},
{"name": "template 2",
 "sql": "SELECT Value FROM DBdata WHERE ((AA = 'AAmv' AND BB = 'BBdn')) AND ((CC = 'CCbd' AND DD = 'DDcp') OR (CC = 'CCbd' AND DD = 'DDkv') OR (CC = 'CChz' AND DD = 'DDns') OR (CC = 'CChz' AND DD = 'DDkl'))",
 "sqlResult": "{25} || {69} || {22} || {58}",
 "nlq": "What is the number of BBdn buildings in DDcp, DDkl, DDns, or DDkv?"},
{"name": "template 3",
 "sql": "SELECT Value FROM DBdata WHERE ((AA = 'AAgz' AND BB = 'BBkx') OR (AA = 'AAgz' AND BB = 'BBcn') OR (AA = 'AAks' AND BB = 'BBbs') OR (AA = 'AAks' AND BB = 'BBdg') OR (AA = 'AAmv' AND BB = 'BBdn') OR (AA = 'AAmv' AND BB = 'BBht') OR (AA = 'AAmv' AND BB = 'BBpz')) AND ((CC = 'CChz' AND DD = 'DDns'))",
 "sqlResult": "{90} || {12} || {56} || {62} || {22} || {99} || {42}",
 "nlq": "What is the number of BBkx, BBpz, BBdg, BBcn, BBdn, BBht, or BBbs buildings in DDns?"},
{"name": "template 4",
 "sql": "SELECT sum(Value),max(Value) FROM DBdata WHERE ((AA = 'AAgz' AND BB = 'BBcn') OR (AA = 'AAks' AND BB = 'BBdg') OR (AA = 'AAmv' AND BB = 'BBht')) AND ((CC = 'CChz' AND DD = 'DDkl'))",
 "sqlResult": "{231 | 97}",
 "nlq": "What are the total and maximum numbers of BBdg, BBcn, or BBht buildings in DDkl?"},
{"name": "template 6",
 "sql": "SELECT Value FROM DBdata WHERE ((AA = 'AAks' AND BB = 'BBbs') OR (AA = 'AAks' AND BB = 'BBdg') OR (AA = 'AAmv' AND BB = 'BBpz')) AND ((CC = 'CCms' AND DD = 'DDkw') OR (CC = 'CCms' AND DD = 'DDny') OR (CC = 'CCbd' AND DD = 'DDcp') OR (CC = 'CCbd' AND DD = 'DDkv'))",
 "sqlResult": "{36} || {49} || {68} || {30} || {4} || {13} || {8} || {53} || {52} || {35} || {93} || {46}",
 "nlq": "What is the number of BBpz, BBdg, or BBbs buildings in DDkw, DDcp, DDny, or DDkv?"},
{"name": "template 7",
 "sql": "SELECT sum(Value),avg(Value) FROM DBdata WHERE ((AA = 'AAmv' AND BB = 'BBht')) AND ((CC = 'CCms' AND DD = 'DDny') OR (CC = 'CCbd' AND DD = 'DDcp') OR (CC = 'CCbd' AND DD = 'DDkv') OR (CC = 'CChz' AND DD = 'DDns') OR (CC = 'CChz' AND DD = 'DDkl'))",
 "sqlResult": "{350 | 70}",
 "nlq": "What are the total and average numbers of BBht buildings in DDcp, DDkl, DDny, DDns, or DDkv?"},
{"name": "template 8",
 "sql": "SELECT AA,BB,min(Value),sum(Value) FROM DBdata WHERE ((AA = 'AAgz' AND BB = 'BBkx') OR (AA = 'AAgz' AND BB = 'BBcn') OR (AA = 'AAks' AND BB = 'BBdg') OR (AA = 'AAmv' AND BB = 'BBdn')) AND ((CC = 'CCms' AND DD = 'DDkw') OR (CC = 'CCms' AND DD = 'DDny')) GROUP BY AA,BB",
 "sqlResult": "{AAmv | BBdn | 7 | 21} || {AAks | BBdg | 4 | 53} || {AAgz | BBkx | 75 | 167} || {AAgz | BBcn | 24 | 68}",
 "nlq": "What are the minimum and total numbers for each AA and BB, of BBkx, BBdg, BBcn, or BBdn buildings in DDkw or DDny? Please, report the corresponding AA and BB."},
{"name": "template 9",
 "sql": "SELECT min(Value) FROM DBdata WHERE ((AA = 'AAgz' AND BB = 'BBkx')) AND (CC IN ('CCms','CCbd','CChz')) GROUP BY CC",
 "sqlResult": "{75} || {55} || {54}",
 "nlq": "What is the minimum number for each CC, of BBkx buildings in CCms, CCbd, or CChz?"},
{"name": "template 10",
 "sql": "SELECT CC,avg(Value) FROM DBdata WHERE ((AA = 'AAmv' AND BB = 'BBdn')) AND (CC IN ('CCms','CCbd','CChz')) GROUP BY CC",
 "sqlResult": "{CCms | 10.5} || {CCbd | 47} || {CChz | 40}",
 "nlq": "What is the average number for each CC, of BBdn buildings in CCms, CCbd, or CChz? Please, report the corresponding CC."},
{"name": "template 11",
 "sql": "SELECT CC,AA,BB,sum(Value) FROM DBdata WHERE ((AA = 'AAks' AND BB = 'BBbs') OR (AA = 'AAmv' AND BB = 'BBdn') OR (AA = 'AAmv' AND BB = 'BBpz')) AND (CC IN ('CCms','CCbd','CChz')) GROUP BY CC,AA,BB",
 "sqlResult": "{CCms | AAmv | BBpz | 81} || {CCms | AAmv | BBdn | 21} || {CCms | AAks | BBbs | 66} || {CCbd | AAmv | BBpz | 98} || {CCbd | AAmv | BBdn | 94} || {CCbd | AAks | BBbs | 43} || {CChz | AAmv | BBpz | 129} || {CChz | AAmv | BBdn | 80} || {CChz | AAks | BBbs | 66}",
 "nlq": "What is the total number for each CC, AA, and BB, of BBpz, BBdn, or BBbs buildings in CCms, CCbd, or CChz? Please, report the corresponding CC, AA, and BB."},
{"name": "template 12",
 "sql": "SELECT Value FROM DBdata WHERE ((AA = 'AAgz' AND BB = 'BBkx')) AND (CC IN ('CCms','CCbd')) ORDER BY VALUE DESC LIMIT 3",
 "sqlResult": "{92} || {78} || {75}",
 "nlq": "What are the top 3 numbers of BBkx buildings in CCms or CCbd?"},
{"name": "template 13",
 "sql": "SELECT Value FROM DBdata WHERE ((AA = 'AAgz' AND BB = 'BBcn')) AND (CC IN ('CCms','CChz')) ORDER BY VALUE ASC",
 "sqlResult": "{12} || {24} || {44} || {70}",
 "nlq": "What are the numbers ordered by ascending values of BBcn buildings in CCms or CChz?"},
{"name": "template 14",
 "sql": "SELECT CC,DD FROM DBdata WHERE ((AA = 'AAgz' AND BB = 'BBkx')) AND Value > 50.83",
 "sqlResult": "{CCms | DDkw} || {CCms | DDny} || {CCbd | DDcp} || {CCbd | DDkv} || {CChz | DDns} || {CChz | DDkl}",
 "nlq": "What are the CC and DD for which the number of BBkx buildings is greater than 50.83?"},
{"name": "template 15",
 "sql": "SELECT CC,DD,Value FROM DBdata WHERE ((AA = 'AAmv' AND BB = 'BBpz')) AND (CC,DD) IN (SELECT CC,DD FROM DBdata WHERE ((AA = 'AAgz' AND BB = 'BBkx')) AND Value > 50.83)",
 "sqlResult": "{CCms | DDkw | 68} || {CCms | DDny | 13} || {CCbd | DDcp | 52} || {CCbd | DDkv | 46} || {CChz | DDns | 42} || {CChz | DDkl | 87}",
 "nlq": "What is the number of BBpz buildings in CC and in DD for which the number of BBkx buildings is greater than 50.83? Please, report the corresponding CC, DD, and number of buildings."}]
}

