AA,BB,CC,DD,Value
AA,BB,CC,DD,Value
AAjnx,BBcpx,CCgmt,DDfps,74
AAjnx,BBdfx,CCgmt,DDfps,68
AAgmq,BBrtw,CCgmt,DDfps,50
AAgmq,BBdjq,CCgmt,DDfps,57
AAhvx,BBhkn,CCgmt,DDfps,93
AAhvx,BBfqx,CCgmt,DDfps,29
AAhvx,BBltv,CCgmt,DDfps,61
AAjnx,BBcpx,CCgmt,DDvwx,56
AAjnx,BBdfx,CCgmt,DDvwx,96
AAgmq,BBrtw,CCgmt,DDvwx,7
AAgmq,BBdjq,CCgmt,DDvwx,89
AAhvx,BBhkn,CCgmt,DDvwx,73
AAhvx,BBfqx,CCgmt,DDvwx,35
AAhvx,BBltv,CCgmt,DDvwx,17
AAjnx,BBcpx,CCbch,DDmqt,32
AAjnx,BBdfx,CCbch,DDmqt,6
AAgmq,BBrtw,CCbch,DDmqt,63
AAgmq,BBdjq,CCbch,DDmqt,11
AAhvx,BBhkn,CCbch,DDmqt,34
AAhvx,BBfqx,CCbch,DDmqt,55
AAhvx,BBltv,CCbch,DDmqt,10
AAjnx,BBcpx,CCbch,DDkrx,80
AAjnx,BBdfx,CCbch,DDkrx,27
AAgmq,BBrtw,CCbch,DDkrx,59
AAgmq,BBdjq,CCbch,DDkrx,65
AAhvx,BBhkn,CCbch,DDkrx,51
AAhvx,BBfqx,CCbch,DDkrx,16
AAhvx,BBltv,CCbch,DDkrx,79
AAjnx,BBcpx,CCbch,DDwxy,31
AAjnx,BBdfx,CCbch,DDwxy,48
AAgmq,BBrtw,CCbch,DDwxy,88
AAgmq,BBdjq,CCbch,DDwxy,33
AAhvx,BBhkn,CCbch,DDwxy,66
AAhvx,BBfqx,CCbch,DDwxy,45
AAhvx,BBltv,CCbch,DDwxy,47
AAjnx,BBcpx,CCrtv,DDdlr,42
AAjnx,BBdfx,CCrtv,DDdlr,58
AAgmq,BBrtw,CCrtv,DDdlr,72
AAgmq,BBdjq,CCrtv,DDdlr,92
AAhvx,BBhkn,CCrtv,DDdlr,44
AAhvx,BBfqx,CCrtv,DDdlr,26
AAhvx,BBltv,CCrtv,DDdlr,3
AAjnx,BBcpx,CCrtv,DDdmr,14
AAjnx,BBdfx,CCrtv,DDdmr,4
AAgmq,BBrtw,CCrtv,DDdmr,5
AAgmq,BBdjq,CCrtv,DDdmr,69
AAhvx,BBhkn,CCrtv,DDdmr,86
AAhvx,BBfqx,CCrtv,DDdmr,52
AAhvx,BBltv,CCrtv,DDdmr,43
AAjnx,BBcpx,CCrtv,DDhrs,83
AAjnx,BBdfx,CCrtv,DDhrs,100
AAgmq,BBrtw,CCrtv,DDhrs,78
AAgmq,BBdjq,CCrtv,DDhrs,23
AAhvx,BBhkn,CCrtv,DDhrs,81
AAhvx,BBfqx,CCrtv,DDhrs,41
AAhvx,BBltv,CCrtv,DDhrs,2

