Type of building,Usage,Quarter,Month,Value
Type_of_building,Usage,Quarter,Month,Value
Production,Workshop,Q1,February,74
Production,Factory,Q1,February,68
Culture,Theatre,Q1,February,50
Culture,Concert,Q1,February,57
Service,School,Q1,February,93
Service,Hospital,Q1,February,29
Service,Administration,Q1,February,61
Production,Workshop,Q1,March,56
Production,Factory,Q1,March,96
Culture,Theatre,Q1,March,7
Culture,Concert,Q1,March,89
Service,School,Q1,March,73
Service,Hospital,Q1,March,35
Service,Administration,Q1,March,17
Production,Workshop,Q2,April,32
Production,Factory,Q2,April,6
Culture,Theatre,Q2,April,63
Culture,Concert,Q2,April,11
Service,School,Q2,April,34
Service,Hospital,Q2,April,55
Service,Administration,Q2,April,10
Production,Workshop,Q2,May,80
Production,Factory,Q2,May,27
Culture,Theatre,Q2,May,59
Culture,Concert,Q2,May,65
Service,School,Q2,May,51
Service,Hospital,Q2,May,16
Service,Administration,Q2,May,79
Production,Workshop,Q2,June,31
Production,Factory,Q2,June,48
Culture,Theatre,Q2,June,88
Culture,Concert,Q2,June,33
Service,School,Q2,June,66
Service,Hospital,Q2,June,45
Service,Administration,Q2,June,47
Production,Workshop,Q3,July,42
Production,Factory,Q3,July,58
Culture,Theatre,Q3,July,72
Culture,Concert,Q3,July,92
Service,School,Q3,July,44
Service,Hospital,Q3,July,26
Service,Administration,Q3,July,3
Production,Workshop,Q3,August,14
Production,Factory,Q3,August,4
Culture,Theatre,Q3,August,5
Culture,Concert,Q3,August,69
Service,School,Q3,August,86
Service,Hospital,Q3,August,52
Service,Administration,Q3,August,43
Production,Workshop,Q3,September,83
Production,Factory,Q3,September,100
Culture,Theatre,Q3,September,78
Culture,Concert,Q3,September,23
Service,School,Q3,September,81
Service,Hospital,Q3,September,41
Service,Administration,Q3,September,2
