{
"filename": "Number_of_constructions_set10_1_DB.csv",
"questions": [{"name": "template 1",
 "sql": "SELECT Value FROM DBdata WHERE ((Type_of_building = 'Residential' AND Usage = 'Apartment')) AND ((Quarter = 'Q1' AND Month = 'February'))",
 "sqlResult": "{95}",
 "nlq": "What is the number of Apartment buildings in February?"},
{"name": "template 2",
 "sql": "SELECT Value FROM DBdata WHERE ((Type_of_building = 'Production' AND Usage = 'Factory')) AND ((Quarter = 'Q1' AND Month = 'January') OR (Quarter = 'Q1' AND Month = 'February') OR (Quarter = 'Q1' AND Month = 'March') OR (Quarter = 'Q2' AND Month = 'May') OR (Quarter = 'Q3' AND Month = 'August'))",
 "sqlResult": "{98} || {99} || {97} || {78} || {92}",
 "nlq": "What is the number of Factory buildings in August, February, January, March, or May?"},
{"name": "template 3",
 "sql": "SELECT Value FROM DBdata WHERE ((Type_of_building = 'Residential' AND Usage = 'House') OR (Type_of_building = 'Residential' AND Usage = 'Apartment') OR (Type_of_building = 'Production' AND Usage = 'Workshop') OR (Type_of_building = 'Production' AND Usage = 'Factory')) AND ((Quarter = 'Q2' AND Month = 'April'))",
 "sqlResult": "{23} || {12} || {17} || {7}",
 "nlq": "What is the number of Apartment, Factory, House, or Workshop buildings in April?"},
{"name": "template 4",
 "sql": "SELECT max(Value),avg(Value) FROM DBdata WHERE ((Type_of_building = 'Residential' AND Usage = 'Apartment') OR (Type_of_building = 'Production' AND Usage = 'Workshop')) AND ((Quarter = 'Q2' AND Month = 'April'))",
 "sqlResult": "{17 | 14.5}",
 "nlq": "What are the maximum and average numbers of Apartment or Workshop buildings in April?"},
{"name": "template 6",
 "sql": "SELECT Value FROM DBdata WHERE ((Type_of_building = 'Production' AND Usage = 'Workshop') OR (Type_of_building = 'Production' AND Usage = 'Factory')) AND ((Quarter = 'Q1' AND Month = 'February') OR (Quarter = 'Q3' AND Month = 'September'))",
 "sqlResult": "{83} || {99} || {28} || {42}",
 "nlq": "What is the number of Factory or Workshop buildings in February or September?"},
{"name": "template 7",
 "sql": "SELECT max(Value),sum(Value) FROM DBdata WHERE ((Type_of_building = 'Production' AND Usage = 'Workshop')) AND ((Quarter = 'Q1' AND Month = 'February') OR (Quarter = 'Q1' AND Month = 'March') OR (Quarter = 'Q2' AND Month = 'May') OR (Quarter = 'Q3' AND Month = 'September'))",
 "sqlResult": "{83 | 162}",
 "nlq": "What are the maximum and total numbers of Workshop buildings in February, March, May, or September?"},
{"name": "template 8",
 "sql": "SELECT Type_of_building,Usage,sum(Value),max(Value) FROM DBdata WHERE ((Type_of_building = 'Residential' AND Usage = 'House') OR (Type_of_building = 'Residential' AND Usage = 'Apartment')) AND ((Quarter = 'Q1' AND Month = 'January') OR (Quarter = 'Q1' AND Month = 'February') OR (Quarter = 'Q1' AND Month = 'March') OR (Quarter = 'Q3' AND Month = 'September')) GROUP BY Type_of_building,Usage",
 "sqlResult": "{Residential | Apartment | 208 | 95} || {Residential | House | 251 | 90}",
 "nlq": "What are the total and maximum numbers for each Type of building and Usage, of Apartment or House buildings in February, January, March, or September? Please, report the corresponding Type of building and Usage."},
{"name": "template 9",
 "sql": "SELECT min(Value) FROM DBdata WHERE ((Type_of_building = 'Production' AND Usage = 'Workshop')) AND (Quarter IN ('Q1','Q2','Q3')) GROUP BY Quarter",
 "sqlResult": "{21} || {17} || {28}",
 "nlq": "What is the minimum number for each Quarter, of Workshop buildings in Q1, Q2, or Q3?"},
{"name": "template 10",
 "sql": "SELECT Quarter,min(Value) FROM DBdata WHERE ((Type_of_building = 'Production' AND Usage = 'Workshop')) AND (Quarter IN ('Q1','Q2','Q3')) GROUP BY Quarter",
 "sqlResult": "{Q1 | 21} || {Q2 | 17} || {Q3 | 28}",
 "nlq": "What is the minimum number for each Quarter, of Workshop buildings in Q1, Q2, or Q3? Please, report the corresponding Quarter."},
{"name": "template 11",
 "sql": "SELECT Quarter,Type_of_building,Usage,avg(Value) FROM DBdata WHERE ((Type_of_building = 'Residential' AND Usage = 'House') OR (Type_of_building = 'Residential' AND Usage = 'Apartment') OR (Type_of_building = 'Production' AND Usage = 'Factory')) AND (Quarter IN ('Q1','Q2','Q3')) GROUP BY Quarter,Type_of_building,Usage",
 "sqlResult": "{Q1 | Production | Factory | 98} || {Q1 | Residential | Apartment | 59} || {Q1 | Residential | House | 55} || {Q2 | Production | Factory | 42.5} || {Q2 | Residential | Apartment | 31} || {Q2 | Residential | House | 12.5} || {Q3 | Production | Factory | 67} || {Q3 | Residential | Apartment | 50.5} || {Q3 | Residential | House | 52}",
 "nlq": "What is the average number for each Quarter, Type of building, and Usage, of Apartment, Factory, or House buildings in Q1, Q2, or Q3? Please, report the corresponding Quarter, Type of building, and Usage."},
{"name": "template 12",
 "sql": "SELECT Value FROM DBdata WHERE ((Type_of_building = 'Residential' AND Usage = 'Apartment')) AND (Quarter IN ('Q2','Q3')) ORDER BY VALUE DESC LIMIT 3",
 "sqlResult": "{70} || {50} || {31}",
 "nlq": "What are the top 3 numbers of Apartment buildings in Q2 or Q3?"},
{"name": "template 13",
 "sql": "SELECT Value FROM DBdata WHERE ((Type_of_building = 'Production' AND Usage = 'Workshop')) AND (Quarter IN ('Q1','Q2')) ORDER BY VALUE DESC",
 "sqlResult": "{83} || {75} || {30} || {21} || {17}",
 "nlq": "What are the numbers ordered by descending values of Workshop buildings in Q1 or Q2?"},
{"name": "template 14",
 "sql": "SELECT Quarter,Month FROM DBdata WHERE ((Type_of_building = 'Residential' AND Usage = 'House')) AND Value < 53.61",
 "sqlResult": "{Q1 | March} || {Q2 | April} || {Q2 | May} || {Q3 | August}",
 "nlq": "What are the Quarter and Month for which the number of House buildings is lower than 53.61?"},
{"name": "template 15",
 "sql": "SELECT Quarter,Month,Value FROM DBdata WHERE ((Type_of_building = 'Production' AND Usage = 'Workshop')) AND (Quarter,Month) IN (SELECT Quarter,Month FROM DBdata WHERE ((Type_of_building = 'Residential' AND Usage = 'House')) AND Value < 53.61)",
 "sqlResult": "{Q1 | March | 21} || {Q2 | April | 17} || {Q2 | May | 30} || {Q3 | August | 100}",
 "nlq": "What is the number of Workshop buildings in Quarter and in Month for which the number of House buildings is lower than 53.61? Please, report the corresponding Quarter, Month, and number of buildings."}]
}
