AA,BB,CC,DD,Value
AA,BB,CC,DD,Value
AAln,BBft,CCfw,DDgw,3
AAln,BBbf,CCfw,DDgw,52
AAfz,BBdq,CCfw,DDgw,64
AAfz,BBmz,CCfw,DDgw,49
AAln,BBft,CCfw,DDkx,100
AAln,BBbf,CCfw,DDkx,71
AAfz,BBdq,CCfw,DDkx,37
AAfz,BBmz,CCfw,DDkx,82
AAln,BBft,CCfw,DDdg,84
AAln,BBbf,CCfw,DDdg,81
AAfz,BBdq,CCfw,DDdg,45
AAfz,BBmz,CCfw,DDdg,19
AAln,BBft,CCqv,DDgt,29
AAln,BBbf,CCqv,DDgt,24
AAfz,BBdq,CCqv,DDgt,92
AAfz,BBmz,CCqv,DDgt,60
AAln,BBft,CCqv,DDgj,95
AAln,BBbf,CCqv,DDgj,16
AAfz,BBdq,CCqv,DDgj,91
AAfz,BBmz,CCqv,DDgj,88

