Type of building,Usage,Quarter,Month,Value
Type_of_building,Usage,Quarter,Month,Value
Production,Workshop,Q1,February,28
Production,Factory,Q1,February,75
Culture,Theatre,Q1,February,88
Culture,Concert,Q1,February,59
Service,School,Q1,February,32
Service,Hospital,Q1,February,1
Service,Administration,Q1,February,5
Production,Workshop,Q1,March,29
Production,Factory,Q1,March,16
Culture,Theatre,Q1,March,71
Culture,Concert,Q1,March,100
Service,School,Q1,March,47
Service,Hospital,Q1,March,83
Service,Administration,Q1,March,48
Production,Workshop,Q2,April,67
Production,Factory,Q2,April,11
Culture,Theatre,Q2,April,65
Culture,Concert,Q2,April,45
Service,School,Q2,April,54
Service,Hospital,Q2,April,41
Service,Administration,Q2,April,34
Production,Workshop,Q2,May,57
Production,Factory,Q2,May,92
Culture,Theatre,Q2,May,7
Culture,Concert,Q2,May,44
Service,School,Q2,May,30
Service,Hospital,Q2,May,33
Service,Administration,Q2,May,46
